[      49ms] [ERROR] Failed to load resource: the server responded with a status of 404 (Not Found) @ http://localhost:3000/billing:0
[      78ms] [INFO] %cDownload the React DevTools for a better development experience: https://react.dev/link/react-devtools font-weight:bold @ http://localhost:3000/_next/static/chunks/node_modules_next_dist_1e8vcs8._.js:776
[      91ms] [LOG] [HMR] connected @ http://localhost:3000/_next/static/chunks/node_modules_next_dist_1e8vcs8._.js:776
[  314930ms] [LOG] [Fast Refresh] rebuilding @ http://localhost:3000/_next/static/chunks/node_modules_next_dist_1e8vcs8._.js:776
[  314976ms] [ERROR] Failed to load resource: the server responded with a status of 404 (Not Found) @ http://localhost:3000/billing?_rsc=7TmJZH1YHwSue7fr:0
[  315060ms] [LOG] [Fast Refresh] done in 70ms @ http://localhost:3000/_next/static/chunks/node_modules_next_dist_1e8vcs8._.js:776
[  315091ms] [ERROR] Failed to load resource: the server responded with a status of 404 (Not Found) @ http://localhost:3000/billing:0
[  315196ms] [INFO] %cDownload the React DevTools for a better development experience: https://react.dev/link/react-devtools font-weight:bold @ http://localhost:3000/_next/static/chunks/node_modules_next_dist_1e8vcs8._.js:776
[  315214ms] [LOG] [HMR] connected @ http://localhost:3000/_next/static/chunks/node_modules_next_dist_1e8vcs8._.js:776
[  316153ms] [LOG] [Fast Refresh] rebuilding @ http://localhost:3000/_next/static/chunks/node_modules_next_dist_1e8vcs8._.js:776
[  316218ms] [ERROR] ./components/Navbar/components/NavbarAccount/NavbarAccount.tsx:4:1
Error: Export ROOT_CLASS_NAME doesn't exist in target module
  2 |
  3 | import { ACCOUNT_LABEL, AVATAR_INITIAL } from "./consts";
> 4 | import { LABEL_CLASS_NAME, ROOT_CLASS_NAME } from "./styles";
    | ^^^^^^^^^^^^^^^^^^^^^^^^^^^^^^^^^^^^^^^^^^^^^^^^^^^^^^^^^^^^
  5 |
  6 | export function NavbarAccount() {
  7 |   return (

The export ROOT_CLASS_NAME was not found in module [project]/components/Navbar/components/NavbarAccount/styles.ts [app-client] (ecmascript).
Did you mean to import POPOVER_CLASS_NAME?
All exports of the module are statically known (It doesn't have dynamic exports). So it's known statically that the requested export doesn't exist.

Import traces:
  Client Component Browser:
    ./components/Navbar/components/NavbarAccount/NavbarAccount.tsx [Client Component Browser]
    ./components/Navbar/Navbar.tsx [Client Component Browser]
    ./components/Navbar/Navbar.tsx [Server Component]
    ./app/layout.tsx [Server Component]

  Client Component SSR:
    ./components/Navbar/components/NavbarAccount/NavbarAccount.tsx [Client Component SSR]
    ./components/Navbar/Navbar.tsx [Client Component SSR]
    ./components/Navbar/Navbar.tsx [Server Component]
    ./app/layout.tsx [Server Component] @ http://localhost:3000/_next/static/chunks/node_modules_next_dist_1e8vcs8._.js:1052
[  316218ms] [ERROR] ./components/Navbar/components/NavbarAccount/NavbarAccount.tsx:4:1
Error: Export ROOT_CLASS_NAME doesn't exist in target module
  2 |
  3 | import { ACCOUNT_LABEL, AVATAR_INITIAL } from "./consts";
> 4 | import { LABEL_CLASS_NAME, ROOT_CLASS_NAME } from "./styles";
    | ^^^^^^^^^^^^^^^^^^^^^^^^^^^^^^^^^^^^^^^^^^^^^^^^^^^^^^^^^^^^
  5 |
  6 | export function NavbarAccount() {
  7 |   return (

The export ROOT_CLASS_NAME was not found in module [project]/components/Navbar/components/NavbarAccount/styles.ts [app-ssr] (ecmascript).
Did you mean to import POPOVER_CLASS_NAME?
All exports of the module are statically known (It doesn't have dynamic exports). So it's known statically that the requested export doesn't exist.

Import traces:
  Client Component Browser:
    ./components/Navbar/components/NavbarAccount/NavbarAccount.tsx [Client Component Browser]
    ./components/Navbar/Navbar.tsx [Client Component Browser]
    ./components/Navbar/Navbar.tsx [Server Component]
    ./app/layout.tsx [Server Component]

  Client Component SSR:
    ./components/Navbar/components/NavbarAccount/NavbarAccount.tsx [Client Component SSR]
    ./components/Navbar/Navbar.tsx [Client Component SSR]
    ./components/Navbar/Navbar.tsx [Server Component]
    ./app/layout.tsx [Server Component] @ http://localhost:3000/_next/static/chunks/node_modules_next_dist_1e8vcs8._.js:1052
[  316266ms] [ERROR] ./components/Navbar/components/NavbarAccount/NavbarAccount.tsx:4:1
Error: Export ROOT_CLASS_NAME doesn't exist in target module
  2 |
  3 | import { ACCOUNT_LABEL, AVATAR_INITIAL } from "./consts";
> 4 | import { LABEL_CLASS_NAME, ROOT_CLASS_NAME } from "./styles";
    | ^^^^^^^^^^^^^^^^^^^^^^^^^^^^^^^^^^^^^^^^^^^^^^^^^^^^^^^^^^^^
  5 |
  6 | export function NavbarAccount() {
  7 |   return (

The export ROOT_CLASS_NAME was not found in module [project]/components/Navbar/components/NavbarAccount/styles.ts [app-client] (ecmascript).
Did you mean to import POPOVER_CLASS_NAME?
All exports of the module are statically known (It doesn't have dynamic exports). So it's known statically that the requested export doesn't exist.

Import traces:
  Client Component Browser:
    ./components/Navbar/components/NavbarAccount/NavbarAccount.tsx [Client Component Browser]
    ./components/Navbar/Navbar.tsx [Client Component Browser]
    ./components/Navbar/Navbar.tsx [Server Component]
    ./app/layout.tsx [Server Component]

  Client Component SSR:
    ./components/Navbar/components/NavbarAccount/NavbarAccount.tsx [Client Component SSR]
    ./components/Navbar/Navbar.tsx [Client Component SSR]
    ./components/Navbar/Navbar.tsx [Server Component]
    ./app/layout.tsx [Server Component] @ http://localhost:3000/_next/static/chunks/node_modules_next_dist_1e8vcs8._.js:1052
[  316266ms] [ERROR] ./components/Navbar/components/NavbarAccount/NavbarAccount.tsx:4:1
Error: Export ROOT_CLASS_NAME doesn't exist in target module
  2 |
  3 | import { ACCOUNT_LABEL, AVATAR_INITIAL } from "./consts";
> 4 | import { LABEL_CLASS_NAME, ROOT_CLASS_NAME } from "./styles";
    | ^^^^^^^^^^^^^^^^^^^^^^^^^^^^^^^^^^^^^^^^^^^^^^^^^^^^^^^^^^^^
  5 |
  6 | export function NavbarAccount() {
  7 |   return (

The export ROOT_CLASS_NAME was not found in module [project]/components/Navbar/components/NavbarAccount/styles.ts [app-ssr] (ecmascript).
Did you mean to import POPOVER_CLASS_NAME?
All exports of the module are statically known (It doesn't have dynamic exports). So it's known statically that the requested export doesn't exist.

Import traces:
  Client Component Browser:
    ./components/Navbar/components/NavbarAccount/NavbarAccount.tsx [Client Component Browser]
    ./components/Navbar/Navbar.tsx [Client Component Browser]
    ./components/Navbar/Navbar.tsx [Server Component]
    ./app/layout.tsx [Server Component]

  Client Component SSR:
    ./components/Navbar/components/NavbarAccount/NavbarAccount.tsx [Client Component SSR]
    ./components/Navbar/Navbar.tsx [Client Component SSR]
    ./components/Navbar/Navbar.tsx [Server Component]
    ./app/layout.tsx [Server Component] @ http://localhost:3000/_next/static/chunks/node_modules_next_dist_1e8vcs8._.js:1052
[  316318ms] [ERROR] ./components/Navbar/components/NavbarAccount/NavbarAccount.tsx:4:1
Error: Export ROOT_CLASS_NAME doesn't exist in target module
  2 |
  3 | import { ACCOUNT_LABEL, AVATAR_INITIAL } from "./consts";
> 4 | import { LABEL_CLASS_NAME, ROOT_CLASS_NAME } from "./styles";
    | ^^^^^^^^^^^^^^^^^^^^^^^^^^^^^^^^^^^^^^^^^^^^^^^^^^^^^^^^^^^^
  5 |
  6 | export function NavbarAccount() {
  7 |   return (

The export ROOT_CLASS_NAME was not found in module [project]/components/Navbar/components/NavbarAccount/styles.ts [app-client] (ecmascript).
Did you mean to import POPOVER_CLASS_NAME?
All exports of the module are statically known (It doesn't have dynamic exports). So it's known statically that the requested export doesn't exist.

Import traces:
  Client Component Browser:
    ./components/Navbar/components/NavbarAccount/NavbarAccount.tsx [Client Component Browser]
    ./components/Navbar/Navbar.tsx [Client Component Browser]
    ./components/Navbar/Navbar.tsx [Server Component]
    ./app/layout.tsx [Server Component]

  Client Component SSR:
    ./components/Navbar/components/NavbarAccount/NavbarAccount.tsx [Client Component SSR]
    ./components/Navbar/Navbar.tsx [Client Component SSR]
    ./components/Navbar/Navbar.tsx [Server Component]
    ./app/layout.tsx [Server Component] @ http://localhost:3000/_next/static/chunks/node_modules_next_dist_1e8vcs8._.js:1052
[  316318ms] [ERROR] ./components/Navbar/components/NavbarAccount/NavbarAccount.tsx:4:1
Error: Export ROOT_CLASS_NAME doesn't exist in target module
  2 |
  3 | import { ACCOUNT_LABEL, AVATAR_INITIAL } from "./consts";
> 4 | import { LABEL_CLASS_NAME, ROOT_CLASS_NAME } from "./styles";
    | ^^^^^^^^^^^^^^^^^^^^^^^^^^^^^^^^^^^^^^^^^^^^^^^^^^^^^^^^^^^^
  5 |
  6 | export function NavbarAccount() {
  7 |   return (

The export ROOT_CLASS_NAME was not found in module [project]/components/Navbar/components/NavbarAccount/styles.ts [app-ssr] (ecmascript).
Did you mean to import POPOVER_CLASS_NAME?
All exports of the module are statically known (It doesn't have dynamic exports). So it's known statically that the requested export doesn't exist.

Import traces:
  Client Component Browser:
    ./components/Navbar/components/NavbarAccount/NavbarAccount.tsx [Client Component Browser]
    ./components/Navbar/Navbar.tsx [Client Component Browser]
    ./components/Navbar/Navbar.tsx [Server Component]
    ./app/layout.tsx [Server Component]

  Client Component SSR:
    ./components/Navbar/components/NavbarAccount/NavbarAccount.tsx [Client Component SSR]
    ./components/Navbar/Navbar.tsx [Client Component SSR]
    ./components/Navbar/Navbar.tsx [Server Component]
    ./app/layout.tsx [Server Component] @ http://localhost:3000/_next/static/chunks/node_modules_next_dist_1e8vcs8._.js:1052
[  316367ms] [ERROR] ./components/Navbar/components/NavbarAccount/NavbarAccount.tsx:4:1
Error: Export ROOT_CLASS_NAME doesn't exist in target module
  2 |
  3 | import { ACCOUNT_LABEL, AVATAR_INITIAL } from "./consts";
> 4 | import { LABEL_CLASS_NAME, ROOT_CLASS_NAME } from "./styles";
    | ^^^^^^^^^^^^^^^^^^^^^^^^^^^^^^^^^^^^^^^^^^^^^^^^^^^^^^^^^^^^
  5 |
  6 | export function NavbarAccount() {
  7 |   return (

The export ROOT_CLASS_NAME was not found in module [project]/components/Navbar/components/NavbarAccount/styles.ts [app-client] (ecmascript).
Did you mean to import POPOVER_CLASS_NAME?
All exports of the module are statically known (It doesn't have dynamic exports). So it's known statically that the requested export doesn't exist.

Import traces:
  Client Component Browser:
    ./components/Navbar/components/NavbarAccount/NavbarAccount.tsx [Client Component Browser]
    ./components/Navbar/Navbar.tsx [Client Component Browser]
    ./components/Navbar/Navbar.tsx [Server Component]
    ./app/layout.tsx [Server Component]

  Client Component SSR:
    ./components/Navbar/components/NavbarAccount/NavbarAccount.tsx [Client Component SSR]
    ./components/Navbar/Navbar.tsx [Client Component SSR]
    ./components/Navbar/Navbar.tsx [Server Component]
    ./app/layout.tsx [Server Component] @ http://localhost:3000/_next/static/chunks/node_modules_next_dist_1e8vcs8._.js:1052
[  316368ms] [ERROR] ./components/Navbar/components/NavbarAccount/NavbarAccount.tsx:4:1
Error: Export ROOT_CLASS_NAME doesn't exist in target module
  2 |
  3 | import { ACCOUNT_LABEL, AVATAR_INITIAL } from "./consts";
> 4 | import { LABEL_CLASS_NAME, ROOT_CLASS_NAME } from "./styles";
    | ^^^^^^^^^^^^^^^^^^^^^^^^^^^^^^^^^^^^^^^^^^^^^^^^^^^^^^^^^^^^
  5 |
  6 | export function NavbarAccount() {
  7 |   return (

The export ROOT_CLASS_NAME was not found in module [project]/components/Navbar/components/NavbarAccount/styles.ts [app-ssr] (ecmascript).
Did you mean to import POPOVER_CLASS_NAME?
All exports of the module are statically known (It doesn't have dynamic exports). So it's known statically that the requested export doesn't exist.

Import traces:
  Client Component Browser:
    ./components/Navbar/components/NavbarAccount/NavbarAccount.tsx [Client Component Browser]
    ./components/Navbar/Navbar.tsx [Client Component Browser]
    ./components/Navbar/Navbar.tsx [Server Component]
    ./app/layout.tsx [Server Component]

  Client Component SSR:
    ./components/Navbar/components/NavbarAccount/NavbarAccount.tsx [Client Component SSR]
    ./components/Navbar/Navbar.tsx [Client Component SSR]
    ./components/Navbar/Navbar.tsx [Server Component]
    ./app/layout.tsx [Server Component] @ http://localhost:3000/_next/static/chunks/node_modules_next_dist_1e8vcs8._.js:1052
[  316433ms] [ERROR] ./components/Navbar/components/NavbarAccount/NavbarAccount.tsx:4:1
Error: Export ROOT_CLASS_NAME doesn't exist in target module
  2 |
  3 | import { ACCOUNT_LABEL, AVATAR_INITIAL } from "./consts";
> 4 | import { LABEL_CLASS_NAME, ROOT_CLASS_NAME } from "./styles";
    | ^^^^^^^^^^^^^^^^^^^^^^^^^^^^^^^^^^^^^^^^^^^^^^^^^^^^^^^^^^^^
  5 |
  6 | export function NavbarAccount() {
  7 |   return (

The export ROOT_CLASS_NAME was not found in module [project]/components/Navbar/components/NavbarAccount/styles.ts [app-client] (ecmascript).
Did you mean to import POPOVER_CLASS_NAME?
All exports of the module are statically known (It doesn't have dynamic exports). So it's known statically that the requested export doesn't exist.

Import traces:
  Client Component Browser:
    ./components/Navbar/components/NavbarAccount/NavbarAccount.tsx [Client Component Browser]
    ./components/Navbar/Navbar.tsx [Client Component Browser]
    ./components/Navbar/Navbar.tsx [Server Component]
    ./app/layout.tsx [Server Component]

  Client Component SSR:
    ./components/Navbar/components/NavbarAccount/NavbarAccount.tsx [Client Component SSR]
    ./components/Navbar/Navbar.tsx [Client Component SSR]
    ./components/Navbar/Navbar.tsx [Server Component]
    ./app/layout.tsx [Server Component] @ http://localhost:3000/_next/static/chunks/node_modules_next_dist_1e8vcs8._.js:1052
[  316434ms] [ERROR] ./components/Navbar/components/NavbarAccount/NavbarAccount.tsx:4:1
Error: Export ROOT_CLASS_NAME doesn't exist in target module
  2 |
  3 | import { ACCOUNT_LABEL, AVATAR_INITIAL } from "./consts";
> 4 | import { LABEL_CLASS_NAME, ROOT_CLASS_NAME } from "./styles";
    | ^^^^^^^^^^^^^^^^^^^^^^^^^^^^^^^^^^^^^^^^^^^^^^^^^^^^^^^^^^^^
  5 |
  6 | export function NavbarAccount() {
  7 |   return (

The export ROOT_CLASS_NAME was not found in module [project]/components/Navbar/components/NavbarAccount/styles.ts [app-ssr] (ecmascript).
Did you mean to import POPOVER_CLASS_NAME?
All exports of the module are statically known (It doesn't have dynamic exports). So it's known statically that the requested export doesn't exist.

Import traces:
  Client Component Browser:
    ./components/Navbar/components/NavbarAccount/NavbarAccount.tsx [Client Component Browser]
    ./components/Navbar/Navbar.tsx [Client Component Browser]
    ./components/Navbar/Navbar.tsx [Server Component]
    ./app/layout.tsx [Server Component]

  Client Component SSR:
    ./components/Navbar/components/NavbarAccount/NavbarAccount.tsx [Client Component SSR]
    ./components/Navbar/Navbar.tsx [Client Component SSR]
    ./components/Navbar/Navbar.tsx [Server Component]
    ./app/layout.tsx [Server Component] @ http://localhost:3000/_next/static/chunks/node_modules_next_dist_1e8vcs8._.js:1052
[  316485ms] [ERROR] ./components/Navbar/components/NavbarAccount/NavbarAccount.tsx:4:1
Error: Export ROOT_CLASS_NAME doesn't exist in target module
  2 |
  3 | import { ACCOUNT_LABEL, AVATAR_INITIAL } from "./consts";
> 4 | import { LABEL_CLASS_NAME, ROOT_CLASS_NAME } from "./styles";
    | ^^^^^^^^^^^^^^^^^^^^^^^^^^^^^^^^^^^^^^^^^^^^^^^^^^^^^^^^^^^^
  5 |
  6 | export function NavbarAccount() {
  7 |   return (

The export ROOT_CLASS_NAME was not found in module [project]/components/Navbar/components/NavbarAccount/styles.ts [app-client] (ecmascript).
Did you mean to import POPOVER_CLASS_NAME?
All exports of the module are statically known (It doesn't have dynamic exports). So it's known statically that the requested export doesn't exist.

Import traces:
  Client Component Browser:
    ./components/Navbar/components/NavbarAccount/NavbarAccount.tsx [Client Component Browser]
    ./components/Navbar/Navbar.tsx [Client Component Browser]
    ./components/Navbar/Navbar.tsx [Server Component]
    ./app/layout.tsx [Server Component]

  Client Component SSR:
    ./components/Navbar/components/NavbarAccount/NavbarAccount.tsx [Client Component SSR]
    ./components/Navbar/Navbar.tsx [Client Component SSR]
    ./components/Navbar/Navbar.tsx [Server Component]
    ./app/layout.tsx [Server Component] @ http://localhost:3000/_next/static/chunks/node_modules_next_dist_1e8vcs8._.js:1052
[  316485ms] [ERROR] ./components/Navbar/components/NavbarAccount/NavbarAccount.tsx:4:1
Error: Export ROOT_CLASS_NAME doesn't exist in target module
  2 |
  3 | import { ACCOUNT_LABEL, AVATAR_INITIAL } from "./consts";
> 4 | import { LABEL_CLASS_NAME, ROOT_CLASS_NAME } from "./styles";
    | ^^^^^^^^^^^^^^^^^^^^^^^^^^^^^^^^^^^^^^^^^^^^^^^^^^^^^^^^^^^^
  5 |
  6 | export function NavbarAccount() {
  7 |   return (

The export ROOT_CLASS_NAME was not found in module [project]/components/Navbar/components/NavbarAccount/styles.ts [app-ssr] (ecmascript).
Did you mean to import POPOVER_CLASS_NAME?
All exports of the module are statically known (It doesn't have dynamic exports). So it's known statically that the requested export doesn't exist.

Import traces:
  Client Component Browser:
    ./components/Navbar/components/NavbarAccount/NavbarAccount.tsx [Client Component Browser]
    ./components/Navbar/Navbar.tsx [Client Component Browser]
    ./components/Navbar/Navbar.tsx [Server Component]
    ./app/layout.tsx [Server Component]

  Client Component SSR:
    ./components/Navbar/components/NavbarAccount/NavbarAccount.tsx [Client Component SSR]
    ./components/Navbar/Navbar.tsx [Client Component SSR]
    ./components/Navbar/Navbar.tsx [Server Component]
    ./app/layout.tsx [Server Component] @ http://localhost:3000/_next/static/chunks/node_modules_next_dist_1e8vcs8._.js:1052
[  316535ms] [ERROR] ./components/Navbar/components/NavbarAccount/NavbarAccount.tsx:4:1
Error: Export ROOT_CLASS_NAME doesn't exist in target module
  2 |
  3 | import { ACCOUNT_LABEL, AVATAR_INITIAL } from "./consts";
> 4 | import { LABEL_CLASS_NAME, ROOT_CLASS_NAME } from "./styles";
    | ^^^^^^^^^^^^^^^^^^^^^^^^^^^^^^^^^^^^^^^^^^^^^^^^^^^^^^^^^^^^
  5 |
  6 | export function NavbarAccount() {
  7 |   return (

The export ROOT_CLASS_NAME was not found in module [project]/components/Navbar/components/NavbarAccount/styles.ts [app-client] (ecmascript).
Did you mean to import POPOVER_CLASS_NAME?
All exports of the module are statically known (It doesn't have dynamic exports). So it's known statically that the requested export doesn't exist.

Import traces:
  Client Component Browser:
    ./components/Navbar/components/NavbarAccount/NavbarAccount.tsx [Client Component Browser]
    ./components/Navbar/Navbar.tsx [Client Component Browser]
    ./components/Navbar/Navbar.tsx [Server Component]
    ./app/layout.tsx [Server Component]

  Client Component SSR:
    ./components/Navbar/components/NavbarAccount/NavbarAccount.tsx [Client Component SSR]
    ./components/Navbar/Navbar.tsx [Client Component SSR]
    ./components/Navbar/Navbar.tsx [Server Component]
    ./app/layout.tsx [Server Component] @ http://localhost:3000/_next/static/chunks/node_modules_next_dist_1e8vcs8._.js:1052
[  316535ms] [ERROR] ./components/Navbar/components/NavbarAccount/NavbarAccount.tsx:4:1
Error: Export ROOT_CLASS_NAME doesn't exist in target module
  2 |
  3 | import { ACCOUNT_LABEL, AVATAR_INITIAL } from "./consts";
> 4 | import { LABEL_CLASS_NAME, ROOT_CLASS_NAME } from "./styles";
    | ^^^^^^^^^^^^^^^^^^^^^^^^^^^^^^^^^^^^^^^^^^^^^^^^^^^^^^^^^^^^
  5 |
  6 | export function NavbarAccount() {
  7 |   return (

The export ROOT_CLASS_NAME was not found in module [project]/components/Navbar/components/NavbarAccount/styles.ts [app-ssr] (ecmascript).
Did you mean to import POPOVER_CLASS_NAME?
All exports of the module are statically known (It doesn't have dynamic exports). So it's known statically that the requested export doesn't exist.

Import traces:
  Client Component Browser:
    ./components/Navbar/components/NavbarAccount/NavbarAccount.tsx [Client Component Browser]
    ./components/Navbar/Navbar.tsx [Client Component Browser]
    ./components/Navbar/Navbar.tsx [Server Component]
    ./app/layout.tsx [Server Component]

  Client Component SSR:
    ./components/Navbar/components/NavbarAccount/NavbarAccount.tsx [Client Component SSR]
    ./components/Navbar/Navbar.tsx [Client Component SSR]
    ./components/Navbar/Navbar.tsx [Server Component]
    ./app/layout.tsx [Server Component] @ http://localhost:3000/_next/static/chunks/node_modules_next_dist_1e8vcs8._.js:1052
[  316600ms] [ERROR] ./components/Navbar/components/NavbarAccount/NavbarAccount.tsx:4:1
Error: Export ROOT_CLASS_NAME doesn't exist in target module
  2 |
  3 | import { ACCOUNT_LABEL, AVATAR_INITIAL } from "./consts";
> 4 | import { LABEL_CLASS_NAME, ROOT_CLASS_NAME } from "./styles";
    | ^^^^^^^^^^^^^^^^^^^^^^^^^^^^^^^^^^^^^^^^^^^^^^^^^^^^^^^^^^^^
  5 |
  6 | export function NavbarAccount() {
  7 |   return (

The export ROOT_CLASS_NAME was not found in module [project]/components/Navbar/components/NavbarAccount/styles.ts [app-client] (ecmascript).
Did you mean to import POPOVER_CLASS_NAME?
All exports of the module are statically known (It doesn't have dynamic exports). So it's known statically that the requested export doesn't exist.

Import traces:
  Client Component Browser:
    ./components/Navbar/components/NavbarAccount/NavbarAccount.tsx [Client Component Browser]
    ./components/Navbar/Navbar.tsx [Client Component Browser]
    ./components/Navbar/Navbar.tsx [Server Component]
    ./app/layout.tsx [Server Component]

  Client Component SSR:
    ./components/Navbar/components/NavbarAccount/NavbarAccount.tsx [Client Component SSR]
    ./components/Navbar/Navbar.tsx [Client Component SSR]
    ./components/Navbar/Navbar.tsx [Server Component]
    ./app/layout.tsx [Server Component] @ http://localhost:3000/_next/static/chunks/node_modules_next_dist_1e8vcs8._.js:1052
[  316600ms] [ERROR] ./components/Navbar/components/NavbarAccount/NavbarAccount.tsx:4:1
Error: Export ROOT_CLASS_NAME doesn't exist in target module
  2 |
  3 | import { ACCOUNT_LABEL, AVATAR_INITIAL } from "./consts";
> 4 | import { LABEL_CLASS_NAME, ROOT_CLASS_NAME } from "./styles";
    | ^^^^^^^^^^^^^^^^^^^^^^^^^^^^^^^^^^^^^^^^^^^^^^^^^^^^^^^^^^^^
  5 |
  6 | export function NavbarAccount() {
  7 |   return (

The export ROOT_CLASS_NAME was not found in module [project]/components/Navbar/components/NavbarAccount/styles.ts [app-ssr] (ecmascript).
Did you mean to import POPOVER_CLASS_NAME?
All exports of the module are statically known (It doesn't have dynamic exports). So it's known statically that the requested export doesn't exist.

Import traces:
  Client Component Browser:
    ./components/Navbar/components/NavbarAccount/NavbarAccount.tsx [Client Component Browser]
    ./components/Navbar/Navbar.tsx [Client Component Browser]
    ./components/Navbar/Navbar.tsx [Server Component]
    ./app/layout.tsx [Server Component]

  Client Component SSR:
    ./components/Navbar/components/NavbarAccount/NavbarAccount.tsx [Client Component SSR]
    ./components/Navbar/Navbar.tsx [Client Component SSR]
    ./components/Navbar/Navbar.tsx [Server Component]
    ./app/layout.tsx [Server Component] @ http://localhost:3000/_next/static/chunks/node_modules_next_dist_1e8vcs8._.js:1052
[  316648ms] [ERROR] ./components/Navbar/components/NavbarAccount/NavbarAccount.tsx:4:1
Error: Export ROOT_CLASS_NAME doesn't exist in target module
  2 |
  3 | import { ACCOUNT_LABEL, AVATAR_INITIAL } from "./consts";
> 4 | import { LABEL_CLASS_NAME, ROOT_CLASS_NAME } from "./styles";
    | ^^^^^^^^^^^^^^^^^^^^^^^^^^^^^^^^^^^^^^^^^^^^^^^^^^^^^^^^^^^^
  5 |
  6 | export function NavbarAccount() {
  7 |   return (

The export ROOT_CLASS_NAME was not found in module [project]/components/Navbar/components/NavbarAccount/styles.ts [app-client] (ecmascript).
Did you mean to import POPOVER_CLASS_NAME?
All exports of the module are statically known (It doesn't have dynamic exports). So it's known statically that the requested export doesn't exist.

Import traces:
  Client Component Browser:
    ./components/Navbar/components/NavbarAccount/NavbarAccount.tsx [Client Component Browser]
    ./components/Navbar/Navbar.tsx [Client Component Browser]
    ./components/Navbar/Navbar.tsx [Server Component]
    ./app/layout.tsx [Server Component]

  Client Component SSR:
    ./components/Navbar/components/NavbarAccount/NavbarAccount.tsx [Client Component SSR]
    ./components/Navbar/Navbar.tsx [Client Component SSR]
    ./components/Navbar/Navbar.tsx [Server Component]
    ./app/layout.tsx [Server Component] @ http://localhost:3000/_next/static/chunks/node_modules_next_dist_1e8vcs8._.js:1052
[  316648ms] [ERROR] ./components/Navbar/components/NavbarAccount/NavbarAccount.tsx:4:1
Error: Export ROOT_CLASS_NAME doesn't exist in target module
  2 |
  3 | import { ACCOUNT_LABEL, AVATAR_INITIAL } from "./consts";
> 4 | import { LABEL_CLASS_NAME, ROOT_CLASS_NAME } from "./styles";
    | ^^^^^^^^^^^^^^^^^^^^^^^^^^^^^^^^^^^^^^^^^^^^^^^^^^^^^^^^^^^^
  5 |
  6 | export function NavbarAccount() {
  7 |   return (

The export ROOT_CLASS_NAME was not found in module [project]/components/Navbar/components/NavbarAccount/styles.ts [app-ssr] (ecmascript).
Did you mean to import POPOVER_CLASS_NAME?
All exports of the module are statically known (It doesn't have dynamic exports). So it's known statically that the requested export doesn't exist.

Import traces:
  Client Component Browser:
    ./components/Navbar/components/NavbarAccount/NavbarAccount.tsx [Client Component Browser]
    ./components/Navbar/Navbar.tsx [Client Component Browser]
    ./components/Navbar/Navbar.tsx [Server Component]
    ./app/layout.tsx [Server Component]

  Client Component SSR:
    ./components/Navbar/components/NavbarAccount/NavbarAccount.tsx [Client Component SSR]
    ./components/Navbar/Navbar.tsx [Client Component SSR]
    ./components/Navbar/Navbar.tsx [Server Component]
    ./app/layout.tsx [Server Component] @ http://localhost:3000/_next/static/chunks/node_modules_next_dist_1e8vcs8._.js:1052
[  316699ms] [ERROR] ./components/Navbar/components/NavbarAccount/NavbarAccount.tsx:4:1
Error: Export ROOT_CLASS_NAME doesn't exist in target module
  2 |
  3 | import { ACCOUNT_LABEL, AVATAR_INITIAL } from "./consts";
> 4 | import { LABEL_CLASS_NAME, ROOT_CLASS_NAME } from "./styles";
    | ^^^^^^^^^^^^^^^^^^^^^^^^^^^^^^^^^^^^^^^^^^^^^^^^^^^^^^^^^^^^
  5 |
  6 | export function NavbarAccount() {
  7 |   return (

The export ROOT_CLASS_NAME was not found in module [project]/components/Navbar/components/NavbarAccount/styles.ts [app-client] (ecmascript).
Did you mean to import POPOVER_CLASS_NAME?
All exports of the module are statically known (It doesn't have dynamic exports). So it's known statically that the requested export doesn't exist.

Import traces:
  Client Component Browser:
    ./components/Navbar/components/NavbarAccount/NavbarAccount.tsx [Client Component Browser]
    ./components/Navbar/Navbar.tsx [Client Component Browser]
    ./components/Navbar/Navbar.tsx [Server Component]
    ./app/layout.tsx [Server Component]

  Client Component SSR:
    ./components/Navbar/components/NavbarAccount/NavbarAccount.tsx [Client Component SSR]
    ./components/Navbar/Navbar.tsx [Client Component SSR]
    ./components/Navbar/Navbar.tsx [Server Component]
    ./app/layout.tsx [Server Component] @ http://localhost:3000/_next/static/chunks/node_modules_next_dist_1e8vcs8._.js:1052
[  316699ms] [ERROR] ./components/Navbar/components/NavbarAccount/NavbarAccount.tsx:4:1
Error: Export ROOT_CLASS_NAME doesn't exist in target module
  2 |
  3 | import { ACCOUNT_LABEL, AVATAR_INITIAL } from "./consts";
> 4 | import { LABEL_CLASS_NAME, ROOT_CLASS_NAME } from "./styles";
    | ^^^^^^^^^^^^^^^^^^^^^^^^^^^^^^^^^^^^^^^^^^^^^^^^^^^^^^^^^^^^
  5 |
  6 | export function NavbarAccount() {
  7 |   return (

The export ROOT_CLASS_NAME was not found in module [project]/components/Navbar/components/NavbarAccount/styles.ts [app-ssr] (ecmascript).
Did you mean to import POPOVER_CLASS_NAME?
All exports of the module are statically known (It doesn't have dynamic exports). So it's known statically that the requested export doesn't exist.

Import traces:
  Client Component Browser:
    ./components/Navbar/components/NavbarAccount/NavbarAccount.tsx [Client Component Browser]
    ./components/Navbar/Navbar.tsx [Client Component Browser]
    ./components/Navbar/Navbar.tsx [Server Component]
    ./app/layout.tsx [Server Component]

  Client Component SSR:
    ./components/Navbar/components/NavbarAccount/NavbarAccount.tsx [Client Component SSR]
    ./components/Navbar/Navbar.tsx [Client Component SSR]
    ./components/Navbar/Navbar.tsx [Server Component]
    ./app/layout.tsx [Server Component] @ http://localhost:3000/_next/static/chunks/node_modules_next_dist_1e8vcs8._.js:1052
[  316765ms] [ERROR] ./components/Navbar/components/NavbarAccount/NavbarAccount.tsx:4:1
Error: Export ROOT_CLASS_NAME doesn't exist in target module
  2 |
  3 | import { ACCOUNT_LABEL, AVATAR_INITIAL } from "./consts";
> 4 | import { LABEL_CLASS_NAME, ROOT_CLASS_NAME } from "./styles";
    | ^^^^^^^^^^^^^^^^^^^^^^^^^^^^^^^^^^^^^^^^^^^^^^^^^^^^^^^^^^^^
  5 |
  6 | export function NavbarAccount() {
  7 |   return (

The export ROOT_CLASS_NAME was not found in module [project]/components/Navbar/components/NavbarAccount/styles.ts [app-client] (ecmascript).
Did you mean to import POPOVER_CLASS_NAME?
All exports of the module are statically known (It doesn't have dynamic exports). So it's known statically that the requested export doesn't exist.

Import traces:
  Client Component Browser:
    ./components/Navbar/components/NavbarAccount/NavbarAccount.tsx [Client Component Browser]
    ./components/Navbar/Navbar.tsx [Client Component Browser]
    ./components/Navbar/Navbar.tsx [Server Component]
    ./app/layout.tsx [Server Component]

  Client Component SSR:
    ./components/Navbar/components/NavbarAccount/NavbarAccount.tsx [Client Component SSR]
    ./components/Navbar/Navbar.tsx [Client Component SSR]
    ./components/Navbar/Navbar.tsx [Server Component]
    ./app/layout.tsx [Server Component] @ http://localhost:3000/_next/static/chunks/node_modules_next_dist_1e8vcs8._.js:1052
[  316766ms] [ERROR] ./components/Navbar/components/NavbarAccount/NavbarAccount.tsx:4:1
Error: Export ROOT_CLASS_NAME doesn't exist in target module
  2 |
  3 | import { ACCOUNT_LABEL, AVATAR_INITIAL } from "./consts";
> 4 | import { LABEL_CLASS_NAME, ROOT_CLASS_NAME } from "./styles";
    | ^^^^^^^^^^^^^^^^^^^^^^^^^^^^^^^^^^^^^^^^^^^^^^^^^^^^^^^^^^^^
  5 |
  6 | export function NavbarAccount() {
  7 |   return (

The export ROOT_CLASS_NAME was not found in module [project]/components/Navbar/components/NavbarAccount/styles.ts [app-ssr] (ecmascript).
Did you mean to import POPOVER_CLASS_NAME?
All exports of the module are statically known (It doesn't have dynamic exports). So it's known statically that the requested export doesn't exist.

Import traces:
  Client Component Browser:
    ./components/Navbar/components/NavbarAccount/NavbarAccount.tsx [Client Component Browser]
    ./components/Navbar/Navbar.tsx [Client Component Browser]
    ./components/Navbar/Navbar.tsx [Server Component]
    ./app/layout.tsx [Server Component]

  Client Component SSR:
    ./components/Navbar/components/NavbarAccount/NavbarAccount.tsx [Client Component SSR]
    ./components/Navbar/Navbar.tsx [Client Component SSR]
    ./components/Navbar/Navbar.tsx [Server Component]
    ./app/layout.tsx [Server Component] @ http://localhost:3000/_next/static/chunks/node_modules_next_dist_1e8vcs8._.js:1052
[  316816ms] [ERROR] ./components/Navbar/components/NavbarAccount/NavbarAccount.tsx:4:1
Error: Export ROOT_CLASS_NAME doesn't exist in target module
  2 |
  3 | import { ACCOUNT_LABEL, AVATAR_INITIAL } from "./consts";
> 4 | import { LABEL_CLASS_NAME, ROOT_CLASS_NAME } from "./styles";
    | ^^^^^^^^^^^^^^^^^^^^^^^^^^^^^^^^^^^^^^^^^^^^^^^^^^^^^^^^^^^^
  5 |
  6 | export function NavbarAccount() {
  7 |   return (

The export ROOT_CLASS_NAME was not found in module [project]/components/Navbar/components/NavbarAccount/styles.ts [app-client] (ecmascript).
Did you mean to import POPOVER_CLASS_NAME?
All exports of the module are statically known (It doesn't have dynamic exports). So it's known statically that the requested export doesn't exist.

Import traces:
  Client Component Browser:
    ./components/Navbar/components/NavbarAccount/NavbarAccount.tsx [Client Component Browser]
    ./components/Navbar/Navbar.tsx [Client Component Browser]
    ./components/Navbar/Navbar.tsx [Server Component]
    ./app/layout.tsx [Server Component]

  Client Component SSR:
    ./components/Navbar/components/NavbarAccount/NavbarAccount.tsx [Client Component SSR]
    ./components/Navbar/Navbar.tsx [Client Component SSR]
    ./components/Navbar/Navbar.tsx [Server Component]
    ./app/layout.tsx [Server Component] @ http://localhost:3000/_next/static/chunks/node_modules_next_dist_1e8vcs8._.js:1052
[  316816ms] [ERROR] ./components/Navbar/components/NavbarAccount/NavbarAccount.tsx:4:1
Error: Export ROOT_CLASS_NAME doesn't exist in target module
  2 |
  3 | import { ACCOUNT_LABEL, AVATAR_INITIAL } from "./consts";
> 4 | import { LABEL_CLASS_NAME, ROOT_CLASS_NAME } from "./styles";
    | ^^^^^^^^^^^^^^^^^^^^^^^^^^^^^^^^^^^^^^^^^^^^^^^^^^^^^^^^^^^^
  5 |
  6 | export function NavbarAccount() {
  7 |   return (

The export ROOT_CLASS_NAME was not found in module [project]/components/Navbar/components/NavbarAccount/styles.ts [app-ssr] (ecmascript).
Did you mean to import POPOVER_CLASS_NAME?
All exports of the module are statically known (It doesn't have dynamic exports). So it's known statically that the requested export doesn't exist.

Import traces:
  Client Component Browser:
    ./components/Navbar/components/NavbarAccount/NavbarAccount.tsx [Client Component Browser]
    ./components/Navbar/Navbar.tsx [Client Component Browser]
    ./components/Navbar/Navbar.tsx [Server Component]
    ./app/layout.tsx [Server Component]

  Client Component SSR:
    ./components/Navbar/components/NavbarAccount/NavbarAccount.tsx [Client Component SSR]
    ./components/Navbar/Navbar.tsx [Client Component SSR]
    ./components/Navbar/Navbar.tsx [Server Component]
    ./app/layout.tsx [Server Component] @ http://localhost:3000/_next/static/chunks/node_modules_next_dist_1e8vcs8._.js:1052
[  316865ms] [ERROR] ./components/Navbar/components/NavbarAccount/NavbarAccount.tsx:4:1
Error: Export ROOT_CLASS_NAME doesn't exist in target module
  2 |
  3 | import { ACCOUNT_LABEL, AVATAR_INITIAL } from "./consts";
> 4 | import { LABEL_CLASS_NAME, ROOT_CLASS_NAME } from "./styles";
    | ^^^^^^^^^^^^^^^^^^^^^^^^^^^^^^^^^^^^^^^^^^^^^^^^^^^^^^^^^^^^
  5 |
  6 | export function NavbarAccount() {
  7 |   return (

The export ROOT_CLASS_NAME was not found in module [project]/components/Navbar/components/NavbarAccount/styles.ts [app-client] (ecmascript).
Did you mean to import POPOVER_CLASS_NAME?
All exports of the module are statically known (It doesn't have dynamic exports). So it's known statically that the requested export doesn't exist.

Import traces:
  Client Component Browser:
    ./components/Navbar/components/NavbarAccount/NavbarAccount.tsx [Client Component Browser]
    ./components/Navbar/Navbar.tsx [Client Component Browser]
    ./components/Navbar/Navbar.tsx [Server Component]
    ./app/layout.tsx [Server Component]

  Client Component SSR:
    ./components/Navbar/components/NavbarAccount/NavbarAccount.tsx [Client Component SSR]
    ./components/Navbar/Navbar.tsx [Client Component SSR]
    ./components/Navbar/Navbar.tsx [Server Component]
    ./app/layout.tsx [Server Component] @ http://localhost:3000/_next/static/chunks/node_modules_next_dist_1e8vcs8._.js:1052
[  316865ms] [ERROR] ./components/Navbar/components/NavbarAccount/NavbarAccount.tsx:4:1
Error: Export ROOT_CLASS_NAME doesn't exist in target module
  2 |
  3 | import { ACCOUNT_LABEL, AVATAR_INITIAL } from "./consts";
> 4 | import { LABEL_CLASS_NAME, ROOT_CLASS_NAME } from "./styles";
    | ^^^^^^^^^^^^^^^^^^^^^^^^^^^^^^^^^^^^^^^^^^^^^^^^^^^^^^^^^^^^
  5 |
  6 | export function NavbarAccount() {
  7 |   return (

The export ROOT_CLASS_NAME was not found in module [project]/components/Navbar/components/NavbarAccount/styles.ts [app-ssr] (ecmascript).
Did you mean to import POPOVER_CLASS_NAME?
All exports of the module are statically known (It doesn't have dynamic exports). So it's known statically that the requested export doesn't exist.

Import traces:
  Client Component Browser:
    ./components/Navbar/components/NavbarAccount/NavbarAccount.tsx [Client Component Browser]
    ./components/Navbar/Navbar.tsx [Client Component Browser]
    ./components/Navbar/Navbar.tsx [Server Component]
    ./app/layout.tsx [Server Component]

  Client Component SSR:
    ./components/Navbar/components/NavbarAccount/NavbarAccount.tsx [Client Component SSR]
    ./components/Navbar/Navbar.tsx [Client Component SSR]
    ./components/Navbar/Navbar.tsx [Server Component]
    ./app/layout.tsx [Server Component] @ http://localhost:3000/_next/static/chunks/node_modules_next_dist_1e8vcs8._.js:1052
[  316917ms] [ERROR] ./components/Navbar/components/NavbarAccount/NavbarAccount.tsx:4:1
Error: Export ROOT_CLASS_NAME doesn't exist in target module
  2 |
  3 | import { ACCOUNT_LABEL, AVATAR_INITIAL } from "./consts";
> 4 | import { LABEL_CLASS_NAME, ROOT_CLASS_NAME } from "./styles";
    | ^^^^^^^^^^^^^^^^^^^^^^^^^^^^^^^^^^^^^^^^^^^^^^^^^^^^^^^^^^^^
  5 |
  6 | export function NavbarAccount() {
  7 |   return (

The export ROOT_CLASS_NAME was not found in module [project]/components/Navbar/components/NavbarAccount/styles.ts [app-client] (ecmascript).
Did you mean to import POPOVER_CLASS_NAME?
All exports of the module are statically known (It doesn't have dynamic exports). So it's known statically that the requested export doesn't exist.

Import traces:
  Client Component Browser:
    ./components/Navbar/components/NavbarAccount/NavbarAccount.tsx [Client Component Browser]
    ./components/Navbar/Navbar.tsx [Client Component Browser]
    ./components/Navbar/Navbar.tsx [Server Component]
    ./app/layout.tsx [Server Component]

  Client Component SSR:
    ./components/Navbar/components/NavbarAccount/NavbarAccount.tsx [Client Component SSR]
    ./components/Navbar/Navbar.tsx [Client Component SSR]
    ./components/Navbar/Navbar.tsx [Server Component]
    ./app/layout.tsx [Server Component] @ http://localhost:3000/_next/static/chunks/node_modules_next_dist_1e8vcs8._.js:1052
[  316917ms] [ERROR] ./components/Navbar/components/NavbarAccount/NavbarAccount.tsx:4:1
Error: Export ROOT_CLASS_NAME doesn't exist in target module
  2 |
  3 | import { ACCOUNT_LABEL, AVATAR_INITIAL } from "./consts";
> 4 | import { LABEL_CLASS_NAME, ROOT_CLASS_NAME } from "./styles";
    | ^^^^^^^^^^^^^^^^^^^^^^^^^^^^^^^^^^^^^^^^^^^^^^^^^^^^^^^^^^^^
  5 |
  6 | export function NavbarAccount() {
  7 |   return (

The export ROOT_CLASS_NAME was not found in module [project]/components/Navbar/components/NavbarAccount/styles.ts [app-ssr] (ecmascript).
Did you mean to import POPOVER_CLASS_NAME?
All exports of the module are statically known (It doesn't have dynamic exports). So it's known statically that the requested export doesn't exist.

Import traces:
  Client Component Browser:
    ./components/Navbar/components/NavbarAccount/NavbarAccount.tsx [Client Component Browser]
    ./components/Navbar/Navbar.tsx [Client Component Browser]
    ./components/Navbar/Navbar.tsx [Server Component]
    ./app/layout.tsx [Server Component]

  Client Component SSR:
    ./components/Navbar/components/NavbarAccount/NavbarAccount.tsx [Client Component SSR]
    ./components/Navbar/Navbar.tsx [Client Component SSR]
    ./components/Navbar/Navbar.tsx [Server Component]
    ./app/layout.tsx [Server Component] @ http://localhost:3000/_next/static/chunks/node_modules_next_dist_1e8vcs8._.js:1052
[  316968ms] [ERROR] ./components/Navbar/components/NavbarAccount/NavbarAccount.tsx:4:1
Error: Export ROOT_CLASS_NAME doesn't exist in target module
  2 |
  3 | import { ACCOUNT_LABEL, AVATAR_INITIAL } from "./consts";
> 4 | import { LABEL_CLASS_NAME, ROOT_CLASS_NAME } from "./styles";
    | ^^^^^^^^^^^^^^^^^^^^^^^^^^^^^^^^^^^^^^^^^^^^^^^^^^^^^^^^^^^^
  5 |
  6 | export function NavbarAccount() {
  7 |   return (

The export ROOT_CLASS_NAME was not found in module [project]/components/Navbar/components/NavbarAccount/styles.ts [app-client] (ecmascript).
Did you mean to import POPOVER_CLASS_NAME?
All exports of the module are statically known (It doesn't have dynamic exports). So it's known statically that the requested export doesn't exist.

Import traces:
  Client Component Browser:
    ./components/Navbar/components/NavbarAccount/NavbarAccount.tsx [Client Component Browser]
    ./components/Navbar/Navbar.tsx [Client Component Browser]
    ./components/Navbar/Navbar.tsx [Server Component]
    ./app/layout.tsx [Server Component]

  Client Component SSR:
    ./components/Navbar/components/NavbarAccount/NavbarAccount.tsx [Client Component SSR]
    ./components/Navbar/Navbar.tsx [Client Component SSR]
    ./components/Navbar/Navbar.tsx [Server Component]
    ./app/layout.tsx [Server Component] @ http://localhost:3000/_next/static/chunks/node_modules_next_dist_1e8vcs8._.js:1052
[  316968ms] [ERROR] ./components/Navbar/components/NavbarAccount/NavbarAccount.tsx:4:1
Error: Export ROOT_CLASS_NAME doesn't exist in target module
  2 |
  3 | import { ACCOUNT_LABEL, AVATAR_INITIAL } from "./consts";
> 4 | import { LABEL_CLASS_NAME, ROOT_CLASS_NAME } from "./styles";
    | ^^^^^^^^^^^^^^^^^^^^^^^^^^^^^^^^^^^^^^^^^^^^^^^^^^^^^^^^^^^^
  5 |
  6 | export function NavbarAccount() {
  7 |   return (

The export ROOT_CLASS_NAME was not found in module [project]/components/Navbar/components/NavbarAccount/styles.ts [app-ssr] (ecmascript).
Did you mean to import POPOVER_CLASS_NAME?
All exports of the module are statically known (It doesn't have dynamic exports). So it's known statically that the requested export doesn't exist.

Import traces:
  Client Component Browser:
    ./components/Navbar/components/NavbarAccount/NavbarAccount.tsx [Client Component Browser]
    ./components/Navbar/Navbar.tsx [Client Component Browser]
    ./components/Navbar/Navbar.tsx [Server Component]
    ./app/layout.tsx [Server Component]

  Client Component SSR:
    ./components/Navbar/components/NavbarAccount/NavbarAccount.tsx [Client Component SSR]
    ./components/Navbar/Navbar.tsx [Client Component SSR]
    ./components/Navbar/Navbar.tsx [Server Component]
    ./app/layout.tsx [Server Component] @ http://localhost:3000/_next/static/chunks/node_modules_next_dist_1e8vcs8._.js:1052
[  317015ms] [ERROR] ./components/Navbar/components/NavbarAccount/NavbarAccount.tsx:4:1
Error: Export ROOT_CLASS_NAME doesn't exist in target module
  2 |
  3 | import { ACCOUNT_LABEL, AVATAR_INITIAL } from "./consts";
> 4 | import { LABEL_CLASS_NAME, ROOT_CLASS_NAME } from "./styles";
    | ^^^^^^^^^^^^^^^^^^^^^^^^^^^^^^^^^^^^^^^^^^^^^^^^^^^^^^^^^^^^
  5 |
  6 | export function NavbarAccount() {
  7 |   return (

The export ROOT_CLASS_NAME was not found in module [project]/components/Navbar/components/NavbarAccount/styles.ts [app-client] (ecmascript).
Did you mean to import POPOVER_CLASS_NAME?
All exports of the module are statically known (It doesn't have dynamic exports). So it's known statically that the requested export doesn't exist.

Import traces:
  Client Component Browser:
    ./components/Navbar/components/NavbarAccount/NavbarAccount.tsx [Client Component Browser]
    ./components/Navbar/Navbar.tsx [Client Component Browser]
    ./components/Navbar/Navbar.tsx [Server Component]
    ./app/layout.tsx [Server Component]

  Client Component SSR:
    ./components/Navbar/components/NavbarAccount/NavbarAccount.tsx [Client Component SSR]
    ./components/Navbar/Navbar.tsx [Client Component SSR]
    ./components/Navbar/Navbar.tsx [Server Component]
    ./app/layout.tsx [Server Component] @ http://localhost:3000/_next/static/chunks/node_modules_next_dist_1e8vcs8._.js:1052
[  317016ms] [ERROR] ./components/Navbar/components/NavbarAccount/NavbarAccount.tsx:4:1
Error: Export ROOT_CLASS_NAME doesn't exist in target module
  2 |
  3 | import { ACCOUNT_LABEL, AVATAR_INITIAL } from "./consts";
> 4 | import { LABEL_CLASS_NAME, ROOT_CLASS_NAME } from "./styles";
    | ^^^^^^^^^^^^^^^^^^^^^^^^^^^^^^^^^^^^^^^^^^^^^^^^^^^^^^^^^^^^
  5 |
  6 | export function NavbarAccount() {
  7 |   return (

The export ROOT_CLASS_NAME was not found in module [project]/components/Navbar/components/NavbarAccount/styles.ts [app-ssr] (ecmascript).
Did you mean to import POPOVER_CLASS_NAME?
All exports of the module are statically known (It doesn't have dynamic exports). So it's known statically that the requested export doesn't exist.

Import traces:
  Client Component Browser:
    ./components/Navbar/components/NavbarAccount/NavbarAccount.tsx [Client Component Browser]
    ./components/Navbar/Navbar.tsx [Client Component Browser]
    ./components/Navbar/Navbar.tsx [Server Component]
    ./app/layout.tsx [Server Component]

  Client Component SSR:
    ./components/Navbar/components/NavbarAccount/NavbarAccount.tsx [Client Component SSR]
    ./components/Navbar/Navbar.tsx [Client Component SSR]
    ./components/Navbar/Navbar.tsx [Server Component]
    ./app/layout.tsx [Server Component] @ http://localhost:3000/_next/static/chunks/node_modules_next_dist_1e8vcs8._.js:1052
[  317067ms] [ERROR] ./components/Navbar/components/NavbarAccount/NavbarAccount.tsx:4:1
Error: Export ROOT_CLASS_NAME doesn't exist in target module
  2 |
  3 | import { ACCOUNT_LABEL, AVATAR_INITIAL } from "./consts";
> 4 | import { LABEL_CLASS_NAME, ROOT_CLASS_NAME } from "./styles";
    | ^^^^^^^^^^^^^^^^^^^^^^^^^^^^^^^^^^^^^^^^^^^^^^^^^^^^^^^^^^^^
  5 |
  6 | export function NavbarAccount() {
  7 |   return (

The export ROOT_CLASS_NAME was not found in module [project]/components/Navbar/components/NavbarAccount/styles.ts [app-client] (ecmascript).
Did you mean to import POPOVER_CLASS_NAME?
All exports of the module are statically known (It doesn't have dynamic exports). So it's known statically that the requested export doesn't exist.

Import traces:
  Client Component Browser:
    ./components/Navbar/components/NavbarAccount/NavbarAccount.tsx [Client Component Browser]
    ./components/Navbar/Navbar.tsx [Client Component Browser]
    ./components/Navbar/Navbar.tsx [Server Component]
    ./app/layout.tsx [Server Component]

  Client Component SSR:
    ./components/Navbar/components/NavbarAccount/NavbarAccount.tsx [Client Component SSR]
    ./components/Navbar/Navbar.tsx [Client Component SSR]
    ./components/Navbar/Navbar.tsx [Server Component]
    ./app/layout.tsx [Server Component] @ http://localhost:3000/_next/static/chunks/node_modules_next_dist_1e8vcs8._.js:1052
[  317067ms] [ERROR] ./components/Navbar/components/NavbarAccount/NavbarAccount.tsx:4:1
Error: Export ROOT_CLASS_NAME doesn't exist in target module
  2 |
  3 | import { ACCOUNT_LABEL, AVATAR_INITIAL } from "./consts";
> 4 | import { LABEL_CLASS_NAME, ROOT_CLASS_NAME } from "./styles";
    | ^^^^^^^^^^^^^^^^^^^^^^^^^^^^^^^^^^^^^^^^^^^^^^^^^^^^^^^^^^^^
  5 |
  6 | export function NavbarAccount() {
  7 |   return (

The export ROOT_CLASS_NAME was not found in module [project]/components/Navbar/components/NavbarAccount/styles.ts [app-ssr] (ecmascript).
Did you mean to import POPOVER_CLASS_NAME?
All exports of the module are statically known (It doesn't have dynamic exports). So it's known statically that the requested export doesn't exist.

Import traces:
  Client Component Browser:
    ./components/Navbar/components/NavbarAccount/NavbarAccount.tsx [Client Component Browser]
    ./components/Navbar/Navbar.tsx [Client Component Browser]
    ./components/Navbar/Navbar.tsx [Server Component]
    ./app/layout.tsx [Server Component]

  Client Component SSR:
    ./components/Navbar/components/NavbarAccount/NavbarAccount.tsx [Client Component SSR]
    ./components/Navbar/Navbar.tsx [Client Component SSR]
    ./components/Navbar/Navbar.tsx [Server Component]
    ./app/layout.tsx [Server Component] @ http://localhost:3000/_next/static/chunks/node_modules_next_dist_1e8vcs8._.js:1052
[  317305ms] [LOG] [Fast Refresh] rebuilding @ http://localhost:3000/_next/static/chunks/node_modules_next_dist_1e8vcs8._.js:776
[  317456ms] [ERROR] ./components/Navbar/components/NavbarAccount/NavbarAccount.tsx:4:1
Error: Module not found: Can't resolve './components/AccountMenuHeader'
  2 | import { Avatar, Button, Dropdown, Separator } from "@heroui/react";
  3 |
> 4 | import { AccountMenuHeader } from "./components/AccountMenuHeader";
    | ^^^^^^^^^^^^^^^^^^^^^^^^^^^^^^^^^^^^^^^^^^^^^^^^^^^^^^^^^^^^^^^^^^
  5 | import { AccountMenuItem } from "./components/AccountMenuItem";
  6 | import { AccountMenuPlan } from "./components/AccountMenuPlan";
  7 | import {

Import traces:
  Client Component Browser:
    ./components/Navbar/components/NavbarAccount/NavbarAccount.tsx [Client Component Browser]
    ./components/Navbar/Navbar.tsx [Client Component Browser]
    ./components/Navbar/Navbar.tsx [Server Component]
    ./app/layout.tsx [Server Component]

  Client Component SSR:
    ./components/Navbar/components/NavbarAccount/NavbarAccount.tsx [Client Component SSR]
    ./components/Navbar/Navbar.tsx [Client Component SSR]
    ./components/Navbar/Navbar.tsx [Server Component]
    ./app/layout.tsx [Server Component]

https://nextjs.org/docs/messages/module-not-found @ http://localhost:3000/_next/static/chunks/node_modules_next_dist_1e8vcs8._.js:1052
[  317456ms] [ERROR] ./components/Navbar/components/NavbarAccount/NavbarAccount.tsx:5:1
Error: Module not found: Can't resolve './components/AccountMenuItem'
  3 |
  4 | import { AccountMenuHeader } from "./components/AccountMenuHeader";
> 5 | import { AccountMenuItem } from "./components/AccountMenuItem";
    | ^^^^^^^^^^^^^^^^^^^^^^^^^^^^^^^^^^^^^^^^^^^^^^^^^^^^^^^^^^^^^^
  6 | import { AccountMenuPlan } from "./components/AccountMenuPlan";
  7 | import {
  8 |   ACCOUNT_LABEL,

Import traces:
  Client Component Browser:
    ./components/Navbar/components/NavbarAccount/NavbarAccount.tsx [Client Component Browser]
    ./components/Navbar/Navbar.tsx [Client Component Browser]
    ./components/Navbar/Navbar.tsx [Server Component]
    ./app/layout.tsx [Server Component]

  Client Component SSR:
    ./components/Navbar/components/NavbarAccount/NavbarAccount.tsx [Client Component SSR]
    ./components/Navbar/Navbar.tsx [Client Component SSR]
    ./components/Navbar/Navbar.tsx [Server Component]
    ./app/layout.tsx [Server Component]

https://nextjs.org/docs/messages/module-not-found @ http://localhost:3000/_next/static/chunks/node_modules_next_dist_1e8vcs8._.js:1052
[  317456ms] [ERROR] ./components/Navbar/components/NavbarAccount/NavbarAccount.tsx:6:1
Error: Module not found: Can't resolve './components/AccountMenuPlan'
  4 | import { AccountMenuHeader } from "./components/AccountMenuHeader";
  5 | import { AccountMenuItem } from "./components/AccountMenuItem";
> 6 | import { AccountMenuPlan } from "./components/AccountMenuPlan";
    | ^^^^^^^^^^^^^^^^^^^^^^^^^^^^^^^^^^^^^^^^^^^^^^^^^^^^^^^^^^^^^^
  7 | import {
  8 |   ACCOUNT_LABEL,
  9 |   ACCOUNT_MENU_ENTRIES,

Import traces:
  Client Component Browser:
    ./components/Navbar/components/NavbarAccount/NavbarAccount.tsx [Client Component Browser]
    ./components/Navbar/Navbar.tsx [Client Component Browser]
    ./components/Navbar/Navbar.tsx [Server Component]
    ./app/layout.tsx [Server Component]

  Client Component SSR:
    ./components/Navbar/components/NavbarAccount/NavbarAccount.tsx [Client Component SSR]
    ./components/Navbar/Navbar.tsx [Client Component SSR]
    ./components/Navbar/Navbar.tsx [Server Component]
    ./app/layout.tsx [Server Component]

https://nextjs.org/docs/messages/module-not-found @ http://localhost:3000/_next/static/chunks/node_modules_next_dist_1e8vcs8._.js:1052
[  317512ms] [ERROR] ./components/Navbar/components/NavbarAccount/NavbarAccount.tsx:4:1
Error: Module not found: Can't resolve './components/AccountMenuHeader'
  2 | import { Avatar, Button, Dropdown, Separator } from "@heroui/react";
  3 |
> 4 | import { AccountMenuHeader } from "./components/AccountMenuHeader";
    | ^^^^^^^^^^^^^^^^^^^^^^^^^^^^^^^^^^^^^^^^^^^^^^^^^^^^^^^^^^^^^^^^^^
  5 | import { AccountMenuItem } from "./components/AccountMenuItem";
  6 | import { AccountMenuPlan } from "./components/AccountMenuPlan";
  7 | import {

Import traces:
  Client Component Browser:
    ./components/Navbar/components/NavbarAccount/NavbarAccount.tsx [Client Component Browser]
    ./components/Navbar/Navbar.tsx [Client Component Browser]
    ./components/Navbar/Navbar.tsx [Server Component]
    ./app/layout.tsx [Server Component]

  Client Component SSR:
    ./components/Navbar/components/NavbarAccount/NavbarAccount.tsx [Client Component SSR]
    ./components/Navbar/Navbar.tsx [Client Component SSR]
    ./components/Navbar/Navbar.tsx [Server Component]
    ./app/layout.tsx [Server Component]

https://nextjs.org/docs/messages/module-not-found @ http://localhost:3000/_next/static/chunks/node_modules_next_dist_1e8vcs8._.js:1052
[  317512ms] [ERROR] ./components/Navbar/components/NavbarAccount/NavbarAccount.tsx:5:1
Error: Module not found: Can't resolve './components/AccountMenuItem'
  3 |
  4 | import { AccountMenuHeader } from "./components/AccountMenuHeader";
> 5 | import { AccountMenuItem } from "./components/AccountMenuItem";
    | ^^^^^^^^^^^^^^^^^^^^^^^^^^^^^^^^^^^^^^^^^^^^^^^^^^^^^^^^^^^^^^
  6 | import { AccountMenuPlan } from "./components/AccountMenuPlan";
  7 | import {
  8 |   ACCOUNT_LABEL,

Import traces:
  Client Component Browser:
    ./components/Navbar/components/NavbarAccount/NavbarAccount.tsx [Client Component Browser]
    ./components/Navbar/Navbar.tsx [Client Component Browser]
    ./components/Navbar/Navbar.tsx [Server Component]
    ./app/layout.tsx [Server Component]

  Client Component SSR:
    ./components/Navbar/components/NavbarAccount/NavbarAccount.tsx [Client Component SSR]
    ./components/Navbar/Navbar.tsx [Client Component SSR]
    ./components/Navbar/Navbar.tsx [Server Component]
    ./app/layout.tsx [Server Component]

https://nextjs.org/docs/messages/module-not-found @ http://localhost:3000/_next/static/chunks/node_modules_next_dist_1e8vcs8._.js:1052
[  317512ms] [ERROR] ./components/Navbar/components/NavbarAccount/NavbarAccount.tsx:6:1
Error: Module not found: Can't resolve './components/AccountMenuPlan'
  4 | import { AccountMenuHeader } from "./components/AccountMenuHeader";
  5 | import { AccountMenuItem } from "./components/AccountMenuItem";
> 6 | import { AccountMenuPlan } from "./components/AccountMenuPlan";
    | ^^^^^^^^^^^^^^^^^^^^^^^^^^^^^^^^^^^^^^^^^^^^^^^^^^^^^^^^^^^^^^
  7 | import {
  8 |   ACCOUNT_LABEL,
  9 |   ACCOUNT_MENU_ENTRIES,

Import traces:
  Client Component Browser:
    ./components/Navbar/components/NavbarAccount/NavbarAccount.tsx [Client Component Browser]
    ./components/Navbar/Navbar.tsx [Client Component Browser]
    ./components/Navbar/Navbar.tsx [Server Component]
    ./app/layout.tsx [Server Component]

  Client Component SSR:
    ./components/Navbar/components/NavbarAccount/NavbarAccount.tsx [Client Component SSR]
    ./components/Navbar/Navbar.tsx [Client Component SSR]
    ./components/Navbar/Navbar.tsx [Server Component]
    ./app/layout.tsx [Server Component]

https://nextjs.org/docs/messages/module-not-found @ http://localhost:3000/_next/static/chunks/node_modules_next_dist_1e8vcs8._.js:1052
[  317550ms] [ERROR] ./components/Navbar/components/NavbarAccount/NavbarAccount.tsx:4:1
Error: Module not found: Can't resolve './components/AccountMenuHeader'
  2 | import { Avatar, Button, Dropdown, Separator } from "@heroui/react";
  3 |
> 4 | import { AccountMenuHeader } from "./components/AccountMenuHeader";
    | ^^^^^^^^^^^^^^^^^^^^^^^^^^^^^^^^^^^^^^^^^^^^^^^^^^^^^^^^^^^^^^^^^^
  5 | import { AccountMenuItem } from "./components/AccountMenuItem";
  6 | import { AccountMenuPlan } from "./components/AccountMenuPlan";
  7 | import {

Import traces:
  Client Component Browser:
    ./components/Navbar/components/NavbarAccount/NavbarAccount.tsx [Client Component Browser]
    ./components/Navbar/Navbar.tsx [Client Component Browser]
    ./components/Navbar/Navbar.tsx [Server Component]
    ./app/layout.tsx [Server Component]

  Client Component SSR:
    ./components/Navbar/components/NavbarAccount/NavbarAccount.tsx [Client Component SSR]
    ./components/Navbar/Navbar.tsx [Client Component SSR]
    ./components/Navbar/Navbar.tsx [Server Component]
    ./app/layout.tsx [Server Component]

https://nextjs.org/docs/messages/module-not-found @ http://localhost:3000/_next/static/chunks/node_modules_next_dist_1e8vcs8._.js:1052
[  317550ms] [ERROR] ./components/Navbar/components/NavbarAccount/NavbarAccount.tsx:5:1
Error: Module not found: Can't resolve './components/AccountMenuItem'
  3 |
  4 | import { AccountMenuHeader } from "./components/AccountMenuHeader";
> 5 | import { AccountMenuItem } from "./components/AccountMenuItem";
    | ^^^^^^^^^^^^^^^^^^^^^^^^^^^^^^^^^^^^^^^^^^^^^^^^^^^^^^^^^^^^^^
  6 | import { AccountMenuPlan } from "./components/AccountMenuPlan";
  7 | import {
  8 |   ACCOUNT_LABEL,

Import traces:
  Client Component Browser:
    ./components/Navbar/components/NavbarAccount/NavbarAccount.tsx [Client Component Browser]
    ./components/Navbar/Navbar.tsx [Client Component Browser]
    ./components/Navbar/Navbar.tsx [Server Component]
    ./app/layout.tsx [Server Component]

  Client Component SSR:
    ./components/Navbar/components/NavbarAccount/NavbarAccount.tsx [Client Component SSR]
    ./components/Navbar/Navbar.tsx [Client Component SSR]
    ./components/Navbar/Navbar.tsx [Server Component]
    ./app/layout.tsx [Server Component]

https://nextjs.org/docs/messages/module-not-found @ http://localhost:3000/_next/static/chunks/node_modules_next_dist_1e8vcs8._.js:1052
[  317550ms] [ERROR] ./components/Navbar/components/NavbarAccount/NavbarAccount.tsx:6:1
Error: Module not found: Can't resolve './components/AccountMenuPlan'
  4 | import { AccountMenuHeader } from "./components/AccountMenuHeader";
  5 | import { AccountMenuItem } from "./components/AccountMenuItem";
> 6 | import { AccountMenuPlan } from "./components/AccountMenuPlan";
    | ^^^^^^^^^^^^^^^^^^^^^^^^^^^^^^^^^^^^^^^^^^^^^^^^^^^^^^^^^^^^^^
  7 | import {
  8 |   ACCOUNT_LABEL,
  9 |   ACCOUNT_MENU_ENTRIES,

Import traces:
  Client Component Browser:
    ./components/Navbar/components/NavbarAccount/NavbarAccount.tsx [Client Component Browser]
    ./components/Navbar/Navbar.tsx [Client Component Browser]
    ./components/Navbar/Navbar.tsx [Server Component]
    ./app/layout.tsx [Server Component]

  Client Component SSR:
    ./components/Navbar/components/NavbarAccount/NavbarAccount.tsx [Client Component SSR]
    ./components/Navbar/Navbar.tsx [Client Component SSR]
    ./components/Navbar/Navbar.tsx [Server Component]
    ./app/layout.tsx [Server Component]

https://nextjs.org/docs/messages/module-not-found @ http://localhost:3000/_next/static/chunks/node_modules_next_dist_1e8vcs8._.js:1052
[  317600ms] [ERROR] ./components/Navbar/components/NavbarAccount/NavbarAccount.tsx:4:1
Error: Module not found: Can't resolve './components/AccountMenuHeader'
  2 | import { Avatar, Button, Dropdown, Separator } from "@heroui/react";
  3 |
> 4 | import { AccountMenuHeader } from "./components/AccountMenuHeader";
    | ^^^^^^^^^^^^^^^^^^^^^^^^^^^^^^^^^^^^^^^^^^^^^^^^^^^^^^^^^^^^^^^^^^
  5 | import { AccountMenuItem } from "./components/AccountMenuItem";
  6 | import { AccountMenuPlan } from "./components/AccountMenuPlan";
  7 | import {

Import traces:
  Client Component Browser:
    ./components/Navbar/components/NavbarAccount/NavbarAccount.tsx [Client Component Browser]
    ./components/Navbar/Navbar.tsx [Client Component Browser]
    ./components/Navbar/Navbar.tsx [Server Component]
    ./app/layout.tsx [Server Component]

  Client Component SSR:
    ./components/Navbar/components/NavbarAccount/NavbarAccount.tsx [Client Component SSR]
    ./components/Navbar/Navbar.tsx [Client Component SSR]
    ./components/Navbar/Navbar.tsx [Server Component]
    ./app/layout.tsx [Server Component]

https://nextjs.org/docs/messages/module-not-found @ http://localhost:3000/_next/static/chunks/node_modules_next_dist_1e8vcs8._.js:1052
[  317600ms] [ERROR] ./components/Navbar/components/NavbarAccount/NavbarAccount.tsx:5:1
Error: Module not found: Can't resolve './components/AccountMenuItem'
  3 |
  4 | import { AccountMenuHeader } from "./components/AccountMenuHeader";
> 5 | import { AccountMenuItem } from "./components/AccountMenuItem";
    | ^^^^^^^^^^^^^^^^^^^^^^^^^^^^^^^^^^^^^^^^^^^^^^^^^^^^^^^^^^^^^^
  6 | import { AccountMenuPlan } from "./components/AccountMenuPlan";
  7 | import {
  8 |   ACCOUNT_LABEL,

Import traces:
  Client Component Browser:
    ./components/Navbar/components/NavbarAccount/NavbarAccount.tsx [Client Component Browser]
    ./components/Navbar/Navbar.tsx [Client Component Browser]
    ./components/Navbar/Navbar.tsx [Server Component]
    ./app/layout.tsx [Server Component]

  Client Component SSR:
    ./components/Navbar/components/NavbarAccount/NavbarAccount.tsx [Client Component SSR]
    ./components/Navbar/Navbar.tsx [Client Component SSR]
    ./components/Navbar/Navbar.tsx [Server Component]
    ./app/layout.tsx [Server Component]

https://nextjs.org/docs/messages/module-not-found @ http://localhost:3000/_next/static/chunks/node_modules_next_dist_1e8vcs8._.js:1052
[  317601ms] [ERROR] ./components/Navbar/components/NavbarAccount/NavbarAccount.tsx:6:1
Error: Module not found: Can't resolve './components/AccountMenuPlan'
  4 | import { AccountMenuHeader } from "./components/AccountMenuHeader";
  5 | import { AccountMenuItem } from "./components/AccountMenuItem";
> 6 | import { AccountMenuPlan } from "./components/AccountMenuPlan";
    | ^^^^^^^^^^^^^^^^^^^^^^^^^^^^^^^^^^^^^^^^^^^^^^^^^^^^^^^^^^^^^^
  7 | import {
  8 |   ACCOUNT_LABEL,
  9 |   ACCOUNT_MENU_ENTRIES,

Import traces:
  Client Component Browser:
    ./components/Navbar/components/NavbarAccount/NavbarAccount.tsx [Client Component Browser]
    ./components/Navbar/Navbar.tsx [Client Component Browser]
    ./components/Navbar/Navbar.tsx [Server Component]
    ./app/layout.tsx [Server Component]

  Client Component SSR:
    ./components/Navbar/components/NavbarAccount/NavbarAccount.tsx [Client Component SSR]
    ./components/Navbar/Navbar.tsx [Client Component SSR]
    ./components/Navbar/Navbar.tsx [Server Component]
    ./app/layout.tsx [Server Component]

https://nextjs.org/docs/messages/module-not-found @ http://localhost:3000/_next/static/chunks/node_modules_next_dist_1e8vcs8._.js:1052
[  317650ms] [ERROR] ./components/Navbar/components/NavbarAccount/NavbarAccount.tsx:4:1
Error: Module not found: Can't resolve './components/AccountMenuHeader'
  2 | import { Avatar, Button, Dropdown, Separator } from "@heroui/react";
  3 |
> 4 | import { AccountMenuHeader } from "./components/AccountMenuHeader";
    | ^^^^^^^^^^^^^^^^^^^^^^^^^^^^^^^^^^^^^^^^^^^^^^^^^^^^^^^^^^^^^^^^^^
  5 | import { AccountMenuItem } from "./components/AccountMenuItem";
  6 | import { AccountMenuPlan } from "./components/AccountMenuPlan";
  7 | import {

Import traces:
  Client Component Browser:
    ./components/Navbar/components/NavbarAccount/NavbarAccount.tsx [Client Component Browser]
    ./components/Navbar/Navbar.tsx [Client Component Browser]
    ./components/Navbar/Navbar.tsx [Server Component]
    ./app/layout.tsx [Server Component]

  Client Component SSR:
    ./components/Navbar/components/NavbarAccount/NavbarAccount.tsx [Client Component SSR]
    ./components/Navbar/Navbar.tsx [Client Component SSR]
    ./components/Navbar/Navbar.tsx [Server Component]
    ./app/layout.tsx [Server Component]

https://nextjs.org/docs/messages/module-not-found @ http://localhost:3000/_next/static/chunks/node_modules_next_dist_1e8vcs8._.js:1052
[  317650ms] [ERROR] ./components/Navbar/components/NavbarAccount/NavbarAccount.tsx:5:1
Error: Module not found: Can't resolve './components/AccountMenuItem'
  3 |
  4 | import { AccountMenuHeader } from "./components/AccountMenuHeader";
> 5 | import { AccountMenuItem } from "./components/AccountMenuItem";
    | ^^^^^^^^^^^^^^^^^^^^^^^^^^^^^^^^^^^^^^^^^^^^^^^^^^^^^^^^^^^^^^
  6 | import { AccountMenuPlan } from "./components/AccountMenuPlan";
  7 | import {
  8 |   ACCOUNT_LABEL,

Import traces:
  Client Component Browser:
    ./components/Navbar/components/NavbarAccount/NavbarAccount.tsx [Client Component Browser]
    ./components/Navbar/Navbar.tsx [Client Component Browser]
    ./components/Navbar/Navbar.tsx [Server Component]
    ./app/layout.tsx [Server Component]

  Client Component SSR:
    ./components/Navbar/components/NavbarAccount/NavbarAccount.tsx [Client Component SSR]
    ./components/Navbar/Navbar.tsx [Client Component SSR]
    ./components/Navbar/Navbar.tsx [Server Component]
    ./app/layout.tsx [Server Component]

https://nextjs.org/docs/messages/module-not-found @ http://localhost:3000/_next/static/chunks/node_modules_next_dist_1e8vcs8._.js:1052
[  317650ms] [ERROR] ./components/Navbar/components/NavbarAccount/NavbarAccount.tsx:6:1
Error: Module not found: Can't resolve './components/AccountMenuPlan'
  4 | import { AccountMenuHeader } from "./components/AccountMenuHeader";
  5 | import { AccountMenuItem } from "./components/AccountMenuItem";
> 6 | import { AccountMenuPlan } from "./components/AccountMenuPlan";
    | ^^^^^^^^^^^^^^^^^^^^^^^^^^^^^^^^^^^^^^^^^^^^^^^^^^^^^^^^^^^^^^
  7 | import {
  8 |   ACCOUNT_LABEL,
  9 |   ACCOUNT_MENU_ENTRIES,

Import traces:
  Client Component Browser:
    ./components/Navbar/components/NavbarAccount/NavbarAccount.tsx [Client Component Browser]
    ./components/Navbar/Navbar.tsx [Client Component Browser]
    ./components/Navbar/Navbar.tsx [Server Component]
    ./app/layout.tsx [Server Component]

  Client Component SSR:
    ./components/Navbar/components/NavbarAccount/NavbarAccount.tsx [Client Component SSR]
    ./components/Navbar/Navbar.tsx [Client Component SSR]
    ./components/Navbar/Navbar.tsx [Server Component]
    ./app/layout.tsx [Server Component]

https://nextjs.org/docs/messages/module-not-found @ http://localhost:3000/_next/static/chunks/node_modules_next_dist_1e8vcs8._.js:1052
[  317701ms] [ERROR] ./components/Navbar/components/NavbarAccount/NavbarAccount.tsx:4:1
Error: Module not found: Can't resolve './components/AccountMenuHeader'
  2 | import { Avatar, Button, Dropdown, Separator } from "@heroui/react";
  3 |
> 4 | import { AccountMenuHeader } from "./components/AccountMenuHeader";
    | ^^^^^^^^^^^^^^^^^^^^^^^^^^^^^^^^^^^^^^^^^^^^^^^^^^^^^^^^^^^^^^^^^^
  5 | import { AccountMenuItem } from "./components/AccountMenuItem";
  6 | import { AccountMenuPlan } from "./components/AccountMenuPlan";
  7 | import {

Import traces:
  Client Component Browser:
    ./components/Navbar/components/NavbarAccount/NavbarAccount.tsx [Client Component Browser]
    ./components/Navbar/Navbar.tsx [Client Component Browser]
    ./components/Navbar/Navbar.tsx [Server Component]
    ./app/layout.tsx [Server Component]

  Client Component SSR:
    ./components/Navbar/components/NavbarAccount/NavbarAccount.tsx [Client Component SSR]
    ./components/Navbar/Navbar.tsx [Client Component SSR]
    ./components/Navbar/Navbar.tsx [Server Component]
    ./app/layout.tsx [Server Component]

https://nextjs.org/docs/messages/module-not-found @ http://localhost:3000/_next/static/chunks/node_modules_next_dist_1e8vcs8._.js:1052
[  317701ms] [ERROR] ./components/Navbar/components/NavbarAccount/NavbarAccount.tsx:5:1
Error: Module not found: Can't resolve './components/AccountMenuItem'
  3 |
  4 | import { AccountMenuHeader } from "./components/AccountMenuHeader";
> 5 | import { AccountMenuItem } from "./components/AccountMenuItem";
    | ^^^^^^^^^^^^^^^^^^^^^^^^^^^^^^^^^^^^^^^^^^^^^^^^^^^^^^^^^^^^^^
  6 | import { AccountMenuPlan } from "./components/AccountMenuPlan";
  7 | import {
  8 |   ACCOUNT_LABEL,

Import traces:
  Client Component Browser:
    ./components/Navbar/components/NavbarAccount/NavbarAccount.tsx [Client Component Browser]
    ./components/Navbar/Navbar.tsx [Client Component Browser]
    ./components/Navbar/Navbar.tsx [Server Component]
    ./app/layout.tsx [Server Component]

  Client Component SSR:
    ./components/Navbar/components/NavbarAccount/NavbarAccount.tsx [Client Component SSR]
    ./components/Navbar/Navbar.tsx [Client Component SSR]
    ./components/Navbar/Navbar.tsx [Server Component]
    ./app/layout.tsx [Server Component]

https://nextjs.org/docs/messages/module-not-found @ http://localhost:3000/_next/static/chunks/node_modules_next_dist_1e8vcs8._.js:1052
[  317701ms] [ERROR] ./components/Navbar/components/NavbarAccount/NavbarAccount.tsx:6:1
Error: Module not found: Can't resolve './components/AccountMenuPlan'
  4 | import { AccountMenuHeader } from "./components/AccountMenuHeader";
  5 | import { AccountMenuItem } from "./components/AccountMenuItem";
> 6 | import { AccountMenuPlan } from "./components/AccountMenuPlan";
    | ^^^^^^^^^^^^^^^^^^^^^^^^^^^^^^^^^^^^^^^^^^^^^^^^^^^^^^^^^^^^^^
  7 | import {
  8 |   ACCOUNT_LABEL,
  9 |   ACCOUNT_MENU_ENTRIES,

Import traces:
  Client Component Browser:
    ./components/Navbar/components/NavbarAccount/NavbarAccount.tsx [Client Component Browser]
    ./components/Navbar/Navbar.tsx [Client Component Browser]
    ./components/Navbar/Navbar.tsx [Server Component]
    ./app/layout.tsx [Server Component]

  Client Component SSR:
    ./components/Navbar/components/NavbarAccount/NavbarAccount.tsx [Client Component SSR]
    ./components/Navbar/Navbar.tsx [Client Component SSR]
    ./components/Navbar/Navbar.tsx [Server Component]
    ./app/layout.tsx [Server Component]

https://nextjs.org/docs/messages/module-not-found @ http://localhost:3000/_next/static/chunks/node_modules_next_dist_1e8vcs8._.js:1052
[  317765ms] [ERROR] ./components/Navbar/components/NavbarAccount/NavbarAccount.tsx:4:1
Error: Module not found: Can't resolve './components/AccountMenuHeader'
  2 | import { Avatar, Button, Dropdown, Separator } from "@heroui/react";
  3 |
> 4 | import { AccountMenuHeader } from "./components/AccountMenuHeader";
    | ^^^^^^^^^^^^^^^^^^^^^^^^^^^^^^^^^^^^^^^^^^^^^^^^^^^^^^^^^^^^^^^^^^
  5 | import { AccountMenuItem } from "./components/AccountMenuItem";
  6 | import { AccountMenuPlan } from "./components/AccountMenuPlan";
  7 | import {

Import traces:
  Client Component Browser:
    ./components/Navbar/components/NavbarAccount/NavbarAccount.tsx [Client Component Browser]
    ./components/Navbar/Navbar.tsx [Client Component Browser]
    ./components/Navbar/Navbar.tsx [Server Component]
    ./app/layout.tsx [Server Component]

  Client Component SSR:
    ./components/Navbar/components/NavbarAccount/NavbarAccount.tsx [Client Component SSR]
    ./components/Navbar/Navbar.tsx [Client Component SSR]
    ./components/Navbar/Navbar.tsx [Server Component]
    ./app/layout.tsx [Server Component]

https://nextjs.org/docs/messages/module-not-found @ http://localhost:3000/_next/static/chunks/node_modules_next_dist_1e8vcs8._.js:1052
[  317765ms] [ERROR] ./components/Navbar/components/NavbarAccount/NavbarAccount.tsx:5:1
Error: Module not found: Can't resolve './components/AccountMenuItem'
  3 |
  4 | import { AccountMenuHeader } from "./components/AccountMenuHeader";
> 5 | import { AccountMenuItem } from "./components/AccountMenuItem";
    | ^^^^^^^^^^^^^^^^^^^^^^^^^^^^^^^^^^^^^^^^^^^^^^^^^^^^^^^^^^^^^^
  6 | import { AccountMenuPlan } from "./components/AccountMenuPlan";
  7 | import {
  8 |   ACCOUNT_LABEL,

Import traces:
  Client Component Browser:
    ./components/Navbar/components/NavbarAccount/NavbarAccount.tsx [Client Component Browser]
    ./components/Navbar/Navbar.tsx [Client Component Browser]
    ./components/Navbar/Navbar.tsx [Server Component]
    ./app/layout.tsx [Server Component]

  Client Component SSR:
    ./components/Navbar/components/NavbarAccount/NavbarAccount.tsx [Client Component SSR]
    ./components/Navbar/Navbar.tsx [Client Component SSR]
    ./components/Navbar/Navbar.tsx [Server Component]
    ./app/layout.tsx [Server Component]

https://nextjs.org/docs/messages/module-not-found @ http://localhost:3000/_next/static/chunks/node_modules_next_dist_1e8vcs8._.js:1052
[  317765ms] [ERROR] ./components/Navbar/components/NavbarAccount/NavbarAccount.tsx:6:1
Error: Module not found: Can't resolve './components/AccountMenuPlan'
  4 | import { AccountMenuHeader } from "./components/AccountMenuHeader";
  5 | import { AccountMenuItem } from "./components/AccountMenuItem";
> 6 | import { AccountMenuPlan } from "./components/AccountMenuPlan";
    | ^^^^^^^^^^^^^^^^^^^^^^^^^^^^^^^^^^^^^^^^^^^^^^^^^^^^^^^^^^^^^^
  7 | import {
  8 |   ACCOUNT_LABEL,
  9 |   ACCOUNT_MENU_ENTRIES,

Import traces:
  Client Component Browser:
    ./components/Navbar/components/NavbarAccount/NavbarAccount.tsx [Client Component Browser]
    ./components/Navbar/Navbar.tsx [Client Component Browser]
    ./components/Navbar/Navbar.tsx [Server Component]
    ./app/layout.tsx [Server Component]

  Client Component SSR:
    ./components/Navbar/components/NavbarAccount/NavbarAccount.tsx [Client Component SSR]
    ./components/Navbar/Navbar.tsx [Client Component SSR]
    ./components/Navbar/Navbar.tsx [Server Component]
    ./app/layout.tsx [Server Component]

https://nextjs.org/docs/messages/module-not-found @ http://localhost:3000/_next/static/chunks/node_modules_next_dist_1e8vcs8._.js:1052
[  317816ms] [ERROR] ./components/Navbar/components/NavbarAccount/NavbarAccount.tsx:4:1
Error: Module not found: Can't resolve './components/AccountMenuHeader'
  2 | import { Avatar, Button, Dropdown, Separator } from "@heroui/react";
  3 |
> 4 | import { AccountMenuHeader } from "./components/AccountMenuHeader";
    | ^^^^^^^^^^^^^^^^^^^^^^^^^^^^^^^^^^^^^^^^^^^^^^^^^^^^^^^^^^^^^^^^^^
  5 | import { AccountMenuItem } from "./components/AccountMenuItem";
  6 | import { AccountMenuPlan } from "./components/AccountMenuPlan";
  7 | import {

Import traces:
  Client Component Browser:
    ./components/Navbar/components/NavbarAccount/NavbarAccount.tsx [Client Component Browser]
    ./components/Navbar/Navbar.tsx [Client Component Browser]
    ./components/Navbar/Navbar.tsx [Server Component]
    ./app/layout.tsx [Server Component]

  Client Component SSR:
    ./components/Navbar/components/NavbarAccount/NavbarAccount.tsx [Client Component SSR]
    ./components/Navbar/Navbar.tsx [Client Component SSR]
    ./components/Navbar/Navbar.tsx [Server Component]
    ./app/layout.tsx [Server Component]

https://nextjs.org/docs/messages/module-not-found @ http://localhost:3000/_next/static/chunks/node_modules_next_dist_1e8vcs8._.js:1052
[  317816ms] [ERROR] ./components/Navbar/components/NavbarAccount/NavbarAccount.tsx:5:1
Error: Module not found: Can't resolve './components/AccountMenuItem'
  3 |
  4 | import { AccountMenuHeader } from "./components/AccountMenuHeader";
> 5 | import { AccountMenuItem } from "./components/AccountMenuItem";
    | ^^^^^^^^^^^^^^^^^^^^^^^^^^^^^^^^^^^^^^^^^^^^^^^^^^^^^^^^^^^^^^
  6 | import { AccountMenuPlan } from "./components/AccountMenuPlan";
  7 | import {
  8 |   ACCOUNT_LABEL,

Import traces:
  Client Component Browser:
    ./components/Navbar/components/NavbarAccount/NavbarAccount.tsx [Client Component Browser]
    ./components/Navbar/Navbar.tsx [Client Component Browser]
    ./components/Navbar/Navbar.tsx [Server Component]
    ./app/layout.tsx [Server Component]

  Client Component SSR:
    ./components/Navbar/components/NavbarAccount/NavbarAccount.tsx [Client Component SSR]
    ./components/Navbar/Navbar.tsx [Client Component SSR]
    ./components/Navbar/Navbar.tsx [Server Component]
    ./app/layout.tsx [Server Component]

https://nextjs.org/docs/messages/module-not-found @ http://localhost:3000/_next/static/chunks/node_modules_next_dist_1e8vcs8._.js:1052
[  317816ms] [ERROR] ./components/Navbar/components/NavbarAccount/NavbarAccount.tsx:6:1
Error: Module not found: Can't resolve './components/AccountMenuPlan'
  4 | import { AccountMenuHeader } from "./components/AccountMenuHeader";
  5 | import { AccountMenuItem } from "./components/AccountMenuItem";
> 6 | import { AccountMenuPlan } from "./components/AccountMenuPlan";
    | ^^^^^^^^^^^^^^^^^^^^^^^^^^^^^^^^^^^^^^^^^^^^^^^^^^^^^^^^^^^^^^
  7 | import {
  8 |   ACCOUNT_LABEL,
  9 |   ACCOUNT_MENU_ENTRIES,

Import traces:
  Client Component Browser:
    ./components/Navbar/components/NavbarAccount/NavbarAccount.tsx [Client Component Browser]
    ./components/Navbar/Navbar.tsx [Client Component Browser]
    ./components/Navbar/Navbar.tsx [Server Component]
    ./app/layout.tsx [Server Component]

  Client Component SSR:
    ./components/Navbar/components/NavbarAccount/NavbarAccount.tsx [Client Component SSR]
    ./components/Navbar/Navbar.tsx [Client Component SSR]
    ./components/Navbar/Navbar.tsx [Server Component]
    ./app/layout.tsx [Server Component]

https://nextjs.org/docs/messages/module-not-found @ http://localhost:3000/_next/static/chunks/node_modules_next_dist_1e8vcs8._.js:1052
[  317882ms] [ERROR] ./components/Navbar/components/NavbarAccount/NavbarAccount.tsx:4:1
Error: Module not found: Can't resolve './components/AccountMenuHeader'
  2 | import { Avatar, Button, Dropdown, Separator } from "@heroui/react";
  3 |
> 4 | import { AccountMenuHeader } from "./components/AccountMenuHeader";
    | ^^^^^^^^^^^^^^^^^^^^^^^^^^^^^^^^^^^^^^^^^^^^^^^^^^^^^^^^^^^^^^^^^^
  5 | import { AccountMenuItem } from "./components/AccountMenuItem";
  6 | import { AccountMenuPlan } from "./components/AccountMenuPlan";
  7 | import {

Import traces:
  Client Component Browser:
    ./components/Navbar/components/NavbarAccount/NavbarAccount.tsx [Client Component Browser]
    ./components/Navbar/Navbar.tsx [Client Component Browser]
    ./components/Navbar/Navbar.tsx [Server Component]
    ./app/layout.tsx [Server Component]

  Client Component SSR:
    ./components/Navbar/components/NavbarAccount/NavbarAccount.tsx [Client Component SSR]
    ./components/Navbar/Navbar.tsx [Client Component SSR]
    ./components/Navbar/Navbar.tsx [Server Component]
    ./app/layout.tsx [Server Component]

https://nextjs.org/docs/messages/module-not-found @ http://localhost:3000/_next/static/chunks/node_modules_next_dist_1e8vcs8._.js:1052
[  317882ms] [ERROR] ./components/Navbar/components/NavbarAccount/NavbarAccount.tsx:5:1
Error: Module not found: Can't resolve './components/AccountMenuItem'
  3 |
  4 | import { AccountMenuHeader } from "./components/AccountMenuHeader";
> 5 | import { AccountMenuItem } from "./components/AccountMenuItem";
    | ^^^^^^^^^^^^^^^^^^^^^^^^^^^^^^^^^^^^^^^^^^^^^^^^^^^^^^^^^^^^^^
  6 | import { AccountMenuPlan } from "./components/AccountMenuPlan";
  7 | import {
  8 |   ACCOUNT_LABEL,

Import traces:
  Client Component Browser:
    ./components/Navbar/components/NavbarAccount/NavbarAccount.tsx [Client Component Browser]
    ./components/Navbar/Navbar.tsx [Client Component Browser]
    ./components/Navbar/Navbar.tsx [Server Component]
    ./app/layout.tsx [Server Component]

  Client Component SSR:
    ./components/Navbar/components/NavbarAccount/NavbarAccount.tsx [Client Component SSR]
    ./components/Navbar/Navbar.tsx [Client Component SSR]
    ./components/Navbar/Navbar.tsx [Server Component]
    ./app/layout.tsx [Server Component]

https://nextjs.org/docs/messages/module-not-found @ http://localhost:3000/_next/static/chunks/node_modules_next_dist_1e8vcs8._.js:1052
[  317882ms] [ERROR] ./components/Navbar/components/NavbarAccount/NavbarAccount.tsx:6:1
Error: Module not found: Can't resolve './components/AccountMenuPlan'
  4 | import { AccountMenuHeader } from "./components/AccountMenuHeader";
  5 | import { AccountMenuItem } from "./components/AccountMenuItem";
> 6 | import { AccountMenuPlan } from "./components/AccountMenuPlan";
    | ^^^^^^^^^^^^^^^^^^^^^^^^^^^^^^^^^^^^^^^^^^^^^^^^^^^^^^^^^^^^^^
  7 | import {
  8 |   ACCOUNT_LABEL,
  9 |   ACCOUNT_MENU_ENTRIES,

Import traces:
  Client Component Browser:
    ./components/Navbar/components/NavbarAccount/NavbarAccount.tsx [Client Component Browser]
    ./components/Navbar/Navbar.tsx [Client Component Browser]
    ./components/Navbar/Navbar.tsx [Server Component]
    ./app/layout.tsx [Server Component]

  Client Component SSR:
    ./components/Navbar/components/NavbarAccount/NavbarAccount.tsx [Client Component SSR]
    ./components/Navbar/Navbar.tsx [Client Component SSR]
    ./components/Navbar/Navbar.tsx [Server Component]
    ./app/layout.tsx [Server Component]

https://nextjs.org/docs/messages/module-not-found @ http://localhost:3000/_next/static/chunks/node_modules_next_dist_1e8vcs8._.js:1052
[  317935ms] [ERROR] ./components/Navbar/components/NavbarAccount/NavbarAccount.tsx:4:1
Error: Module not found: Can't resolve './components/AccountMenuHeader'
  2 | import { Avatar, Button, Dropdown, Separator } from "@heroui/react";
  3 |
> 4 | import { AccountMenuHeader } from "./components/AccountMenuHeader";
    | ^^^^^^^^^^^^^^^^^^^^^^^^^^^^^^^^^^^^^^^^^^^^^^^^^^^^^^^^^^^^^^^^^^
  5 | import { AccountMenuItem } from "./components/AccountMenuItem";
  6 | import { AccountMenuPlan } from "./components/AccountMenuPlan";
  7 | import {

Import traces:
  Client Component Browser:
    ./components/Navbar/components/NavbarAccount/NavbarAccount.tsx [Client Component Browser]
    ./components/Navbar/Navbar.tsx [Client Component Browser]
    ./components/Navbar/Navbar.tsx [Server Component]
    ./app/layout.tsx [Server Component]

  Client Component SSR:
    ./components/Navbar/components/NavbarAccount/NavbarAccount.tsx [Client Component SSR]
    ./components/Navbar/Navbar.tsx [Client Component SSR]
    ./components/Navbar/Navbar.tsx [Server Component]
    ./app/layout.tsx [Server Component]

https://nextjs.org/docs/messages/module-not-found @ http://localhost:3000/_next/static/chunks/node_modules_next_dist_1e8vcs8._.js:1052
[  317935ms] [ERROR] ./components/Navbar/components/NavbarAccount/NavbarAccount.tsx:5:1
Error: Module not found: Can't resolve './components/AccountMenuItem'
  3 |
  4 | import { AccountMenuHeader } from "./components/AccountMenuHeader";
> 5 | import { AccountMenuItem } from "./components/AccountMenuItem";
    | ^^^^^^^^^^^^^^^^^^^^^^^^^^^^^^^^^^^^^^^^^^^^^^^^^^^^^^^^^^^^^^
  6 | import { AccountMenuPlan } from "./components/AccountMenuPlan";
  7 | import {
  8 |   ACCOUNT_LABEL,

Import traces:
  Client Component Browser:
    ./components/Navbar/components/NavbarAccount/NavbarAccount.tsx [Client Component Browser]
    ./components/Navbar/Navbar.tsx [Client Component Browser]
    ./components/Navbar/Navbar.tsx [Server Component]
    ./app/layout.tsx [Server Component]

  Client Component SSR:
    ./components/Navbar/components/NavbarAccount/NavbarAccount.tsx [Client Component SSR]
    ./components/Navbar/Navbar.tsx [Client Component SSR]
    ./components/Navbar/Navbar.tsx [Server Component]
    ./app/layout.tsx [Server Component]

https://nextjs.org/docs/messages/module-not-found @ http://localhost:3000/_next/static/chunks/node_modules_next_dist_1e8vcs8._.js:1052
[  317935ms] [ERROR] ./components/Navbar/components/NavbarAccount/NavbarAccount.tsx:6:1
Error: Module not found: Can't resolve './components/AccountMenuPlan'
  4 | import { AccountMenuHeader } from "./components/AccountMenuHeader";
  5 | import { AccountMenuItem } from "./components/AccountMenuItem";
> 6 | import { AccountMenuPlan } from "./components/AccountMenuPlan";
    | ^^^^^^^^^^^^^^^^^^^^^^^^^^^^^^^^^^^^^^^^^^^^^^^^^^^^^^^^^^^^^^
  7 | import {
  8 |   ACCOUNT_LABEL,
  9 |   ACCOUNT_MENU_ENTRIES,

Import traces:
  Client Component Browser:
    ./components/Navbar/components/NavbarAccount/NavbarAccount.tsx [Client Component Browser]
    ./components/Navbar/Navbar.tsx [Client Component Browser]
    ./components/Navbar/Navbar.tsx [Server Component]
    ./app/layout.tsx [Server Component]

  Client Component SSR:
    ./components/Navbar/components/NavbarAccount/NavbarAccount.tsx [Client Component SSR]
    ./components/Navbar/Navbar.tsx [Client Component SSR]
    ./components/Navbar/Navbar.tsx [Server Component]
    ./app/layout.tsx [Server Component]

https://nextjs.org/docs/messages/module-not-found @ http://localhost:3000/_next/static/chunks/node_modules_next_dist_1e8vcs8._.js:1052
[  317997ms] [ERROR] ./components/Navbar/components/NavbarAccount/NavbarAccount.tsx:4:1
Error: Module not found: Can't resolve './components/AccountMenuHeader'
  2 | import { Avatar, Button, Dropdown, Separator } from "@heroui/react";
  3 |
> 4 | import { AccountMenuHeader } from "./components/AccountMenuHeader";
    | ^^^^^^^^^^^^^^^^^^^^^^^^^^^^^^^^^^^^^^^^^^^^^^^^^^^^^^^^^^^^^^^^^^
  5 | import { AccountMenuItem } from "./components/AccountMenuItem";
  6 | import { AccountMenuPlan } from "./components/AccountMenuPlan";
  7 | import {

Import traces:
  Client Component Browser:
    ./components/Navbar/components/NavbarAccount/NavbarAccount.tsx [Client Component Browser]
    ./components/Navbar/Navbar.tsx [Client Component Browser]
    ./components/Navbar/Navbar.tsx [Server Component]
    ./app/layout.tsx [Server Component]

  Client Component SSR:
    ./components/Navbar/components/NavbarAccount/NavbarAccount.tsx [Client Component SSR]
    ./components/Navbar/Navbar.tsx [Client Component SSR]
    ./components/Navbar/Navbar.tsx [Server Component]
    ./app/layout.tsx [Server Component]

https://nextjs.org/docs/messages/module-not-found @ http://localhost:3000/_next/static/chunks/node_modules_next_dist_1e8vcs8._.js:1052
[  317997ms] [ERROR] ./components/Navbar/components/NavbarAccount/NavbarAccount.tsx:5:1
Error: Module not found: Can't resolve './components/AccountMenuItem'
  3 |
  4 | import { AccountMenuHeader } from "./components/AccountMenuHeader";
> 5 | import { AccountMenuItem } from "./components/AccountMenuItem";
    | ^^^^^^^^^^^^^^^^^^^^^^^^^^^^^^^^^^^^^^^^^^^^^^^^^^^^^^^^^^^^^^
  6 | import { AccountMenuPlan } from "./components/AccountMenuPlan";
  7 | import {
  8 |   ACCOUNT_LABEL,

Import traces:
  Client Component Browser:
    ./components/Navbar/components/NavbarAccount/NavbarAccount.tsx [Client Component Browser]
    ./components/Navbar/Navbar.tsx [Client Component Browser]
    ./components/Navbar/Navbar.tsx [Server Component]
    ./app/layout.tsx [Server Component]

  Client Component SSR:
    ./components/Navbar/components/NavbarAccount/NavbarAccount.tsx [Client Component SSR]
    ./components/Navbar/Navbar.tsx [Client Component SSR]
    ./components/Navbar/Navbar.tsx [Server Component]
    ./app/layout.tsx [Server Component]

https://nextjs.org/docs/messages/module-not-found @ http://localhost:3000/_next/static/chunks/node_modules_next_dist_1e8vcs8._.js:1052
[  317997ms] [ERROR] ./components/Navbar/components/NavbarAccount/NavbarAccount.tsx:6:1
Error: Module not found: Can't resolve './components/AccountMenuPlan'
  4 | import { AccountMenuHeader } from "./components/AccountMenuHeader";
  5 | import { AccountMenuItem } from "./components/AccountMenuItem";
> 6 | import { AccountMenuPlan } from "./components/AccountMenuPlan";
    | ^^^^^^^^^^^^^^^^^^^^^^^^^^^^^^^^^^^^^^^^^^^^^^^^^^^^^^^^^^^^^^
  7 | import {
  8 |   ACCOUNT_LABEL,
  9 |   ACCOUNT_MENU_ENTRIES,

Import traces:
  Client Component Browser:
    ./components/Navbar/components/NavbarAccount/NavbarAccount.tsx [Client Component Browser]
    ./components/Navbar/Navbar.tsx [Client Component Browser]
    ./components/Navbar/Navbar.tsx [Server Component]
    ./app/layout.tsx [Server Component]

  Client Component SSR:
    ./components/Navbar/components/NavbarAccount/NavbarAccount.tsx [Client Component SSR]
    ./components/Navbar/Navbar.tsx [Client Component SSR]
    ./components/Navbar/Navbar.tsx [Server Component]
    ./app/layout.tsx [Server Component]

https://nextjs.org/docs/messages/module-not-found @ http://localhost:3000/_next/static/chunks/node_modules_next_dist_1e8vcs8._.js:1052
[  318049ms] [ERROR] ./components/Navbar/components/NavbarAccount/NavbarAccount.tsx:4:1
Error: Module not found: Can't resolve './components/AccountMenuHeader'
  2 | import { Avatar, Button, Dropdown, Separator } from "@heroui/react";
  3 |
> 4 | import { AccountMenuHeader } from "./components/AccountMenuHeader";
    | ^^^^^^^^^^^^^^^^^^^^^^^^^^^^^^^^^^^^^^^^^^^^^^^^^^^^^^^^^^^^^^^^^^
  5 | import { AccountMenuItem } from "./components/AccountMenuItem";
  6 | import { AccountMenuPlan } from "./components/AccountMenuPlan";
  7 | import {

Import traces:
  Client Component Browser:
    ./components/Navbar/components/NavbarAccount/NavbarAccount.tsx [Client Component Browser]
    ./components/Navbar/Navbar.tsx [Client Component Browser]
    ./components/Navbar/Navbar.tsx [Server Component]
    ./app/layout.tsx [Server Component]

  Client Component SSR:
    ./components/Navbar/components/NavbarAccount/NavbarAccount.tsx [Client Component SSR]
    ./components/Navbar/Navbar.tsx [Client Component SSR]
    ./components/Navbar/Navbar.tsx [Server Component]
    ./app/layout.tsx [Server Component]

https://nextjs.org/docs/messages/module-not-found @ http://localhost:3000/_next/static/chunks/node_modules_next_dist_1e8vcs8._.js:1052
[  318050ms] [ERROR] ./components/Navbar/components/NavbarAccount/NavbarAccount.tsx:5:1
Error: Module not found: Can't resolve './components/AccountMenuItem'
  3 |
  4 | import { AccountMenuHeader } from "./components/AccountMenuHeader";
> 5 | import { AccountMenuItem } from "./components/AccountMenuItem";
    | ^^^^^^^^^^^^^^^^^^^^^^^^^^^^^^^^^^^^^^^^^^^^^^^^^^^^^^^^^^^^^^
  6 | import { AccountMenuPlan } from "./components/AccountMenuPlan";
  7 | import {
  8 |   ACCOUNT_LABEL,

Import traces:
  Client Component Browser:
    ./components/Navbar/components/NavbarAccount/NavbarAccount.tsx [Client Component Browser]
    ./components/Navbar/Navbar.tsx [Client Component Browser]
    ./components/Navbar/Navbar.tsx [Server Component]
    ./app/layout.tsx [Server Component]

  Client Component SSR:
    ./components/Navbar/components/NavbarAccount/NavbarAccount.tsx [Client Component SSR]
    ./components/Navbar/Navbar.tsx [Client Component SSR]
    ./components/Navbar/Navbar.tsx [Server Component]
    ./app/layout.tsx [Server Component]

https://nextjs.org/docs/messages/module-not-found @ http://localhost:3000/_next/static/chunks/node_modules_next_dist_1e8vcs8._.js:1052
[  318050ms] [ERROR] ./components/Navbar/components/NavbarAccount/NavbarAccount.tsx:6:1
Error: Module not found: Can't resolve './components/AccountMenuPlan'
  4 | import { AccountMenuHeader } from "./components/AccountMenuHeader";
  5 | import { AccountMenuItem } from "./components/AccountMenuItem";
> 6 | import { AccountMenuPlan } from "./components/AccountMenuPlan";
    | ^^^^^^^^^^^^^^^^^^^^^^^^^^^^^^^^^^^^^^^^^^^^^^^^^^^^^^^^^^^^^^
  7 | import {
  8 |   ACCOUNT_LABEL,
  9 |   ACCOUNT_MENU_ENTRIES,

Import traces:
  Client Component Browser:
    ./components/Navbar/components/NavbarAccount/NavbarAccount.tsx [Client Component Browser]
    ./components/Navbar/Navbar.tsx [Client Component Browser]
    ./components/Navbar/Navbar.tsx [Server Component]
    ./app/layout.tsx [Server Component]

  Client Component SSR:
    ./components/Navbar/components/NavbarAccount/NavbarAccount.tsx [Client Component SSR]
    ./components/Navbar/Navbar.tsx [Client Component SSR]
    ./components/Navbar/Navbar.tsx [Server Component]
    ./app/layout.tsx [Server Component]

https://nextjs.org/docs/messages/module-not-found @ http://localhost:3000/_next/static/chunks/node_modules_next_dist_1e8vcs8._.js:1052
[  318115ms] [ERROR] ./components/Navbar/components/NavbarAccount/NavbarAccount.tsx:4:1
Error: Module not found: Can't resolve './components/AccountMenuHeader'
  2 | import { Avatar, Button, Dropdown, Separator } from "@heroui/react";
  3 |
> 4 | import { AccountMenuHeader } from "./components/AccountMenuHeader";
    | ^^^^^^^^^^^^^^^^^^^^^^^^^^^^^^^^^^^^^^^^^^^^^^^^^^^^^^^^^^^^^^^^^^
  5 | import { AccountMenuItem } from "./components/AccountMenuItem";
  6 | import { AccountMenuPlan } from "./components/AccountMenuPlan";
  7 | import {

Import traces:
  Client Component Browser:
    ./components/Navbar/components/NavbarAccount/NavbarAccount.tsx [Client Component Browser]
    ./components/Navbar/Navbar.tsx [Client Component Browser]
    ./components/Navbar/Navbar.tsx [Server Component]
    ./app/layout.tsx [Server Component]

  Client Component SSR:
    ./components/Navbar/components/NavbarAccount/NavbarAccount.tsx [Client Component SSR]
    ./components/Navbar/Navbar.tsx [Client Component SSR]
    ./components/Navbar/Navbar.tsx [Server Component]
    ./app/layout.tsx [Server Component]

https://nextjs.org/docs/messages/module-not-found @ http://localhost:3000/_next/static/chunks/node_modules_next_dist_1e8vcs8._.js:1052
[  318115ms] [ERROR] ./components/Navbar/components/NavbarAccount/NavbarAccount.tsx:5:1
Error: Module not found: Can't resolve './components/AccountMenuItem'
  3 |
  4 | import { AccountMenuHeader } from "./components/AccountMenuHeader";
> 5 | import { AccountMenuItem } from "./components/AccountMenuItem";
    | ^^^^^^^^^^^^^^^^^^^^^^^^^^^^^^^^^^^^^^^^^^^^^^^^^^^^^^^^^^^^^^
  6 | import { AccountMenuPlan } from "./components/AccountMenuPlan";
  7 | import {
  8 |   ACCOUNT_LABEL,

Import traces:
  Client Component Browser:
    ./components/Navbar/components/NavbarAccount/NavbarAccount.tsx [Client Component Browser]
    ./components/Navbar/Navbar.tsx [Client Component Browser]
    ./components/Navbar/Navbar.tsx [Server Component]
    ./app/layout.tsx [Server Component]

  Client Component SSR:
    ./components/Navbar/components/NavbarAccount/NavbarAccount.tsx [Client Component SSR]
    ./components/Navbar/Navbar.tsx [Client Component SSR]
    ./components/Navbar/Navbar.tsx [Server Component]
    ./app/layout.tsx [Server Component]

https://nextjs.org/docs/messages/module-not-found @ http://localhost:3000/_next/static/chunks/node_modules_next_dist_1e8vcs8._.js:1052
[  318115ms] [ERROR] ./components/Navbar/components/NavbarAccount/NavbarAccount.tsx:6:1
Error: Module not found: Can't resolve './components/AccountMenuPlan'
  4 | import { AccountMenuHeader } from "./components/AccountMenuHeader";
  5 | import { AccountMenuItem } from "./components/AccountMenuItem";
> 6 | import { AccountMenuPlan } from "./components/AccountMenuPlan";
    | ^^^^^^^^^^^^^^^^^^^^^^^^^^^^^^^^^^^^^^^^^^^^^^^^^^^^^^^^^^^^^^
  7 | import {
  8 |   ACCOUNT_LABEL,
  9 |   ACCOUNT_MENU_ENTRIES,

Import traces:
  Client Component Browser:
    ./components/Navbar/components/NavbarAccount/NavbarAccount.tsx [Client Component Browser]
    ./components/Navbar/Navbar.tsx [Client Component Browser]
    ./components/Navbar/Navbar.tsx [Server Component]
    ./app/layout.tsx [Server Component]

  Client Component SSR:
    ./components/Navbar/components/NavbarAccount/NavbarAccount.tsx [Client Component SSR]
    ./components/Navbar/Navbar.tsx [Client Component SSR]
    ./components/Navbar/Navbar.tsx [Server Component]
    ./app/layout.tsx [Server Component]

https://nextjs.org/docs/messages/module-not-found @ http://localhost:3000/_next/static/chunks/node_modules_next_dist_1e8vcs8._.js:1052
[  318170ms] [ERROR] ./components/Navbar/components/NavbarAccount/NavbarAccount.tsx:4:1
Error: Module not found: Can't resolve './components/AccountMenuHeader'
  2 | import { Avatar, Button, Dropdown, Separator } from "@heroui/react";
  3 |
> 4 | import { AccountMenuHeader } from "./components/AccountMenuHeader";
    | ^^^^^^^^^^^^^^^^^^^^^^^^^^^^^^^^^^^^^^^^^^^^^^^^^^^^^^^^^^^^^^^^^^
  5 | import { AccountMenuItem } from "./components/AccountMenuItem";
  6 | import { AccountMenuPlan } from "./components/AccountMenuPlan";
  7 | import {

Import traces:
  Client Component Browser:
    ./components/Navbar/components/NavbarAccount/NavbarAccount.tsx [Client Component Browser]
    ./components/Navbar/Navbar.tsx [Client Component Browser]
    ./components/Navbar/Navbar.tsx [Server Component]
    ./app/layout.tsx [Server Component]

  Client Component SSR:
    ./components/Navbar/components/NavbarAccount/NavbarAccount.tsx [Client Component SSR]
    ./components/Navbar/Navbar.tsx [Client Component SSR]
    ./components/Navbar/Navbar.tsx [Server Component]
    ./app/layout.tsx [Server Component]

https://nextjs.org/docs/messages/module-not-found @ http://localhost:3000/_next/static/chunks/node_modules_next_dist_1e8vcs8._.js:1052
[  318170ms] [ERROR] ./components/Navbar/components/NavbarAccount/NavbarAccount.tsx:5:1
Error: Module not found: Can't resolve './components/AccountMenuItem'
  3 |
  4 | import { AccountMenuHeader } from "./components/AccountMenuHeader";
> 5 | import { AccountMenuItem } from "./components/AccountMenuItem";
    | ^^^^^^^^^^^^^^^^^^^^^^^^^^^^^^^^^^^^^^^^^^^^^^^^^^^^^^^^^^^^^^
  6 | import { AccountMenuPlan } from "./components/AccountMenuPlan";
  7 | import {
  8 |   ACCOUNT_LABEL,

Import traces:
  Client Component Browser:
    ./components/Navbar/components/NavbarAccount/NavbarAccount.tsx [Client Component Browser]
    ./components/Navbar/Navbar.tsx [Client Component Browser]
    ./components/Navbar/Navbar.tsx [Server Component]
    ./app/layout.tsx [Server Component]

  Client Component SSR:
    ./components/Navbar/components/NavbarAccount/NavbarAccount.tsx [Client Component SSR]
    ./components/Navbar/Navbar.tsx [Client Component SSR]
    ./components/Navbar/Navbar.tsx [Server Component]
    ./app/layout.tsx [Server Component]

https://nextjs.org/docs/messages/module-not-found @ http://localhost:3000/_next/static/chunks/node_modules_next_dist_1e8vcs8._.js:1052
[  318171ms] [ERROR] ./components/Navbar/components/NavbarAccount/NavbarAccount.tsx:6:1
Error: Module not found: Can't resolve './components/AccountMenuPlan'
  4 | import { AccountMenuHeader } from "./components/AccountMenuHeader";
  5 | import { AccountMenuItem } from "./components/AccountMenuItem";
> 6 | import { AccountMenuPlan } from "./components/AccountMenuPlan";
    | ^^^^^^^^^^^^^^^^^^^^^^^^^^^^^^^^^^^^^^^^^^^^^^^^^^^^^^^^^^^^^^
  7 | import {
  8 |   ACCOUNT_LABEL,
  9 |   ACCOUNT_MENU_ENTRIES,

Import traces:
  Client Component Browser:
    ./components/Navbar/components/NavbarAccount/NavbarAccount.tsx [Client Component Browser]
    ./components/Navbar/Navbar.tsx [Client Component Browser]
    ./components/Navbar/Navbar.tsx [Server Component]
    ./app/layout.tsx [Server Component]

  Client Component SSR:
    ./components/Navbar/components/NavbarAccount/NavbarAccount.tsx [Client Component SSR]
    ./components/Navbar/Navbar.tsx [Client Component SSR]
    ./components/Navbar/Navbar.tsx [Server Component]
    ./app/layout.tsx [Server Component]

https://nextjs.org/docs/messages/module-not-found @ http://localhost:3000/_next/static/chunks/node_modules_next_dist_1e8vcs8._.js:1052
[  318216ms] [ERROR] ./components/Navbar/components/NavbarAccount/NavbarAccount.tsx:4:1
Error: Module not found: Can't resolve './components/AccountMenuHeader'
  2 | import { Avatar, Button, Dropdown, Separator } from "@heroui/react";
  3 |
> 4 | import { AccountMenuHeader } from "./components/AccountMenuHeader";
    | ^^^^^^^^^^^^^^^^^^^^^^^^^^^^^^^^^^^^^^^^^^^^^^^^^^^^^^^^^^^^^^^^^^
  5 | import { AccountMenuItem } from "./components/AccountMenuItem";
  6 | import { AccountMenuPlan } from "./components/AccountMenuPlan";
  7 | import {

Import traces:
  Client Component Browser:
    ./components/Navbar/components/NavbarAccount/NavbarAccount.tsx [Client Component Browser]
    ./components/Navbar/Navbar.tsx [Client Component Browser]
    ./components/Navbar/Navbar.tsx [Server Component]
    ./app/layout.tsx [Server Component]

  Client Component SSR:
    ./components/Navbar/components/NavbarAccount/NavbarAccount.tsx [Client Component SSR]
    ./components/Navbar/Navbar.tsx [Client Component SSR]
    ./components/Navbar/Navbar.tsx [Server Component]
    ./app/layout.tsx [Server Component]

https://nextjs.org/docs/messages/module-not-found @ http://localhost:3000/_next/static/chunks/node_modules_next_dist_1e8vcs8._.js:1052
[  318216ms] [ERROR] ./components/Navbar/components/NavbarAccount/NavbarAccount.tsx:5:1
Error: Module not found: Can't resolve './components/AccountMenuItem'
  3 |
  4 | import { AccountMenuHeader } from "./components/AccountMenuHeader";
> 5 | import { AccountMenuItem } from "./components/AccountMenuItem";
    | ^^^^^^^^^^^^^^^^^^^^^^^^^^^^^^^^^^^^^^^^^^^^^^^^^^^^^^^^^^^^^^
  6 | import { AccountMenuPlan } from "./components/AccountMenuPlan";
  7 | import {
  8 |   ACCOUNT_LABEL,

Import traces:
  Client Component Browser:
    ./components/Navbar/components/NavbarAccount/NavbarAccount.tsx [Client Component Browser]
    ./components/Navbar/Navbar.tsx [Client Component Browser]
    ./components/Navbar/Navbar.tsx [Server Component]
    ./app/layout.tsx [Server Component]

  Client Component SSR:
    ./components/Navbar/components/NavbarAccount/NavbarAccount.tsx [Client Component SSR]
    ./components/Navbar/Navbar.tsx [Client Component SSR]
    ./components/Navbar/Navbar.tsx [Server Component]
    ./app/layout.tsx [Server Component]

https://nextjs.org/docs/messages/module-not-found @ http://localhost:3000/_next/static/chunks/node_modules_next_dist_1e8vcs8._.js:1052
[  318216ms] [ERROR] ./components/Navbar/components/NavbarAccount/NavbarAccount.tsx:6:1
Error: Module not found: Can't resolve './components/AccountMenuPlan'
  4 | import { AccountMenuHeader } from "./components/AccountMenuHeader";
  5 | import { AccountMenuItem } from "./components/AccountMenuItem";
> 6 | import { AccountMenuPlan } from "./components/AccountMenuPlan";
    | ^^^^^^^^^^^^^^^^^^^^^^^^^^^^^^^^^^^^^^^^^^^^^^^^^^^^^^^^^^^^^^
  7 | import {
  8 |   ACCOUNT_LABEL,
  9 |   ACCOUNT_MENU_ENTRIES,

Import traces:
  Client Component Browser:
    ./components/Navbar/components/NavbarAccount/NavbarAccount.tsx [Client Component Browser]
    ./components/Navbar/Navbar.tsx [Client Component Browser]
    ./components/Navbar/Navbar.tsx [Server Component]
    ./app/layout.tsx [Server Component]

  Client Component SSR:
    ./components/Navbar/components/NavbarAccount/NavbarAccount.tsx [Client Component SSR]
    ./components/Navbar/Navbar.tsx [Client Component SSR]
    ./components/Navbar/Navbar.tsx [Server Component]
    ./app/layout.tsx [Server Component]

https://nextjs.org/docs/messages/module-not-found @ http://localhost:3000/_next/static/chunks/node_modules_next_dist_1e8vcs8._.js:1052
[  318267ms] [ERROR] ./components/Navbar/components/NavbarAccount/NavbarAccount.tsx:4:1
Error: Module not found: Can't resolve './components/AccountMenuHeader'
  2 | import { Avatar, Button, Dropdown, Separator } from "@heroui/react";
  3 |
> 4 | import { AccountMenuHeader } from "./components/AccountMenuHeader";
    | ^^^^^^^^^^^^^^^^^^^^^^^^^^^^^^^^^^^^^^^^^^^^^^^^^^^^^^^^^^^^^^^^^^
  5 | import { AccountMenuItem } from "./components/AccountMenuItem";
  6 | import { AccountMenuPlan } from "./components/AccountMenuPlan";
  7 | import {

Import traces:
  Client Component Browser:
    ./components/Navbar/components/NavbarAccount/NavbarAccount.tsx [Client Component Browser]
    ./components/Navbar/Navbar.tsx [Client Component Browser]
    ./components/Navbar/Navbar.tsx [Server Component]
    ./app/layout.tsx [Server Component]

  Client Component SSR:
    ./components/Navbar/components/NavbarAccount/NavbarAccount.tsx [Client Component SSR]
    ./components/Navbar/Navbar.tsx [Client Component SSR]
    ./components/Navbar/Navbar.tsx [Server Component]
    ./app/layout.tsx [Server Component]

https://nextjs.org/docs/messages/module-not-found @ http://localhost:3000/_next/static/chunks/node_modules_next_dist_1e8vcs8._.js:1052
[  318267ms] [ERROR] ./components/Navbar/components/NavbarAccount/NavbarAccount.tsx:5:1
Error: Module not found: Can't resolve './components/AccountMenuItem'
  3 |
  4 | import { AccountMenuHeader } from "./components/AccountMenuHeader";
> 5 | import { AccountMenuItem } from "./components/AccountMenuItem";
    | ^^^^^^^^^^^^^^^^^^^^^^^^^^^^^^^^^^^^^^^^^^^^^^^^^^^^^^^^^^^^^^
  6 | import { AccountMenuPlan } from "./components/AccountMenuPlan";
  7 | import {
  8 |   ACCOUNT_LABEL,

Import traces:
  Client Component Browser:
    ./components/Navbar/components/NavbarAccount/NavbarAccount.tsx [Client Component Browser]
    ./components/Navbar/Navbar.tsx [Client Component Browser]
    ./components/Navbar/Navbar.tsx [Server Component]
    ./app/layout.tsx [Server Component]

  Client Component SSR:
    ./components/Navbar/components/NavbarAccount/NavbarAccount.tsx [Client Component SSR]
    ./components/Navbar/Navbar.tsx [Client Component SSR]
    ./components/Navbar/Navbar.tsx [Server Component]
    ./app/layout.tsx [Server Component]

https://nextjs.org/docs/messages/module-not-found @ http://localhost:3000/_next/static/chunks/node_modules_next_dist_1e8vcs8._.js:1052
[  318267ms] [ERROR] ./components/Navbar/components/NavbarAccount/NavbarAccount.tsx:6:1
Error: Module not found: Can't resolve './components/AccountMenuPlan'
  4 | import { AccountMenuHeader } from "./components/AccountMenuHeader";
  5 | import { AccountMenuItem } from "./components/AccountMenuItem";
> 6 | import { AccountMenuPlan } from "./components/AccountMenuPlan";
    | ^^^^^^^^^^^^^^^^^^^^^^^^^^^^^^^^^^^^^^^^^^^^^^^^^^^^^^^^^^^^^^
  7 | import {
  8 |   ACCOUNT_LABEL,
  9 |   ACCOUNT_MENU_ENTRIES,

Import traces:
  Client Component Browser:
    ./components/Navbar/components/NavbarAccount/NavbarAccount.tsx [Client Component Browser]
    ./components/Navbar/Navbar.tsx [Client Component Browser]
    ./components/Navbar/Navbar.tsx [Server Component]
    ./app/layout.tsx [Server Component]

  Client Component SSR:
    ./components/Navbar/components/NavbarAccount/NavbarAccount.tsx [Client Component SSR]
    ./components/Navbar/Navbar.tsx [Client Component SSR]
    ./components/Navbar/Navbar.tsx [Server Component]
    ./app/layout.tsx [Server Component]

https://nextjs.org/docs/messages/module-not-found @ http://localhost:3000/_next/static/chunks/node_modules_next_dist_1e8vcs8._.js:1052
[  318450ms] [ERROR] ./components/Navbar/components/NavbarAccount/NavbarAccount.tsx:4:1
Error: Module not found: Can't resolve './components/AccountMenuHeader'
  2 | import { Avatar, Button, Dropdown, Separator } from "@heroui/react";
  3 |
> 4 | import { AccountMenuHeader } from "./components/AccountMenuHeader";
    | ^^^^^^^^^^^^^^^^^^^^^^^^^^^^^^^^^^^^^^^^^^^^^^^^^^^^^^^^^^^^^^^^^^
  5 | import { AccountMenuItem } from "./components/AccountMenuItem";
  6 | import { AccountMenuPlan } from "./components/AccountMenuPlan";
  7 | import {

Import traces:
  Client Component Browser:
    ./components/Navbar/components/NavbarAccount/NavbarAccount.tsx [Client Component Browser]
    ./components/Navbar/Navbar.tsx [Client Component Browser]
    ./components/Navbar/Navbar.tsx [Server Component]
    ./app/layout.tsx [Server Component]

  Client Component SSR:
    ./components/Navbar/components/NavbarAccount/NavbarAccount.tsx [Client Component SSR]
    ./components/Navbar/Navbar.tsx [Client Component SSR]
    ./components/Navbar/Navbar.tsx [Server Component]
    ./app/layout.tsx [Server Component]

https://nextjs.org/docs/messages/module-not-found @ http://localhost:3000/_next/static/chunks/node_modules_next_dist_1e8vcs8._.js:1052
[  318451ms] [ERROR] ./components/Navbar/components/NavbarAccount/NavbarAccount.tsx:5:1
Error: Module not found: Can't resolve './components/AccountMenuItem'
  3 |
  4 | import { AccountMenuHeader } from "./components/AccountMenuHeader";
> 5 | import { AccountMenuItem } from "./components/AccountMenuItem";
    | ^^^^^^^^^^^^^^^^^^^^^^^^^^^^^^^^^^^^^^^^^^^^^^^^^^^^^^^^^^^^^^
  6 | import { AccountMenuPlan } from "./components/AccountMenuPlan";
  7 | import {
  8 |   ACCOUNT_LABEL,

Import traces:
  Client Component Browser:
    ./components/Navbar/components/NavbarAccount/NavbarAccount.tsx [Client Component Browser]
    ./components/Navbar/Navbar.tsx [Client Component Browser]
    ./components/Navbar/Navbar.tsx [Server Component]
    ./app/layout.tsx [Server Component]

  Client Component SSR:
    ./components/Navbar/components/NavbarAccount/NavbarAccount.tsx [Client Component SSR]
    ./components/Navbar/Navbar.tsx [Client Component SSR]
    ./components/Navbar/Navbar.tsx [Server Component]
    ./app/layout.tsx [Server Component]

https://nextjs.org/docs/messages/module-not-found @ http://localhost:3000/_next/static/chunks/node_modules_next_dist_1e8vcs8._.js:1052
[  318451ms] [ERROR] ./components/Navbar/components/NavbarAccount/NavbarAccount.tsx:6:1
Error: Module not found: Can't resolve './components/AccountMenuPlan'
  4 | import { AccountMenuHeader } from "./components/AccountMenuHeader";
  5 | import { AccountMenuItem } from "./components/AccountMenuItem";
> 6 | import { AccountMenuPlan } from "./components/AccountMenuPlan";
    | ^^^^^^^^^^^^^^^^^^^^^^^^^^^^^^^^^^^^^^^^^^^^^^^^^^^^^^^^^^^^^^
  7 | import {
  8 |   ACCOUNT_LABEL,
  9 |   ACCOUNT_MENU_ENTRIES,

Import traces:
  Client Component Browser:
    ./components/Navbar/components/NavbarAccount/NavbarAccount.tsx [Client Component Browser]
    ./components/Navbar/Navbar.tsx [Client Component Browser]
    ./components/Navbar/Navbar.tsx [Server Component]
    ./app/layout.tsx [Server Component]

  Client Component SSR:
    ./components/Navbar/components/NavbarAccount/NavbarAccount.tsx [Client Component SSR]
    ./components/Navbar/Navbar.tsx [Client Component SSR]
    ./components/Navbar/Navbar.tsx [Server Component]
    ./app/layout.tsx [Server Component]

https://nextjs.org/docs/messages/module-not-found @ http://localhost:3000/_next/static/chunks/node_modules_next_dist_1e8vcs8._.js:1052
[  318498ms] [LOG] [Fast Refresh] rebuilding @ http://localhost:3000/_next/static/chunks/node_modules_next_dist_1e8vcs8._.js:776
[  318515ms] [ERROR] ./components/Navbar/components/NavbarAccount/NavbarAccount.tsx:4:1
Error: Module not found: Can't resolve './components/AccountMenuHeader'
  2 | import { Avatar, Button, Dropdown, Separator } from "@heroui/react";
  3 |
> 4 | import { AccountMenuHeader } from "./components/AccountMenuHeader";
    | ^^^^^^^^^^^^^^^^^^^^^^^^^^^^^^^^^^^^^^^^^^^^^^^^^^^^^^^^^^^^^^^^^^
  5 | import { AccountMenuItem } from "./components/AccountMenuItem";
  6 | import { AccountMenuPlan } from "./components/AccountMenuPlan";
  7 | import {

Import traces:
  Client Component Browser:
    ./components/Navbar/components/NavbarAccount/NavbarAccount.tsx [Client Component Browser]
    ./components/Navbar/Navbar.tsx [Client Component Browser]
    ./components/Navbar/Navbar.tsx [Server Component]
    ./app/layout.tsx [Server Component]

  Client Component SSR:
    ./components/Navbar/components/NavbarAccount/NavbarAccount.tsx [Client Component SSR]
    ./components/Navbar/Navbar.tsx [Client Component SSR]
    ./components/Navbar/Navbar.tsx [Server Component]
    ./app/layout.tsx [Server Component]

https://nextjs.org/docs/messages/module-not-found @ http://localhost:3000/_next/static/chunks/node_modules_next_dist_1e8vcs8._.js:1052
[  318515ms] [ERROR] ./components/Navbar/components/NavbarAccount/NavbarAccount.tsx:5:1
Error: Module not found: Can't resolve './components/AccountMenuItem'
  3 |
  4 | import { AccountMenuHeader } from "./components/AccountMenuHeader";
> 5 | import { AccountMenuItem } from "./components/AccountMenuItem";
    | ^^^^^^^^^^^^^^^^^^^^^^^^^^^^^^^^^^^^^^^^^^^^^^^^^^^^^^^^^^^^^^
  6 | import { AccountMenuPlan } from "./components/AccountMenuPlan";
  7 | import {
  8 |   ACCOUNT_LABEL,

Import traces:
  Client Component Browser:
    ./components/Navbar/components/NavbarAccount/NavbarAccount.tsx [Client Component Browser]
    ./components/Navbar/Navbar.tsx [Client Component Browser]
    ./components/Navbar/Navbar.tsx [Server Component]
    ./app/layout.tsx [Server Component]

  Client Component SSR:
    ./components/Navbar/components/NavbarAccount/NavbarAccount.tsx [Client Component SSR]
    ./components/Navbar/Navbar.tsx [Client Component SSR]
    ./components/Navbar/Navbar.tsx [Server Component]
    ./app/layout.tsx [Server Component]

https://nextjs.org/docs/messages/module-not-found @ http://localhost:3000/_next/static/chunks/node_modules_next_dist_1e8vcs8._.js:1052
[  318515ms] [ERROR] ./components/Navbar/components/NavbarAccount/NavbarAccount.tsx:6:1
Error: Module not found: Can't resolve './components/AccountMenuPlan'
  4 | import { AccountMenuHeader } from "./components/AccountMenuHeader";
  5 | import { AccountMenuItem } from "./components/AccountMenuItem";
> 6 | import { AccountMenuPlan } from "./components/AccountMenuPlan";
    | ^^^^^^^^^^^^^^^^^^^^^^^^^^^^^^^^^^^^^^^^^^^^^^^^^^^^^^^^^^^^^^
  7 | import {
  8 |   ACCOUNT_LABEL,
  9 |   ACCOUNT_MENU_ENTRIES,

Import traces:
  Client Component Browser:
    ./components/Navbar/components/NavbarAccount/NavbarAccount.tsx [Client Component Browser]
    ./components/Navbar/Navbar.tsx [Client Component Browser]
    ./components/Navbar/Navbar.tsx [Server Component]
    ./app/layout.tsx [Server Component]

  Client Component SSR:
    ./components/Navbar/components/NavbarAccount/NavbarAccount.tsx [Client Component SSR]
    ./components/Navbar/Navbar.tsx [Client Component SSR]
    ./components/Navbar/Navbar.tsx [Server Component]
    ./app/layout.tsx [Server Component]

https://nextjs.org/docs/messages/module-not-found @ http://localhost:3000/_next/static/chunks/node_modules_next_dist_1e8vcs8._.js:1052
[  318568ms] [ERROR] ./components/Navbar/components/NavbarAccount/NavbarAccount.tsx:4:1
Error: Module not found: Can't resolve './components/AccountMenuHeader'
  2 | import { Avatar, Button, Dropdown, Separator } from "@heroui/react";
  3 |
> 4 | import { AccountMenuHeader } from "./components/AccountMenuHeader";
    | ^^^^^^^^^^^^^^^^^^^^^^^^^^^^^^^^^^^^^^^^^^^^^^^^^^^^^^^^^^^^^^^^^^
  5 | import { AccountMenuItem } from "./components/AccountMenuItem";
  6 | import { AccountMenuPlan } from "./components/AccountMenuPlan";
  7 | import {

Import traces:
  Client Component Browser:
    ./components/Navbar/components/NavbarAccount/NavbarAccount.tsx [Client Component Browser]
    ./components/Navbar/Navbar.tsx [Client Component Browser]
    ./components/Navbar/Navbar.tsx [Server Component]
    ./app/layout.tsx [Server Component]

  Client Component SSR:
    ./components/Navbar/components/NavbarAccount/NavbarAccount.tsx [Client Component SSR]
    ./components/Navbar/Navbar.tsx [Client Component SSR]
    ./components/Navbar/Navbar.tsx [Server Component]
    ./app/layout.tsx [Server Component]

https://nextjs.org/docs/messages/module-not-found @ http://localhost:3000/_next/static/chunks/node_modules_next_dist_1e8vcs8._.js:1052
[  318568ms] [ERROR] ./components/Navbar/components/NavbarAccount/NavbarAccount.tsx:5:1
Error: Module not found: Can't resolve './components/AccountMenuItem'
  3 |
  4 | import { AccountMenuHeader } from "./components/AccountMenuHeader";
> 5 | import { AccountMenuItem } from "./components/AccountMenuItem";
    | ^^^^^^^^^^^^^^^^^^^^^^^^^^^^^^^^^^^^^^^^^^^^^^^^^^^^^^^^^^^^^^
  6 | import { AccountMenuPlan } from "./components/AccountMenuPlan";
  7 | import {
  8 |   ACCOUNT_LABEL,

Import traces:
  Client Component Browser:
    ./components/Navbar/components/NavbarAccount/NavbarAccount.tsx [Client Component Browser]
    ./components/Navbar/Navbar.tsx [Client Component Browser]
    ./components/Navbar/Navbar.tsx [Server Component]
    ./app/layout.tsx [Server Component]

  Client Component SSR:
    ./components/Navbar/components/NavbarAccount/NavbarAccount.tsx [Client Component SSR]
    ./components/Navbar/Navbar.tsx [Client Component SSR]
    ./components/Navbar/Navbar.tsx [Server Component]
    ./app/layout.tsx [Server Component]

https://nextjs.org/docs/messages/module-not-found @ http://localhost:3000/_next/static/chunks/node_modules_next_dist_1e8vcs8._.js:1052
[  318568ms] [ERROR] ./components/Navbar/components/NavbarAccount/NavbarAccount.tsx:6:1
Error: Module not found: Can't resolve './components/AccountMenuPlan'
  4 | import { AccountMenuHeader } from "./components/AccountMenuHeader";
  5 | import { AccountMenuItem } from "./components/AccountMenuItem";
> 6 | import { AccountMenuPlan } from "./components/AccountMenuPlan";
    | ^^^^^^^^^^^^^^^^^^^^^^^^^^^^^^^^^^^^^^^^^^^^^^^^^^^^^^^^^^^^^^
  7 | import {
  8 |   ACCOUNT_LABEL,
  9 |   ACCOUNT_MENU_ENTRIES,

Import traces:
  Client Component Browser:
    ./components/Navbar/components/NavbarAccount/NavbarAccount.tsx [Client Component Browser]
    ./components/Navbar/Navbar.tsx [Client Component Browser]
    ./components/Navbar/Navbar.tsx [Server Component]
    ./app/layout.tsx [Server Component]

  Client Component SSR:
    ./components/Navbar/components/NavbarAccount/NavbarAccount.tsx [Client Component SSR]
    ./components/Navbar/Navbar.tsx [Client Component SSR]
    ./components/Navbar/Navbar.tsx [Server Component]
    ./app/layout.tsx [Server Component]

https://nextjs.org/docs/messages/module-not-found @ http://localhost:3000/_next/static/chunks/node_modules_next_dist_1e8vcs8._.js:1052
[  318617ms] [ERROR] ./components/Navbar/components/NavbarAccount/NavbarAccount.tsx:4:1
Error: Module not found: Can't resolve './components/AccountMenuHeader'
  2 | import { Avatar, Button, Dropdown, Separator } from "@heroui/react";
  3 |
> 4 | import { AccountMenuHeader } from "./components/AccountMenuHeader";
    | ^^^^^^^^^^^^^^^^^^^^^^^^^^^^^^^^^^^^^^^^^^^^^^^^^^^^^^^^^^^^^^^^^^
  5 | import { AccountMenuItem } from "./components/AccountMenuItem";
  6 | import { AccountMenuPlan } from "./components/AccountMenuPlan";
  7 | import {

Import traces:
  Client Component Browser:
    ./components/Navbar/components/NavbarAccount/NavbarAccount.tsx [Client Component Browser]
    ./components/Navbar/Navbar.tsx [Client Component Browser]
    ./components/Navbar/Navbar.tsx [Server Component]
    ./app/layout.tsx [Server Component]

  Client Component SSR:
    ./components/Navbar/components/NavbarAccount/NavbarAccount.tsx [Client Component SSR]
    ./components/Navbar/Navbar.tsx [Client Component SSR]
    ./components/Navbar/Navbar.tsx [Server Component]
    ./app/layout.tsx [Server Component]

https://nextjs.org/docs/messages/module-not-found @ http://localhost:3000/_next/static/chunks/node_modules_next_dist_1e8vcs8._.js:1052
[  318617ms] [ERROR] ./components/Navbar/components/NavbarAccount/NavbarAccount.tsx:5:1
Error: Module not found: Can't resolve './components/AccountMenuItem'
  3 |
  4 | import { AccountMenuHeader } from "./components/AccountMenuHeader";
> 5 | import { AccountMenuItem } from "./components/AccountMenuItem";
    | ^^^^^^^^^^^^^^^^^^^^^^^^^^^^^^^^^^^^^^^^^^^^^^^^^^^^^^^^^^^^^^
  6 | import { AccountMenuPlan } from "./components/AccountMenuPlan";
  7 | import {
  8 |   ACCOUNT_LABEL,

Import traces:
  Client Component Browser:
    ./components/Navbar/components/NavbarAccount/NavbarAccount.tsx [Client Component Browser]
    ./components/Navbar/Navbar.tsx [Client Component Browser]
    ./components/Navbar/Navbar.tsx [Server Component]
    ./app/layout.tsx [Server Component]

  Client Component SSR:
    ./components/Navbar/components/NavbarAccount/NavbarAccount.tsx [Client Component SSR]
    ./components/Navbar/Navbar.tsx [Client Component SSR]
    ./components/Navbar/Navbar.tsx [Server Component]
    ./app/layout.tsx [Server Component]

https://nextjs.org/docs/messages/module-not-found @ http://localhost:3000/_next/static/chunks/node_modules_next_dist_1e8vcs8._.js:1052
[  318617ms] [ERROR] ./components/Navbar/components/NavbarAccount/NavbarAccount.tsx:6:1
Error: Module not found: Can't resolve './components/AccountMenuPlan'
  4 | import { AccountMenuHeader } from "./components/AccountMenuHeader";
  5 | import { AccountMenuItem } from "./components/AccountMenuItem";
> 6 | import { AccountMenuPlan } from "./components/AccountMenuPlan";
    | ^^^^^^^^^^^^^^^^^^^^^^^^^^^^^^^^^^^^^^^^^^^^^^^^^^^^^^^^^^^^^^
  7 | import {
  8 |   ACCOUNT_LABEL,
  9 |   ACCOUNT_MENU_ENTRIES,

Import traces:
  Client Component Browser:
    ./components/Navbar/components/NavbarAccount/NavbarAccount.tsx [Client Component Browser]
    ./components/Navbar/Navbar.tsx [Client Component Browser]
    ./components/Navbar/Navbar.tsx [Server Component]
    ./app/layout.tsx [Server Component]

  Client Component SSR:
    ./components/Navbar/components/NavbarAccount/NavbarAccount.tsx [Client Component SSR]
    ./components/Navbar/Navbar.tsx [Client Component SSR]
    ./components/Navbar/Navbar.tsx [Server Component]
    ./app/layout.tsx [Server Component]

https://nextjs.org/docs/messages/module-not-found @ http://localhost:3000/_next/static/chunks/node_modules_next_dist_1e8vcs8._.js:1052
[  318682ms] [ERROR] ./components/Navbar/components/NavbarAccount/NavbarAccount.tsx:4:1
Error: Module not found: Can't resolve './components/AccountMenuHeader'
  2 | import { Avatar, Button, Dropdown, Separator } from "@heroui/react";
  3 |
> 4 | import { AccountMenuHeader } from "./components/AccountMenuHeader";
    | ^^^^^^^^^^^^^^^^^^^^^^^^^^^^^^^^^^^^^^^^^^^^^^^^^^^^^^^^^^^^^^^^^^
  5 | import { AccountMenuItem } from "./components/AccountMenuItem";
  6 | import { AccountMenuPlan } from "./components/AccountMenuPlan";
  7 | import {

Import traces:
  Client Component Browser:
    ./components/Navbar/components/NavbarAccount/NavbarAccount.tsx [Client Component Browser]
    ./components/Navbar/Navbar.tsx [Client Component Browser]
    ./components/Navbar/Navbar.tsx [Server Component]
    ./app/layout.tsx [Server Component]

  Client Component SSR:
    ./components/Navbar/components/NavbarAccount/NavbarAccount.tsx [Client Component SSR]
    ./components/Navbar/Navbar.tsx [Client Component SSR]
    ./components/Navbar/Navbar.tsx [Server Component]
    ./app/layout.tsx [Server Component]

https://nextjs.org/docs/messages/module-not-found @ http://localhost:3000/_next/static/chunks/node_modules_next_dist_1e8vcs8._.js:1052
[  318682ms] [ERROR] ./components/Navbar/components/NavbarAccount/NavbarAccount.tsx:5:1
Error: Module not found: Can't resolve './components/AccountMenuItem'
  3 |
  4 | import { AccountMenuHeader } from "./components/AccountMenuHeader";
> 5 | import { AccountMenuItem } from "./components/AccountMenuItem";
    | ^^^^^^^^^^^^^^^^^^^^^^^^^^^^^^^^^^^^^^^^^^^^^^^^^^^^^^^^^^^^^^
  6 | import { AccountMenuPlan } from "./components/AccountMenuPlan";
  7 | import {
  8 |   ACCOUNT_LABEL,

Import traces:
  Client Component Browser:
    ./components/Navbar/components/NavbarAccount/NavbarAccount.tsx [Client Component Browser]
    ./components/Navbar/Navbar.tsx [Client Component Browser]
    ./components/Navbar/Navbar.tsx [Server Component]
    ./app/layout.tsx [Server Component]

  Client Component SSR:
    ./components/Navbar/components/NavbarAccount/NavbarAccount.tsx [Client Component SSR]
    ./components/Navbar/Navbar.tsx [Client Component SSR]
    ./components/Navbar/Navbar.tsx [Server Component]
    ./app/layout.tsx [Server Component]

https://nextjs.org/docs/messages/module-not-found @ http://localhost:3000/_next/static/chunks/node_modules_next_dist_1e8vcs8._.js:1052
[  318682ms] [ERROR] ./components/Navbar/components/NavbarAccount/NavbarAccount.tsx:6:1
Error: Module not found: Can't resolve './components/AccountMenuPlan'
  4 | import { AccountMenuHeader } from "./components/AccountMenuHeader";
  5 | import { AccountMenuItem } from "./components/AccountMenuItem";
> 6 | import { AccountMenuPlan } from "./components/AccountMenuPlan";
    | ^^^^^^^^^^^^^^^^^^^^^^^^^^^^^^^^^^^^^^^^^^^^^^^^^^^^^^^^^^^^^^
  7 | import {
  8 |   ACCOUNT_LABEL,
  9 |   ACCOUNT_MENU_ENTRIES,

Import traces:
  Client Component Browser:
    ./components/Navbar/components/NavbarAccount/NavbarAccount.tsx [Client Component Browser]
    ./components/Navbar/Navbar.tsx [Client Component Browser]
    ./components/Navbar/Navbar.tsx [Server Component]
    ./app/layout.tsx [Server Component]

  Client Component SSR:
    ./components/Navbar/components/NavbarAccount/NavbarAccount.tsx [Client Component SSR]
    ./components/Navbar/Navbar.tsx [Client Component SSR]
    ./components/Navbar/Navbar.tsx [Server Component]
    ./app/layout.tsx [Server Component]

https://nextjs.org/docs/messages/module-not-found @ http://localhost:3000/_next/static/chunks/node_modules_next_dist_1e8vcs8._.js:1052
[  318734ms] [ERROR] ./components/Navbar/components/NavbarAccount/NavbarAccount.tsx:4:1
Error: Module not found: Can't resolve './components/AccountMenuHeader'
  2 | import { Avatar, Button, Dropdown, Separator } from "@heroui/react";
  3 |
> 4 | import { AccountMenuHeader } from "./components/AccountMenuHeader";
    | ^^^^^^^^^^^^^^^^^^^^^^^^^^^^^^^^^^^^^^^^^^^^^^^^^^^^^^^^^^^^^^^^^^
  5 | import { AccountMenuItem } from "./components/AccountMenuItem";
  6 | import { AccountMenuPlan } from "./components/AccountMenuPlan";
  7 | import {

Import traces:
  Client Component Browser:
    ./components/Navbar/components/NavbarAccount/NavbarAccount.tsx [Client Component Browser]
    ./components/Navbar/Navbar.tsx [Client Component Browser]
    ./components/Navbar/Navbar.tsx [Server Component]
    ./app/layout.tsx [Server Component]

  Client Component SSR:
    ./components/Navbar/components/NavbarAccount/NavbarAccount.tsx [Client Component SSR]
    ./components/Navbar/Navbar.tsx [Client Component SSR]
    ./components/Navbar/Navbar.tsx [Server Component]
    ./app/layout.tsx [Server Component]

https://nextjs.org/docs/messages/module-not-found @ http://localhost:3000/_next/static/chunks/node_modules_next_dist_1e8vcs8._.js:1052
[  318734ms] [ERROR] ./components/Navbar/components/NavbarAccount/NavbarAccount.tsx:5:1
Error: Module not found: Can't resolve './components/AccountMenuItem'
  3 |
  4 | import { AccountMenuHeader } from "./components/AccountMenuHeader";
> 5 | import { AccountMenuItem } from "./components/AccountMenuItem";
    | ^^^^^^^^^^^^^^^^^^^^^^^^^^^^^^^^^^^^^^^^^^^^^^^^^^^^^^^^^^^^^^
  6 | import { AccountMenuPlan } from "./components/AccountMenuPlan";
  7 | import {
  8 |   ACCOUNT_LABEL,

Import traces:
  Client Component Browser:
    ./components/Navbar/components/NavbarAccount/NavbarAccount.tsx [Client Component Browser]
    ./components/Navbar/Navbar.tsx [Client Component Browser]
    ./components/Navbar/Navbar.tsx [Server Component]
    ./app/layout.tsx [Server Component]

  Client Component SSR:
    ./components/Navbar/components/NavbarAccount/NavbarAccount.tsx [Client Component SSR]
    ./components/Navbar/Navbar.tsx [Client Component SSR]
    ./components/Navbar/Navbar.tsx [Server Component]
    ./app/layout.tsx [Server Component]

https://nextjs.org/docs/messages/module-not-found @ http://localhost:3000/_next/static/chunks/node_modules_next_dist_1e8vcs8._.js:1052
[  318734ms] [ERROR] ./components/Navbar/components/NavbarAccount/NavbarAccount.tsx:6:1
Error: Module not found: Can't resolve './components/AccountMenuPlan'
  4 | import { AccountMenuHeader } from "./components/AccountMenuHeader";
  5 | import { AccountMenuItem } from "./components/AccountMenuItem";
> 6 | import { AccountMenuPlan } from "./components/AccountMenuPlan";
    | ^^^^^^^^^^^^^^^^^^^^^^^^^^^^^^^^^^^^^^^^^^^^^^^^^^^^^^^^^^^^^^
  7 | import {
  8 |   ACCOUNT_LABEL,
  9 |   ACCOUNT_MENU_ENTRIES,

Import traces:
  Client Component Browser:
    ./components/Navbar/components/NavbarAccount/NavbarAccount.tsx [Client Component Browser]
    ./components/Navbar/Navbar.tsx [Client Component Browser]
    ./components/Navbar/Navbar.tsx [Server Component]
    ./app/layout.tsx [Server Component]

  Client Component SSR:
    ./components/Navbar/components/NavbarAccount/NavbarAccount.tsx [Client Component SSR]
    ./components/Navbar/Navbar.tsx [Client Component SSR]
    ./components/Navbar/Navbar.tsx [Server Component]
    ./app/layout.tsx [Server Component]

https://nextjs.org/docs/messages/module-not-found @ http://localhost:3000/_next/static/chunks/node_modules_next_dist_1e8vcs8._.js:1052
[  318798ms] [ERROR] ./components/Navbar/components/NavbarAccount/NavbarAccount.tsx:4:1
Error: Module not found: Can't resolve './components/AccountMenuHeader'
  2 | import { Avatar, Button, Dropdown, Separator } from "@heroui/react";
  3 |
> 4 | import { AccountMenuHeader } from "./components/AccountMenuHeader";
    | ^^^^^^^^^^^^^^^^^^^^^^^^^^^^^^^^^^^^^^^^^^^^^^^^^^^^^^^^^^^^^^^^^^
  5 | import { AccountMenuItem } from "./components/AccountMenuItem";
  6 | import { AccountMenuPlan } from "./components/AccountMenuPlan";
  7 | import {

Import traces:
  Client Component Browser:
    ./components/Navbar/components/NavbarAccount/NavbarAccount.tsx [Client Component Browser]
    ./components/Navbar/Navbar.tsx [Client Component Browser]
    ./components/Navbar/Navbar.tsx [Server Component]
    ./app/layout.tsx [Server Component]

  Client Component SSR:
    ./components/Navbar/components/NavbarAccount/NavbarAccount.tsx [Client Component SSR]
    ./components/Navbar/Navbar.tsx [Client Component SSR]
    ./components/Navbar/Navbar.tsx [Server Component]
    ./app/layout.tsx [Server Component]

https://nextjs.org/docs/messages/module-not-found @ http://localhost:3000/_next/static/chunks/node_modules_next_dist_1e8vcs8._.js:1052
[  318798ms] [ERROR] ./components/Navbar/components/NavbarAccount/NavbarAccount.tsx:5:1
Error: Module not found: Can't resolve './components/AccountMenuItem'
  3 |
  4 | import { AccountMenuHeader } from "./components/AccountMenuHeader";
> 5 | import { AccountMenuItem } from "./components/AccountMenuItem";
    | ^^^^^^^^^^^^^^^^^^^^^^^^^^^^^^^^^^^^^^^^^^^^^^^^^^^^^^^^^^^^^^
  6 | import { AccountMenuPlan } from "./components/AccountMenuPlan";
  7 | import {
  8 |   ACCOUNT_LABEL,

Import traces:
  Client Component Browser:
    ./components/Navbar/components/NavbarAccount/NavbarAccount.tsx [Client Component Browser]
    ./components/Navbar/Navbar.tsx [Client Component Browser]
    ./components/Navbar/Navbar.tsx [Server Component]
    ./app/layout.tsx [Server Component]

  Client Component SSR:
    ./components/Navbar/components/NavbarAccount/NavbarAccount.tsx [Client Component SSR]
    ./components/Navbar/Navbar.tsx [Client Component SSR]
    ./components/Navbar/Navbar.tsx [Server Component]
    ./app/layout.tsx [Server Component]

https://nextjs.org/docs/messages/module-not-found @ http://localhost:3000/_next/static/chunks/node_modules_next_dist_1e8vcs8._.js:1052
[  318799ms] [ERROR] ./components/Navbar/components/NavbarAccount/NavbarAccount.tsx:6:1
Error: Module not found: Can't resolve './components/AccountMenuPlan'
  4 | import { AccountMenuHeader } from "./components/AccountMenuHeader";
  5 | import { AccountMenuItem } from "./components/AccountMenuItem";
> 6 | import { AccountMenuPlan } from "./components/AccountMenuPlan";
    | ^^^^^^^^^^^^^^^^^^^^^^^^^^^^^^^^^^^^^^^^^^^^^^^^^^^^^^^^^^^^^^
  7 | import {
  8 |   ACCOUNT_LABEL,
  9 |   ACCOUNT_MENU_ENTRIES,

Import traces:
  Client Component Browser:
    ./components/Navbar/components/NavbarAccount/NavbarAccount.tsx [Client Component Browser]
    ./components/Navbar/Navbar.tsx [Client Component Browser]
    ./components/Navbar/Navbar.tsx [Server Component]
    ./app/layout.tsx [Server Component]

  Client Component SSR:
    ./components/Navbar/components/NavbarAccount/NavbarAccount.tsx [Client Component SSR]
    ./components/Navbar/Navbar.tsx [Client Component SSR]
    ./components/Navbar/Navbar.tsx [Server Component]
    ./app/layout.tsx [Server Component]

https://nextjs.org/docs/messages/module-not-found @ http://localhost:3000/_next/static/chunks/node_modules_next_dist_1e8vcs8._.js:1052
[  318851ms] [ERROR] ./components/Navbar/components/NavbarAccount/NavbarAccount.tsx:4:1
Error: Module not found: Can't resolve './components/AccountMenuHeader'
  2 | import { Avatar, Button, Dropdown, Separator } from "@heroui/react";
  3 |
> 4 | import { AccountMenuHeader } from "./components/AccountMenuHeader";
    | ^^^^^^^^^^^^^^^^^^^^^^^^^^^^^^^^^^^^^^^^^^^^^^^^^^^^^^^^^^^^^^^^^^
  5 | import { AccountMenuItem } from "./components/AccountMenuItem";
  6 | import { AccountMenuPlan } from "./components/AccountMenuPlan";
  7 | import {

Import traces:
  Client Component Browser:
    ./components/Navbar/components/NavbarAccount/NavbarAccount.tsx [Client Component Browser]
    ./components/Navbar/Navbar.tsx [Client Component Browser]
    ./components/Navbar/Navbar.tsx [Server Component]
    ./app/layout.tsx [Server Component]

  Client Component SSR:
    ./components/Navbar/components/NavbarAccount/NavbarAccount.tsx [Client Component SSR]
    ./components/Navbar/Navbar.tsx [Client Component SSR]
    ./components/Navbar/Navbar.tsx [Server Component]
    ./app/layout.tsx [Server Component]

https://nextjs.org/docs/messages/module-not-found @ http://localhost:3000/_next/static/chunks/node_modules_next_dist_1e8vcs8._.js:1052
[  318852ms] [ERROR] ./components/Navbar/components/NavbarAccount/NavbarAccount.tsx:5:1
Error: Module not found: Can't resolve './components/AccountMenuItem'
  3 |
  4 | import { AccountMenuHeader } from "./components/AccountMenuHeader";
> 5 | import { AccountMenuItem } from "./components/AccountMenuItem";
    | ^^^^^^^^^^^^^^^^^^^^^^^^^^^^^^^^^^^^^^^^^^^^^^^^^^^^^^^^^^^^^^
  6 | import { AccountMenuPlan } from "./components/AccountMenuPlan";
  7 | import {
  8 |   ACCOUNT_LABEL,

Import traces:
  Client Component Browser:
    ./components/Navbar/components/NavbarAccount/NavbarAccount.tsx [Client Component Browser]
    ./components/Navbar/Navbar.tsx [Client Component Browser]
    ./components/Navbar/Navbar.tsx [Server Component]
    ./app/layout.tsx [Server Component]

  Client Component SSR:
    ./components/Navbar/components/NavbarAccount/NavbarAccount.tsx [Client Component SSR]
    ./components/Navbar/Navbar.tsx [Client Component SSR]
    ./components/Navbar/Navbar.tsx [Server Component]
    ./app/layout.tsx [Server Component]

https://nextjs.org/docs/messages/module-not-found @ http://localhost:3000/_next/static/chunks/node_modules_next_dist_1e8vcs8._.js:1052
[  318852ms] [ERROR] ./components/Navbar/components/NavbarAccount/NavbarAccount.tsx:6:1
Error: Module not found: Can't resolve './components/AccountMenuPlan'
  4 | import { AccountMenuHeader } from "./components/AccountMenuHeader";
  5 | import { AccountMenuItem } from "./components/AccountMenuItem";
> 6 | import { AccountMenuPlan } from "./components/AccountMenuPlan";
    | ^^^^^^^^^^^^^^^^^^^^^^^^^^^^^^^^^^^^^^^^^^^^^^^^^^^^^^^^^^^^^^
  7 | import {
  8 |   ACCOUNT_LABEL,
  9 |   ACCOUNT_MENU_ENTRIES,

Import traces:
  Client Component Browser:
    ./components/Navbar/components/NavbarAccount/NavbarAccount.tsx [Client Component Browser]
    ./components/Navbar/Navbar.tsx [Client Component Browser]
    ./components/Navbar/Navbar.tsx [Server Component]
    ./app/layout.tsx [Server Component]

  Client Component SSR:
    ./components/Navbar/components/NavbarAccount/NavbarAccount.tsx [Client Component SSR]
    ./components/Navbar/Navbar.tsx [Client Component SSR]
    ./components/Navbar/Navbar.tsx [Server Component]
    ./app/layout.tsx [Server Component]

https://nextjs.org/docs/messages/module-not-found @ http://localhost:3000/_next/static/chunks/node_modules_next_dist_1e8vcs8._.js:1052
[  318912ms] [ERROR] ./components/Navbar/components/NavbarAccount/NavbarAccount.tsx:4:1
Error: Module not found: Can't resolve './components/AccountMenuHeader'
  2 | import { Avatar, Button, Dropdown, Separator } from "@heroui/react";
  3 |
> 4 | import { AccountMenuHeader } from "./components/AccountMenuHeader";
    | ^^^^^^^^^^^^^^^^^^^^^^^^^^^^^^^^^^^^^^^^^^^^^^^^^^^^^^^^^^^^^^^^^^
  5 | import { AccountMenuItem } from "./components/AccountMenuItem";
  6 | import { AccountMenuPlan } from "./components/AccountMenuPlan";
  7 | import {

Import traces:
  Client Component Browser:
    ./components/Navbar/components/NavbarAccount/NavbarAccount.tsx [Client Component Browser]
    ./components/Navbar/Navbar.tsx [Client Component Browser]
    ./components/Navbar/Navbar.tsx [Server Component]
    ./app/layout.tsx [Server Component]

  Client Component SSR:
    ./components/Navbar/components/NavbarAccount/NavbarAccount.tsx [Client Component SSR]
    ./components/Navbar/Navbar.tsx [Client Component SSR]
    ./components/Navbar/Navbar.tsx [Server Component]
    ./app/layout.tsx [Server Component]

https://nextjs.org/docs/messages/module-not-found @ http://localhost:3000/_next/static/chunks/node_modules_next_dist_1e8vcs8._.js:1052
[  318912ms] [ERROR] ./components/Navbar/components/NavbarAccount/NavbarAccount.tsx:5:1
Error: Module not found: Can't resolve './components/AccountMenuItem'
  3 |
  4 | import { AccountMenuHeader } from "./components/AccountMenuHeader";
> 5 | import { AccountMenuItem } from "./components/AccountMenuItem";
    | ^^^^^^^^^^^^^^^^^^^^^^^^^^^^^^^^^^^^^^^^^^^^^^^^^^^^^^^^^^^^^^
  6 | import { AccountMenuPlan } from "./components/AccountMenuPlan";
  7 | import {
  8 |   ACCOUNT_LABEL,

Import traces:
  Client Component Browser:
    ./components/Navbar/components/NavbarAccount/NavbarAccount.tsx [Client Component Browser]
    ./components/Navbar/Navbar.tsx [Client Component Browser]
    ./components/Navbar/Navbar.tsx [Server Component]
    ./app/layout.tsx [Server Component]

  Client Component SSR:
    ./components/Navbar/components/NavbarAccount/NavbarAccount.tsx [Client Component SSR]
    ./components/Navbar/Navbar.tsx [Client Component SSR]
    ./components/Navbar/Navbar.tsx [Server Component]
    ./app/layout.tsx [Server Component]

https://nextjs.org/docs/messages/module-not-found @ http://localhost:3000/_next/static/chunks/node_modules_next_dist_1e8vcs8._.js:1052
[  318912ms] [ERROR] ./components/Navbar/components/NavbarAccount/NavbarAccount.tsx:6:1
Error: Module not found: Can't resolve './components/AccountMenuPlan'
  4 | import { AccountMenuHeader } from "./components/AccountMenuHeader";
  5 | import { AccountMenuItem } from "./components/AccountMenuItem";
> 6 | import { AccountMenuPlan } from "./components/AccountMenuPlan";
    | ^^^^^^^^^^^^^^^^^^^^^^^^^^^^^^^^^^^^^^^^^^^^^^^^^^^^^^^^^^^^^^
  7 | import {
  8 |   ACCOUNT_LABEL,
  9 |   ACCOUNT_MENU_ENTRIES,

Import traces:
  Client Component Browser:
    ./components/Navbar/components/NavbarAccount/NavbarAccount.tsx [Client Component Browser]
    ./components/Navbar/Navbar.tsx [Client Component Browser]
    ./components/Navbar/Navbar.tsx [Server Component]
    ./app/layout.tsx [Server Component]

  Client Component SSR:
    ./components/Navbar/components/NavbarAccount/NavbarAccount.tsx [Client Component SSR]
    ./components/Navbar/Navbar.tsx [Client Component SSR]
    ./components/Navbar/Navbar.tsx [Server Component]
    ./app/layout.tsx [Server Component]

https://nextjs.org/docs/messages/module-not-found @ http://localhost:3000/_next/static/chunks/node_modules_next_dist_1e8vcs8._.js:1052
[  318951ms] [ERROR] ./components/Navbar/components/NavbarAccount/NavbarAccount.tsx:4:1
Error: Module not found: Can't resolve './components/AccountMenuHeader'
  2 | import { Avatar, Button, Dropdown, Separator } from "@heroui/react";
  3 |
> 4 | import { AccountMenuHeader } from "./components/AccountMenuHeader";
    | ^^^^^^^^^^^^^^^^^^^^^^^^^^^^^^^^^^^^^^^^^^^^^^^^^^^^^^^^^^^^^^^^^^
  5 | import { AccountMenuItem } from "./components/AccountMenuItem";
  6 | import { AccountMenuPlan } from "./components/AccountMenuPlan";
  7 | import {

Import traces:
  Client Component Browser:
    ./components/Navbar/components/NavbarAccount/NavbarAccount.tsx [Client Component Browser]
    ./components/Navbar/Navbar.tsx [Client Component Browser]
    ./components/Navbar/Navbar.tsx [Server Component]
    ./app/layout.tsx [Server Component]

  Client Component SSR:
    ./components/Navbar/components/NavbarAccount/NavbarAccount.tsx [Client Component SSR]
    ./components/Navbar/Navbar.tsx [Client Component SSR]
    ./components/Navbar/Navbar.tsx [Server Component]
    ./app/layout.tsx [Server Component]

https://nextjs.org/docs/messages/module-not-found @ http://localhost:3000/_next/static/chunks/node_modules_next_dist_1e8vcs8._.js:1052
[  318951ms] [ERROR] ./components/Navbar/components/NavbarAccount/NavbarAccount.tsx:5:1
Error: Module not found: Can't resolve './components/AccountMenuItem'
  3 |
  4 | import { AccountMenuHeader } from "./components/AccountMenuHeader";
> 5 | import { AccountMenuItem } from "./components/AccountMenuItem";
    | ^^^^^^^^^^^^^^^^^^^^^^^^^^^^^^^^^^^^^^^^^^^^^^^^^^^^^^^^^^^^^^
  6 | import { AccountMenuPlan } from "./components/AccountMenuPlan";
  7 | import {
  8 |   ACCOUNT_LABEL,

Import traces:
  Client Component Browser:
    ./components/Navbar/components/NavbarAccount/NavbarAccount.tsx [Client Component Browser]
    ./components/Navbar/Navbar.tsx [Client Component Browser]
    ./components/Navbar/Navbar.tsx [Server Component]
    ./app/layout.tsx [Server Component]

  Client Component SSR:
    ./components/Navbar/components/NavbarAccount/NavbarAccount.tsx [Client Component SSR]
    ./components/Navbar/Navbar.tsx [Client Component SSR]
    ./components/Navbar/Navbar.tsx [Server Component]
    ./app/layout.tsx [Server Component]

https://nextjs.org/docs/messages/module-not-found @ http://localhost:3000/_next/static/chunks/node_modules_next_dist_1e8vcs8._.js:1052
[  318951ms] [ERROR] ./components/Navbar/components/NavbarAccount/NavbarAccount.tsx:6:1
Error: Module not found: Can't resolve './components/AccountMenuPlan'
  4 | import { AccountMenuHeader } from "./components/AccountMenuHeader";
  5 | import { AccountMenuItem } from "./components/AccountMenuItem";
> 6 | import { AccountMenuPlan } from "./components/AccountMenuPlan";
    | ^^^^^^^^^^^^^^^^^^^^^^^^^^^^^^^^^^^^^^^^^^^^^^^^^^^^^^^^^^^^^^
  7 | import {
  8 |   ACCOUNT_LABEL,
  9 |   ACCOUNT_MENU_ENTRIES,

Import traces:
  Client Component Browser:
    ./components/Navbar/components/NavbarAccount/NavbarAccount.tsx [Client Component Browser]
    ./components/Navbar/Navbar.tsx [Client Component Browser]
    ./components/Navbar/Navbar.tsx [Server Component]
    ./app/layout.tsx [Server Component]

  Client Component SSR:
    ./components/Navbar/components/NavbarAccount/NavbarAccount.tsx [Client Component SSR]
    ./components/Navbar/Navbar.tsx [Client Component SSR]
    ./components/Navbar/Navbar.tsx [Server Component]
    ./app/layout.tsx [Server Component]

https://nextjs.org/docs/messages/module-not-found @ http://localhost:3000/_next/static/chunks/node_modules_next_dist_1e8vcs8._.js:1052
[  319016ms] [ERROR] ./components/Navbar/components/NavbarAccount/NavbarAccount.tsx:4:1
Error: Module not found: Can't resolve './components/AccountMenuHeader'
  2 | import { Avatar, Button, Dropdown, Separator } from "@heroui/react";
  3 |
> 4 | import { AccountMenuHeader } from "./components/AccountMenuHeader";
    | ^^^^^^^^^^^^^^^^^^^^^^^^^^^^^^^^^^^^^^^^^^^^^^^^^^^^^^^^^^^^^^^^^^
  5 | import { AccountMenuItem } from "./components/AccountMenuItem";
  6 | import { AccountMenuPlan } from "./components/AccountMenuPlan";
  7 | import {

Import traces:
  Client Component Browser:
    ./components/Navbar/components/NavbarAccount/NavbarAccount.tsx [Client Component Browser]
    ./components/Navbar/Navbar.tsx [Client Component Browser]
    ./components/Navbar/Navbar.tsx [Server Component]
    ./app/layout.tsx [Server Component]

  Client Component SSR:
    ./components/Navbar/components/NavbarAccount/NavbarAccount.tsx [Client Component SSR]
    ./components/Navbar/Navbar.tsx [Client Component SSR]
    ./components/Navbar/Navbar.tsx [Server Component]
    ./app/layout.tsx [Server Component]

https://nextjs.org/docs/messages/module-not-found @ http://localhost:3000/_next/static/chunks/node_modules_next_dist_1e8vcs8._.js:1052
[  319016ms] [ERROR] ./components/Navbar/components/NavbarAccount/NavbarAccount.tsx:5:1
Error: Module not found: Can't resolve './components/AccountMenuItem'
  3 |
  4 | import { AccountMenuHeader } from "./components/AccountMenuHeader";
> 5 | import { AccountMenuItem } from "./components/AccountMenuItem";
    | ^^^^^^^^^^^^^^^^^^^^^^^^^^^^^^^^^^^^^^^^^^^^^^^^^^^^^^^^^^^^^^
  6 | import { AccountMenuPlan } from "./components/AccountMenuPlan";
  7 | import {
  8 |   ACCOUNT_LABEL,

Import traces:
  Client Component Browser:
    ./components/Navbar/components/NavbarAccount/NavbarAccount.tsx [Client Component Browser]
    ./components/Navbar/Navbar.tsx [Client Component Browser]
    ./components/Navbar/Navbar.tsx [Server Component]
    ./app/layout.tsx [Server Component]

  Client Component SSR:
    ./components/Navbar/components/NavbarAccount/NavbarAccount.tsx [Client Component SSR]
    ./components/Navbar/Navbar.tsx [Client Component SSR]
    ./components/Navbar/Navbar.tsx [Server Component]
    ./app/layout.tsx [Server Component]

https://nextjs.org/docs/messages/module-not-found @ http://localhost:3000/_next/static/chunks/node_modules_next_dist_1e8vcs8._.js:1052
[  319016ms] [ERROR] ./components/Navbar/components/NavbarAccount/NavbarAccount.tsx:6:1
Error: Module not found: Can't resolve './components/AccountMenuPlan'
  4 | import { AccountMenuHeader } from "./components/AccountMenuHeader";
  5 | import { AccountMenuItem } from "./components/AccountMenuItem";
> 6 | import { AccountMenuPlan } from "./components/AccountMenuPlan";
    | ^^^^^^^^^^^^^^^^^^^^^^^^^^^^^^^^^^^^^^^^^^^^^^^^^^^^^^^^^^^^^^
  7 | import {
  8 |   ACCOUNT_LABEL,
  9 |   ACCOUNT_MENU_ENTRIES,

Import traces:
  Client Component Browser:
    ./components/Navbar/components/NavbarAccount/NavbarAccount.tsx [Client Component Browser]
    ./components/Navbar/Navbar.tsx [Client Component Browser]
    ./components/Navbar/Navbar.tsx [Server Component]
    ./app/layout.tsx [Server Component]

  Client Component SSR:
    ./components/Navbar/components/NavbarAccount/NavbarAccount.tsx [Client Component SSR]
    ./components/Navbar/Navbar.tsx [Client Component SSR]
    ./components/Navbar/Navbar.tsx [Server Component]
    ./app/layout.tsx [Server Component]

https://nextjs.org/docs/messages/module-not-found @ http://localhost:3000/_next/static/chunks/node_modules_next_dist_1e8vcs8._.js:1052
[  319065ms] [ERROR] ./components/Navbar/components/NavbarAccount/NavbarAccount.tsx:4:1
Error: Module not found: Can't resolve './components/AccountMenuHeader'
  2 | import { Avatar, Button, Dropdown, Separator } from "@heroui/react";
  3 |
> 4 | import { AccountMenuHeader } from "./components/AccountMenuHeader";
    | ^^^^^^^^^^^^^^^^^^^^^^^^^^^^^^^^^^^^^^^^^^^^^^^^^^^^^^^^^^^^^^^^^^
  5 | import { AccountMenuItem } from "./components/AccountMenuItem";
  6 | import { AccountMenuPlan } from "./components/AccountMenuPlan";
  7 | import {

Import traces:
  Client Component Browser:
    ./components/Navbar/components/NavbarAccount/NavbarAccount.tsx [Client Component Browser]
    ./components/Navbar/Navbar.tsx [Client Component Browser]
    ./components/Navbar/Navbar.tsx [Server Component]
    ./app/layout.tsx [Server Component]

  Client Component SSR:
    ./components/Navbar/components/NavbarAccount/NavbarAccount.tsx [Client Component SSR]
    ./components/Navbar/Navbar.tsx [Client Component SSR]
    ./components/Navbar/Navbar.tsx [Server Component]
    ./app/layout.tsx [Server Component]

https://nextjs.org/docs/messages/module-not-found @ http://localhost:3000/_next/static/chunks/node_modules_next_dist_1e8vcs8._.js:1052
[  319065ms] [ERROR] ./components/Navbar/components/NavbarAccount/NavbarAccount.tsx:5:1
Error: Module not found: Can't resolve './components/AccountMenuItem'
  3 |
  4 | import { AccountMenuHeader } from "./components/AccountMenuHeader";
> 5 | import { AccountMenuItem } from "./components/AccountMenuItem";
    | ^^^^^^^^^^^^^^^^^^^^^^^^^^^^^^^^^^^^^^^^^^^^^^^^^^^^^^^^^^^^^^
  6 | import { AccountMenuPlan } from "./components/AccountMenuPlan";
  7 | import {
  8 |   ACCOUNT_LABEL,

Import traces:
  Client Component Browser:
    ./components/Navbar/components/NavbarAccount/NavbarAccount.tsx [Client Component Browser]
    ./components/Navbar/Navbar.tsx [Client Component Browser]
    ./components/Navbar/Navbar.tsx [Server Component]
    ./app/layout.tsx [Server Component]

  Client Component SSR:
    ./components/Navbar/components/NavbarAccount/NavbarAccount.tsx [Client Component SSR]
    ./components/Navbar/Navbar.tsx [Client Component SSR]
    ./components/Navbar/Navbar.tsx [Server Component]
    ./app/layout.tsx [Server Component]

https://nextjs.org/docs/messages/module-not-found @ http://localhost:3000/_next/static/chunks/node_modules_next_dist_1e8vcs8._.js:1052
[  319066ms] [ERROR] ./components/Navbar/components/NavbarAccount/NavbarAccount.tsx:6:1
Error: Module not found: Can't resolve './components/AccountMenuPlan'
  4 | import { AccountMenuHeader } from "./components/AccountMenuHeader";
  5 | import { AccountMenuItem } from "./components/AccountMenuItem";
> 6 | import { AccountMenuPlan } from "./components/AccountMenuPlan";
    | ^^^^^^^^^^^^^^^^^^^^^^^^^^^^^^^^^^^^^^^^^^^^^^^^^^^^^^^^^^^^^^
  7 | import {
  8 |   ACCOUNT_LABEL,
  9 |   ACCOUNT_MENU_ENTRIES,

Import traces:
  Client Component Browser:
    ./components/Navbar/components/NavbarAccount/NavbarAccount.tsx [Client Component Browser]
    ./components/Navbar/Navbar.tsx [Client Component Browser]
    ./components/Navbar/Navbar.tsx [Server Component]
    ./app/layout.tsx [Server Component]

  Client Component SSR:
    ./components/Navbar/components/NavbarAccount/NavbarAccount.tsx [Client Component SSR]
    ./components/Navbar/Navbar.tsx [Client Component SSR]
    ./components/Navbar/Navbar.tsx [Server Component]
    ./app/layout.tsx [Server Component]

https://nextjs.org/docs/messages/module-not-found @ http://localhost:3000/_next/static/chunks/node_modules_next_dist_1e8vcs8._.js:1052
[  319115ms] [ERROR] ./components/Navbar/components/NavbarAccount/NavbarAccount.tsx:4:1
Error: Module not found: Can't resolve './components/AccountMenuHeader'
  2 | import { Avatar, Button, Dropdown, Separator } from "@heroui/react";
  3 |
> 4 | import { AccountMenuHeader } from "./components/AccountMenuHeader";
    | ^^^^^^^^^^^^^^^^^^^^^^^^^^^^^^^^^^^^^^^^^^^^^^^^^^^^^^^^^^^^^^^^^^
  5 | import { AccountMenuItem } from "./components/AccountMenuItem";
  6 | import { AccountMenuPlan } from "./components/AccountMenuPlan";
  7 | import {

Import traces:
  Client Component Browser:
    ./components/Navbar/components/NavbarAccount/NavbarAccount.tsx [Client Component Browser]
    ./components/Navbar/Navbar.tsx [Client Component Browser]
    ./components/Navbar/Navbar.tsx [Server Component]
    ./app/layout.tsx [Server Component]

  Client Component SSR:
    ./components/Navbar/components/NavbarAccount/NavbarAccount.tsx [Client Component SSR]
    ./components/Navbar/Navbar.tsx [Client Component SSR]
    ./components/Navbar/Navbar.tsx [Server Component]
    ./app/layout.tsx [Server Component]

https://nextjs.org/docs/messages/module-not-found @ http://localhost:3000/_next/static/chunks/node_modules_next_dist_1e8vcs8._.js:1052
[  319115ms] [ERROR] ./components/Navbar/components/NavbarAccount/NavbarAccount.tsx:5:1
Error: Module not found: Can't resolve './components/AccountMenuItem'
  3 |
  4 | import { AccountMenuHeader } from "./components/AccountMenuHeader";
> 5 | import { AccountMenuItem } from "./components/AccountMenuItem";
    | ^^^^^^^^^^^^^^^^^^^^^^^^^^^^^^^^^^^^^^^^^^^^^^^^^^^^^^^^^^^^^^
  6 | import { AccountMenuPlan } from "./components/AccountMenuPlan";
  7 | import {
  8 |   ACCOUNT_LABEL,

Import traces:
  Client Component Browser:
    ./components/Navbar/components/NavbarAccount/NavbarAccount.tsx [Client Component Browser]
    ./components/Navbar/Navbar.tsx [Client Component Browser]
    ./components/Navbar/Navbar.tsx [Server Component]
    ./app/layout.tsx [Server Component]

  Client Component SSR:
    ./components/Navbar/components/NavbarAccount/NavbarAccount.tsx [Client Component SSR]
    ./components/Navbar/Navbar.tsx [Client Component SSR]
    ./components/Navbar/Navbar.tsx [Server Component]
    ./app/layout.tsx [Server Component]

https://nextjs.org/docs/messages/module-not-found @ http://localhost:3000/_next/static/chunks/node_modules_next_dist_1e8vcs8._.js:1052
[  319116ms] [ERROR] ./components/Navbar/components/NavbarAccount/NavbarAccount.tsx:6:1
Error: Module not found: Can't resolve './components/AccountMenuPlan'
  4 | import { AccountMenuHeader } from "./components/AccountMenuHeader";
  5 | import { AccountMenuItem } from "./components/AccountMenuItem";
> 6 | import { AccountMenuPlan } from "./components/AccountMenuPlan";
    | ^^^^^^^^^^^^^^^^^^^^^^^^^^^^^^^^^^^^^^^^^^^^^^^^^^^^^^^^^^^^^^
  7 | import {
  8 |   ACCOUNT_LABEL,
  9 |   ACCOUNT_MENU_ENTRIES,

Import traces:
  Client Component Browser:
    ./components/Navbar/components/NavbarAccount/NavbarAccount.tsx [Client Component Browser]
    ./components/Navbar/Navbar.tsx [Client Component Browser]
    ./components/Navbar/Navbar.tsx [Server Component]
    ./app/layout.tsx [Server Component]

  Client Component SSR:
    ./components/Navbar/components/NavbarAccount/NavbarAccount.tsx [Client Component SSR]
    ./components/Navbar/Navbar.tsx [Client Component SSR]
    ./components/Navbar/Navbar.tsx [Server Component]
    ./app/layout.tsx [Server Component]

https://nextjs.org/docs/messages/module-not-found @ http://localhost:3000/_next/static/chunks/node_modules_next_dist_1e8vcs8._.js:1052
[  319165ms] [ERROR] ./components/Navbar/components/NavbarAccount/NavbarAccount.tsx:4:1
Error: Module not found: Can't resolve './components/AccountMenuHeader'
  2 | import { Avatar, Button, Dropdown, Separator } from "@heroui/react";
  3 |
> 4 | import { AccountMenuHeader } from "./components/AccountMenuHeader";
    | ^^^^^^^^^^^^^^^^^^^^^^^^^^^^^^^^^^^^^^^^^^^^^^^^^^^^^^^^^^^^^^^^^^
  5 | import { AccountMenuItem } from "./components/AccountMenuItem";
  6 | import { AccountMenuPlan } from "./components/AccountMenuPlan";
  7 | import {

Import traces:
  Client Component Browser:
    ./components/Navbar/components/NavbarAccount/NavbarAccount.tsx [Client Component Browser]
    ./components/Navbar/Navbar.tsx [Client Component Browser]
    ./components/Navbar/Navbar.tsx [Server Component]
    ./app/layout.tsx [Server Component]

  Client Component SSR:
    ./components/Navbar/components/NavbarAccount/NavbarAccount.tsx [Client Component SSR]
    ./components/Navbar/Navbar.tsx [Client Component SSR]
    ./components/Navbar/Navbar.tsx [Server Component]
    ./app/layout.tsx [Server Component]

https://nextjs.org/docs/messages/module-not-found @ http://localhost:3000/_next/static/chunks/node_modules_next_dist_1e8vcs8._.js:1052
[  319166ms] [ERROR] ./components/Navbar/components/NavbarAccount/NavbarAccount.tsx:5:1
Error: Module not found: Can't resolve './components/AccountMenuItem'
  3 |
  4 | import { AccountMenuHeader } from "./components/AccountMenuHeader";
> 5 | import { AccountMenuItem } from "./components/AccountMenuItem";
    | ^^^^^^^^^^^^^^^^^^^^^^^^^^^^^^^^^^^^^^^^^^^^^^^^^^^^^^^^^^^^^^
  6 | import { AccountMenuPlan } from "./components/AccountMenuPlan";
  7 | import {
  8 |   ACCOUNT_LABEL,

Import traces:
  Client Component Browser:
    ./components/Navbar/components/NavbarAccount/NavbarAccount.tsx [Client Component Browser]
    ./components/Navbar/Navbar.tsx [Client Component Browser]
    ./components/Navbar/Navbar.tsx [Server Component]
    ./app/layout.tsx [Server Component]

  Client Component SSR:
    ./components/Navbar/components/NavbarAccount/NavbarAccount.tsx [Client Component SSR]
    ./components/Navbar/Navbar.tsx [Client Component SSR]
    ./components/Navbar/Navbar.tsx [Server Component]
    ./app/layout.tsx [Server Component]

https://nextjs.org/docs/messages/module-not-found @ http://localhost:3000/_next/static/chunks/node_modules_next_dist_1e8vcs8._.js:1052
[  319166ms] [ERROR] ./components/Navbar/components/NavbarAccount/NavbarAccount.tsx:6:1
Error: Module not found: Can't resolve './components/AccountMenuPlan'
  4 | import { AccountMenuHeader } from "./components/AccountMenuHeader";
  5 | import { AccountMenuItem } from "./components/AccountMenuItem";
> 6 | import { AccountMenuPlan } from "./components/AccountMenuPlan";
    | ^^^^^^^^^^^^^^^^^^^^^^^^^^^^^^^^^^^^^^^^^^^^^^^^^^^^^^^^^^^^^^
  7 | import {
  8 |   ACCOUNT_LABEL,
  9 |   ACCOUNT_MENU_ENTRIES,

Import traces:
  Client Component Browser:
    ./components/Navbar/components/NavbarAccount/NavbarAccount.tsx [Client Component Browser]
    ./components/Navbar/Navbar.tsx [Client Component Browser]
    ./components/Navbar/Navbar.tsx [Server Component]
    ./app/layout.tsx [Server Component]

  Client Component SSR:
    ./components/Navbar/components/NavbarAccount/NavbarAccount.tsx [Client Component SSR]
    ./components/Navbar/Navbar.tsx [Client Component SSR]
    ./components/Navbar/Navbar.tsx [Server Component]
    ./app/layout.tsx [Server Component]

https://nextjs.org/docs/messages/module-not-found @ http://localhost:3000/_next/static/chunks/node_modules_next_dist_1e8vcs8._.js:1052
[  319231ms] [ERROR] ./components/Navbar/components/NavbarAccount/NavbarAccount.tsx:4:1
Error: Module not found: Can't resolve './components/AccountMenuHeader'
  2 | import { Avatar, Button, Dropdown, Separator } from "@heroui/react";
  3 |
> 4 | import { AccountMenuHeader } from "./components/AccountMenuHeader";
    | ^^^^^^^^^^^^^^^^^^^^^^^^^^^^^^^^^^^^^^^^^^^^^^^^^^^^^^^^^^^^^^^^^^
  5 | import { AccountMenuItem } from "./components/AccountMenuItem";
  6 | import { AccountMenuPlan } from "./components/AccountMenuPlan";
  7 | import {

Import traces:
  Client Component Browser:
    ./components/Navbar/components/NavbarAccount/NavbarAccount.tsx [Client Component Browser]
    ./components/Navbar/Navbar.tsx [Client Component Browser]
    ./components/Navbar/Navbar.tsx [Server Component]
    ./app/layout.tsx [Server Component]

  Client Component SSR:
    ./components/Navbar/components/NavbarAccount/NavbarAccount.tsx [Client Component SSR]
    ./components/Navbar/Navbar.tsx [Client Component SSR]
    ./components/Navbar/Navbar.tsx [Server Component]
    ./app/layout.tsx [Server Component]

https://nextjs.org/docs/messages/module-not-found @ http://localhost:3000/_next/static/chunks/node_modules_next_dist_1e8vcs8._.js:1052
[  319231ms] [ERROR] ./components/Navbar/components/NavbarAccount/NavbarAccount.tsx:5:1
Error: Module not found: Can't resolve './components/AccountMenuItem'
  3 |
  4 | import { AccountMenuHeader } from "./components/AccountMenuHeader";
> 5 | import { AccountMenuItem } from "./components/AccountMenuItem";
    | ^^^^^^^^^^^^^^^^^^^^^^^^^^^^^^^^^^^^^^^^^^^^^^^^^^^^^^^^^^^^^^
  6 | import { AccountMenuPlan } from "./components/AccountMenuPlan";
  7 | import {
  8 |   ACCOUNT_LABEL,

Import traces:
  Client Component Browser:
    ./components/Navbar/components/NavbarAccount/NavbarAccount.tsx [Client Component Browser]
    ./components/Navbar/Navbar.tsx [Client Component Browser]
    ./components/Navbar/Navbar.tsx [Server Component]
    ./app/layout.tsx [Server Component]

  Client Component SSR:
    ./components/Navbar/components/NavbarAccount/NavbarAccount.tsx [Client Component SSR]
    ./components/Navbar/Navbar.tsx [Client Component SSR]
    ./components/Navbar/Navbar.tsx [Server Component]
    ./app/layout.tsx [Server Component]

https://nextjs.org/docs/messages/module-not-found @ http://localhost:3000/_next/static/chunks/node_modules_next_dist_1e8vcs8._.js:1052
[  319232ms] [ERROR] ./components/Navbar/components/NavbarAccount/NavbarAccount.tsx:6:1
Error: Module not found: Can't resolve './components/AccountMenuPlan'
  4 | import { AccountMenuHeader } from "./components/AccountMenuHeader";
  5 | import { AccountMenuItem } from "./components/AccountMenuItem";
> 6 | import { AccountMenuPlan } from "./components/AccountMenuPlan";
    | ^^^^^^^^^^^^^^^^^^^^^^^^^^^^^^^^^^^^^^^^^^^^^^^^^^^^^^^^^^^^^^
  7 | import {
  8 |   ACCOUNT_LABEL,
  9 |   ACCOUNT_MENU_ENTRIES,

Import traces:
  Client Component Browser:
    ./components/Navbar/components/NavbarAccount/NavbarAccount.tsx [Client Component Browser]
    ./components/Navbar/Navbar.tsx [Client Component Browser]
    ./components/Navbar/Navbar.tsx [Server Component]
    ./app/layout.tsx [Server Component]

  Client Component SSR:
    ./components/Navbar/components/NavbarAccount/NavbarAccount.tsx [Client Component SSR]
    ./components/Navbar/Navbar.tsx [Client Component SSR]
    ./components/Navbar/Navbar.tsx [Server Component]
    ./app/layout.tsx [Server Component]

https://nextjs.org/docs/messages/module-not-found @ http://localhost:3000/_next/static/chunks/node_modules_next_dist_1e8vcs8._.js:1052
[  319282ms] [ERROR] ./components/Navbar/components/NavbarAccount/NavbarAccount.tsx:4:1
Error: Module not found: Can't resolve './components/AccountMenuHeader'
  2 | import { Avatar, Button, Dropdown, Separator } from "@heroui/react";
  3 |
> 4 | import { AccountMenuHeader } from "./components/AccountMenuHeader";
    | ^^^^^^^^^^^^^^^^^^^^^^^^^^^^^^^^^^^^^^^^^^^^^^^^^^^^^^^^^^^^^^^^^^
  5 | import { AccountMenuItem } from "./components/AccountMenuItem";
  6 | import { AccountMenuPlan } from "./components/AccountMenuPlan";
  7 | import {

Import traces:
  Client Component Browser:
    ./components/Navbar/components/NavbarAccount/NavbarAccount.tsx [Client Component Browser]
    ./components/Navbar/Navbar.tsx [Client Component Browser]
    ./components/Navbar/Navbar.tsx [Server Component]
    ./app/layout.tsx [Server Component]

  Client Component SSR:
    ./components/Navbar/components/NavbarAccount/NavbarAccount.tsx [Client Component SSR]
    ./components/Navbar/Navbar.tsx [Client Component SSR]
    ./components/Navbar/Navbar.tsx [Server Component]
    ./app/layout.tsx [Server Component]

https://nextjs.org/docs/messages/module-not-found @ http://localhost:3000/_next/static/chunks/node_modules_next_dist_1e8vcs8._.js:1052
[  319282ms] [ERROR] ./components/Navbar/components/NavbarAccount/NavbarAccount.tsx:5:1
Error: Module not found: Can't resolve './components/AccountMenuItem'
  3 |
  4 | import { AccountMenuHeader } from "./components/AccountMenuHeader";
> 5 | import { AccountMenuItem } from "./components/AccountMenuItem";
    | ^^^^^^^^^^^^^^^^^^^^^^^^^^^^^^^^^^^^^^^^^^^^^^^^^^^^^^^^^^^^^^
  6 | import { AccountMenuPlan } from "./components/AccountMenuPlan";
  7 | import {
  8 |   ACCOUNT_LABEL,

Import traces:
  Client Component Browser:
    ./components/Navbar/components/NavbarAccount/NavbarAccount.tsx [Client Component Browser]
    ./components/Navbar/Navbar.tsx [Client Component Browser]
    ./components/Navbar/Navbar.tsx [Server Component]
    ./app/layout.tsx [Server Component]

  Client Component SSR:
    ./components/Navbar/components/NavbarAccount/NavbarAccount.tsx [Client Component SSR]
    ./components/Navbar/Navbar.tsx [Client Component SSR]
    ./components/Navbar/Navbar.tsx [Server Component]
    ./app/layout.tsx [Server Component]

https://nextjs.org/docs/messages/module-not-found @ http://localhost:3000/_next/static/chunks/node_modules_next_dist_1e8vcs8._.js:1052
[  319282ms] [ERROR] ./components/Navbar/components/NavbarAccount/NavbarAccount.tsx:6:1
Error: Module not found: Can't resolve './components/AccountMenuPlan'
  4 | import { AccountMenuHeader } from "./components/AccountMenuHeader";
  5 | import { AccountMenuItem } from "./components/AccountMenuItem";
> 6 | import { AccountMenuPlan } from "./components/AccountMenuPlan";
    | ^^^^^^^^^^^^^^^^^^^^^^^^^^^^^^^^^^^^^^^^^^^^^^^^^^^^^^^^^^^^^^
  7 | import {
  8 |   ACCOUNT_LABEL,
  9 |   ACCOUNT_MENU_ENTRIES,

Import traces:
  Client Component Browser:
    ./components/Navbar/components/NavbarAccount/NavbarAccount.tsx [Client Component Browser]
    ./components/Navbar/Navbar.tsx [Client Component Browser]
    ./components/Navbar/Navbar.tsx [Server Component]
    ./app/layout.tsx [Server Component]

  Client Component SSR:
    ./components/Navbar/components/NavbarAccount/NavbarAccount.tsx [Client Component SSR]
    ./components/Navbar/Navbar.tsx [Client Component SSR]
    ./components/Navbar/Navbar.tsx [Server Component]
    ./app/layout.tsx [Server Component]

https://nextjs.org/docs/messages/module-not-found @ http://localhost:3000/_next/static/chunks/node_modules_next_dist_1e8vcs8._.js:1052
[  319331ms] [ERROR] ./components/Navbar/components/NavbarAccount/NavbarAccount.tsx:4:1
Error: Module not found: Can't resolve './components/AccountMenuHeader'
  2 | import { Avatar, Button, Dropdown, Separator } from "@heroui/react";
  3 |
> 4 | import { AccountMenuHeader } from "./components/AccountMenuHeader";
    | ^^^^^^^^^^^^^^^^^^^^^^^^^^^^^^^^^^^^^^^^^^^^^^^^^^^^^^^^^^^^^^^^^^
  5 | import { AccountMenuItem } from "./components/AccountMenuItem";
  6 | import { AccountMenuPlan } from "./components/AccountMenuPlan";
  7 | import {

Import traces:
  Client Component Browser:
    ./components/Navbar/components/NavbarAccount/NavbarAccount.tsx [Client Component Browser]
    ./components/Navbar/Navbar.tsx [Client Component Browser]
    ./components/Navbar/Navbar.tsx [Server Component]
    ./app/layout.tsx [Server Component]

  Client Component SSR:
    ./components/Navbar/components/NavbarAccount/NavbarAccount.tsx [Client Component SSR]
    ./components/Navbar/Navbar.tsx [Client Component SSR]
    ./components/Navbar/Navbar.tsx [Server Component]
    ./app/layout.tsx [Server Component]

https://nextjs.org/docs/messages/module-not-found @ http://localhost:3000/_next/static/chunks/node_modules_next_dist_1e8vcs8._.js:1052
[  319331ms] [ERROR] ./components/Navbar/components/NavbarAccount/NavbarAccount.tsx:5:1
Error: Module not found: Can't resolve './components/AccountMenuItem'
  3 |
  4 | import { AccountMenuHeader } from "./components/AccountMenuHeader";
> 5 | import { AccountMenuItem } from "./components/AccountMenuItem";
    | ^^^^^^^^^^^^^^^^^^^^^^^^^^^^^^^^^^^^^^^^^^^^^^^^^^^^^^^^^^^^^^
  6 | import { AccountMenuPlan } from "./components/AccountMenuPlan";
  7 | import {
  8 |   ACCOUNT_LABEL,

Import traces:
  Client Component Browser:
    ./components/Navbar/components/NavbarAccount/NavbarAccount.tsx [Client Component Browser]
    ./components/Navbar/Navbar.tsx [Client Component Browser]
    ./components/Navbar/Navbar.tsx [Server Component]
    ./app/layout.tsx [Server Component]

  Client Component SSR:
    ./components/Navbar/components/NavbarAccount/NavbarAccount.tsx [Client Component SSR]
    ./components/Navbar/Navbar.tsx [Client Component SSR]
    ./components/Navbar/Navbar.tsx [Server Component]
    ./app/layout.tsx [Server Component]

https://nextjs.org/docs/messages/module-not-found @ http://localhost:3000/_next/static/chunks/node_modules_next_dist_1e8vcs8._.js:1052
[  319331ms] [ERROR] ./components/Navbar/components/NavbarAccount/NavbarAccount.tsx:6:1
Error: Module not found: Can't resolve './components/AccountMenuPlan'
  4 | import { AccountMenuHeader } from "./components/AccountMenuHeader";
  5 | import { AccountMenuItem } from "./components/AccountMenuItem";
> 6 | import { AccountMenuPlan } from "./components/AccountMenuPlan";
    | ^^^^^^^^^^^^^^^^^^^^^^^^^^^^^^^^^^^^^^^^^^^^^^^^^^^^^^^^^^^^^^
  7 | import {
  8 |   ACCOUNT_LABEL,
  9 |   ACCOUNT_MENU_ENTRIES,

Import traces:
  Client Component Browser:
    ./components/Navbar/components/NavbarAccount/NavbarAccount.tsx [Client Component Browser]
    ./components/Navbar/Navbar.tsx [Client Component Browser]
    ./components/Navbar/Navbar.tsx [Server Component]
    ./app/layout.tsx [Server Component]

  Client Component SSR:
    ./components/Navbar/components/NavbarAccount/NavbarAccount.tsx [Client Component SSR]
    ./components/Navbar/Navbar.tsx [Client Component SSR]
    ./components/Navbar/Navbar.tsx [Server Component]
    ./app/layout.tsx [Server Component]

https://nextjs.org/docs/messages/module-not-found @ http://localhost:3000/_next/static/chunks/node_modules_next_dist_1e8vcs8._.js:1052
[  319383ms] [ERROR] ./components/Navbar/components/NavbarAccount/NavbarAccount.tsx:4:1
Error: Module not found: Can't resolve './components/AccountMenuHeader'
  2 | import { Avatar, Button, Dropdown, Separator } from "@heroui/react";
  3 |
> 4 | import { AccountMenuHeader } from "./components/AccountMenuHeader";
    | ^^^^^^^^^^^^^^^^^^^^^^^^^^^^^^^^^^^^^^^^^^^^^^^^^^^^^^^^^^^^^^^^^^
  5 | import { AccountMenuItem } from "./components/AccountMenuItem";
  6 | import { AccountMenuPlan } from "./components/AccountMenuPlan";
  7 | import {

Import traces:
  Client Component Browser:
    ./components/Navbar/components/NavbarAccount/NavbarAccount.tsx [Client Component Browser]
    ./components/Navbar/Navbar.tsx [Client Component Browser]
    ./components/Navbar/Navbar.tsx [Server Component]
    ./app/layout.tsx [Server Component]

  Client Component SSR:
    ./components/Navbar/components/NavbarAccount/NavbarAccount.tsx [Client Component SSR]
    ./components/Navbar/Navbar.tsx [Client Component SSR]
    ./components/Navbar/Navbar.tsx [Server Component]
    ./app/layout.tsx [Server Component]

https://nextjs.org/docs/messages/module-not-found @ http://localhost:3000/_next/static/chunks/node_modules_next_dist_1e8vcs8._.js:1052
[  319383ms] [ERROR] ./components/Navbar/components/NavbarAccount/NavbarAccount.tsx:5:1
Error: Module not found: Can't resolve './components/AccountMenuItem'
  3 |
  4 | import { AccountMenuHeader } from "./components/AccountMenuHeader";
> 5 | import { AccountMenuItem } from "./components/AccountMenuItem";
    | ^^^^^^^^^^^^^^^^^^^^^^^^^^^^^^^^^^^^^^^^^^^^^^^^^^^^^^^^^^^^^^
  6 | import { AccountMenuPlan } from "./components/AccountMenuPlan";
  7 | import {
  8 |   ACCOUNT_LABEL,

Import traces:
  Client Component Browser:
    ./components/Navbar/components/NavbarAccount/NavbarAccount.tsx [Client Component Browser]
    ./components/Navbar/Navbar.tsx [Client Component Browser]
    ./components/Navbar/Navbar.tsx [Server Component]
    ./app/layout.tsx [Server Component]

  Client Component SSR:
    ./components/Navbar/components/NavbarAccount/NavbarAccount.tsx [Client Component SSR]
    ./components/Navbar/Navbar.tsx [Client Component SSR]
    ./components/Navbar/Navbar.tsx [Server Component]
    ./app/layout.tsx [Server Component]

https://nextjs.org/docs/messages/module-not-found @ http://localhost:3000/_next/static/chunks/node_modules_next_dist_1e8vcs8._.js:1052
[  319383ms] [ERROR] ./components/Navbar/components/NavbarAccount/NavbarAccount.tsx:6:1
Error: Module not found: Can't resolve './components/AccountMenuPlan'
  4 | import { AccountMenuHeader } from "./components/AccountMenuHeader";
  5 | import { AccountMenuItem } from "./components/AccountMenuItem";
> 6 | import { AccountMenuPlan } from "./components/AccountMenuPlan";
    | ^^^^^^^^^^^^^^^^^^^^^^^^^^^^^^^^^^^^^^^^^^^^^^^^^^^^^^^^^^^^^^
  7 | import {
  8 |   ACCOUNT_LABEL,
  9 |   ACCOUNT_MENU_ENTRIES,

Import traces:
  Client Component Browser:
    ./components/Navbar/components/NavbarAccount/NavbarAccount.tsx [Client Component Browser]
    ./components/Navbar/Navbar.tsx [Client Component Browser]
    ./components/Navbar/Navbar.tsx [Server Component]
    ./app/layout.tsx [Server Component]

  Client Component SSR:
    ./components/Navbar/components/NavbarAccount/NavbarAccount.tsx [Client Component SSR]
    ./components/Navbar/Navbar.tsx [Client Component SSR]
    ./components/Navbar/Navbar.tsx [Server Component]
    ./app/layout.tsx [Server Component]

https://nextjs.org/docs/messages/module-not-found @ http://localhost:3000/_next/static/chunks/node_modules_next_dist_1e8vcs8._.js:1052
[  319446ms] [ERROR] ./components/Navbar/components/NavbarAccount/NavbarAccount.tsx:4:1
Error: Module not found: Can't resolve './components/AccountMenuHeader'
  2 | import { Avatar, Button, Dropdown, Separator } from "@heroui/react";
  3 |
> 4 | import { AccountMenuHeader } from "./components/AccountMenuHeader";
    | ^^^^^^^^^^^^^^^^^^^^^^^^^^^^^^^^^^^^^^^^^^^^^^^^^^^^^^^^^^^^^^^^^^
  5 | import { AccountMenuItem } from "./components/AccountMenuItem";
  6 | import { AccountMenuPlan } from "./components/AccountMenuPlan";
  7 | import {

Import traces:
  Client Component Browser:
    ./components/Navbar/components/NavbarAccount/NavbarAccount.tsx [Client Component Browser]
    ./components/Navbar/Navbar.tsx [Client Component Browser]
    ./components/Navbar/Navbar.tsx [Server Component]
    ./app/layout.tsx [Server Component]

  Client Component SSR:
    ./components/Navbar/components/NavbarAccount/NavbarAccount.tsx [Client Component SSR]
    ./components/Navbar/Navbar.tsx [Client Component SSR]
    ./components/Navbar/Navbar.tsx [Server Component]
    ./app/layout.tsx [Server Component]

https://nextjs.org/docs/messages/module-not-found @ http://localhost:3000/_next/static/chunks/node_modules_next_dist_1e8vcs8._.js:1052
[  319447ms] [ERROR] ./components/Navbar/components/NavbarAccount/NavbarAccount.tsx:5:1
Error: Module not found: Can't resolve './components/AccountMenuItem'
  3 |
  4 | import { AccountMenuHeader } from "./components/AccountMenuHeader";
> 5 | import { AccountMenuItem } from "./components/AccountMenuItem";
    | ^^^^^^^^^^^^^^^^^^^^^^^^^^^^^^^^^^^^^^^^^^^^^^^^^^^^^^^^^^^^^^
  6 | import { AccountMenuPlan } from "./components/AccountMenuPlan";
  7 | import {
  8 |   ACCOUNT_LABEL,

Import traces:
  Client Component Browser:
    ./components/Navbar/components/NavbarAccount/NavbarAccount.tsx [Client Component Browser]
    ./components/Navbar/Navbar.tsx [Client Component Browser]
    ./components/Navbar/Navbar.tsx [Server Component]
    ./app/layout.tsx [Server Component]

  Client Component SSR:
    ./components/Navbar/components/NavbarAccount/NavbarAccount.tsx [Client Component SSR]
    ./components/Navbar/Navbar.tsx [Client Component SSR]
    ./components/Navbar/Navbar.tsx [Server Component]
    ./app/layout.tsx [Server Component]

https://nextjs.org/docs/messages/module-not-found @ http://localhost:3000/_next/static/chunks/node_modules_next_dist_1e8vcs8._.js:1052
[  319447ms] [ERROR] ./components/Navbar/components/NavbarAccount/NavbarAccount.tsx:6:1
Error: Module not found: Can't resolve './components/AccountMenuPlan'
  4 | import { AccountMenuHeader } from "./components/AccountMenuHeader";
  5 | import { AccountMenuItem } from "./components/AccountMenuItem";
> 6 | import { AccountMenuPlan } from "./components/AccountMenuPlan";
    | ^^^^^^^^^^^^^^^^^^^^^^^^^^^^^^^^^^^^^^^^^^^^^^^^^^^^^^^^^^^^^^
  7 | import {
  8 |   ACCOUNT_LABEL,
  9 |   ACCOUNT_MENU_ENTRIES,

Import traces:
  Client Component Browser:
    ./components/Navbar/components/NavbarAccount/NavbarAccount.tsx [Client Component Browser]
    ./components/Navbar/Navbar.tsx [Client Component Browser]
    ./components/Navbar/Navbar.tsx [Server Component]
    ./app/layout.tsx [Server Component]

  Client Component SSR:
    ./components/Navbar/components/NavbarAccount/NavbarAccount.tsx [Client Component SSR]
    ./components/Navbar/Navbar.tsx [Client Component SSR]
    ./components/Navbar/Navbar.tsx [Server Component]
    ./app/layout.tsx [Server Component]

https://nextjs.org/docs/messages/module-not-found @ http://localhost:3000/_next/static/chunks/node_modules_next_dist_1e8vcs8._.js:1052
[  319695ms] [LOG] [Fast Refresh] rebuilding @ http://localhost:3000/_next/static/chunks/node_modules_next_dist_1e8vcs8._.js:776
[  319696ms] [ERROR] ./components/Navbar/components/NavbarAccount/NavbarAccount.tsx:4:1
Error: Module not found: Can't resolve './components/AccountMenuHeader'
  2 | import { Avatar, Button, Dropdown, Separator } from "@heroui/react";
  3 |
> 4 | import { AccountMenuHeader } from "./components/AccountMenuHeader";
    | ^^^^^^^^^^^^^^^^^^^^^^^^^^^^^^^^^^^^^^^^^^^^^^^^^^^^^^^^^^^^^^^^^^
  5 | import { AccountMenuItem } from "./components/AccountMenuItem";
  6 | import { AccountMenuPlan } from "./components/AccountMenuPlan";
  7 | import {

Import traces:
  Client Component Browser:
    ./components/Navbar/components/NavbarAccount/NavbarAccount.tsx [Client Component Browser]
    ./components/Navbar/Navbar.tsx [Client Component Browser]
    ./components/Navbar/Navbar.tsx [Server Component]
    ./app/layout.tsx [Server Component]

  Client Component SSR:
    ./components/Navbar/components/NavbarAccount/NavbarAccount.tsx [Client Component SSR]
    ./components/Navbar/Navbar.tsx [Client Component SSR]
    ./components/Navbar/Navbar.tsx [Server Component]
    ./app/layout.tsx [Server Component]

https://nextjs.org/docs/messages/module-not-found @ http://localhost:3000/_next/static/chunks/node_modules_next_dist_1e8vcs8._.js:1052
[  319696ms] [ERROR] ./components/Navbar/components/NavbarAccount/NavbarAccount.tsx:5:1
Error: Module not found: Can't resolve './components/AccountMenuItem'
  3 |
  4 | import { AccountMenuHeader } from "./components/AccountMenuHeader";
> 5 | import { AccountMenuItem } from "./components/AccountMenuItem";
    | ^^^^^^^^^^^^^^^^^^^^^^^^^^^^^^^^^^^^^^^^^^^^^^^^^^^^^^^^^^^^^^
  6 | import { AccountMenuPlan } from "./components/AccountMenuPlan";
  7 | import {
  8 |   ACCOUNT_LABEL,

Import traces:
  Client Component Browser:
    ./components/Navbar/components/NavbarAccount/NavbarAccount.tsx [Client Component Browser]
    ./components/Navbar/Navbar.tsx [Client Component Browser]
    ./components/Navbar/Navbar.tsx [Server Component]
    ./app/layout.tsx [Server Component]

  Client Component SSR:
    ./components/Navbar/components/NavbarAccount/NavbarAccount.tsx [Client Component SSR]
    ./components/Navbar/Navbar.tsx [Client Component SSR]
    ./components/Navbar/Navbar.tsx [Server Component]
    ./app/layout.tsx [Server Component]

https://nextjs.org/docs/messages/module-not-found @ http://localhost:3000/_next/static/chunks/node_modules_next_dist_1e8vcs8._.js:1052
[  319696ms] [ERROR] ./components/Navbar/components/NavbarAccount/NavbarAccount.tsx:6:1
Error: Module not found: Can't resolve './components/AccountMenuPlan'
  4 | import { AccountMenuHeader } from "./components/AccountMenuHeader";
  5 | import { AccountMenuItem } from "./components/AccountMenuItem";
> 6 | import { AccountMenuPlan } from "./components/AccountMenuPlan";
    | ^^^^^^^^^^^^^^^^^^^^^^^^^^^^^^^^^^^^^^^^^^^^^^^^^^^^^^^^^^^^^^
  7 | import {
  8 |   ACCOUNT_LABEL,
  9 |   ACCOUNT_MENU_ENTRIES,

Import traces:
  Client Component Browser:
    ./components/Navbar/components/NavbarAccount/NavbarAccount.tsx [Client Component Browser]
    ./components/Navbar/Navbar.tsx [Client Component Browser]
    ./components/Navbar/Navbar.tsx [Server Component]
    ./app/layout.tsx [Server Component]

  Client Component SSR:
    ./components/Navbar/components/NavbarAccount/NavbarAccount.tsx [Client Component SSR]
    ./components/Navbar/Navbar.tsx [Client Component SSR]
    ./components/Navbar/Navbar.tsx [Server Component]
    ./app/layout.tsx [Server Component]

https://nextjs.org/docs/messages/module-not-found @ http://localhost:3000/_next/static/chunks/node_modules_next_dist_1e8vcs8._.js:1052
[  319748ms] [ERROR] ./components/Navbar/components/NavbarAccount/NavbarAccount.tsx:4:1
Error: Module not found: Can't resolve './components/AccountMenuHeader'
  2 | import { Avatar, Button, Dropdown, Separator } from "@heroui/react";
  3 |
> 4 | import { AccountMenuHeader } from "./components/AccountMenuHeader";
    | ^^^^^^^^^^^^^^^^^^^^^^^^^^^^^^^^^^^^^^^^^^^^^^^^^^^^^^^^^^^^^^^^^^
  5 | import { AccountMenuItem } from "./components/AccountMenuItem";
  6 | import { AccountMenuPlan } from "./components/AccountMenuPlan";
  7 | import {

Import traces:
  Client Component Browser:
    ./components/Navbar/components/NavbarAccount/NavbarAccount.tsx [Client Component Browser]
    ./components/Navbar/Navbar.tsx [Client Component Browser]
    ./components/Navbar/Navbar.tsx [Server Component]
    ./app/layout.tsx [Server Component]

  Client Component SSR:
    ./components/Navbar/components/NavbarAccount/NavbarAccount.tsx [Client Component SSR]
    ./components/Navbar/Navbar.tsx [Client Component SSR]
    ./components/Navbar/Navbar.tsx [Server Component]
    ./app/layout.tsx [Server Component]

https://nextjs.org/docs/messages/module-not-found @ http://localhost:3000/_next/static/chunks/node_modules_next_dist_1e8vcs8._.js:1052
[  319749ms] [ERROR] ./components/Navbar/components/NavbarAccount/NavbarAccount.tsx:5:1
Error: Module not found: Can't resolve './components/AccountMenuItem'
  3 |
  4 | import { AccountMenuHeader } from "./components/AccountMenuHeader";
> 5 | import { AccountMenuItem } from "./components/AccountMenuItem";
    | ^^^^^^^^^^^^^^^^^^^^^^^^^^^^^^^^^^^^^^^^^^^^^^^^^^^^^^^^^^^^^^
  6 | import { AccountMenuPlan } from "./components/AccountMenuPlan";
  7 | import {
  8 |   ACCOUNT_LABEL,

Import traces:
  Client Component Browser:
    ./components/Navbar/components/NavbarAccount/NavbarAccount.tsx [Client Component Browser]
    ./components/Navbar/Navbar.tsx [Client Component Browser]
    ./components/Navbar/Navbar.tsx [Server Component]
    ./app/layout.tsx [Server Component]

  Client Component SSR:
    ./components/Navbar/components/NavbarAccount/NavbarAccount.tsx [Client Component SSR]
    ./components/Navbar/Navbar.tsx [Client Component SSR]
    ./components/Navbar/Navbar.tsx [Server Component]
    ./app/layout.tsx [Server Component]

https://nextjs.org/docs/messages/module-not-found @ http://localhost:3000/_next/static/chunks/node_modules_next_dist_1e8vcs8._.js:1052
[  319749ms] [ERROR] ./components/Navbar/components/NavbarAccount/NavbarAccount.tsx:6:1
Error: Module not found: Can't resolve './components/AccountMenuPlan'
  4 | import { AccountMenuHeader } from "./components/AccountMenuHeader";
  5 | import { AccountMenuItem } from "./components/AccountMenuItem";
> 6 | import { AccountMenuPlan } from "./components/AccountMenuPlan";
    | ^^^^^^^^^^^^^^^^^^^^^^^^^^^^^^^^^^^^^^^^^^^^^^^^^^^^^^^^^^^^^^
  7 | import {
  8 |   ACCOUNT_LABEL,
  9 |   ACCOUNT_MENU_ENTRIES,

Import traces:
  Client Component Browser:
    ./components/Navbar/components/NavbarAccount/NavbarAccount.tsx [Client Component Browser]
    ./components/Navbar/Navbar.tsx [Client Component Browser]
    ./components/Navbar/Navbar.tsx [Server Component]
    ./app/layout.tsx [Server Component]

  Client Component SSR:
    ./components/Navbar/components/NavbarAccount/NavbarAccount.tsx [Client Component SSR]
    ./components/Navbar/Navbar.tsx [Client Component SSR]
    ./components/Navbar/Navbar.tsx [Server Component]
    ./app/layout.tsx [Server Component]

https://nextjs.org/docs/messages/module-not-found @ http://localhost:3000/_next/static/chunks/node_modules_next_dist_1e8vcs8._.js:1052
[  319800ms] [ERROR] ./components/Navbar/components/NavbarAccount/NavbarAccount.tsx:4:1
Error: Module not found: Can't resolve './components/AccountMenuHeader'
  2 | import { Avatar, Button, Dropdown, Separator } from "@heroui/react";
  3 |
> 4 | import { AccountMenuHeader } from "./components/AccountMenuHeader";
    | ^^^^^^^^^^^^^^^^^^^^^^^^^^^^^^^^^^^^^^^^^^^^^^^^^^^^^^^^^^^^^^^^^^
  5 | import { AccountMenuItem } from "./components/AccountMenuItem";
  6 | import { AccountMenuPlan } from "./components/AccountMenuPlan";
  7 | import {

Import traces:
  Client Component Browser:
    ./components/Navbar/components/NavbarAccount/NavbarAccount.tsx [Client Component Browser]
    ./components/Navbar/Navbar.tsx [Client Component Browser]
    ./components/Navbar/Navbar.tsx [Server Component]
    ./app/layout.tsx [Server Component]

  Client Component SSR:
    ./components/Navbar/components/NavbarAccount/NavbarAccount.tsx [Client Component SSR]
    ./components/Navbar/Navbar.tsx [Client Component SSR]
    ./components/Navbar/Navbar.tsx [Server Component]
    ./app/layout.tsx [Server Component]

https://nextjs.org/docs/messages/module-not-found @ http://localhost:3000/_next/static/chunks/node_modules_next_dist_1e8vcs8._.js:1052
[  319801ms] [ERROR] ./components/Navbar/components/NavbarAccount/NavbarAccount.tsx:5:1
Error: Module not found: Can't resolve './components/AccountMenuItem'
  3 |
  4 | import { AccountMenuHeader } from "./components/AccountMenuHeader";
> 5 | import { AccountMenuItem } from "./components/AccountMenuItem";
    | ^^^^^^^^^^^^^^^^^^^^^^^^^^^^^^^^^^^^^^^^^^^^^^^^^^^^^^^^^^^^^^
  6 | import { AccountMenuPlan } from "./components/AccountMenuPlan";
  7 | import {
  8 |   ACCOUNT_LABEL,

Import traces:
  Client Component Browser:
    ./components/Navbar/components/NavbarAccount/NavbarAccount.tsx [Client Component Browser]
    ./components/Navbar/Navbar.tsx [Client Component Browser]
    ./components/Navbar/Navbar.tsx [Server Component]
    ./app/layout.tsx [Server Component]

  Client Component SSR:
    ./components/Navbar/components/NavbarAccount/NavbarAccount.tsx [Client Component SSR]
    ./components/Navbar/Navbar.tsx [Client Component SSR]
    ./components/Navbar/Navbar.tsx [Server Component]
    ./app/layout.tsx [Server Component]

https://nextjs.org/docs/messages/module-not-found @ http://localhost:3000/_next/static/chunks/node_modules_next_dist_1e8vcs8._.js:1052
[  319801ms] [ERROR] ./components/Navbar/components/NavbarAccount/NavbarAccount.tsx:6:1
Error: Module not found: Can't resolve './components/AccountMenuPlan'
  4 | import { AccountMenuHeader } from "./components/AccountMenuHeader";
  5 | import { AccountMenuItem } from "./components/AccountMenuItem";
> 6 | import { AccountMenuPlan } from "./components/AccountMenuPlan";
    | ^^^^^^^^^^^^^^^^^^^^^^^^^^^^^^^^^^^^^^^^^^^^^^^^^^^^^^^^^^^^^^
  7 | import {
  8 |   ACCOUNT_LABEL,
  9 |   ACCOUNT_MENU_ENTRIES,

Import traces:
  Client Component Browser:
    ./components/Navbar/components/NavbarAccount/NavbarAccount.tsx [Client Component Browser]
    ./components/Navbar/Navbar.tsx [Client Component Browser]
    ./components/Navbar/Navbar.tsx [Server Component]
    ./app/layout.tsx [Server Component]

  Client Component SSR:
    ./components/Navbar/components/NavbarAccount/NavbarAccount.tsx [Client Component SSR]
    ./components/Navbar/Navbar.tsx [Client Component SSR]
    ./components/Navbar/Navbar.tsx [Server Component]
    ./app/layout.tsx [Server Component]

https://nextjs.org/docs/messages/module-not-found @ http://localhost:3000/_next/static/chunks/node_modules_next_dist_1e8vcs8._.js:1052
[  319865ms] [ERROR] ./components/Navbar/components/NavbarAccount/NavbarAccount.tsx:4:1
Error: Module not found: Can't resolve './components/AccountMenuHeader'
  2 | import { Avatar, Button, Dropdown, Separator } from "@heroui/react";
  3 |
> 4 | import { AccountMenuHeader } from "./components/AccountMenuHeader";
    | ^^^^^^^^^^^^^^^^^^^^^^^^^^^^^^^^^^^^^^^^^^^^^^^^^^^^^^^^^^^^^^^^^^
  5 | import { AccountMenuItem } from "./components/AccountMenuItem";
  6 | import { AccountMenuPlan } from "./components/AccountMenuPlan";
  7 | import {

Import traces:
  Client Component Browser:
    ./components/Navbar/components/NavbarAccount/NavbarAccount.tsx [Client Component Browser]
    ./components/Navbar/Navbar.tsx [Client Component Browser]
    ./components/Navbar/Navbar.tsx [Server Component]
    ./app/layout.tsx [Server Component]

  Client Component SSR:
    ./components/Navbar/components/NavbarAccount/NavbarAccount.tsx [Client Component SSR]
    ./components/Navbar/Navbar.tsx [Client Component SSR]
    ./components/Navbar/Navbar.tsx [Server Component]
    ./app/layout.tsx [Server Component]

https://nextjs.org/docs/messages/module-not-found @ http://localhost:3000/_next/static/chunks/node_modules_next_dist_1e8vcs8._.js:1052
[  319866ms] [ERROR] ./components/Navbar/components/NavbarAccount/NavbarAccount.tsx:5:1
Error: Module not found: Can't resolve './components/AccountMenuItem'
  3 |
  4 | import { AccountMenuHeader } from "./components/AccountMenuHeader";
> 5 | import { AccountMenuItem } from "./components/AccountMenuItem";
    | ^^^^^^^^^^^^^^^^^^^^^^^^^^^^^^^^^^^^^^^^^^^^^^^^^^^^^^^^^^^^^^
  6 | import { AccountMenuPlan } from "./components/AccountMenuPlan";
  7 | import {
  8 |   ACCOUNT_LABEL,

Import traces:
  Client Component Browser:
    ./components/Navbar/components/NavbarAccount/NavbarAccount.tsx [Client Component Browser]
    ./components/Navbar/Navbar.tsx [Client Component Browser]
    ./components/Navbar/Navbar.tsx [Server Component]
    ./app/layout.tsx [Server Component]

  Client Component SSR:
    ./components/Navbar/components/NavbarAccount/NavbarAccount.tsx [Client Component SSR]
    ./components/Navbar/Navbar.tsx [Client Component SSR]
    ./components/Navbar/Navbar.tsx [Server Component]
    ./app/layout.tsx [Server Component]

https://nextjs.org/docs/messages/module-not-found @ http://localhost:3000/_next/static/chunks/node_modules_next_dist_1e8vcs8._.js:1052
[  319866ms] [ERROR] ./components/Navbar/components/NavbarAccount/NavbarAccount.tsx:6:1
Error: Module not found: Can't resolve './components/AccountMenuPlan'
  4 | import { AccountMenuHeader } from "./components/AccountMenuHeader";
  5 | import { AccountMenuItem } from "./components/AccountMenuItem";
> 6 | import { AccountMenuPlan } from "./components/AccountMenuPlan";
    | ^^^^^^^^^^^^^^^^^^^^^^^^^^^^^^^^^^^^^^^^^^^^^^^^^^^^^^^^^^^^^^
  7 | import {
  8 |   ACCOUNT_LABEL,
  9 |   ACCOUNT_MENU_ENTRIES,

Import traces:
  Client Component Browser:
    ./components/Navbar/components/NavbarAccount/NavbarAccount.tsx [Client Component Browser]
    ./components/Navbar/Navbar.tsx [Client Component Browser]
    ./components/Navbar/Navbar.tsx [Server Component]
    ./app/layout.tsx [Server Component]

  Client Component SSR:
    ./components/Navbar/components/NavbarAccount/NavbarAccount.tsx [Client Component SSR]
    ./components/Navbar/Navbar.tsx [Client Component SSR]
    ./components/Navbar/Navbar.tsx [Server Component]
    ./app/layout.tsx [Server Component]

https://nextjs.org/docs/messages/module-not-found @ http://localhost:3000/_next/static/chunks/node_modules_next_dist_1e8vcs8._.js:1052
[  319917ms] [ERROR] ./components/Navbar/components/NavbarAccount/NavbarAccount.tsx:4:1
Error: Module not found: Can't resolve './components/AccountMenuHeader'
  2 | import { Avatar, Button, Dropdown, Separator } from "@heroui/react";
  3 |
> 4 | import { AccountMenuHeader } from "./components/AccountMenuHeader";
    | ^^^^^^^^^^^^^^^^^^^^^^^^^^^^^^^^^^^^^^^^^^^^^^^^^^^^^^^^^^^^^^^^^^
  5 | import { AccountMenuItem } from "./components/AccountMenuItem";
  6 | import { AccountMenuPlan } from "./components/AccountMenuPlan";
  7 | import {

Import traces:
  Client Component Browser:
    ./components/Navbar/components/NavbarAccount/NavbarAccount.tsx [Client Component Browser]
    ./components/Navbar/Navbar.tsx [Client Component Browser]
    ./components/Navbar/Navbar.tsx [Server Component]
    ./app/layout.tsx [Server Component]

  Client Component SSR:
    ./components/Navbar/components/NavbarAccount/NavbarAccount.tsx [Client Component SSR]
    ./components/Navbar/Navbar.tsx [Client Component SSR]
    ./components/Navbar/Navbar.tsx [Server Component]
    ./app/layout.tsx [Server Component]

https://nextjs.org/docs/messages/module-not-found @ http://localhost:3000/_next/static/chunks/node_modules_next_dist_1e8vcs8._.js:1052
[  319917ms] [ERROR] ./components/Navbar/components/NavbarAccount/NavbarAccount.tsx:5:1
Error: Module not found: Can't resolve './components/AccountMenuItem'
  3 |
  4 | import { AccountMenuHeader } from "./components/AccountMenuHeader";
> 5 | import { AccountMenuItem } from "./components/AccountMenuItem";
    | ^^^^^^^^^^^^^^^^^^^^^^^^^^^^^^^^^^^^^^^^^^^^^^^^^^^^^^^^^^^^^^
  6 | import { AccountMenuPlan } from "./components/AccountMenuPlan";
  7 | import {
  8 |   ACCOUNT_LABEL,

Import traces:
  Client Component Browser:
    ./components/Navbar/components/NavbarAccount/NavbarAccount.tsx [Client Component Browser]
    ./components/Navbar/Navbar.tsx [Client Component Browser]
    ./components/Navbar/Navbar.tsx [Server Component]
    ./app/layout.tsx [Server Component]

  Client Component SSR:
    ./components/Navbar/components/NavbarAccount/NavbarAccount.tsx [Client Component SSR]
    ./components/Navbar/Navbar.tsx [Client Component SSR]
    ./components/Navbar/Navbar.tsx [Server Component]
    ./app/layout.tsx [Server Component]

https://nextjs.org/docs/messages/module-not-found @ http://localhost:3000/_next/static/chunks/node_modules_next_dist_1e8vcs8._.js:1052
[  319917ms] [ERROR] ./components/Navbar/components/NavbarAccount/NavbarAccount.tsx:6:1
Error: Module not found: Can't resolve './components/AccountMenuPlan'
  4 | import { AccountMenuHeader } from "./components/AccountMenuHeader";
  5 | import { AccountMenuItem } from "./components/AccountMenuItem";
> 6 | import { AccountMenuPlan } from "./components/AccountMenuPlan";
    | ^^^^^^^^^^^^^^^^^^^^^^^^^^^^^^^^^^^^^^^^^^^^^^^^^^^^^^^^^^^^^^
  7 | import {
  8 |   ACCOUNT_LABEL,
  9 |   ACCOUNT_MENU_ENTRIES,

Import traces:
  Client Component Browser:
    ./components/Navbar/components/NavbarAccount/NavbarAccount.tsx [Client Component Browser]
    ./components/Navbar/Navbar.tsx [Client Component Browser]
    ./components/Navbar/Navbar.tsx [Server Component]
    ./app/layout.tsx [Server Component]

  Client Component SSR:
    ./components/Navbar/components/NavbarAccount/NavbarAccount.tsx [Client Component SSR]
    ./components/Navbar/Navbar.tsx [Client Component SSR]
    ./components/Navbar/Navbar.tsx [Server Component]
    ./app/layout.tsx [Server Component]

https://nextjs.org/docs/messages/module-not-found @ http://localhost:3000/_next/static/chunks/node_modules_next_dist_1e8vcs8._.js:1052
[  319982ms] [ERROR] ./components/Navbar/components/NavbarAccount/NavbarAccount.tsx:4:1
Error: Module not found: Can't resolve './components/AccountMenuHeader'
  2 | import { Avatar, Button, Dropdown, Separator } from "@heroui/react";
  3 |
> 4 | import { AccountMenuHeader } from "./components/AccountMenuHeader";
    | ^^^^^^^^^^^^^^^^^^^^^^^^^^^^^^^^^^^^^^^^^^^^^^^^^^^^^^^^^^^^^^^^^^
  5 | import { AccountMenuItem } from "./components/AccountMenuItem";
  6 | import { AccountMenuPlan } from "./components/AccountMenuPlan";
  7 | import {

Import traces:
  Client Component Browser:
    ./components/Navbar/components/NavbarAccount/NavbarAccount.tsx [Client Component Browser]
    ./components/Navbar/Navbar.tsx [Client Component Browser]
    ./components/Navbar/Navbar.tsx [Server Component]
    ./app/layout.tsx [Server Component]

  Client Component SSR:
    ./components/Navbar/components/NavbarAccount/NavbarAccount.tsx [Client Component SSR]
    ./components/Navbar/Navbar.tsx [Client Component SSR]
    ./components/Navbar/Navbar.tsx [Server Component]
    ./app/layout.tsx [Server Component]

https://nextjs.org/docs/messages/module-not-found @ http://localhost:3000/_next/static/chunks/node_modules_next_dist_1e8vcs8._.js:1052
[  319982ms] [ERROR] ./components/Navbar/components/NavbarAccount/NavbarAccount.tsx:5:1
Error: Module not found: Can't resolve './components/AccountMenuItem'
  3 |
  4 | import { AccountMenuHeader } from "./components/AccountMenuHeader";
> 5 | import { AccountMenuItem } from "./components/AccountMenuItem";
    | ^^^^^^^^^^^^^^^^^^^^^^^^^^^^^^^^^^^^^^^^^^^^^^^^^^^^^^^^^^^^^^
  6 | import { AccountMenuPlan } from "./components/AccountMenuPlan";
  7 | import {
  8 |   ACCOUNT_LABEL,

Import traces:
  Client Component Browser:
    ./components/Navbar/components/NavbarAccount/NavbarAccount.tsx [Client Component Browser]
    ./components/Navbar/Navbar.tsx [Client Component Browser]
    ./components/Navbar/Navbar.tsx [Server Component]
    ./app/layout.tsx [Server Component]

  Client Component SSR:
    ./components/Navbar/components/NavbarAccount/NavbarAccount.tsx [Client Component SSR]
    ./components/Navbar/Navbar.tsx [Client Component SSR]
    ./components/Navbar/Navbar.tsx [Server Component]
    ./app/layout.tsx [Server Component]

https://nextjs.org/docs/messages/module-not-found @ http://localhost:3000/_next/static/chunks/node_modules_next_dist_1e8vcs8._.js:1052
[  319982ms] [ERROR] ./components/Navbar/components/NavbarAccount/NavbarAccount.tsx:6:1
Error: Module not found: Can't resolve './components/AccountMenuPlan'
  4 | import { AccountMenuHeader } from "./components/AccountMenuHeader";
  5 | import { AccountMenuItem } from "./components/AccountMenuItem";
> 6 | import { AccountMenuPlan } from "./components/AccountMenuPlan";
    | ^^^^^^^^^^^^^^^^^^^^^^^^^^^^^^^^^^^^^^^^^^^^^^^^^^^^^^^^^^^^^^
  7 | import {
  8 |   ACCOUNT_LABEL,
  9 |   ACCOUNT_MENU_ENTRIES,

Import traces:
  Client Component Browser:
    ./components/Navbar/components/NavbarAccount/NavbarAccount.tsx [Client Component Browser]
    ./components/Navbar/Navbar.tsx [Client Component Browser]
    ./components/Navbar/Navbar.tsx [Server Component]
    ./app/layout.tsx [Server Component]

  Client Component SSR:
    ./components/Navbar/components/NavbarAccount/NavbarAccount.tsx [Client Component SSR]
    ./components/Navbar/Navbar.tsx [Client Component SSR]
    ./components/Navbar/Navbar.tsx [Server Component]
    ./app/layout.tsx [Server Component]

https://nextjs.org/docs/messages/module-not-found @ http://localhost:3000/_next/static/chunks/node_modules_next_dist_1e8vcs8._.js:1052
[  320034ms] [ERROR] ./components/Navbar/components/NavbarAccount/NavbarAccount.tsx:4:1
Error: Module not found: Can't resolve './components/AccountMenuHeader'
  2 | import { Avatar, Button, Dropdown, Separator } from "@heroui/react";
  3 |
> 4 | import { AccountMenuHeader } from "./components/AccountMenuHeader";
    | ^^^^^^^^^^^^^^^^^^^^^^^^^^^^^^^^^^^^^^^^^^^^^^^^^^^^^^^^^^^^^^^^^^
  5 | import { AccountMenuItem } from "./components/AccountMenuItem";
  6 | import { AccountMenuPlan } from "./components/AccountMenuPlan";
  7 | import {

Import traces:
  Client Component Browser:
    ./components/Navbar/components/NavbarAccount/NavbarAccount.tsx [Client Component Browser]
    ./components/Navbar/Navbar.tsx [Client Component Browser]
    ./components/Navbar/Navbar.tsx [Server Component]
    ./app/layout.tsx [Server Component]

  Client Component SSR:
    ./components/Navbar/components/NavbarAccount/NavbarAccount.tsx [Client Component SSR]
    ./components/Navbar/Navbar.tsx [Client Component SSR]
    ./components/Navbar/Navbar.tsx [Server Component]
    ./app/layout.tsx [Server Component]

https://nextjs.org/docs/messages/module-not-found @ http://localhost:3000/_next/static/chunks/node_modules_next_dist_1e8vcs8._.js:1052
[  320034ms] [ERROR] ./components/Navbar/components/NavbarAccount/NavbarAccount.tsx:5:1
Error: Module not found: Can't resolve './components/AccountMenuItem'
  3 |
  4 | import { AccountMenuHeader } from "./components/AccountMenuHeader";
> 5 | import { AccountMenuItem } from "./components/AccountMenuItem";
    | ^^^^^^^^^^^^^^^^^^^^^^^^^^^^^^^^^^^^^^^^^^^^^^^^^^^^^^^^^^^^^^
  6 | import { AccountMenuPlan } from "./components/AccountMenuPlan";
  7 | import {
  8 |   ACCOUNT_LABEL,

Import traces:
  Client Component Browser:
    ./components/Navbar/components/NavbarAccount/NavbarAccount.tsx [Client Component Browser]
    ./components/Navbar/Navbar.tsx [Client Component Browser]
    ./components/Navbar/Navbar.tsx [Server Component]
    ./app/layout.tsx [Server Component]

  Client Component SSR:
    ./components/Navbar/components/NavbarAccount/NavbarAccount.tsx [Client Component SSR]
    ./components/Navbar/Navbar.tsx [Client Component SSR]
    ./components/Navbar/Navbar.tsx [Server Component]
    ./app/layout.tsx [Server Component]

https://nextjs.org/docs/messages/module-not-found @ http://localhost:3000/_next/static/chunks/node_modules_next_dist_1e8vcs8._.js:1052
[  320034ms] [ERROR] ./components/Navbar/components/NavbarAccount/NavbarAccount.tsx:6:1
Error: Module not found: Can't resolve './components/AccountMenuPlan'
  4 | import { AccountMenuHeader } from "./components/AccountMenuHeader";
  5 | import { AccountMenuItem } from "./components/AccountMenuItem";
> 6 | import { AccountMenuPlan } from "./components/AccountMenuPlan";
    | ^^^^^^^^^^^^^^^^^^^^^^^^^^^^^^^^^^^^^^^^^^^^^^^^^^^^^^^^^^^^^^
  7 | import {
  8 |   ACCOUNT_LABEL,
  9 |   ACCOUNT_MENU_ENTRIES,

Import traces:
  Client Component Browser:
    ./components/Navbar/components/NavbarAccount/NavbarAccount.tsx [Client Component Browser]
    ./components/Navbar/Navbar.tsx [Client Component Browser]
    ./components/Navbar/Navbar.tsx [Server Component]
    ./app/layout.tsx [Server Component]

  Client Component SSR:
    ./components/Navbar/components/NavbarAccount/NavbarAccount.tsx [Client Component SSR]
    ./components/Navbar/Navbar.tsx [Client Component SSR]
    ./components/Navbar/Navbar.tsx [Server Component]
    ./app/layout.tsx [Server Component]

https://nextjs.org/docs/messages/module-not-found @ http://localhost:3000/_next/static/chunks/node_modules_next_dist_1e8vcs8._.js:1052
[  320082ms] [ERROR] ./components/Navbar/components/NavbarAccount/NavbarAccount.tsx:4:1
Error: Module not found: Can't resolve './components/AccountMenuHeader'
  2 | import { Avatar, Button, Dropdown, Separator } from "@heroui/react";
  3 |
> 4 | import { AccountMenuHeader } from "./components/AccountMenuHeader";
    | ^^^^^^^^^^^^^^^^^^^^^^^^^^^^^^^^^^^^^^^^^^^^^^^^^^^^^^^^^^^^^^^^^^
  5 | import { AccountMenuItem } from "./components/AccountMenuItem";
  6 | import { AccountMenuPlan } from "./components/AccountMenuPlan";
  7 | import {

Import traces:
  Client Component Browser:
    ./components/Navbar/components/NavbarAccount/NavbarAccount.tsx [Client Component Browser]
    ./components/Navbar/Navbar.tsx [Client Component Browser]
    ./components/Navbar/Navbar.tsx [Server Component]
    ./app/layout.tsx [Server Component]

  Client Component SSR:
    ./components/Navbar/components/NavbarAccount/NavbarAccount.tsx [Client Component SSR]
    ./components/Navbar/Navbar.tsx [Client Component SSR]
    ./components/Navbar/Navbar.tsx [Server Component]
    ./app/layout.tsx [Server Component]

https://nextjs.org/docs/messages/module-not-found @ http://localhost:3000/_next/static/chunks/node_modules_next_dist_1e8vcs8._.js:1052
[  320083ms] [ERROR] ./components/Navbar/components/NavbarAccount/NavbarAccount.tsx:5:1
Error: Module not found: Can't resolve './components/AccountMenuItem'
  3 |
  4 | import { AccountMenuHeader } from "./components/AccountMenuHeader";
> 5 | import { AccountMenuItem } from "./components/AccountMenuItem";
    | ^^^^^^^^^^^^^^^^^^^^^^^^^^^^^^^^^^^^^^^^^^^^^^^^^^^^^^^^^^^^^^
  6 | import { AccountMenuPlan } from "./components/AccountMenuPlan";
  7 | import {
  8 |   ACCOUNT_LABEL,

Import traces:
  Client Component Browser:
    ./components/Navbar/components/NavbarAccount/NavbarAccount.tsx [Client Component Browser]
    ./components/Navbar/Navbar.tsx [Client Component Browser]
    ./components/Navbar/Navbar.tsx [Server Component]
    ./app/layout.tsx [Server Component]

  Client Component SSR:
    ./components/Navbar/components/NavbarAccount/NavbarAccount.tsx [Client Component SSR]
    ./components/Navbar/Navbar.tsx [Client Component SSR]
    ./components/Navbar/Navbar.tsx [Server Component]
    ./app/layout.tsx [Server Component]

https://nextjs.org/docs/messages/module-not-found @ http://localhost:3000/_next/static/chunks/node_modules_next_dist_1e8vcs8._.js:1052
[  320083ms] [ERROR] ./components/Navbar/components/NavbarAccount/NavbarAccount.tsx:6:1
Error: Module not found: Can't resolve './components/AccountMenuPlan'
  4 | import { AccountMenuHeader } from "./components/AccountMenuHeader";
  5 | import { AccountMenuItem } from "./components/AccountMenuItem";
> 6 | import { AccountMenuPlan } from "./components/AccountMenuPlan";
    | ^^^^^^^^^^^^^^^^^^^^^^^^^^^^^^^^^^^^^^^^^^^^^^^^^^^^^^^^^^^^^^
  7 | import {
  8 |   ACCOUNT_LABEL,
  9 |   ACCOUNT_MENU_ENTRIES,

Import traces:
  Client Component Browser:
    ./components/Navbar/components/NavbarAccount/NavbarAccount.tsx [Client Component Browser]
    ./components/Navbar/Navbar.tsx [Client Component Browser]
    ./components/Navbar/Navbar.tsx [Server Component]
    ./app/layout.tsx [Server Component]

  Client Component SSR:
    ./components/Navbar/components/NavbarAccount/NavbarAccount.tsx [Client Component SSR]
    ./components/Navbar/Navbar.tsx [Client Component SSR]
    ./components/Navbar/Navbar.tsx [Server Component]
    ./app/layout.tsx [Server Component]

https://nextjs.org/docs/messages/module-not-found @ http://localhost:3000/_next/static/chunks/node_modules_next_dist_1e8vcs8._.js:1052
[  320149ms] [ERROR] ./components/Navbar/components/NavbarAccount/NavbarAccount.tsx:4:1
Error: Module not found: Can't resolve './components/AccountMenuHeader'
  2 | import { Avatar, Button, Dropdown, Separator } from "@heroui/react";
  3 |
> 4 | import { AccountMenuHeader } from "./components/AccountMenuHeader";
    | ^^^^^^^^^^^^^^^^^^^^^^^^^^^^^^^^^^^^^^^^^^^^^^^^^^^^^^^^^^^^^^^^^^
  5 | import { AccountMenuItem } from "./components/AccountMenuItem";
  6 | import { AccountMenuPlan } from "./components/AccountMenuPlan";
  7 | import {

Import traces:
  Client Component Browser:
    ./components/Navbar/components/NavbarAccount/NavbarAccount.tsx [Client Component Browser]
    ./components/Navbar/Navbar.tsx [Client Component Browser]
    ./components/Navbar/Navbar.tsx [Server Component]
    ./app/layout.tsx [Server Component]

  Client Component SSR:
    ./components/Navbar/components/NavbarAccount/NavbarAccount.tsx [Client Component SSR]
    ./components/Navbar/Navbar.tsx [Client Component SSR]
    ./components/Navbar/Navbar.tsx [Server Component]
    ./app/layout.tsx [Server Component]

https://nextjs.org/docs/messages/module-not-found @ http://localhost:3000/_next/static/chunks/node_modules_next_dist_1e8vcs8._.js:1052
[  320149ms] [ERROR] ./components/Navbar/components/NavbarAccount/NavbarAccount.tsx:5:1
Error: Module not found: Can't resolve './components/AccountMenuItem'
  3 |
  4 | import { AccountMenuHeader } from "./components/AccountMenuHeader";
> 5 | import { AccountMenuItem } from "./components/AccountMenuItem";
    | ^^^^^^^^^^^^^^^^^^^^^^^^^^^^^^^^^^^^^^^^^^^^^^^^^^^^^^^^^^^^^^
  6 | import { AccountMenuPlan } from "./components/AccountMenuPlan";
  7 | import {
  8 |   ACCOUNT_LABEL,

Import traces:
  Client Component Browser:
    ./components/Navbar/components/NavbarAccount/NavbarAccount.tsx [Client Component Browser]
    ./components/Navbar/Navbar.tsx [Client Component Browser]
    ./components/Navbar/Navbar.tsx [Server Component]
    ./app/layout.tsx [Server Component]

  Client Component SSR:
    ./components/Navbar/components/NavbarAccount/NavbarAccount.tsx [Client Component SSR]
    ./components/Navbar/Navbar.tsx [Client Component SSR]
    ./components/Navbar/Navbar.tsx [Server Component]
    ./app/layout.tsx [Server Component]

https://nextjs.org/docs/messages/module-not-found @ http://localhost:3000/_next/static/chunks/node_modules_next_dist_1e8vcs8._.js:1052
[  320149ms] [ERROR] ./components/Navbar/components/NavbarAccount/NavbarAccount.tsx:6:1
Error: Module not found: Can't resolve './components/AccountMenuPlan'
  4 | import { AccountMenuHeader } from "./components/AccountMenuHeader";
  5 | import { AccountMenuItem } from "./components/AccountMenuItem";
> 6 | import { AccountMenuPlan } from "./components/AccountMenuPlan";
    | ^^^^^^^^^^^^^^^^^^^^^^^^^^^^^^^^^^^^^^^^^^^^^^^^^^^^^^^^^^^^^^
  7 | import {
  8 |   ACCOUNT_LABEL,
  9 |   ACCOUNT_MENU_ENTRIES,

Import traces:
  Client Component Browser:
    ./components/Navbar/components/NavbarAccount/NavbarAccount.tsx [Client Component Browser]
    ./components/Navbar/Navbar.tsx [Client Component Browser]
    ./components/Navbar/Navbar.tsx [Server Component]
    ./app/layout.tsx [Server Component]

  Client Component SSR:
    ./components/Navbar/components/NavbarAccount/NavbarAccount.tsx [Client Component SSR]
    ./components/Navbar/Navbar.tsx [Client Component SSR]
    ./components/Navbar/Navbar.tsx [Server Component]
    ./app/layout.tsx [Server Component]

https://nextjs.org/docs/messages/module-not-found @ http://localhost:3000/_next/static/chunks/node_modules_next_dist_1e8vcs8._.js:1052
[  320199ms] [ERROR] ./components/Navbar/components/NavbarAccount/NavbarAccount.tsx:4:1
Error: Module not found: Can't resolve './components/AccountMenuHeader'
  2 | import { Avatar, Button, Dropdown, Separator } from "@heroui/react";
  3 |
> 4 | import { AccountMenuHeader } from "./components/AccountMenuHeader";
    | ^^^^^^^^^^^^^^^^^^^^^^^^^^^^^^^^^^^^^^^^^^^^^^^^^^^^^^^^^^^^^^^^^^
  5 | import { AccountMenuItem } from "./components/AccountMenuItem";
  6 | import { AccountMenuPlan } from "./components/AccountMenuPlan";
  7 | import {

Import traces:
  Client Component Browser:
    ./components/Navbar/components/NavbarAccount/NavbarAccount.tsx [Client Component Browser]
    ./components/Navbar/Navbar.tsx [Client Component Browser]
    ./components/Navbar/Navbar.tsx [Server Component]
    ./app/layout.tsx [Server Component]

  Client Component SSR:
    ./components/Navbar/components/NavbarAccount/NavbarAccount.tsx [Client Component SSR]
    ./components/Navbar/Navbar.tsx [Client Component SSR]
    ./components/Navbar/Navbar.tsx [Server Component]
    ./app/layout.tsx [Server Component]

https://nextjs.org/docs/messages/module-not-found @ http://localhost:3000/_next/static/chunks/node_modules_next_dist_1e8vcs8._.js:1052
[  320199ms] [ERROR] ./components/Navbar/components/NavbarAccount/NavbarAccount.tsx:5:1
Error: Module not found: Can't resolve './components/AccountMenuItem'
  3 |
  4 | import { AccountMenuHeader } from "./components/AccountMenuHeader";
> 5 | import { AccountMenuItem } from "./components/AccountMenuItem";
    | ^^^^^^^^^^^^^^^^^^^^^^^^^^^^^^^^^^^^^^^^^^^^^^^^^^^^^^^^^^^^^^
  6 | import { AccountMenuPlan } from "./components/AccountMenuPlan";
  7 | import {
  8 |   ACCOUNT_LABEL,

Import traces:
  Client Component Browser:
    ./components/Navbar/components/NavbarAccount/NavbarAccount.tsx [Client Component Browser]
    ./components/Navbar/Navbar.tsx [Client Component Browser]
    ./components/Navbar/Navbar.tsx [Server Component]
    ./app/layout.tsx [Server Component]

  Client Component SSR:
    ./components/Navbar/components/NavbarAccount/NavbarAccount.tsx [Client Component SSR]
    ./components/Navbar/Navbar.tsx [Client Component SSR]
    ./components/Navbar/Navbar.tsx [Server Component]
    ./app/layout.tsx [Server Component]

https://nextjs.org/docs/messages/module-not-found @ http://localhost:3000/_next/static/chunks/node_modules_next_dist_1e8vcs8._.js:1052
[  320199ms] [ERROR] ./components/Navbar/components/NavbarAccount/NavbarAccount.tsx:6:1
Error: Module not found: Can't resolve './components/AccountMenuPlan'
  4 | import { AccountMenuHeader } from "./components/AccountMenuHeader";
  5 | import { AccountMenuItem } from "./components/AccountMenuItem";
> 6 | import { AccountMenuPlan } from "./components/AccountMenuPlan";
    | ^^^^^^^^^^^^^^^^^^^^^^^^^^^^^^^^^^^^^^^^^^^^^^^^^^^^^^^^^^^^^^
  7 | import {
  8 |   ACCOUNT_LABEL,
  9 |   ACCOUNT_MENU_ENTRIES,

Import traces:
  Client Component Browser:
    ./components/Navbar/components/NavbarAccount/NavbarAccount.tsx [Client Component Browser]
    ./components/Navbar/Navbar.tsx [Client Component Browser]
    ./components/Navbar/Navbar.tsx [Server Component]
    ./app/layout.tsx [Server Component]

  Client Component SSR:
    ./components/Navbar/components/NavbarAccount/NavbarAccount.tsx [Client Component SSR]
    ./components/Navbar/Navbar.tsx [Client Component SSR]
    ./components/Navbar/Navbar.tsx [Server Component]
    ./app/layout.tsx [Server Component]

https://nextjs.org/docs/messages/module-not-found @ http://localhost:3000/_next/static/chunks/node_modules_next_dist_1e8vcs8._.js:1052
[  320250ms] [ERROR] ./components/Navbar/components/NavbarAccount/NavbarAccount.tsx:4:1
Error: Module not found: Can't resolve './components/AccountMenuHeader'
  2 | import { Avatar, Button, Dropdown, Separator } from "@heroui/react";
  3 |
> 4 | import { AccountMenuHeader } from "./components/AccountMenuHeader";
    | ^^^^^^^^^^^^^^^^^^^^^^^^^^^^^^^^^^^^^^^^^^^^^^^^^^^^^^^^^^^^^^^^^^
  5 | import { AccountMenuItem } from "./components/AccountMenuItem";
  6 | import { AccountMenuPlan } from "./components/AccountMenuPlan";
  7 | import {

Import traces:
  Client Component Browser:
    ./components/Navbar/components/NavbarAccount/NavbarAccount.tsx [Client Component Browser]
    ./components/Navbar/Navbar.tsx [Client Component Browser]
    ./components/Navbar/Navbar.tsx [Server Component]
    ./app/layout.tsx [Server Component]

  Client Component SSR:
    ./components/Navbar/components/NavbarAccount/NavbarAccount.tsx [Client Component SSR]
    ./components/Navbar/Navbar.tsx [Client Component SSR]
    ./components/Navbar/Navbar.tsx [Server Component]
    ./app/layout.tsx [Server Component]

https://nextjs.org/docs/messages/module-not-found @ http://localhost:3000/_next/static/chunks/node_modules_next_dist_1e8vcs8._.js:1052
[  320250ms] [ERROR] ./components/Navbar/components/NavbarAccount/NavbarAccount.tsx:5:1
Error: Module not found: Can't resolve './components/AccountMenuItem'
  3 |
  4 | import { AccountMenuHeader } from "./components/AccountMenuHeader";
> 5 | import { AccountMenuItem } from "./components/AccountMenuItem";
    | ^^^^^^^^^^^^^^^^^^^^^^^^^^^^^^^^^^^^^^^^^^^^^^^^^^^^^^^^^^^^^^
  6 | import { AccountMenuPlan } from "./components/AccountMenuPlan";
  7 | import {
  8 |   ACCOUNT_LABEL,

Import traces:
  Client Component Browser:
    ./components/Navbar/components/NavbarAccount/NavbarAccount.tsx [Client Component Browser]
    ./components/Navbar/Navbar.tsx [Client Component Browser]
    ./components/Navbar/Navbar.tsx [Server Component]
    ./app/layout.tsx [Server Component]

  Client Component SSR:
    ./components/Navbar/components/NavbarAccount/NavbarAccount.tsx [Client Component SSR]
    ./components/Navbar/Navbar.tsx [Client Component SSR]
    ./components/Navbar/Navbar.tsx [Server Component]
    ./app/layout.tsx [Server Component]

https://nextjs.org/docs/messages/module-not-found @ http://localhost:3000/_next/static/chunks/node_modules_next_dist_1e8vcs8._.js:1052
[  320250ms] [ERROR] ./components/Navbar/components/NavbarAccount/NavbarAccount.tsx:6:1
Error: Module not found: Can't resolve './components/AccountMenuPlan'
  4 | import { AccountMenuHeader } from "./components/AccountMenuHeader";
  5 | import { AccountMenuItem } from "./components/AccountMenuItem";
> 6 | import { AccountMenuPlan } from "./components/AccountMenuPlan";
    | ^^^^^^^^^^^^^^^^^^^^^^^^^^^^^^^^^^^^^^^^^^^^^^^^^^^^^^^^^^^^^^
  7 | import {
  8 |   ACCOUNT_LABEL,
  9 |   ACCOUNT_MENU_ENTRIES,

Import traces:
  Client Component Browser:
    ./components/Navbar/components/NavbarAccount/NavbarAccount.tsx [Client Component Browser]
    ./components/Navbar/Navbar.tsx [Client Component Browser]
    ./components/Navbar/Navbar.tsx [Server Component]
    ./app/layout.tsx [Server Component]

  Client Component SSR:
    ./components/Navbar/components/NavbarAccount/NavbarAccount.tsx [Client Component SSR]
    ./components/Navbar/Navbar.tsx [Client Component SSR]
    ./components/Navbar/Navbar.tsx [Server Component]
    ./app/layout.tsx [Server Component]

https://nextjs.org/docs/messages/module-not-found @ http://localhost:3000/_next/static/chunks/node_modules_next_dist_1e8vcs8._.js:1052
[  320298ms] [ERROR] ./components/Navbar/components/NavbarAccount/NavbarAccount.tsx:4:1
Error: Module not found: Can't resolve './components/AccountMenuHeader'
  2 | import { Avatar, Button, Dropdown, Separator } from "@heroui/react";
  3 |
> 4 | import { AccountMenuHeader } from "./components/AccountMenuHeader";
    | ^^^^^^^^^^^^^^^^^^^^^^^^^^^^^^^^^^^^^^^^^^^^^^^^^^^^^^^^^^^^^^^^^^
  5 | import { AccountMenuItem } from "./components/AccountMenuItem";
  6 | import { AccountMenuPlan } from "./components/AccountMenuPlan";
  7 | import {

Import traces:
  Client Component Browser:
    ./components/Navbar/components/NavbarAccount/NavbarAccount.tsx [Client Component Browser]
    ./components/Navbar/Navbar.tsx [Client Component Browser]
    ./components/Navbar/Navbar.tsx [Server Component]
    ./app/layout.tsx [Server Component]

  Client Component SSR:
    ./components/Navbar/components/NavbarAccount/NavbarAccount.tsx [Client Component SSR]
    ./components/Navbar/Navbar.tsx [Client Component SSR]
    ./components/Navbar/Navbar.tsx [Server Component]
    ./app/layout.tsx [Server Component]

https://nextjs.org/docs/messages/module-not-found @ http://localhost:3000/_next/static/chunks/node_modules_next_dist_1e8vcs8._.js:1052
[  320298ms] [ERROR] ./components/Navbar/components/NavbarAccount/NavbarAccount.tsx:5:1
Error: Module not found: Can't resolve './components/AccountMenuItem'
  3 |
  4 | import { AccountMenuHeader } from "./components/AccountMenuHeader";
> 5 | import { AccountMenuItem } from "./components/AccountMenuItem";
    | ^^^^^^^^^^^^^^^^^^^^^^^^^^^^^^^^^^^^^^^^^^^^^^^^^^^^^^^^^^^^^^
  6 | import { AccountMenuPlan } from "./components/AccountMenuPlan";
  7 | import {
  8 |   ACCOUNT_LABEL,

Import traces:
  Client Component Browser:
    ./components/Navbar/components/NavbarAccount/NavbarAccount.tsx [Client Component Browser]
    ./components/Navbar/Navbar.tsx [Client Component Browser]
    ./components/Navbar/Navbar.tsx [Server Component]
    ./app/layout.tsx [Server Component]

  Client Component SSR:
    ./components/Navbar/components/NavbarAccount/NavbarAccount.tsx [Client Component SSR]
    ./components/Navbar/Navbar.tsx [Client Component SSR]
    ./components/Navbar/Navbar.tsx [Server Component]
    ./app/layout.tsx [Server Component]

https://nextjs.org/docs/messages/module-not-found @ http://localhost:3000/_next/static/chunks/node_modules_next_dist_1e8vcs8._.js:1052
[  320298ms] [ERROR] ./components/Navbar/components/NavbarAccount/NavbarAccount.tsx:6:1
Error: Module not found: Can't resolve './components/AccountMenuPlan'
  4 | import { AccountMenuHeader } from "./components/AccountMenuHeader";
  5 | import { AccountMenuItem } from "./components/AccountMenuItem";
> 6 | import { AccountMenuPlan } from "./components/AccountMenuPlan";
    | ^^^^^^^^^^^^^^^^^^^^^^^^^^^^^^^^^^^^^^^^^^^^^^^^^^^^^^^^^^^^^^
  7 | import {
  8 |   ACCOUNT_LABEL,
  9 |   ACCOUNT_MENU_ENTRIES,

Import traces:
  Client Component Browser:
    ./components/Navbar/components/NavbarAccount/NavbarAccount.tsx [Client Component Browser]
    ./components/Navbar/Navbar.tsx [Client Component Browser]
    ./components/Navbar/Navbar.tsx [Server Component]
    ./app/layout.tsx [Server Component]

  Client Component SSR:
    ./components/Navbar/components/NavbarAccount/NavbarAccount.tsx [Client Component SSR]
    ./components/Navbar/Navbar.tsx [Client Component SSR]
    ./components/Navbar/Navbar.tsx [Server Component]
    ./app/layout.tsx [Server Component]

https://nextjs.org/docs/messages/module-not-found @ http://localhost:3000/_next/static/chunks/node_modules_next_dist_1e8vcs8._.js:1052
[  320364ms] [ERROR] ./components/Navbar/components/NavbarAccount/NavbarAccount.tsx:4:1
Error: Module not found: Can't resolve './components/AccountMenuHeader'
  2 | import { Avatar, Button, Dropdown, Separator } from "@heroui/react";
  3 |
> 4 | import { AccountMenuHeader } from "./components/AccountMenuHeader";
    | ^^^^^^^^^^^^^^^^^^^^^^^^^^^^^^^^^^^^^^^^^^^^^^^^^^^^^^^^^^^^^^^^^^
  5 | import { AccountMenuItem } from "./components/AccountMenuItem";
  6 | import { AccountMenuPlan } from "./components/AccountMenuPlan";
  7 | import {

Import traces:
  Client Component Browser:
    ./components/Navbar/components/NavbarAccount/NavbarAccount.tsx [Client Component Browser]
    ./components/Navbar/Navbar.tsx [Client Component Browser]
    ./components/Navbar/Navbar.tsx [Server Component]
    ./app/layout.tsx [Server Component]

  Client Component SSR:
    ./components/Navbar/components/NavbarAccount/NavbarAccount.tsx [Client Component SSR]
    ./components/Navbar/Navbar.tsx [Client Component SSR]
    ./components/Navbar/Navbar.tsx [Server Component]
    ./app/layout.tsx [Server Component]

https://nextjs.org/docs/messages/module-not-found @ http://localhost:3000/_next/static/chunks/node_modules_next_dist_1e8vcs8._.js:1052
[  320365ms] [ERROR] ./components/Navbar/components/NavbarAccount/NavbarAccount.tsx:5:1
Error: Module not found: Can't resolve './components/AccountMenuItem'
  3 |
  4 | import { AccountMenuHeader } from "./components/AccountMenuHeader";
> 5 | import { AccountMenuItem } from "./components/AccountMenuItem";
    | ^^^^^^^^^^^^^^^^^^^^^^^^^^^^^^^^^^^^^^^^^^^^^^^^^^^^^^^^^^^^^^
  6 | import { AccountMenuPlan } from "./components/AccountMenuPlan";
  7 | import {
  8 |   ACCOUNT_LABEL,

Import traces:
  Client Component Browser:
    ./components/Navbar/components/NavbarAccount/NavbarAccount.tsx [Client Component Browser]
    ./components/Navbar/Navbar.tsx [Client Component Browser]
    ./components/Navbar/Navbar.tsx [Server Component]
    ./app/layout.tsx [Server Component]

  Client Component SSR:
    ./components/Navbar/components/NavbarAccount/NavbarAccount.tsx [Client Component SSR]
    ./components/Navbar/Navbar.tsx [Client Component SSR]
    ./components/Navbar/Navbar.tsx [Server Component]
    ./app/layout.tsx [Server Component]

https://nextjs.org/docs/messages/module-not-found @ http://localhost:3000/_next/static/chunks/node_modules_next_dist_1e8vcs8._.js:1052
[  320365ms] [ERROR] ./components/Navbar/components/NavbarAccount/NavbarAccount.tsx:6:1
Error: Module not found: Can't resolve './components/AccountMenuPlan'
  4 | import { AccountMenuHeader } from "./components/AccountMenuHeader";
  5 | import { AccountMenuItem } from "./components/AccountMenuItem";
> 6 | import { AccountMenuPlan } from "./components/AccountMenuPlan";
    | ^^^^^^^^^^^^^^^^^^^^^^^^^^^^^^^^^^^^^^^^^^^^^^^^^^^^^^^^^^^^^^
  7 | import {
  8 |   ACCOUNT_LABEL,
  9 |   ACCOUNT_MENU_ENTRIES,

Import traces:
  Client Component Browser:
    ./components/Navbar/components/NavbarAccount/NavbarAccount.tsx [Client Component Browser]
    ./components/Navbar/Navbar.tsx [Client Component Browser]
    ./components/Navbar/Navbar.tsx [Server Component]
    ./app/layout.tsx [Server Component]

  Client Component SSR:
    ./components/Navbar/components/NavbarAccount/NavbarAccount.tsx [Client Component SSR]
    ./components/Navbar/Navbar.tsx [Client Component SSR]
    ./components/Navbar/Navbar.tsx [Server Component]
    ./app/layout.tsx [Server Component]

https://nextjs.org/docs/messages/module-not-found @ http://localhost:3000/_next/static/chunks/node_modules_next_dist_1e8vcs8._.js:1052
[  320415ms] [ERROR] ./components/Navbar/components/NavbarAccount/NavbarAccount.tsx:4:1
Error: Module not found: Can't resolve './components/AccountMenuHeader'
  2 | import { Avatar, Button, Dropdown, Separator } from "@heroui/react";
  3 |
> 4 | import { AccountMenuHeader } from "./components/AccountMenuHeader";
    | ^^^^^^^^^^^^^^^^^^^^^^^^^^^^^^^^^^^^^^^^^^^^^^^^^^^^^^^^^^^^^^^^^^
  5 | import { AccountMenuItem } from "./components/AccountMenuItem";
  6 | import { AccountMenuPlan } from "./components/AccountMenuPlan";
  7 | import {

Import traces:
  Client Component Browser:
    ./components/Navbar/components/NavbarAccount/NavbarAccount.tsx [Client Component Browser]
    ./components/Navbar/Navbar.tsx [Client Component Browser]
    ./components/Navbar/Navbar.tsx [Server Component]
    ./app/layout.tsx [Server Component]

  Client Component SSR:
    ./components/Navbar/components/NavbarAccount/NavbarAccount.tsx [Client Component SSR]
    ./components/Navbar/Navbar.tsx [Client Component SSR]
    ./components/Navbar/Navbar.tsx [Server Component]
    ./app/layout.tsx [Server Component]

https://nextjs.org/docs/messages/module-not-found @ http://localhost:3000/_next/static/chunks/node_modules_next_dist_1e8vcs8._.js:1052
[  320415ms] [ERROR] ./components/Navbar/components/NavbarAccount/NavbarAccount.tsx:5:1
Error: Module not found: Can't resolve './components/AccountMenuItem'
  3 |
  4 | import { AccountMenuHeader } from "./components/AccountMenuHeader";
> 5 | import { AccountMenuItem } from "./components/AccountMenuItem";
    | ^^^^^^^^^^^^^^^^^^^^^^^^^^^^^^^^^^^^^^^^^^^^^^^^^^^^^^^^^^^^^^
  6 | import { AccountMenuPlan } from "./components/AccountMenuPlan";
  7 | import {
  8 |   ACCOUNT_LABEL,

Import traces:
  Client Component Browser:
    ./components/Navbar/components/NavbarAccount/NavbarAccount.tsx [Client Component Browser]
    ./components/Navbar/Navbar.tsx [Client Component Browser]
    ./components/Navbar/Navbar.tsx [Server Component]
    ./app/layout.tsx [Server Component]

  Client Component SSR:
    ./components/Navbar/components/NavbarAccount/NavbarAccount.tsx [Client Component SSR]
    ./components/Navbar/Navbar.tsx [Client Component SSR]
    ./components/Navbar/Navbar.tsx [Server Component]
    ./app/layout.tsx [Server Component]

https://nextjs.org/docs/messages/module-not-found @ http://localhost:3000/_next/static/chunks/node_modules_next_dist_1e8vcs8._.js:1052
[  320415ms] [ERROR] ./components/Navbar/components/NavbarAccount/NavbarAccount.tsx:6:1
Error: Module not found: Can't resolve './components/AccountMenuPlan'
  4 | import { AccountMenuHeader } from "./components/AccountMenuHeader";
  5 | import { AccountMenuItem } from "./components/AccountMenuItem";
> 6 | import { AccountMenuPlan } from "./components/AccountMenuPlan";
    | ^^^^^^^^^^^^^^^^^^^^^^^^^^^^^^^^^^^^^^^^^^^^^^^^^^^^^^^^^^^^^^
  7 | import {
  8 |   ACCOUNT_LABEL,
  9 |   ACCOUNT_MENU_ENTRIES,

Import traces:
  Client Component Browser:
    ./components/Navbar/components/NavbarAccount/NavbarAccount.tsx [Client Component Browser]
    ./components/Navbar/Navbar.tsx [Client Component Browser]
    ./components/Navbar/Navbar.tsx [Server Component]
    ./app/layout.tsx [Server Component]

  Client Component SSR:
    ./components/Navbar/components/NavbarAccount/NavbarAccount.tsx [Client Component SSR]
    ./components/Navbar/Navbar.tsx [Client Component SSR]
    ./components/Navbar/Navbar.tsx [Server Component]
    ./app/layout.tsx [Server Component]

https://nextjs.org/docs/messages/module-not-found @ http://localhost:3000/_next/static/chunks/node_modules_next_dist_1e8vcs8._.js:1052
[  320467ms] [ERROR] ./components/Navbar/components/NavbarAccount/NavbarAccount.tsx:4:1
Error: Module not found: Can't resolve './components/AccountMenuHeader'
  2 | import { Avatar, Button, Dropdown, Separator } from "@heroui/react";
  3 |
> 4 | import { AccountMenuHeader } from "./components/AccountMenuHeader";
    | ^^^^^^^^^^^^^^^^^^^^^^^^^^^^^^^^^^^^^^^^^^^^^^^^^^^^^^^^^^^^^^^^^^
  5 | import { AccountMenuItem } from "./components/AccountMenuItem";
  6 | import { AccountMenuPlan } from "./components/AccountMenuPlan";
  7 | import {

Import traces:
  Client Component Browser:
    ./components/Navbar/components/NavbarAccount/NavbarAccount.tsx [Client Component Browser]
    ./components/Navbar/Navbar.tsx [Client Component Browser]
    ./components/Navbar/Navbar.tsx [Server Component]
    ./app/layout.tsx [Server Component]

  Client Component SSR:
    ./components/Navbar/components/NavbarAccount/NavbarAccount.tsx [Client Component SSR]
    ./components/Navbar/Navbar.tsx [Client Component SSR]
    ./components/Navbar/Navbar.tsx [Server Component]
    ./app/layout.tsx [Server Component]

https://nextjs.org/docs/messages/module-not-found @ http://localhost:3000/_next/static/chunks/node_modules_next_dist_1e8vcs8._.js:1052
[  320468ms] [ERROR] ./components/Navbar/components/NavbarAccount/NavbarAccount.tsx:5:1
Error: Module not found: Can't resolve './components/AccountMenuItem'
  3 |
  4 | import { AccountMenuHeader } from "./components/AccountMenuHeader";
> 5 | import { AccountMenuItem } from "./components/AccountMenuItem";
    | ^^^^^^^^^^^^^^^^^^^^^^^^^^^^^^^^^^^^^^^^^^^^^^^^^^^^^^^^^^^^^^
  6 | import { AccountMenuPlan } from "./components/AccountMenuPlan";
  7 | import {
  8 |   ACCOUNT_LABEL,

Import traces:
  Client Component Browser:
    ./components/Navbar/components/NavbarAccount/NavbarAccount.tsx [Client Component Browser]
    ./components/Navbar/Navbar.tsx [Client Component Browser]
    ./components/Navbar/Navbar.tsx [Server Component]
    ./app/layout.tsx [Server Component]

  Client Component SSR:
    ./components/Navbar/components/NavbarAccount/NavbarAccount.tsx [Client Component SSR]
    ./components/Navbar/Navbar.tsx [Client Component SSR]
    ./components/Navbar/Navbar.tsx [Server Component]
    ./app/layout.tsx [Server Component]

https://nextjs.org/docs/messages/module-not-found @ http://localhost:3000/_next/static/chunks/node_modules_next_dist_1e8vcs8._.js:1052
[  320468ms] [ERROR] ./components/Navbar/components/NavbarAccount/NavbarAccount.tsx:6:1
Error: Module not found: Can't resolve './components/AccountMenuPlan'
  4 | import { AccountMenuHeader } from "./components/AccountMenuHeader";
  5 | import { AccountMenuItem } from "./components/AccountMenuItem";
> 6 | import { AccountMenuPlan } from "./components/AccountMenuPlan";
    | ^^^^^^^^^^^^^^^^^^^^^^^^^^^^^^^^^^^^^^^^^^^^^^^^^^^^^^^^^^^^^^
  7 | import {
  8 |   ACCOUNT_LABEL,
  9 |   ACCOUNT_MENU_ENTRIES,

Import traces:
  Client Component Browser:
    ./components/Navbar/components/NavbarAccount/NavbarAccount.tsx [Client Component Browser]
    ./components/Navbar/Navbar.tsx [Client Component Browser]
    ./components/Navbar/Navbar.tsx [Server Component]
    ./app/layout.tsx [Server Component]

  Client Component SSR:
    ./components/Navbar/components/NavbarAccount/NavbarAccount.tsx [Client Component SSR]
    ./components/Navbar/Navbar.tsx [Client Component SSR]
    ./components/Navbar/Navbar.tsx [Server Component]
    ./app/layout.tsx [Server Component]

https://nextjs.org/docs/messages/module-not-found @ http://localhost:3000/_next/static/chunks/node_modules_next_dist_1e8vcs8._.js:1052
[  320532ms] [ERROR] ./components/Navbar/components/NavbarAccount/NavbarAccount.tsx:4:1
Error: Module not found: Can't resolve './components/AccountMenuHeader'
  2 | import { Avatar, Button, Dropdown, Separator } from "@heroui/react";
  3 |
> 4 | import { AccountMenuHeader } from "./components/AccountMenuHeader";
    | ^^^^^^^^^^^^^^^^^^^^^^^^^^^^^^^^^^^^^^^^^^^^^^^^^^^^^^^^^^^^^^^^^^
  5 | import { AccountMenuItem } from "./components/AccountMenuItem";
  6 | import { AccountMenuPlan } from "./components/AccountMenuPlan";
  7 | import {

Import traces:
  Client Component Browser:
    ./components/Navbar/components/NavbarAccount/NavbarAccount.tsx [Client Component Browser]
    ./components/Navbar/Navbar.tsx [Client Component Browser]
    ./components/Navbar/Navbar.tsx [Server Component]
    ./app/layout.tsx [Server Component]

  Client Component SSR:
    ./components/Navbar/components/NavbarAccount/NavbarAccount.tsx [Client Component SSR]
    ./components/Navbar/Navbar.tsx [Client Component SSR]
    ./components/Navbar/Navbar.tsx [Server Component]
    ./app/layout.tsx [Server Component]

https://nextjs.org/docs/messages/module-not-found @ http://localhost:3000/_next/static/chunks/node_modules_next_dist_1e8vcs8._.js:1052
[  320532ms] [ERROR] ./components/Navbar/components/NavbarAccount/NavbarAccount.tsx:5:1
Error: Module not found: Can't resolve './components/AccountMenuItem'
  3 |
  4 | import { AccountMenuHeader } from "./components/AccountMenuHeader";
> 5 | import { AccountMenuItem } from "./components/AccountMenuItem";
    | ^^^^^^^^^^^^^^^^^^^^^^^^^^^^^^^^^^^^^^^^^^^^^^^^^^^^^^^^^^^^^^
  6 | import { AccountMenuPlan } from "./components/AccountMenuPlan";
  7 | import {
  8 |   ACCOUNT_LABEL,

Import traces:
  Client Component Browser:
    ./components/Navbar/components/NavbarAccount/NavbarAccount.tsx [Client Component Browser]
    ./components/Navbar/Navbar.tsx [Client Component Browser]
    ./components/Navbar/Navbar.tsx [Server Component]
    ./app/layout.tsx [Server Component]

  Client Component SSR:
    ./components/Navbar/components/NavbarAccount/NavbarAccount.tsx [Client Component SSR]
    ./components/Navbar/Navbar.tsx [Client Component SSR]
    ./components/Navbar/Navbar.tsx [Server Component]
    ./app/layout.tsx [Server Component]

https://nextjs.org/docs/messages/module-not-found @ http://localhost:3000/_next/static/chunks/node_modules_next_dist_1e8vcs8._.js:1052
[  320532ms] [ERROR] ./components/Navbar/components/NavbarAccount/NavbarAccount.tsx:6:1
Error: Module not found: Can't resolve './components/AccountMenuPlan'
  4 | import { AccountMenuHeader } from "./components/AccountMenuHeader";
  5 | import { AccountMenuItem } from "./components/AccountMenuItem";
> 6 | import { AccountMenuPlan } from "./components/AccountMenuPlan";
    | ^^^^^^^^^^^^^^^^^^^^^^^^^^^^^^^^^^^^^^^^^^^^^^^^^^^^^^^^^^^^^^
  7 | import {
  8 |   ACCOUNT_LABEL,
  9 |   ACCOUNT_MENU_ENTRIES,

Import traces:
  Client Component Browser:
    ./components/Navbar/components/NavbarAccount/NavbarAccount.tsx [Client Component Browser]
    ./components/Navbar/Navbar.tsx [Client Component Browser]
    ./components/Navbar/Navbar.tsx [Server Component]
    ./app/layout.tsx [Server Component]

  Client Component SSR:
    ./components/Navbar/components/NavbarAccount/NavbarAccount.tsx [Client Component SSR]
    ./components/Navbar/Navbar.tsx [Client Component SSR]
    ./components/Navbar/Navbar.tsx [Server Component]
    ./app/layout.tsx [Server Component]

https://nextjs.org/docs/messages/module-not-found @ http://localhost:3000/_next/static/chunks/node_modules_next_dist_1e8vcs8._.js:1052
[  320584ms] [ERROR] ./components/Navbar/components/NavbarAccount/NavbarAccount.tsx:4:1
Error: Module not found: Can't resolve './components/AccountMenuHeader'
  2 | import { Avatar, Button, Dropdown, Separator } from "@heroui/react";
  3 |
> 4 | import { AccountMenuHeader } from "./components/AccountMenuHeader";
    | ^^^^^^^^^^^^^^^^^^^^^^^^^^^^^^^^^^^^^^^^^^^^^^^^^^^^^^^^^^^^^^^^^^
  5 | import { AccountMenuItem } from "./components/AccountMenuItem";
  6 | import { AccountMenuPlan } from "./components/AccountMenuPlan";
  7 | import {

Import traces:
  Client Component Browser:
    ./components/Navbar/components/NavbarAccount/NavbarAccount.tsx [Client Component Browser]
    ./components/Navbar/Navbar.tsx [Client Component Browser]
    ./components/Navbar/Navbar.tsx [Server Component]
    ./app/layout.tsx [Server Component]

  Client Component SSR:
    ./components/Navbar/components/NavbarAccount/NavbarAccount.tsx [Client Component SSR]
    ./components/Navbar/Navbar.tsx [Client Component SSR]
    ./components/Navbar/Navbar.tsx [Server Component]
    ./app/layout.tsx [Server Component]

https://nextjs.org/docs/messages/module-not-found @ http://localhost:3000/_next/static/chunks/node_modules_next_dist_1e8vcs8._.js:1052
[  320584ms] [ERROR] ./components/Navbar/components/NavbarAccount/NavbarAccount.tsx:5:1
Error: Module not found: Can't resolve './components/AccountMenuItem'
  3 |
  4 | import { AccountMenuHeader } from "./components/AccountMenuHeader";
> 5 | import { AccountMenuItem } from "./components/AccountMenuItem";
    | ^^^^^^^^^^^^^^^^^^^^^^^^^^^^^^^^^^^^^^^^^^^^^^^^^^^^^^^^^^^^^^
  6 | import { AccountMenuPlan } from "./components/AccountMenuPlan";
  7 | import {
  8 |   ACCOUNT_LABEL,

Import traces:
  Client Component Browser:
    ./components/Navbar/components/NavbarAccount/NavbarAccount.tsx [Client Component Browser]
    ./components/Navbar/Navbar.tsx [Client Component Browser]
    ./components/Navbar/Navbar.tsx [Server Component]
    ./app/layout.tsx [Server Component]

  Client Component SSR:
    ./components/Navbar/components/NavbarAccount/NavbarAccount.tsx [Client Component SSR]
    ./components/Navbar/Navbar.tsx [Client Component SSR]
    ./components/Navbar/Navbar.tsx [Server Component]
    ./app/layout.tsx [Server Component]

https://nextjs.org/docs/messages/module-not-found @ http://localhost:3000/_next/static/chunks/node_modules_next_dist_1e8vcs8._.js:1052
[  320584ms] [ERROR] ./components/Navbar/components/NavbarAccount/NavbarAccount.tsx:6:1
Error: Module not found: Can't resolve './components/AccountMenuPlan'
  4 | import { AccountMenuHeader } from "./components/AccountMenuHeader";
  5 | import { AccountMenuItem } from "./components/AccountMenuItem";
> 6 | import { AccountMenuPlan } from "./components/AccountMenuPlan";
    | ^^^^^^^^^^^^^^^^^^^^^^^^^^^^^^^^^^^^^^^^^^^^^^^^^^^^^^^^^^^^^^
  7 | import {
  8 |   ACCOUNT_LABEL,
  9 |   ACCOUNT_MENU_ENTRIES,

Import traces:
  Client Component Browser:
    ./components/Navbar/components/NavbarAccount/NavbarAccount.tsx [Client Component Browser]
    ./components/Navbar/Navbar.tsx [Client Component Browser]
    ./components/Navbar/Navbar.tsx [Server Component]
    ./app/layout.tsx [Server Component]

  Client Component SSR:
    ./components/Navbar/components/NavbarAccount/NavbarAccount.tsx [Client Component SSR]
    ./components/Navbar/Navbar.tsx [Client Component SSR]
    ./components/Navbar/Navbar.tsx [Server Component]
    ./app/layout.tsx [Server Component]

https://nextjs.org/docs/messages/module-not-found @ http://localhost:3000/_next/static/chunks/node_modules_next_dist_1e8vcs8._.js:1052
[  320650ms] [ERROR] ./components/Navbar/components/NavbarAccount/NavbarAccount.tsx:4:1
Error: Module not found: Can't resolve './components/AccountMenuHeader'
  2 | import { Avatar, Button, Dropdown, Separator } from "@heroui/react";
  3 |
> 4 | import { AccountMenuHeader } from "./components/AccountMenuHeader";
    | ^^^^^^^^^^^^^^^^^^^^^^^^^^^^^^^^^^^^^^^^^^^^^^^^^^^^^^^^^^^^^^^^^^
  5 | import { AccountMenuItem } from "./components/AccountMenuItem";
  6 | import { AccountMenuPlan } from "./components/AccountMenuPlan";
  7 | import {

Import traces:
  Client Component Browser:
    ./components/Navbar/components/NavbarAccount/NavbarAccount.tsx [Client Component Browser]
    ./components/Navbar/Navbar.tsx [Client Component Browser]
    ./components/Navbar/Navbar.tsx [Server Component]
    ./app/layout.tsx [Server Component]

  Client Component SSR:
    ./components/Navbar/components/NavbarAccount/NavbarAccount.tsx [Client Component SSR]
    ./components/Navbar/Navbar.tsx [Client Component SSR]
    ./components/Navbar/Navbar.tsx [Server Component]
    ./app/layout.tsx [Server Component]

https://nextjs.org/docs/messages/module-not-found @ http://localhost:3000/_next/static/chunks/node_modules_next_dist_1e8vcs8._.js:1052
[  320650ms] [ERROR] ./components/Navbar/components/NavbarAccount/NavbarAccount.tsx:5:1
Error: Module not found: Can't resolve './components/AccountMenuItem'
  3 |
  4 | import { AccountMenuHeader } from "./components/AccountMenuHeader";
> 5 | import { AccountMenuItem } from "./components/AccountMenuItem";
    | ^^^^^^^^^^^^^^^^^^^^^^^^^^^^^^^^^^^^^^^^^^^^^^^^^^^^^^^^^^^^^^
  6 | import { AccountMenuPlan } from "./components/AccountMenuPlan";
  7 | import {
  8 |   ACCOUNT_LABEL,

Import traces:
  Client Component Browser:
    ./components/Navbar/components/NavbarAccount/NavbarAccount.tsx [Client Component Browser]
    ./components/Navbar/Navbar.tsx [Client Component Browser]
    ./components/Navbar/Navbar.tsx [Server Component]
    ./app/layout.tsx [Server Component]

  Client Component SSR:
    ./components/Navbar/components/NavbarAccount/NavbarAccount.tsx [Client Component SSR]
    ./components/Navbar/Navbar.tsx [Client Component SSR]
    ./components/Navbar/Navbar.tsx [Server Component]
    ./app/layout.tsx [Server Component]

https://nextjs.org/docs/messages/module-not-found @ http://localhost:3000/_next/static/chunks/node_modules_next_dist_1e8vcs8._.js:1052
[  320650ms] [ERROR] ./components/Navbar/components/NavbarAccount/NavbarAccount.tsx:6:1
Error: Module not found: Can't resolve './components/AccountMenuPlan'
  4 | import { AccountMenuHeader } from "./components/AccountMenuHeader";
  5 | import { AccountMenuItem } from "./components/AccountMenuItem";
> 6 | import { AccountMenuPlan } from "./components/AccountMenuPlan";
    | ^^^^^^^^^^^^^^^^^^^^^^^^^^^^^^^^^^^^^^^^^^^^^^^^^^^^^^^^^^^^^^
  7 | import {
  8 |   ACCOUNT_LABEL,
  9 |   ACCOUNT_MENU_ENTRIES,

Import traces:
  Client Component Browser:
    ./components/Navbar/components/NavbarAccount/NavbarAccount.tsx [Client Component Browser]
    ./components/Navbar/Navbar.tsx [Client Component Browser]
    ./components/Navbar/Navbar.tsx [Server Component]
    ./app/layout.tsx [Server Component]

  Client Component SSR:
    ./components/Navbar/components/NavbarAccount/NavbarAccount.tsx [Client Component SSR]
    ./components/Navbar/Navbar.tsx [Client Component SSR]
    ./components/Navbar/Navbar.tsx [Server Component]
    ./app/layout.tsx [Server Component]

https://nextjs.org/docs/messages/module-not-found @ http://localhost:3000/_next/static/chunks/node_modules_next_dist_1e8vcs8._.js:1052
[  320699ms] [ERROR] ./components/Navbar/components/NavbarAccount/NavbarAccount.tsx:4:1
Error: Module not found: Can't resolve './components/AccountMenuHeader'
  2 | import { Avatar, Button, Dropdown, Separator } from "@heroui/react";
  3 |
> 4 | import { AccountMenuHeader } from "./components/AccountMenuHeader";
    | ^^^^^^^^^^^^^^^^^^^^^^^^^^^^^^^^^^^^^^^^^^^^^^^^^^^^^^^^^^^^^^^^^^
  5 | import { AccountMenuItem } from "./components/AccountMenuItem";
  6 | import { AccountMenuPlan } from "./components/AccountMenuPlan";
  7 | import {

Import traces:
  Client Component Browser:
    ./components/Navbar/components/NavbarAccount/NavbarAccount.tsx [Client Component Browser]
    ./components/Navbar/Navbar.tsx [Client Component Browser]
    ./components/Navbar/Navbar.tsx [Server Component]
    ./app/layout.tsx [Server Component]

  Client Component SSR:
    ./components/Navbar/components/NavbarAccount/NavbarAccount.tsx [Client Component SSR]
    ./components/Navbar/Navbar.tsx [Client Component SSR]
    ./components/Navbar/Navbar.tsx [Server Component]
    ./app/layout.tsx [Server Component]

https://nextjs.org/docs/messages/module-not-found @ http://localhost:3000/_next/static/chunks/node_modules_next_dist_1e8vcs8._.js:1052
[  320700ms] [ERROR] ./components/Navbar/components/NavbarAccount/NavbarAccount.tsx:5:1
Error: Module not found: Can't resolve './components/AccountMenuItem'
  3 |
  4 | import { AccountMenuHeader } from "./components/AccountMenuHeader";
> 5 | import { AccountMenuItem } from "./components/AccountMenuItem";
    | ^^^^^^^^^^^^^^^^^^^^^^^^^^^^^^^^^^^^^^^^^^^^^^^^^^^^^^^^^^^^^^
  6 | import { AccountMenuPlan } from "./components/AccountMenuPlan";
  7 | import {
  8 |   ACCOUNT_LABEL,

Import traces:
  Client Component Browser:
    ./components/Navbar/components/NavbarAccount/NavbarAccount.tsx [Client Component Browser]
    ./components/Navbar/Navbar.tsx [Client Component Browser]
    ./components/Navbar/Navbar.tsx [Server Component]
    ./app/layout.tsx [Server Component]

  Client Component SSR:
    ./components/Navbar/components/NavbarAccount/NavbarAccount.tsx [Client Component SSR]
    ./components/Navbar/Navbar.tsx [Client Component SSR]
    ./components/Navbar/Navbar.tsx [Server Component]
    ./app/layout.tsx [Server Component]

https://nextjs.org/docs/messages/module-not-found @ http://localhost:3000/_next/static/chunks/node_modules_next_dist_1e8vcs8._.js:1052
[  320700ms] [ERROR] ./components/Navbar/components/NavbarAccount/NavbarAccount.tsx:6:1
Error: Module not found: Can't resolve './components/AccountMenuPlan'
  4 | import { AccountMenuHeader } from "./components/AccountMenuHeader";
  5 | import { AccountMenuItem } from "./components/AccountMenuItem";
> 6 | import { AccountMenuPlan } from "./components/AccountMenuPlan";
    | ^^^^^^^^^^^^^^^^^^^^^^^^^^^^^^^^^^^^^^^^^^^^^^^^^^^^^^^^^^^^^^
  7 | import {
  8 |   ACCOUNT_LABEL,
  9 |   ACCOUNT_MENU_ENTRIES,

Import traces:
  Client Component Browser:
    ./components/Navbar/components/NavbarAccount/NavbarAccount.tsx [Client Component Browser]
    ./components/Navbar/Navbar.tsx [Client Component Browser]
    ./components/Navbar/Navbar.tsx [Server Component]
    ./app/layout.tsx [Server Component]

  Client Component SSR:
    ./components/Navbar/components/NavbarAccount/NavbarAccount.tsx [Client Component SSR]
    ./components/Navbar/Navbar.tsx [Client Component SSR]
    ./components/Navbar/Navbar.tsx [Server Component]
    ./app/layout.tsx [Server Component]

https://nextjs.org/docs/messages/module-not-found @ http://localhost:3000/_next/static/chunks/node_modules_next_dist_1e8vcs8._.js:1052
[  320750ms] [ERROR] ./components/Navbar/components/NavbarAccount/NavbarAccount.tsx:4:1
Error: Module not found: Can't resolve './components/AccountMenuHeader'
  2 | import { Avatar, Button, Dropdown, Separator } from "@heroui/react";
  3 |
> 4 | import { AccountMenuHeader } from "./components/AccountMenuHeader";
    | ^^^^^^^^^^^^^^^^^^^^^^^^^^^^^^^^^^^^^^^^^^^^^^^^^^^^^^^^^^^^^^^^^^
  5 | import { AccountMenuItem } from "./components/AccountMenuItem";
  6 | import { AccountMenuPlan } from "./components/AccountMenuPlan";
  7 | import {

Import traces:
  Client Component Browser:
    ./components/Navbar/components/NavbarAccount/NavbarAccount.tsx [Client Component Browser]
    ./components/Navbar/Navbar.tsx [Client Component Browser]
    ./components/Navbar/Navbar.tsx [Server Component]
    ./app/layout.tsx [Server Component]

  Client Component SSR:
    ./components/Navbar/components/NavbarAccount/NavbarAccount.tsx [Client Component SSR]
    ./components/Navbar/Navbar.tsx [Client Component SSR]
    ./components/Navbar/Navbar.tsx [Server Component]
    ./app/layout.tsx [Server Component]

https://nextjs.org/docs/messages/module-not-found @ http://localhost:3000/_next/static/chunks/node_modules_next_dist_1e8vcs8._.js:1052
[  320750ms] [ERROR] ./components/Navbar/components/NavbarAccount/NavbarAccount.tsx:5:1
Error: Module not found: Can't resolve './components/AccountMenuItem'
  3 |
  4 | import { AccountMenuHeader } from "./components/AccountMenuHeader";
> 5 | import { AccountMenuItem } from "./components/AccountMenuItem";
    | ^^^^^^^^^^^^^^^^^^^^^^^^^^^^^^^^^^^^^^^^^^^^^^^^^^^^^^^^^^^^^^
  6 | import { AccountMenuPlan } from "./components/AccountMenuPlan";
  7 | import {
  8 |   ACCOUNT_LABEL,

Import traces:
  Client Component Browser:
    ./components/Navbar/components/NavbarAccount/NavbarAccount.tsx [Client Component Browser]
    ./components/Navbar/Navbar.tsx [Client Component Browser]
    ./components/Navbar/Navbar.tsx [Server Component]
    ./app/layout.tsx [Server Component]

  Client Component SSR:
    ./components/Navbar/components/NavbarAccount/NavbarAccount.tsx [Client Component SSR]
    ./components/Navbar/Navbar.tsx [Client Component SSR]
    ./components/Navbar/Navbar.tsx [Server Component]
    ./app/layout.tsx [Server Component]

https://nextjs.org/docs/messages/module-not-found @ http://localhost:3000/_next/static/chunks/node_modules_next_dist_1e8vcs8._.js:1052
[  320750ms] [ERROR] ./components/Navbar/components/NavbarAccount/NavbarAccount.tsx:6:1
Error: Module not found: Can't resolve './components/AccountMenuPlan'
  4 | import { AccountMenuHeader } from "./components/AccountMenuHeader";
  5 | import { AccountMenuItem } from "./components/AccountMenuItem";
> 6 | import { AccountMenuPlan } from "./components/AccountMenuPlan";
    | ^^^^^^^^^^^^^^^^^^^^^^^^^^^^^^^^^^^^^^^^^^^^^^^^^^^^^^^^^^^^^^
  7 | import {
  8 |   ACCOUNT_LABEL,
  9 |   ACCOUNT_MENU_ENTRIES,

Import traces:
  Client Component Browser:
    ./components/Navbar/components/NavbarAccount/NavbarAccount.tsx [Client Component Browser]
    ./components/Navbar/Navbar.tsx [Client Component Browser]
    ./components/Navbar/Navbar.tsx [Server Component]
    ./app/layout.tsx [Server Component]

  Client Component SSR:
    ./components/Navbar/components/NavbarAccount/NavbarAccount.tsx [Client Component SSR]
    ./components/Navbar/Navbar.tsx [Client Component SSR]
    ./components/Navbar/Navbar.tsx [Server Component]
    ./app/layout.tsx [Server Component]

https://nextjs.org/docs/messages/module-not-found @ http://localhost:3000/_next/static/chunks/node_modules_next_dist_1e8vcs8._.js:1052
[  320815ms] [ERROR] ./components/Navbar/components/NavbarAccount/NavbarAccount.tsx:4:1
Error: Module not found: Can't resolve './components/AccountMenuHeader'
  2 | import { Avatar, Button, Dropdown, Separator } from "@heroui/react";
  3 |
> 4 | import { AccountMenuHeader } from "./components/AccountMenuHeader";
    | ^^^^^^^^^^^^^^^^^^^^^^^^^^^^^^^^^^^^^^^^^^^^^^^^^^^^^^^^^^^^^^^^^^
  5 | import { AccountMenuItem } from "./components/AccountMenuItem";
  6 | import { AccountMenuPlan } from "./components/AccountMenuPlan";
  7 | import {

Import traces:
  Client Component Browser:
    ./components/Navbar/components/NavbarAccount/NavbarAccount.tsx [Client Component Browser]
    ./components/Navbar/Navbar.tsx [Client Component Browser]
    ./components/Navbar/Navbar.tsx [Server Component]
    ./app/layout.tsx [Server Component]

  Client Component SSR:
    ./components/Navbar/components/NavbarAccount/NavbarAccount.tsx [Client Component SSR]
    ./components/Navbar/Navbar.tsx [Client Component SSR]
    ./components/Navbar/Navbar.tsx [Server Component]
    ./app/layout.tsx [Server Component]

https://nextjs.org/docs/messages/module-not-found @ http://localhost:3000/_next/static/chunks/node_modules_next_dist_1e8vcs8._.js:1052
[  320815ms] [ERROR] ./components/Navbar/components/NavbarAccount/NavbarAccount.tsx:5:1
Error: Module not found: Can't resolve './components/AccountMenuItem'
  3 |
  4 | import { AccountMenuHeader } from "./components/AccountMenuHeader";
> 5 | import { AccountMenuItem } from "./components/AccountMenuItem";
    | ^^^^^^^^^^^^^^^^^^^^^^^^^^^^^^^^^^^^^^^^^^^^^^^^^^^^^^^^^^^^^^
  6 | import { AccountMenuPlan } from "./components/AccountMenuPlan";
  7 | import {
  8 |   ACCOUNT_LABEL,

Import traces:
  Client Component Browser:
    ./components/Navbar/components/NavbarAccount/NavbarAccount.tsx [Client Component Browser]
    ./components/Navbar/Navbar.tsx [Client Component Browser]
    ./components/Navbar/Navbar.tsx [Server Component]
    ./app/layout.tsx [Server Component]

  Client Component SSR:
    ./components/Navbar/components/NavbarAccount/NavbarAccount.tsx [Client Component SSR]
    ./components/Navbar/Navbar.tsx [Client Component SSR]
    ./components/Navbar/Navbar.tsx [Server Component]
    ./app/layout.tsx [Server Component]

https://nextjs.org/docs/messages/module-not-found @ http://localhost:3000/_next/static/chunks/node_modules_next_dist_1e8vcs8._.js:1052
[  320815ms] [ERROR] ./components/Navbar/components/NavbarAccount/NavbarAccount.tsx:6:1
Error: Module not found: Can't resolve './components/AccountMenuPlan'
  4 | import { AccountMenuHeader } from "./components/AccountMenuHeader";
  5 | import { AccountMenuItem } from "./components/AccountMenuItem";
> 6 | import { AccountMenuPlan } from "./components/AccountMenuPlan";
    | ^^^^^^^^^^^^^^^^^^^^^^^^^^^^^^^^^^^^^^^^^^^^^^^^^^^^^^^^^^^^^^
  7 | import {
  8 |   ACCOUNT_LABEL,
  9 |   ACCOUNT_MENU_ENTRIES,

Import traces:
  Client Component Browser:
    ./components/Navbar/components/NavbarAccount/NavbarAccount.tsx [Client Component Browser]
    ./components/Navbar/Navbar.tsx [Client Component Browser]
    ./components/Navbar/Navbar.tsx [Server Component]
    ./app/layout.tsx [Server Component]

  Client Component SSR:
    ./components/Navbar/components/NavbarAccount/NavbarAccount.tsx [Client Component SSR]
    ./components/Navbar/Navbar.tsx [Client Component SSR]
    ./components/Navbar/Navbar.tsx [Server Component]
    ./app/layout.tsx [Server Component]

https://nextjs.org/docs/messages/module-not-found @ http://localhost:3000/_next/static/chunks/node_modules_next_dist_1e8vcs8._.js:1052
[  320868ms] [ERROR] ./components/Navbar/components/NavbarAccount/NavbarAccount.tsx:4:1
Error: Module not found: Can't resolve './components/AccountMenuHeader'
  2 | import { Avatar, Button, Dropdown, Separator } from "@heroui/react";
  3 |
> 4 | import { AccountMenuHeader } from "./components/AccountMenuHeader";
    | ^^^^^^^^^^^^^^^^^^^^^^^^^^^^^^^^^^^^^^^^^^^^^^^^^^^^^^^^^^^^^^^^^^
  5 | import { AccountMenuItem } from "./components/AccountMenuItem";
  6 | import { AccountMenuPlan } from "./components/AccountMenuPlan";
  7 | import {

Import traces:
  Client Component Browser:
    ./components/Navbar/components/NavbarAccount/NavbarAccount.tsx [Client Component Browser]
    ./components/Navbar/Navbar.tsx [Client Component Browser]
    ./components/Navbar/Navbar.tsx [Server Component]
    ./app/layout.tsx [Server Component]

  Client Component SSR:
    ./components/Navbar/components/NavbarAccount/NavbarAccount.tsx [Client Component SSR]
    ./components/Navbar/Navbar.tsx [Client Component SSR]
    ./components/Navbar/Navbar.tsx [Server Component]
    ./app/layout.tsx [Server Component]

https://nextjs.org/docs/messages/module-not-found @ http://localhost:3000/_next/static/chunks/node_modules_next_dist_1e8vcs8._.js:1052
[  320869ms] [ERROR] ./components/Navbar/components/NavbarAccount/NavbarAccount.tsx:5:1
Error: Module not found: Can't resolve './components/AccountMenuItem'
  3 |
  4 | import { AccountMenuHeader } from "./components/AccountMenuHeader";
> 5 | import { AccountMenuItem } from "./components/AccountMenuItem";
    | ^^^^^^^^^^^^^^^^^^^^^^^^^^^^^^^^^^^^^^^^^^^^^^^^^^^^^^^^^^^^^^
  6 | import { AccountMenuPlan } from "./components/AccountMenuPlan";
  7 | import {
  8 |   ACCOUNT_LABEL,

Import traces:
  Client Component Browser:
    ./components/Navbar/components/NavbarAccount/NavbarAccount.tsx [Client Component Browser]
    ./components/Navbar/Navbar.tsx [Client Component Browser]
    ./components/Navbar/Navbar.tsx [Server Component]
    ./app/layout.tsx [Server Component]

  Client Component SSR:
    ./components/Navbar/components/NavbarAccount/NavbarAccount.tsx [Client Component SSR]
    ./components/Navbar/Navbar.tsx [Client Component SSR]
    ./components/Navbar/Navbar.tsx [Server Component]
    ./app/layout.tsx [Server Component]

https://nextjs.org/docs/messages/module-not-found @ http://localhost:3000/_next/static/chunks/node_modules_next_dist_1e8vcs8._.js:1052
[  320869ms] [ERROR] ./components/Navbar/components/NavbarAccount/NavbarAccount.tsx:6:1
Error: Module not found: Can't resolve './components/AccountMenuPlan'
  4 | import { AccountMenuHeader } from "./components/AccountMenuHeader";
  5 | import { AccountMenuItem } from "./components/AccountMenuItem";
> 6 | import { AccountMenuPlan } from "./components/AccountMenuPlan";
    | ^^^^^^^^^^^^^^^^^^^^^^^^^^^^^^^^^^^^^^^^^^^^^^^^^^^^^^^^^^^^^^
  7 | import {
  8 |   ACCOUNT_LABEL,
  9 |   ACCOUNT_MENU_ENTRIES,

Import traces:
  Client Component Browser:
    ./components/Navbar/components/NavbarAccount/NavbarAccount.tsx [Client Component Browser]
    ./components/Navbar/Navbar.tsx [Client Component Browser]
    ./components/Navbar/Navbar.tsx [Server Component]
    ./app/layout.tsx [Server Component]

  Client Component SSR:
    ./components/Navbar/components/NavbarAccount/NavbarAccount.tsx [Client Component SSR]
    ./components/Navbar/Navbar.tsx [Client Component SSR]
    ./components/Navbar/Navbar.tsx [Server Component]
    ./app/layout.tsx [Server Component]

https://nextjs.org/docs/messages/module-not-found @ http://localhost:3000/_next/static/chunks/node_modules_next_dist_1e8vcs8._.js:1052
[  320916ms] [ERROR] ./components/Navbar/components/NavbarAccount/NavbarAccount.tsx:4:1
Error: Module not found: Can't resolve './components/AccountMenuHeader'
  2 | import { Avatar, Button, Dropdown, Separator } from "@heroui/react";
  3 |
> 4 | import { AccountMenuHeader } from "./components/AccountMenuHeader";
    | ^^^^^^^^^^^^^^^^^^^^^^^^^^^^^^^^^^^^^^^^^^^^^^^^^^^^^^^^^^^^^^^^^^
  5 | import { AccountMenuItem } from "./components/AccountMenuItem";
  6 | import { AccountMenuPlan } from "./components/AccountMenuPlan";
  7 | import {

Import traces:
  Client Component Browser:
    ./components/Navbar/components/NavbarAccount/NavbarAccount.tsx [Client Component Browser]
    ./components/Navbar/Navbar.tsx [Client Component Browser]
    ./components/Navbar/Navbar.tsx [Server Component]
    ./app/layout.tsx [Server Component]

  Client Component SSR:
    ./components/Navbar/components/NavbarAccount/NavbarAccount.tsx [Client Component SSR]
    ./components/Navbar/Navbar.tsx [Client Component SSR]
    ./components/Navbar/Navbar.tsx [Server Component]
    ./app/layout.tsx [Server Component]

https://nextjs.org/docs/messages/module-not-found @ http://localhost:3000/_next/static/chunks/node_modules_next_dist_1e8vcs8._.js:1052
[  320917ms] [ERROR] ./components/Navbar/components/NavbarAccount/NavbarAccount.tsx:5:1
Error: Module not found: Can't resolve './components/AccountMenuItem'
  3 |
  4 | import { AccountMenuHeader } from "./components/AccountMenuHeader";
> 5 | import { AccountMenuItem } from "./components/AccountMenuItem";
    | ^^^^^^^^^^^^^^^^^^^^^^^^^^^^^^^^^^^^^^^^^^^^^^^^^^^^^^^^^^^^^^
  6 | import { AccountMenuPlan } from "./components/AccountMenuPlan";
  7 | import {
  8 |   ACCOUNT_LABEL,

Import traces:
  Client Component Browser:
    ./components/Navbar/components/NavbarAccount/NavbarAccount.tsx [Client Component Browser]
    ./components/Navbar/Navbar.tsx [Client Component Browser]
    ./components/Navbar/Navbar.tsx [Server Component]
    ./app/layout.tsx [Server Component]

  Client Component SSR:
    ./components/Navbar/components/NavbarAccount/NavbarAccount.tsx [Client Component SSR]
    ./components/Navbar/Navbar.tsx [Client Component SSR]
    ./components/Navbar/Navbar.tsx [Server Component]
    ./app/layout.tsx [Server Component]

https://nextjs.org/docs/messages/module-not-found @ http://localhost:3000/_next/static/chunks/node_modules_next_dist_1e8vcs8._.js:1052
[  320917ms] [ERROR] ./components/Navbar/components/NavbarAccount/NavbarAccount.tsx:6:1
Error: Module not found: Can't resolve './components/AccountMenuPlan'
  4 | import { AccountMenuHeader } from "./components/AccountMenuHeader";
  5 | import { AccountMenuItem } from "./components/AccountMenuItem";
> 6 | import { AccountMenuPlan } from "./components/AccountMenuPlan";
    | ^^^^^^^^^^^^^^^^^^^^^^^^^^^^^^^^^^^^^^^^^^^^^^^^^^^^^^^^^^^^^^
  7 | import {
  8 |   ACCOUNT_LABEL,
  9 |   ACCOUNT_MENU_ENTRIES,

Import traces:
  Client Component Browser:
    ./components/Navbar/components/NavbarAccount/NavbarAccount.tsx [Client Component Browser]
    ./components/Navbar/Navbar.tsx [Client Component Browser]
    ./components/Navbar/Navbar.tsx [Server Component]
    ./app/layout.tsx [Server Component]

  Client Component SSR:
    ./components/Navbar/components/NavbarAccount/NavbarAccount.tsx [Client Component SSR]
    ./components/Navbar/Navbar.tsx [Client Component SSR]
    ./components/Navbar/Navbar.tsx [Server Component]
    ./app/layout.tsx [Server Component]

https://nextjs.org/docs/messages/module-not-found @ http://localhost:3000/_next/static/chunks/node_modules_next_dist_1e8vcs8._.js:1052
[  320966ms] [ERROR] ./components/Navbar/components/NavbarAccount/NavbarAccount.tsx:4:1
Error: Module not found: Can't resolve './components/AccountMenuHeader'
  2 | import { Avatar, Button, Dropdown, Separator } from "@heroui/react";
  3 |
> 4 | import { AccountMenuHeader } from "./components/AccountMenuHeader";
    | ^^^^^^^^^^^^^^^^^^^^^^^^^^^^^^^^^^^^^^^^^^^^^^^^^^^^^^^^^^^^^^^^^^
  5 | import { AccountMenuItem } from "./components/AccountMenuItem";
  6 | import { AccountMenuPlan } from "./components/AccountMenuPlan";
  7 | import {

Import traces:
  Client Component Browser:
    ./components/Navbar/components/NavbarAccount/NavbarAccount.tsx [Client Component Browser]
    ./components/Navbar/Navbar.tsx [Client Component Browser]
    ./components/Navbar/Navbar.tsx [Server Component]
    ./app/layout.tsx [Server Component]

  Client Component SSR:
    ./components/Navbar/components/NavbarAccount/NavbarAccount.tsx [Client Component SSR]
    ./components/Navbar/Navbar.tsx [Client Component SSR]
    ./components/Navbar/Navbar.tsx [Server Component]
    ./app/layout.tsx [Server Component]

https://nextjs.org/docs/messages/module-not-found @ http://localhost:3000/_next/static/chunks/node_modules_next_dist_1e8vcs8._.js:1052
[  320967ms] [ERROR] ./components/Navbar/components/NavbarAccount/NavbarAccount.tsx:5:1
Error: Module not found: Can't resolve './components/AccountMenuItem'
  3 |
  4 | import { AccountMenuHeader } from "./components/AccountMenuHeader";
> 5 | import { AccountMenuItem } from "./components/AccountMenuItem";
    | ^^^^^^^^^^^^^^^^^^^^^^^^^^^^^^^^^^^^^^^^^^^^^^^^^^^^^^^^^^^^^^
  6 | import { AccountMenuPlan } from "./components/AccountMenuPlan";
  7 | import {
  8 |   ACCOUNT_LABEL,

Import traces:
  Client Component Browser:
    ./components/Navbar/components/NavbarAccount/NavbarAccount.tsx [Client Component Browser]
    ./components/Navbar/Navbar.tsx [Client Component Browser]
    ./components/Navbar/Navbar.tsx [Server Component]
    ./app/layout.tsx [Server Component]

  Client Component SSR:
    ./components/Navbar/components/NavbarAccount/NavbarAccount.tsx [Client Component SSR]
    ./components/Navbar/Navbar.tsx [Client Component SSR]
    ./components/Navbar/Navbar.tsx [Server Component]
    ./app/layout.tsx [Server Component]

https://nextjs.org/docs/messages/module-not-found @ http://localhost:3000/_next/static/chunks/node_modules_next_dist_1e8vcs8._.js:1052
[  320967ms] [ERROR] ./components/Navbar/components/NavbarAccount/NavbarAccount.tsx:6:1
Error: Module not found: Can't resolve './components/AccountMenuPlan'
  4 | import { AccountMenuHeader } from "./components/AccountMenuHeader";
  5 | import { AccountMenuItem } from "./components/AccountMenuItem";
> 6 | import { AccountMenuPlan } from "./components/AccountMenuPlan";
    | ^^^^^^^^^^^^^^^^^^^^^^^^^^^^^^^^^^^^^^^^^^^^^^^^^^^^^^^^^^^^^^
  7 | import {
  8 |   ACCOUNT_LABEL,
  9 |   ACCOUNT_MENU_ENTRIES,

Import traces:
  Client Component Browser:
    ./components/Navbar/components/NavbarAccount/NavbarAccount.tsx [Client Component Browser]
    ./components/Navbar/Navbar.tsx [Client Component Browser]
    ./components/Navbar/Navbar.tsx [Server Component]
    ./app/layout.tsx [Server Component]

  Client Component SSR:
    ./components/Navbar/components/NavbarAccount/NavbarAccount.tsx [Client Component SSR]
    ./components/Navbar/Navbar.tsx [Client Component SSR]
    ./components/Navbar/Navbar.tsx [Server Component]
    ./app/layout.tsx [Server Component]

https://nextjs.org/docs/messages/module-not-found @ http://localhost:3000/_next/static/chunks/node_modules_next_dist_1e8vcs8._.js:1052
[  321032ms] [ERROR] ./components/Navbar/components/NavbarAccount/NavbarAccount.tsx:4:1
Error: Module not found: Can't resolve './components/AccountMenuHeader'
  2 | import { Avatar, Button, Dropdown, Separator } from "@heroui/react";
  3 |
> 4 | import { AccountMenuHeader } from "./components/AccountMenuHeader";
    | ^^^^^^^^^^^^^^^^^^^^^^^^^^^^^^^^^^^^^^^^^^^^^^^^^^^^^^^^^^^^^^^^^^
  5 | import { AccountMenuItem } from "./components/AccountMenuItem";
  6 | import { AccountMenuPlan } from "./components/AccountMenuPlan";
  7 | import {

Import traces:
  Client Component Browser:
    ./components/Navbar/components/NavbarAccount/NavbarAccount.tsx [Client Component Browser]
    ./components/Navbar/Navbar.tsx [Client Component Browser]
    ./components/Navbar/Navbar.tsx [Server Component]
    ./app/layout.tsx [Server Component]

  Client Component SSR:
    ./components/Navbar/components/NavbarAccount/NavbarAccount.tsx [Client Component SSR]
    ./components/Navbar/Navbar.tsx [Client Component SSR]
    ./components/Navbar/Navbar.tsx [Server Component]
    ./app/layout.tsx [Server Component]

https://nextjs.org/docs/messages/module-not-found @ http://localhost:3000/_next/static/chunks/node_modules_next_dist_1e8vcs8._.js:1052
[  321032ms] [ERROR] ./components/Navbar/components/NavbarAccount/NavbarAccount.tsx:5:1
Error: Module not found: Can't resolve './components/AccountMenuItem'
  3 |
  4 | import { AccountMenuHeader } from "./components/AccountMenuHeader";
> 5 | import { AccountMenuItem } from "./components/AccountMenuItem";
    | ^^^^^^^^^^^^^^^^^^^^^^^^^^^^^^^^^^^^^^^^^^^^^^^^^^^^^^^^^^^^^^
  6 | import { AccountMenuPlan } from "./components/AccountMenuPlan";
  7 | import {
  8 |   ACCOUNT_LABEL,

Import traces:
  Client Component Browser:
    ./components/Navbar/components/NavbarAccount/NavbarAccount.tsx [Client Component Browser]
    ./components/Navbar/Navbar.tsx [Client Component Browser]
    ./components/Navbar/Navbar.tsx [Server Component]
    ./app/layout.tsx [Server Component]

  Client Component SSR:
    ./components/Navbar/components/NavbarAccount/NavbarAccount.tsx [Client Component SSR]
    ./components/Navbar/Navbar.tsx [Client Component SSR]
    ./components/Navbar/Navbar.tsx [Server Component]
    ./app/layout.tsx [Server Component]

https://nextjs.org/docs/messages/module-not-found @ http://localhost:3000/_next/static/chunks/node_modules_next_dist_1e8vcs8._.js:1052
[  321032ms] [ERROR] ./components/Navbar/components/NavbarAccount/NavbarAccount.tsx:6:1
Error: Module not found: Can't resolve './components/AccountMenuPlan'
  4 | import { AccountMenuHeader } from "./components/AccountMenuHeader";
  5 | import { AccountMenuItem } from "./components/AccountMenuItem";
> 6 | import { AccountMenuPlan } from "./components/AccountMenuPlan";
    | ^^^^^^^^^^^^^^^^^^^^^^^^^^^^^^^^^^^^^^^^^^^^^^^^^^^^^^^^^^^^^^
  7 | import {
  8 |   ACCOUNT_LABEL,
  9 |   ACCOUNT_MENU_ENTRIES,

Import traces:
  Client Component Browser:
    ./components/Navbar/components/NavbarAccount/NavbarAccount.tsx [Client Component Browser]
    ./components/Navbar/Navbar.tsx [Client Component Browser]
    ./components/Navbar/Navbar.tsx [Server Component]
    ./app/layout.tsx [Server Component]

  Client Component SSR:
    ./components/Navbar/components/NavbarAccount/NavbarAccount.tsx [Client Component SSR]
    ./components/Navbar/Navbar.tsx [Client Component SSR]
    ./components/Navbar/Navbar.tsx [Server Component]
    ./app/layout.tsx [Server Component]

https://nextjs.org/docs/messages/module-not-found @ http://localhost:3000/_next/static/chunks/node_modules_next_dist_1e8vcs8._.js:1052
[  321085ms] [ERROR] ./components/Navbar/components/NavbarAccount/NavbarAccount.tsx:4:1
Error: Module not found: Can't resolve './components/AccountMenuHeader'
  2 | import { Avatar, Button, Dropdown, Separator } from "@heroui/react";
  3 |
> 4 | import { AccountMenuHeader } from "./components/AccountMenuHeader";
    | ^^^^^^^^^^^^^^^^^^^^^^^^^^^^^^^^^^^^^^^^^^^^^^^^^^^^^^^^^^^^^^^^^^
  5 | import { AccountMenuItem } from "./components/AccountMenuItem";
  6 | import { AccountMenuPlan } from "./components/AccountMenuPlan";
  7 | import {

Import traces:
  Client Component Browser:
    ./components/Navbar/components/NavbarAccount/NavbarAccount.tsx [Client Component Browser]
    ./components/Navbar/Navbar.tsx [Client Component Browser]
    ./components/Navbar/Navbar.tsx [Server Component]
    ./app/layout.tsx [Server Component]

  Client Component SSR:
    ./components/Navbar/components/NavbarAccount/NavbarAccount.tsx [Client Component SSR]
    ./components/Navbar/Navbar.tsx [Client Component SSR]
    ./components/Navbar/Navbar.tsx [Server Component]
    ./app/layout.tsx [Server Component]

https://nextjs.org/docs/messages/module-not-found @ http://localhost:3000/_next/static/chunks/node_modules_next_dist_1e8vcs8._.js:1052
[  321085ms] [ERROR] ./components/Navbar/components/NavbarAccount/NavbarAccount.tsx:5:1
Error: Module not found: Can't resolve './components/AccountMenuItem'
  3 |
  4 | import { AccountMenuHeader } from "./components/AccountMenuHeader";
> 5 | import { AccountMenuItem } from "./components/AccountMenuItem";
    | ^^^^^^^^^^^^^^^^^^^^^^^^^^^^^^^^^^^^^^^^^^^^^^^^^^^^^^^^^^^^^^
  6 | import { AccountMenuPlan } from "./components/AccountMenuPlan";
  7 | import {
  8 |   ACCOUNT_LABEL,

Import traces:
  Client Component Browser:
    ./components/Navbar/components/NavbarAccount/NavbarAccount.tsx [Client Component Browser]
    ./components/Navbar/Navbar.tsx [Client Component Browser]
    ./components/Navbar/Navbar.tsx [Server Component]
    ./app/layout.tsx [Server Component]

  Client Component SSR:
    ./components/Navbar/components/NavbarAccount/NavbarAccount.tsx [Client Component SSR]
    ./components/Navbar/Navbar.tsx [Client Component SSR]
    ./components/Navbar/Navbar.tsx [Server Component]
    ./app/layout.tsx [Server Component]

https://nextjs.org/docs/messages/module-not-found @ http://localhost:3000/_next/static/chunks/node_modules_next_dist_1e8vcs8._.js:1052
[  321085ms] [ERROR] ./components/Navbar/components/NavbarAccount/NavbarAccount.tsx:6:1
Error: Module not found: Can't resolve './components/AccountMenuPlan'
  4 | import { AccountMenuHeader } from "./components/AccountMenuHeader";
  5 | import { AccountMenuItem } from "./components/AccountMenuItem";
> 6 | import { AccountMenuPlan } from "./components/AccountMenuPlan";
    | ^^^^^^^^^^^^^^^^^^^^^^^^^^^^^^^^^^^^^^^^^^^^^^^^^^^^^^^^^^^^^^
  7 | import {
  8 |   ACCOUNT_LABEL,
  9 |   ACCOUNT_MENU_ENTRIES,

Import traces:
  Client Component Browser:
    ./components/Navbar/components/NavbarAccount/NavbarAccount.tsx [Client Component Browser]
    ./components/Navbar/Navbar.tsx [Client Component Browser]
    ./components/Navbar/Navbar.tsx [Server Component]
    ./app/layout.tsx [Server Component]

  Client Component SSR:
    ./components/Navbar/components/NavbarAccount/NavbarAccount.tsx [Client Component SSR]
    ./components/Navbar/Navbar.tsx [Client Component SSR]
    ./components/Navbar/Navbar.tsx [Server Component]
    ./app/layout.tsx [Server Component]

https://nextjs.org/docs/messages/module-not-found @ http://localhost:3000/_next/static/chunks/node_modules_next_dist_1e8vcs8._.js:1052
[  321133ms] [ERROR] ./components/Navbar/components/NavbarAccount/NavbarAccount.tsx:4:1
Error: Module not found: Can't resolve './components/AccountMenuHeader'
  2 | import { Avatar, Button, Dropdown, Separator } from "@heroui/react";
  3 |
> 4 | import { AccountMenuHeader } from "./components/AccountMenuHeader";
    | ^^^^^^^^^^^^^^^^^^^^^^^^^^^^^^^^^^^^^^^^^^^^^^^^^^^^^^^^^^^^^^^^^^
  5 | import { AccountMenuItem } from "./components/AccountMenuItem";
  6 | import { AccountMenuPlan } from "./components/AccountMenuPlan";
  7 | import {

Import traces:
  Client Component Browser:
    ./components/Navbar/components/NavbarAccount/NavbarAccount.tsx [Client Component Browser]
    ./components/Navbar/Navbar.tsx [Client Component Browser]
    ./components/Navbar/Navbar.tsx [Server Component]
    ./app/layout.tsx [Server Component]

  Client Component SSR:
    ./components/Navbar/components/NavbarAccount/NavbarAccount.tsx [Client Component SSR]
    ./components/Navbar/Navbar.tsx [Client Component SSR]
    ./components/Navbar/Navbar.tsx [Server Component]
    ./app/layout.tsx [Server Component]

https://nextjs.org/docs/messages/module-not-found @ http://localhost:3000/_next/static/chunks/node_modules_next_dist_1e8vcs8._.js:1052
[  321133ms] [ERROR] ./components/Navbar/components/NavbarAccount/NavbarAccount.tsx:5:1
Error: Module not found: Can't resolve './components/AccountMenuItem'
  3 |
  4 | import { AccountMenuHeader } from "./components/AccountMenuHeader";
> 5 | import { AccountMenuItem } from "./components/AccountMenuItem";
    | ^^^^^^^^^^^^^^^^^^^^^^^^^^^^^^^^^^^^^^^^^^^^^^^^^^^^^^^^^^^^^^
  6 | import { AccountMenuPlan } from "./components/AccountMenuPlan";
  7 | import {
  8 |   ACCOUNT_LABEL,

Import traces:
  Client Component Browser:
    ./components/Navbar/components/NavbarAccount/NavbarAccount.tsx [Client Component Browser]
    ./components/Navbar/Navbar.tsx [Client Component Browser]
    ./components/Navbar/Navbar.tsx [Server Component]
    ./app/layout.tsx [Server Component]

  Client Component SSR:
    ./components/Navbar/components/NavbarAccount/NavbarAccount.tsx [Client Component SSR]
    ./components/Navbar/Navbar.tsx [Client Component SSR]
    ./components/Navbar/Navbar.tsx [Server Component]
    ./app/layout.tsx [Server Component]

https://nextjs.org/docs/messages/module-not-found @ http://localhost:3000/_next/static/chunks/node_modules_next_dist_1e8vcs8._.js:1052
[  321133ms] [ERROR] ./components/Navbar/components/NavbarAccount/NavbarAccount.tsx:6:1
Error: Module not found: Can't resolve './components/AccountMenuPlan'
  4 | import { AccountMenuHeader } from "./components/AccountMenuHeader";
  5 | import { AccountMenuItem } from "./components/AccountMenuItem";
> 6 | import { AccountMenuPlan } from "./components/AccountMenuPlan";
    | ^^^^^^^^^^^^^^^^^^^^^^^^^^^^^^^^^^^^^^^^^^^^^^^^^^^^^^^^^^^^^^
  7 | import {
  8 |   ACCOUNT_LABEL,
  9 |   ACCOUNT_MENU_ENTRIES,

Import traces:
  Client Component Browser:
    ./components/Navbar/components/NavbarAccount/NavbarAccount.tsx [Client Component Browser]
    ./components/Navbar/Navbar.tsx [Client Component Browser]
    ./components/Navbar/Navbar.tsx [Server Component]
    ./app/layout.tsx [Server Component]

  Client Component SSR:
    ./components/Navbar/components/NavbarAccount/NavbarAccount.tsx [Client Component SSR]
    ./components/Navbar/Navbar.tsx [Client Component SSR]
    ./components/Navbar/Navbar.tsx [Server Component]
    ./app/layout.tsx [Server Component]

https://nextjs.org/docs/messages/module-not-found @ http://localhost:3000/_next/static/chunks/node_modules_next_dist_1e8vcs8._.js:1052
[  321183ms] [ERROR] ./components/Navbar/components/NavbarAccount/NavbarAccount.tsx:4:1
Error: Module not found: Can't resolve './components/AccountMenuHeader'
  2 | import { Avatar, Button, Dropdown, Separator } from "@heroui/react";
  3 |
> 4 | import { AccountMenuHeader } from "./components/AccountMenuHeader";
    | ^^^^^^^^^^^^^^^^^^^^^^^^^^^^^^^^^^^^^^^^^^^^^^^^^^^^^^^^^^^^^^^^^^
  5 | import { AccountMenuItem } from "./components/AccountMenuItem";
  6 | import { AccountMenuPlan } from "./components/AccountMenuPlan";
  7 | import {

Import traces:
  Client Component Browser:
    ./components/Navbar/components/NavbarAccount/NavbarAccount.tsx [Client Component Browser]
    ./components/Navbar/Navbar.tsx [Client Component Browser]
    ./components/Navbar/Navbar.tsx [Server Component]
    ./app/layout.tsx [Server Component]

  Client Component SSR:
    ./components/Navbar/components/NavbarAccount/NavbarAccount.tsx [Client Component SSR]
    ./components/Navbar/Navbar.tsx [Client Component SSR]
    ./components/Navbar/Navbar.tsx [Server Component]
    ./app/layout.tsx [Server Component]

https://nextjs.org/docs/messages/module-not-found @ http://localhost:3000/_next/static/chunks/node_modules_next_dist_1e8vcs8._.js:1052
[  321184ms] [ERROR] ./components/Navbar/components/NavbarAccount/NavbarAccount.tsx:5:1
Error: Module not found: Can't resolve './components/AccountMenuItem'
  3 |
  4 | import { AccountMenuHeader } from "./components/AccountMenuHeader";
> 5 | import { AccountMenuItem } from "./components/AccountMenuItem";
    | ^^^^^^^^^^^^^^^^^^^^^^^^^^^^^^^^^^^^^^^^^^^^^^^^^^^^^^^^^^^^^^
  6 | import { AccountMenuPlan } from "./components/AccountMenuPlan";
  7 | import {
  8 |   ACCOUNT_LABEL,

Import traces:
  Client Component Browser:
    ./components/Navbar/components/NavbarAccount/NavbarAccount.tsx [Client Component Browser]
    ./components/Navbar/Navbar.tsx [Client Component Browser]
    ./components/Navbar/Navbar.tsx [Server Component]
    ./app/layout.tsx [Server Component]

  Client Component SSR:
    ./components/Navbar/components/NavbarAccount/NavbarAccount.tsx [Client Component SSR]
    ./components/Navbar/Navbar.tsx [Client Component SSR]
    ./components/Navbar/Navbar.tsx [Server Component]
    ./app/layout.tsx [Server Component]

https://nextjs.org/docs/messages/module-not-found @ http://localhost:3000/_next/static/chunks/node_modules_next_dist_1e8vcs8._.js:1052
[  321184ms] [ERROR] ./components/Navbar/components/NavbarAccount/NavbarAccount.tsx:6:1
Error: Module not found: Can't resolve './components/AccountMenuPlan'
  4 | import { AccountMenuHeader } from "./components/AccountMenuHeader";
  5 | import { AccountMenuItem } from "./components/AccountMenuItem";
> 6 | import { AccountMenuPlan } from "./components/AccountMenuPlan";
    | ^^^^^^^^^^^^^^^^^^^^^^^^^^^^^^^^^^^^^^^^^^^^^^^^^^^^^^^^^^^^^^
  7 | import {
  8 |   ACCOUNT_LABEL,
  9 |   ACCOUNT_MENU_ENTRIES,

Import traces:
  Client Component Browser:
    ./components/Navbar/components/NavbarAccount/NavbarAccount.tsx [Client Component Browser]
    ./components/Navbar/Navbar.tsx [Client Component Browser]
    ./components/Navbar/Navbar.tsx [Server Component]
    ./app/layout.tsx [Server Component]

  Client Component SSR:
    ./components/Navbar/components/NavbarAccount/NavbarAccount.tsx [Client Component SSR]
    ./components/Navbar/Navbar.tsx [Client Component SSR]
    ./components/Navbar/Navbar.tsx [Server Component]
    ./app/layout.tsx [Server Component]

https://nextjs.org/docs/messages/module-not-found @ http://localhost:3000/_next/static/chunks/node_modules_next_dist_1e8vcs8._.js:1052
[  321233ms] [ERROR] ./components/Navbar/components/NavbarAccount/NavbarAccount.tsx:4:1
Error: Module not found: Can't resolve './components/AccountMenuHeader'
  2 | import { Avatar, Button, Dropdown, Separator } from "@heroui/react";
  3 |
> 4 | import { AccountMenuHeader } from "./components/AccountMenuHeader";
    | ^^^^^^^^^^^^^^^^^^^^^^^^^^^^^^^^^^^^^^^^^^^^^^^^^^^^^^^^^^^^^^^^^^
  5 | import { AccountMenuItem } from "./components/AccountMenuItem";
  6 | import { AccountMenuPlan } from "./components/AccountMenuPlan";
  7 | import {

Import traces:
  Client Component Browser:
    ./components/Navbar/components/NavbarAccount/NavbarAccount.tsx [Client Component Browser]
    ./components/Navbar/Navbar.tsx [Client Component Browser]
    ./components/Navbar/Navbar.tsx [Server Component]
    ./app/layout.tsx [Server Component]

  Client Component SSR:
    ./components/Navbar/components/NavbarAccount/NavbarAccount.tsx [Client Component SSR]
    ./components/Navbar/Navbar.tsx [Client Component SSR]
    ./components/Navbar/Navbar.tsx [Server Component]
    ./app/layout.tsx [Server Component]

https://nextjs.org/docs/messages/module-not-found @ http://localhost:3000/_next/static/chunks/node_modules_next_dist_1e8vcs8._.js:1052
[  321234ms] [ERROR] ./components/Navbar/components/NavbarAccount/NavbarAccount.tsx:5:1
Error: Module not found: Can't resolve './components/AccountMenuItem'
  3 |
  4 | import { AccountMenuHeader } from "./components/AccountMenuHeader";
> 5 | import { AccountMenuItem } from "./components/AccountMenuItem";
    | ^^^^^^^^^^^^^^^^^^^^^^^^^^^^^^^^^^^^^^^^^^^^^^^^^^^^^^^^^^^^^^
  6 | import { AccountMenuPlan } from "./components/AccountMenuPlan";
  7 | import {
  8 |   ACCOUNT_LABEL,

Import traces:
  Client Component Browser:
    ./components/Navbar/components/NavbarAccount/NavbarAccount.tsx [Client Component Browser]
    ./components/Navbar/Navbar.tsx [Client Component Browser]
    ./components/Navbar/Navbar.tsx [Server Component]
    ./app/layout.tsx [Server Component]

  Client Component SSR:
    ./components/Navbar/components/NavbarAccount/NavbarAccount.tsx [Client Component SSR]
    ./components/Navbar/Navbar.tsx [Client Component SSR]
    ./components/Navbar/Navbar.tsx [Server Component]
    ./app/layout.tsx [Server Component]

https://nextjs.org/docs/messages/module-not-found @ http://localhost:3000/_next/static/chunks/node_modules_next_dist_1e8vcs8._.js:1052
[  321234ms] [ERROR] ./components/Navbar/components/NavbarAccount/NavbarAccount.tsx:6:1
Error: Module not found: Can't resolve './components/AccountMenuPlan'
  4 | import { AccountMenuHeader } from "./components/AccountMenuHeader";
  5 | import { AccountMenuItem } from "./components/AccountMenuItem";
> 6 | import { AccountMenuPlan } from "./components/AccountMenuPlan";
    | ^^^^^^^^^^^^^^^^^^^^^^^^^^^^^^^^^^^^^^^^^^^^^^^^^^^^^^^^^^^^^^
  7 | import {
  8 |   ACCOUNT_LABEL,
  9 |   ACCOUNT_MENU_ENTRIES,

Import traces:
  Client Component Browser:
    ./components/Navbar/components/NavbarAccount/NavbarAccount.tsx [Client Component Browser]
    ./components/Navbar/Navbar.tsx [Client Component Browser]
    ./components/Navbar/Navbar.tsx [Server Component]
    ./app/layout.tsx [Server Component]

  Client Component SSR:
    ./components/Navbar/components/NavbarAccount/NavbarAccount.tsx [Client Component SSR]
    ./components/Navbar/Navbar.tsx [Client Component SSR]
    ./components/Navbar/Navbar.tsx [Server Component]
    ./app/layout.tsx [Server Component]

https://nextjs.org/docs/messages/module-not-found @ http://localhost:3000/_next/static/chunks/node_modules_next_dist_1e8vcs8._.js:1052
[  321283ms] [ERROR] ./components/Navbar/components/NavbarAccount/NavbarAccount.tsx:4:1
Error: Module not found: Can't resolve './components/AccountMenuHeader'
  2 | import { Avatar, Button, Dropdown, Separator } from "@heroui/react";
  3 |
> 4 | import { AccountMenuHeader } from "./components/AccountMenuHeader";
    | ^^^^^^^^^^^^^^^^^^^^^^^^^^^^^^^^^^^^^^^^^^^^^^^^^^^^^^^^^^^^^^^^^^
  5 | import { AccountMenuItem } from "./components/AccountMenuItem";
  6 | import { AccountMenuPlan } from "./components/AccountMenuPlan";
  7 | import {

Import traces:
  Client Component Browser:
    ./components/Navbar/components/NavbarAccount/NavbarAccount.tsx [Client Component Browser]
    ./components/Navbar/Navbar.tsx [Client Component Browser]
    ./components/Navbar/Navbar.tsx [Server Component]
    ./app/layout.tsx [Server Component]

  Client Component SSR:
    ./components/Navbar/components/NavbarAccount/NavbarAccount.tsx [Client Component SSR]
    ./components/Navbar/Navbar.tsx [Client Component SSR]
    ./components/Navbar/Navbar.tsx [Server Component]
    ./app/layout.tsx [Server Component]

https://nextjs.org/docs/messages/module-not-found @ http://localhost:3000/_next/static/chunks/node_modules_next_dist_1e8vcs8._.js:1052
[  321283ms] [ERROR] ./components/Navbar/components/NavbarAccount/NavbarAccount.tsx:5:1
Error: Module not found: Can't resolve './components/AccountMenuItem'
  3 |
  4 | import { AccountMenuHeader } from "./components/AccountMenuHeader";
> 5 | import { AccountMenuItem } from "./components/AccountMenuItem";
    | ^^^^^^^^^^^^^^^^^^^^^^^^^^^^^^^^^^^^^^^^^^^^^^^^^^^^^^^^^^^^^^
  6 | import { AccountMenuPlan } from "./components/AccountMenuPlan";
  7 | import {
  8 |   ACCOUNT_LABEL,

Import traces:
  Client Component Browser:
    ./components/Navbar/components/NavbarAccount/NavbarAccount.tsx [Client Component Browser]
    ./components/Navbar/Navbar.tsx [Client Component Browser]
    ./components/Navbar/Navbar.tsx [Server Component]
    ./app/layout.tsx [Server Component]

  Client Component SSR:
    ./components/Navbar/components/NavbarAccount/NavbarAccount.tsx [Client Component SSR]
    ./components/Navbar/Navbar.tsx [Client Component SSR]
    ./components/Navbar/Navbar.tsx [Server Component]
    ./app/layout.tsx [Server Component]

https://nextjs.org/docs/messages/module-not-found @ http://localhost:3000/_next/static/chunks/node_modules_next_dist_1e8vcs8._.js:1052
[  321283ms] [ERROR] ./components/Navbar/components/NavbarAccount/NavbarAccount.tsx:6:1
Error: Module not found: Can't resolve './components/AccountMenuPlan'
  4 | import { AccountMenuHeader } from "./components/AccountMenuHeader";
  5 | import { AccountMenuItem } from "./components/AccountMenuItem";
> 6 | import { AccountMenuPlan } from "./components/AccountMenuPlan";
    | ^^^^^^^^^^^^^^^^^^^^^^^^^^^^^^^^^^^^^^^^^^^^^^^^^^^^^^^^^^^^^^
  7 | import {
  8 |   ACCOUNT_LABEL,
  9 |   ACCOUNT_MENU_ENTRIES,

Import traces:
  Client Component Browser:
    ./components/Navbar/components/NavbarAccount/NavbarAccount.tsx [Client Component Browser]
    ./components/Navbar/Navbar.tsx [Client Component Browser]
    ./components/Navbar/Navbar.tsx [Server Component]
    ./app/layout.tsx [Server Component]

  Client Component SSR:
    ./components/Navbar/components/NavbarAccount/NavbarAccount.tsx [Client Component SSR]
    ./components/Navbar/Navbar.tsx [Client Component SSR]
    ./components/Navbar/Navbar.tsx [Server Component]
    ./app/layout.tsx [Server Component]

https://nextjs.org/docs/messages/module-not-found @ http://localhost:3000/_next/static/chunks/node_modules_next_dist_1e8vcs8._.js:1052
[  321332ms] [ERROR] ./components/Navbar/components/NavbarAccount/NavbarAccount.tsx:4:1
Error: Module not found: Can't resolve './components/AccountMenuHeader'
  2 | import { Avatar, Button, Dropdown, Separator } from "@heroui/react";
  3 |
> 4 | import { AccountMenuHeader } from "./components/AccountMenuHeader";
    | ^^^^^^^^^^^^^^^^^^^^^^^^^^^^^^^^^^^^^^^^^^^^^^^^^^^^^^^^^^^^^^^^^^
  5 | import { AccountMenuItem } from "./components/AccountMenuItem";
  6 | import { AccountMenuPlan } from "./components/AccountMenuPlan";
  7 | import {

Import traces:
  Client Component Browser:
    ./components/Navbar/components/NavbarAccount/NavbarAccount.tsx [Client Component Browser]
    ./components/Navbar/Navbar.tsx [Client Component Browser]
    ./components/Navbar/Navbar.tsx [Server Component]
    ./app/layout.tsx [Server Component]

  Client Component SSR:
    ./components/Navbar/components/NavbarAccount/NavbarAccount.tsx [Client Component SSR]
    ./components/Navbar/Navbar.tsx [Client Component SSR]
    ./components/Navbar/Navbar.tsx [Server Component]
    ./app/layout.tsx [Server Component]

https://nextjs.org/docs/messages/module-not-found @ http://localhost:3000/_next/static/chunks/node_modules_next_dist_1e8vcs8._.js:1052
[  321333ms] [ERROR] ./components/Navbar/components/NavbarAccount/NavbarAccount.tsx:5:1
Error: Module not found: Can't resolve './components/AccountMenuItem'
  3 |
  4 | import { AccountMenuHeader } from "./components/AccountMenuHeader";
> 5 | import { AccountMenuItem } from "./components/AccountMenuItem";
    | ^^^^^^^^^^^^^^^^^^^^^^^^^^^^^^^^^^^^^^^^^^^^^^^^^^^^^^^^^^^^^^
  6 | import { AccountMenuPlan } from "./components/AccountMenuPlan";
  7 | import {
  8 |   ACCOUNT_LABEL,

Import traces:
  Client Component Browser:
    ./components/Navbar/components/NavbarAccount/NavbarAccount.tsx [Client Component Browser]
    ./components/Navbar/Navbar.tsx [Client Component Browser]
    ./components/Navbar/Navbar.tsx [Server Component]
    ./app/layout.tsx [Server Component]

  Client Component SSR:
    ./components/Navbar/components/NavbarAccount/NavbarAccount.tsx [Client Component SSR]
    ./components/Navbar/Navbar.tsx [Client Component SSR]
    ./components/Navbar/Navbar.tsx [Server Component]
    ./app/layout.tsx [Server Component]

https://nextjs.org/docs/messages/module-not-found @ http://localhost:3000/_next/static/chunks/node_modules_next_dist_1e8vcs8._.js:1052
[  321333ms] [ERROR] ./components/Navbar/components/NavbarAccount/NavbarAccount.tsx:6:1
Error: Module not found: Can't resolve './components/AccountMenuPlan'
  4 | import { AccountMenuHeader } from "./components/AccountMenuHeader";
  5 | import { AccountMenuItem } from "./components/AccountMenuItem";
> 6 | import { AccountMenuPlan } from "./components/AccountMenuPlan";
    | ^^^^^^^^^^^^^^^^^^^^^^^^^^^^^^^^^^^^^^^^^^^^^^^^^^^^^^^^^^^^^^
  7 | import {
  8 |   ACCOUNT_LABEL,
  9 |   ACCOUNT_MENU_ENTRIES,

Import traces:
  Client Component Browser:
    ./components/Navbar/components/NavbarAccount/NavbarAccount.tsx [Client Component Browser]
    ./components/Navbar/Navbar.tsx [Client Component Browser]
    ./components/Navbar/Navbar.tsx [Server Component]
    ./app/layout.tsx [Server Component]

  Client Component SSR:
    ./components/Navbar/components/NavbarAccount/NavbarAccount.tsx [Client Component SSR]
    ./components/Navbar/Navbar.tsx [Client Component SSR]
    ./components/Navbar/Navbar.tsx [Server Component]
    ./app/layout.tsx [Server Component]

https://nextjs.org/docs/messages/module-not-found @ http://localhost:3000/_next/static/chunks/node_modules_next_dist_1e8vcs8._.js:1052
[  321383ms] [ERROR] ./components/Navbar/components/NavbarAccount/NavbarAccount.tsx:4:1
Error: Module not found: Can't resolve './components/AccountMenuHeader'
  2 | import { Avatar, Button, Dropdown, Separator } from "@heroui/react";
  3 |
> 4 | import { AccountMenuHeader } from "./components/AccountMenuHeader";
    | ^^^^^^^^^^^^^^^^^^^^^^^^^^^^^^^^^^^^^^^^^^^^^^^^^^^^^^^^^^^^^^^^^^
  5 | import { AccountMenuItem } from "./components/AccountMenuItem";
  6 | import { AccountMenuPlan } from "./components/AccountMenuPlan";
  7 | import {

Import traces:
  Client Component Browser:
    ./components/Navbar/components/NavbarAccount/NavbarAccount.tsx [Client Component Browser]
    ./components/Navbar/Navbar.tsx [Client Component Browser]
    ./components/Navbar/Navbar.tsx [Server Component]
    ./app/layout.tsx [Server Component]

  Client Component SSR:
    ./components/Navbar/components/NavbarAccount/NavbarAccount.tsx [Client Component SSR]
    ./components/Navbar/Navbar.tsx [Client Component SSR]
    ./components/Navbar/Navbar.tsx [Server Component]
    ./app/layout.tsx [Server Component]

https://nextjs.org/docs/messages/module-not-found @ http://localhost:3000/_next/static/chunks/node_modules_next_dist_1e8vcs8._.js:1052
[  321383ms] [ERROR] ./components/Navbar/components/NavbarAccount/NavbarAccount.tsx:5:1
Error: Module not found: Can't resolve './components/AccountMenuItem'
  3 |
  4 | import { AccountMenuHeader } from "./components/AccountMenuHeader";
> 5 | import { AccountMenuItem } from "./components/AccountMenuItem";
    | ^^^^^^^^^^^^^^^^^^^^^^^^^^^^^^^^^^^^^^^^^^^^^^^^^^^^^^^^^^^^^^
  6 | import { AccountMenuPlan } from "./components/AccountMenuPlan";
  7 | import {
  8 |   ACCOUNT_LABEL,

Import traces:
  Client Component Browser:
    ./components/Navbar/components/NavbarAccount/NavbarAccount.tsx [Client Component Browser]
    ./components/Navbar/Navbar.tsx [Client Component Browser]
    ./components/Navbar/Navbar.tsx [Server Component]
    ./app/layout.tsx [Server Component]

  Client Component SSR:
    ./components/Navbar/components/NavbarAccount/NavbarAccount.tsx [Client Component SSR]
    ./components/Navbar/Navbar.tsx [Client Component SSR]
    ./components/Navbar/Navbar.tsx [Server Component]
    ./app/layout.tsx [Server Component]

https://nextjs.org/docs/messages/module-not-found @ http://localhost:3000/_next/static/chunks/node_modules_next_dist_1e8vcs8._.js:1052
[  321383ms] [ERROR] ./components/Navbar/components/NavbarAccount/NavbarAccount.tsx:6:1
Error: Module not found: Can't resolve './components/AccountMenuPlan'
  4 | import { AccountMenuHeader } from "./components/AccountMenuHeader";
  5 | import { AccountMenuItem } from "./components/AccountMenuItem";
> 6 | import { AccountMenuPlan } from "./components/AccountMenuPlan";
    | ^^^^^^^^^^^^^^^^^^^^^^^^^^^^^^^^^^^^^^^^^^^^^^^^^^^^^^^^^^^^^^
  7 | import {
  8 |   ACCOUNT_LABEL,
  9 |   ACCOUNT_MENU_ENTRIES,

Import traces:
  Client Component Browser:
    ./components/Navbar/components/NavbarAccount/NavbarAccount.tsx [Client Component Browser]
    ./components/Navbar/Navbar.tsx [Client Component Browser]
    ./components/Navbar/Navbar.tsx [Server Component]
    ./app/layout.tsx [Server Component]

  Client Component SSR:
    ./components/Navbar/components/NavbarAccount/NavbarAccount.tsx [Client Component SSR]
    ./components/Navbar/Navbar.tsx [Client Component SSR]
    ./components/Navbar/Navbar.tsx [Server Component]
    ./app/layout.tsx [Server Component]

https://nextjs.org/docs/messages/module-not-found @ http://localhost:3000/_next/static/chunks/node_modules_next_dist_1e8vcs8._.js:1052
[  321432ms] [ERROR] ./components/Navbar/components/NavbarAccount/NavbarAccount.tsx:4:1
Error: Module not found: Can't resolve './components/AccountMenuHeader'
  2 | import { Avatar, Button, Dropdown, Separator } from "@heroui/react";
  3 |
> 4 | import { AccountMenuHeader } from "./components/AccountMenuHeader";
    | ^^^^^^^^^^^^^^^^^^^^^^^^^^^^^^^^^^^^^^^^^^^^^^^^^^^^^^^^^^^^^^^^^^
  5 | import { AccountMenuItem } from "./components/AccountMenuItem";
  6 | import { AccountMenuPlan } from "./components/AccountMenuPlan";
  7 | import {

Import traces:
  Client Component Browser:
    ./components/Navbar/components/NavbarAccount/NavbarAccount.tsx [Client Component Browser]
    ./components/Navbar/Navbar.tsx [Client Component Browser]
    ./components/Navbar/Navbar.tsx [Server Component]
    ./app/layout.tsx [Server Component]

  Client Component SSR:
    ./components/Navbar/components/NavbarAccount/NavbarAccount.tsx [Client Component SSR]
    ./components/Navbar/Navbar.tsx [Client Component SSR]
    ./components/Navbar/Navbar.tsx [Server Component]
    ./app/layout.tsx [Server Component]

https://nextjs.org/docs/messages/module-not-found @ http://localhost:3000/_next/static/chunks/node_modules_next_dist_1e8vcs8._.js:1052
[  321433ms] [ERROR] ./components/Navbar/components/NavbarAccount/NavbarAccount.tsx:5:1
Error: Module not found: Can't resolve './components/AccountMenuItem'
  3 |
  4 | import { AccountMenuHeader } from "./components/AccountMenuHeader";
> 5 | import { AccountMenuItem } from "./components/AccountMenuItem";
    | ^^^^^^^^^^^^^^^^^^^^^^^^^^^^^^^^^^^^^^^^^^^^^^^^^^^^^^^^^^^^^^
  6 | import { AccountMenuPlan } from "./components/AccountMenuPlan";
  7 | import {
  8 |   ACCOUNT_LABEL,

Import traces:
  Client Component Browser:
    ./components/Navbar/components/NavbarAccount/NavbarAccount.tsx [Client Component Browser]
    ./components/Navbar/Navbar.tsx [Client Component Browser]
    ./components/Navbar/Navbar.tsx [Server Component]
    ./app/layout.tsx [Server Component]

  Client Component SSR:
    ./components/Navbar/components/NavbarAccount/NavbarAccount.tsx [Client Component SSR]
    ./components/Navbar/Navbar.tsx [Client Component SSR]
    ./components/Navbar/Navbar.tsx [Server Component]
    ./app/layout.tsx [Server Component]

https://nextjs.org/docs/messages/module-not-found @ http://localhost:3000/_next/static/chunks/node_modules_next_dist_1e8vcs8._.js:1052
[  321433ms] [ERROR] ./components/Navbar/components/NavbarAccount/NavbarAccount.tsx:6:1
Error: Module not found: Can't resolve './components/AccountMenuPlan'
  4 | import { AccountMenuHeader } from "./components/AccountMenuHeader";
  5 | import { AccountMenuItem } from "./components/AccountMenuItem";
> 6 | import { AccountMenuPlan } from "./components/AccountMenuPlan";
    | ^^^^^^^^^^^^^^^^^^^^^^^^^^^^^^^^^^^^^^^^^^^^^^^^^^^^^^^^^^^^^^
  7 | import {
  8 |   ACCOUNT_LABEL,
  9 |   ACCOUNT_MENU_ENTRIES,

Import traces:
  Client Component Browser:
    ./components/Navbar/components/NavbarAccount/NavbarAccount.tsx [Client Component Browser]
    ./components/Navbar/Navbar.tsx [Client Component Browser]
    ./components/Navbar/Navbar.tsx [Server Component]
    ./app/layout.tsx [Server Component]

  Client Component SSR:
    ./components/Navbar/components/NavbarAccount/NavbarAccount.tsx [Client Component SSR]
    ./components/Navbar/Navbar.tsx [Client Component SSR]
    ./components/Navbar/Navbar.tsx [Server Component]
    ./app/layout.tsx [Server Component]

https://nextjs.org/docs/messages/module-not-found @ http://localhost:3000/_next/static/chunks/node_modules_next_dist_1e8vcs8._.js:1052
[  321498ms] [ERROR] ./components/Navbar/components/NavbarAccount/NavbarAccount.tsx:4:1
Error: Module not found: Can't resolve './components/AccountMenuHeader'
  2 | import { Avatar, Button, Dropdown, Separator } from "@heroui/react";
  3 |
> 4 | import { AccountMenuHeader } from "./components/AccountMenuHeader";
    | ^^^^^^^^^^^^^^^^^^^^^^^^^^^^^^^^^^^^^^^^^^^^^^^^^^^^^^^^^^^^^^^^^^
  5 | import { AccountMenuItem } from "./components/AccountMenuItem";
  6 | import { AccountMenuPlan } from "./components/AccountMenuPlan";
  7 | import {

Import traces:
  Client Component Browser:
    ./components/Navbar/components/NavbarAccount/NavbarAccount.tsx [Client Component Browser]
    ./components/Navbar/Navbar.tsx [Client Component Browser]
    ./components/Navbar/Navbar.tsx [Server Component]
    ./app/layout.tsx [Server Component]

  Client Component SSR:
    ./components/Navbar/components/NavbarAccount/NavbarAccount.tsx [Client Component SSR]
    ./components/Navbar/Navbar.tsx [Client Component SSR]
    ./components/Navbar/Navbar.tsx [Server Component]
    ./app/layout.tsx [Server Component]

https://nextjs.org/docs/messages/module-not-found @ http://localhost:3000/_next/static/chunks/node_modules_next_dist_1e8vcs8._.js:1052
[  321498ms] [ERROR] ./components/Navbar/components/NavbarAccount/NavbarAccount.tsx:5:1
Error: Module not found: Can't resolve './components/AccountMenuItem'
  3 |
  4 | import { AccountMenuHeader } from "./components/AccountMenuHeader";
> 5 | import { AccountMenuItem } from "./components/AccountMenuItem";
    | ^^^^^^^^^^^^^^^^^^^^^^^^^^^^^^^^^^^^^^^^^^^^^^^^^^^^^^^^^^^^^^
  6 | import { AccountMenuPlan } from "./components/AccountMenuPlan";
  7 | import {
  8 |   ACCOUNT_LABEL,

Import traces:
  Client Component Browser:
    ./components/Navbar/components/NavbarAccount/NavbarAccount.tsx [Client Component Browser]
    ./components/Navbar/Navbar.tsx [Client Component Browser]
    ./components/Navbar/Navbar.tsx [Server Component]
    ./app/layout.tsx [Server Component]

  Client Component SSR:
    ./components/Navbar/components/NavbarAccount/NavbarAccount.tsx [Client Component SSR]
    ./components/Navbar/Navbar.tsx [Client Component SSR]
    ./components/Navbar/Navbar.tsx [Server Component]
    ./app/layout.tsx [Server Component]

https://nextjs.org/docs/messages/module-not-found @ http://localhost:3000/_next/static/chunks/node_modules_next_dist_1e8vcs8._.js:1052
[  321498ms] [ERROR] ./components/Navbar/components/NavbarAccount/NavbarAccount.tsx:6:1
Error: Module not found: Can't resolve './components/AccountMenuPlan'
  4 | import { AccountMenuHeader } from "./components/AccountMenuHeader";
  5 | import { AccountMenuItem } from "./components/AccountMenuItem";
> 6 | import { AccountMenuPlan } from "./components/AccountMenuPlan";
    | ^^^^^^^^^^^^^^^^^^^^^^^^^^^^^^^^^^^^^^^^^^^^^^^^^^^^^^^^^^^^^^
  7 | import {
  8 |   ACCOUNT_LABEL,
  9 |   ACCOUNT_MENU_ENTRIES,

Import traces:
  Client Component Browser:
    ./components/Navbar/components/NavbarAccount/NavbarAccount.tsx [Client Component Browser]
    ./components/Navbar/Navbar.tsx [Client Component Browser]
    ./components/Navbar/Navbar.tsx [Server Component]
    ./app/layout.tsx [Server Component]

  Client Component SSR:
    ./components/Navbar/components/NavbarAccount/NavbarAccount.tsx [Client Component SSR]
    ./components/Navbar/Navbar.tsx [Client Component SSR]
    ./components/Navbar/Navbar.tsx [Server Component]
    ./app/layout.tsx [Server Component]

https://nextjs.org/docs/messages/module-not-found @ http://localhost:3000/_next/static/chunks/node_modules_next_dist_1e8vcs8._.js:1052
[  321551ms] [ERROR] ./components/Navbar/components/NavbarAccount/NavbarAccount.tsx:4:1
Error: Module not found: Can't resolve './components/AccountMenuHeader'
  2 | import { Avatar, Button, Dropdown, Separator } from "@heroui/react";
  3 |
> 4 | import { AccountMenuHeader } from "./components/AccountMenuHeader";
    | ^^^^^^^^^^^^^^^^^^^^^^^^^^^^^^^^^^^^^^^^^^^^^^^^^^^^^^^^^^^^^^^^^^
  5 | import { AccountMenuItem } from "./components/AccountMenuItem";
  6 | import { AccountMenuPlan } from "./components/AccountMenuPlan";
  7 | import {

Import traces:
  Client Component Browser:
    ./components/Navbar/components/NavbarAccount/NavbarAccount.tsx [Client Component Browser]
    ./components/Navbar/Navbar.tsx [Client Component Browser]
    ./components/Navbar/Navbar.tsx [Server Component]
    ./app/layout.tsx [Server Component]

  Client Component SSR:
    ./components/Navbar/components/NavbarAccount/NavbarAccount.tsx [Client Component SSR]
    ./components/Navbar/Navbar.tsx [Client Component SSR]
    ./components/Navbar/Navbar.tsx [Server Component]
    ./app/layout.tsx [Server Component]

https://nextjs.org/docs/messages/module-not-found @ http://localhost:3000/_next/static/chunks/node_modules_next_dist_1e8vcs8._.js:1052
[  321551ms] [ERROR] ./components/Navbar/components/NavbarAccount/NavbarAccount.tsx:5:1
Error: Module not found: Can't resolve './components/AccountMenuItem'
  3 |
  4 | import { AccountMenuHeader } from "./components/AccountMenuHeader";
> 5 | import { AccountMenuItem } from "./components/AccountMenuItem";
    | ^^^^^^^^^^^^^^^^^^^^^^^^^^^^^^^^^^^^^^^^^^^^^^^^^^^^^^^^^^^^^^
  6 | import { AccountMenuPlan } from "./components/AccountMenuPlan";
  7 | import {
  8 |   ACCOUNT_LABEL,

Import traces:
  Client Component Browser:
    ./components/Navbar/components/NavbarAccount/NavbarAccount.tsx [Client Component Browser]
    ./components/Navbar/Navbar.tsx [Client Component Browser]
    ./components/Navbar/Navbar.tsx [Server Component]
    ./app/layout.tsx [Server Component]

  Client Component SSR:
    ./components/Navbar/components/NavbarAccount/NavbarAccount.tsx [Client Component SSR]
    ./components/Navbar/Navbar.tsx [Client Component SSR]
    ./components/Navbar/Navbar.tsx [Server Component]
    ./app/layout.tsx [Server Component]

https://nextjs.org/docs/messages/module-not-found @ http://localhost:3000/_next/static/chunks/node_modules_next_dist_1e8vcs8._.js:1052
[  321551ms] [ERROR] ./components/Navbar/components/NavbarAccount/NavbarAccount.tsx:6:1
Error: Module not found: Can't resolve './components/AccountMenuPlan'
  4 | import { AccountMenuHeader } from "./components/AccountMenuHeader";
  5 | import { AccountMenuItem } from "./components/AccountMenuItem";
> 6 | import { AccountMenuPlan } from "./components/AccountMenuPlan";
    | ^^^^^^^^^^^^^^^^^^^^^^^^^^^^^^^^^^^^^^^^^^^^^^^^^^^^^^^^^^^^^^
  7 | import {
  8 |   ACCOUNT_LABEL,
  9 |   ACCOUNT_MENU_ENTRIES,

Import traces:
  Client Component Browser:
    ./components/Navbar/components/NavbarAccount/NavbarAccount.tsx [Client Component Browser]
    ./components/Navbar/Navbar.tsx [Client Component Browser]
    ./components/Navbar/Navbar.tsx [Server Component]
    ./app/layout.tsx [Server Component]

  Client Component SSR:
    ./components/Navbar/components/NavbarAccount/NavbarAccount.tsx [Client Component SSR]
    ./components/Navbar/Navbar.tsx [Client Component SSR]
    ./components/Navbar/Navbar.tsx [Server Component]
    ./app/layout.tsx [Server Component]

https://nextjs.org/docs/messages/module-not-found @ http://localhost:3000/_next/static/chunks/node_modules_next_dist_1e8vcs8._.js:1052
[  321600ms] [ERROR] ./components/Navbar/components/NavbarAccount/NavbarAccount.tsx:4:1
Error: Module not found: Can't resolve './components/AccountMenuHeader'
  2 | import { Avatar, Button, Dropdown, Separator } from "@heroui/react";
  3 |
> 4 | import { AccountMenuHeader } from "./components/AccountMenuHeader";
    | ^^^^^^^^^^^^^^^^^^^^^^^^^^^^^^^^^^^^^^^^^^^^^^^^^^^^^^^^^^^^^^^^^^
  5 | import { AccountMenuItem } from "./components/AccountMenuItem";
  6 | import { AccountMenuPlan } from "./components/AccountMenuPlan";
  7 | import {

Import traces:
  Client Component Browser:
    ./components/Navbar/components/NavbarAccount/NavbarAccount.tsx [Client Component Browser]
    ./components/Navbar/Navbar.tsx [Client Component Browser]
    ./components/Navbar/Navbar.tsx [Server Component]
    ./app/layout.tsx [Server Component]

  Client Component SSR:
    ./components/Navbar/components/NavbarAccount/NavbarAccount.tsx [Client Component SSR]
    ./components/Navbar/Navbar.tsx [Client Component SSR]
    ./components/Navbar/Navbar.tsx [Server Component]
    ./app/layout.tsx [Server Component]

https://nextjs.org/docs/messages/module-not-found @ http://localhost:3000/_next/static/chunks/node_modules_next_dist_1e8vcs8._.js:1052
[  321600ms] [ERROR] ./components/Navbar/components/NavbarAccount/NavbarAccount.tsx:5:1
Error: Module not found: Can't resolve './components/AccountMenuItem'
  3 |
  4 | import { AccountMenuHeader } from "./components/AccountMenuHeader";
> 5 | import { AccountMenuItem } from "./components/AccountMenuItem";
    | ^^^^^^^^^^^^^^^^^^^^^^^^^^^^^^^^^^^^^^^^^^^^^^^^^^^^^^^^^^^^^^
  6 | import { AccountMenuPlan } from "./components/AccountMenuPlan";
  7 | import {
  8 |   ACCOUNT_LABEL,

Import traces:
  Client Component Browser:
    ./components/Navbar/components/NavbarAccount/NavbarAccount.tsx [Client Component Browser]
    ./components/Navbar/Navbar.tsx [Client Component Browser]
    ./components/Navbar/Navbar.tsx [Server Component]
    ./app/layout.tsx [Server Component]

  Client Component SSR:
    ./components/Navbar/components/NavbarAccount/NavbarAccount.tsx [Client Component SSR]
    ./components/Navbar/Navbar.tsx [Client Component SSR]
    ./components/Navbar/Navbar.tsx [Server Component]
    ./app/layout.tsx [Server Component]

https://nextjs.org/docs/messages/module-not-found @ http://localhost:3000/_next/static/chunks/node_modules_next_dist_1e8vcs8._.js:1052
[  321600ms] [ERROR] ./components/Navbar/components/NavbarAccount/NavbarAccount.tsx:6:1
Error: Module not found: Can't resolve './components/AccountMenuPlan'
  4 | import { AccountMenuHeader } from "./components/AccountMenuHeader";
  5 | import { AccountMenuItem } from "./components/AccountMenuItem";
> 6 | import { AccountMenuPlan } from "./components/AccountMenuPlan";
    | ^^^^^^^^^^^^^^^^^^^^^^^^^^^^^^^^^^^^^^^^^^^^^^^^^^^^^^^^^^^^^^
  7 | import {
  8 |   ACCOUNT_LABEL,
  9 |   ACCOUNT_MENU_ENTRIES,

Import traces:
  Client Component Browser:
    ./components/Navbar/components/NavbarAccount/NavbarAccount.tsx [Client Component Browser]
    ./components/Navbar/Navbar.tsx [Client Component Browser]
    ./components/Navbar/Navbar.tsx [Server Component]
    ./app/layout.tsx [Server Component]

  Client Component SSR:
    ./components/Navbar/components/NavbarAccount/NavbarAccount.tsx [Client Component SSR]
    ./components/Navbar/Navbar.tsx [Client Component SSR]
    ./components/Navbar/Navbar.tsx [Server Component]
    ./app/layout.tsx [Server Component]

https://nextjs.org/docs/messages/module-not-found @ http://localhost:3000/_next/static/chunks/node_modules_next_dist_1e8vcs8._.js:1052
[  321664ms] [ERROR] ./components/Navbar/components/NavbarAccount/NavbarAccount.tsx:4:1
Error: Module not found: Can't resolve './components/AccountMenuHeader'
  2 | import { Avatar, Button, Dropdown, Separator } from "@heroui/react";
  3 |
> 4 | import { AccountMenuHeader } from "./components/AccountMenuHeader";
    | ^^^^^^^^^^^^^^^^^^^^^^^^^^^^^^^^^^^^^^^^^^^^^^^^^^^^^^^^^^^^^^^^^^
  5 | import { AccountMenuItem } from "./components/AccountMenuItem";
  6 | import { AccountMenuPlan } from "./components/AccountMenuPlan";
  7 | import {

Import traces:
  Client Component Browser:
    ./components/Navbar/components/NavbarAccount/NavbarAccount.tsx [Client Component Browser]
    ./components/Navbar/Navbar.tsx [Client Component Browser]
    ./components/Navbar/Navbar.tsx [Server Component]
    ./app/layout.tsx [Server Component]

  Client Component SSR:
    ./components/Navbar/components/NavbarAccount/NavbarAccount.tsx [Client Component SSR]
    ./components/Navbar/Navbar.tsx [Client Component SSR]
    ./components/Navbar/Navbar.tsx [Server Component]
    ./app/layout.tsx [Server Component]

https://nextjs.org/docs/messages/module-not-found @ http://localhost:3000/_next/static/chunks/node_modules_next_dist_1e8vcs8._.js:1052
[  321664ms] [ERROR] ./components/Navbar/components/NavbarAccount/NavbarAccount.tsx:5:1
Error: Module not found: Can't resolve './components/AccountMenuItem'
  3 |
  4 | import { AccountMenuHeader } from "./components/AccountMenuHeader";
> 5 | import { AccountMenuItem } from "./components/AccountMenuItem";
    | ^^^^^^^^^^^^^^^^^^^^^^^^^^^^^^^^^^^^^^^^^^^^^^^^^^^^^^^^^^^^^^
  6 | import { AccountMenuPlan } from "./components/AccountMenuPlan";
  7 | import {
  8 |   ACCOUNT_LABEL,

Import traces:
  Client Component Browser:
    ./components/Navbar/components/NavbarAccount/NavbarAccount.tsx [Client Component Browser]
    ./components/Navbar/Navbar.tsx [Client Component Browser]
    ./components/Navbar/Navbar.tsx [Server Component]
    ./app/layout.tsx [Server Component]

  Client Component SSR:
    ./components/Navbar/components/NavbarAccount/NavbarAccount.tsx [Client Component SSR]
    ./components/Navbar/Navbar.tsx [Client Component SSR]
    ./components/Navbar/Navbar.tsx [Server Component]
    ./app/layout.tsx [Server Component]

https://nextjs.org/docs/messages/module-not-found @ http://localhost:3000/_next/static/chunks/node_modules_next_dist_1e8vcs8._.js:1052
[  321664ms] [ERROR] ./components/Navbar/components/NavbarAccount/NavbarAccount.tsx:6:1
Error: Module not found: Can't resolve './components/AccountMenuPlan'
  4 | import { AccountMenuHeader } from "./components/AccountMenuHeader";
  5 | import { AccountMenuItem } from "./components/AccountMenuItem";
> 6 | import { AccountMenuPlan } from "./components/AccountMenuPlan";
    | ^^^^^^^^^^^^^^^^^^^^^^^^^^^^^^^^^^^^^^^^^^^^^^^^^^^^^^^^^^^^^^
  7 | import {
  8 |   ACCOUNT_LABEL,
  9 |   ACCOUNT_MENU_ENTRIES,

Import traces:
  Client Component Browser:
    ./components/Navbar/components/NavbarAccount/NavbarAccount.tsx [Client Component Browser]
    ./components/Navbar/Navbar.tsx [Client Component Browser]
    ./components/Navbar/Navbar.tsx [Server Component]
    ./app/layout.tsx [Server Component]

  Client Component SSR:
    ./components/Navbar/components/NavbarAccount/NavbarAccount.tsx [Client Component SSR]
    ./components/Navbar/Navbar.tsx [Client Component SSR]
    ./components/Navbar/Navbar.tsx [Server Component]
    ./app/layout.tsx [Server Component]

https://nextjs.org/docs/messages/module-not-found @ http://localhost:3000/_next/static/chunks/node_modules_next_dist_1e8vcs8._.js:1052
[  321734ms] [ERROR] ./components/Navbar/components/NavbarAccount/NavbarAccount.tsx:4:1
Error: Module not found: Can't resolve './components/AccountMenuHeader'
  2 | import { Avatar, Button, Dropdown, Separator } from "@heroui/react";
  3 |
> 4 | import { AccountMenuHeader } from "./components/AccountMenuHeader";
    | ^^^^^^^^^^^^^^^^^^^^^^^^^^^^^^^^^^^^^^^^^^^^^^^^^^^^^^^^^^^^^^^^^^
  5 | import { AccountMenuItem } from "./components/AccountMenuItem";
  6 | import { AccountMenuPlan } from "./components/AccountMenuPlan";
  7 | import {

Import traces:
  Client Component Browser:
    ./components/Navbar/components/NavbarAccount/NavbarAccount.tsx [Client Component Browser]
    ./components/Navbar/Navbar.tsx [Client Component Browser]
    ./components/Navbar/Navbar.tsx [Server Component]
    ./app/layout.tsx [Server Component]

  Client Component SSR:
    ./components/Navbar/components/NavbarAccount/NavbarAccount.tsx [Client Component SSR]
    ./components/Navbar/Navbar.tsx [Client Component SSR]
    ./components/Navbar/Navbar.tsx [Server Component]
    ./app/layout.tsx [Server Component]

https://nextjs.org/docs/messages/module-not-found @ http://localhost:3000/_next/static/chunks/node_modules_next_dist_1e8vcs8._.js:1052
[  321734ms] [ERROR] ./components/Navbar/components/NavbarAccount/NavbarAccount.tsx:5:1
Error: Module not found: Can't resolve './components/AccountMenuItem'
  3 |
  4 | import { AccountMenuHeader } from "./components/AccountMenuHeader";
> 5 | import { AccountMenuItem } from "./components/AccountMenuItem";
    | ^^^^^^^^^^^^^^^^^^^^^^^^^^^^^^^^^^^^^^^^^^^^^^^^^^^^^^^^^^^^^^
  6 | import { AccountMenuPlan } from "./components/AccountMenuPlan";
  7 | import {
  8 |   ACCOUNT_LABEL,

Import traces:
  Client Component Browser:
    ./components/Navbar/components/NavbarAccount/NavbarAccount.tsx [Client Component Browser]
    ./components/Navbar/Navbar.tsx [Client Component Browser]
    ./components/Navbar/Navbar.tsx [Server Component]
    ./app/layout.tsx [Server Component]

  Client Component SSR:
    ./components/Navbar/components/NavbarAccount/NavbarAccount.tsx [Client Component SSR]
    ./components/Navbar/Navbar.tsx [Client Component SSR]
    ./components/Navbar/Navbar.tsx [Server Component]
    ./app/layout.tsx [Server Component]

https://nextjs.org/docs/messages/module-not-found @ http://localhost:3000/_next/static/chunks/node_modules_next_dist_1e8vcs8._.js:1052
[  321734ms] [ERROR] ./components/Navbar/components/NavbarAccount/NavbarAccount.tsx:6:1
Error: Module not found: Can't resolve './components/AccountMenuPlan'
  4 | import { AccountMenuHeader } from "./components/AccountMenuHeader";
  5 | import { AccountMenuItem } from "./components/AccountMenuItem";
> 6 | import { AccountMenuPlan } from "./components/AccountMenuPlan";
    | ^^^^^^^^^^^^^^^^^^^^^^^^^^^^^^^^^^^^^^^^^^^^^^^^^^^^^^^^^^^^^^
  7 | import {
  8 |   ACCOUNT_LABEL,
  9 |   ACCOUNT_MENU_ENTRIES,

Import traces:
  Client Component Browser:
    ./components/Navbar/components/NavbarAccount/NavbarAccount.tsx [Client Component Browser]
    ./components/Navbar/Navbar.tsx [Client Component Browser]
    ./components/Navbar/Navbar.tsx [Server Component]
    ./app/layout.tsx [Server Component]

  Client Component SSR:
    ./components/Navbar/components/NavbarAccount/NavbarAccount.tsx [Client Component SSR]
    ./components/Navbar/Navbar.tsx [Client Component SSR]
    ./components/Navbar/Navbar.tsx [Server Component]
    ./app/layout.tsx [Server Component]

https://nextjs.org/docs/messages/module-not-found @ http://localhost:3000/_next/static/chunks/node_modules_next_dist_1e8vcs8._.js:1052
[  321782ms] [ERROR] ./components/Navbar/components/NavbarAccount/NavbarAccount.tsx:4:1
Error: Module not found: Can't resolve './components/AccountMenuHeader'
  2 | import { Avatar, Button, Dropdown, Separator } from "@heroui/react";
  3 |
> 4 | import { AccountMenuHeader } from "./components/AccountMenuHeader";
    | ^^^^^^^^^^^^^^^^^^^^^^^^^^^^^^^^^^^^^^^^^^^^^^^^^^^^^^^^^^^^^^^^^^
  5 | import { AccountMenuItem } from "./components/AccountMenuItem";
  6 | import { AccountMenuPlan } from "./components/AccountMenuPlan";
  7 | import {

Import traces:
  Client Component Browser:
    ./components/Navbar/components/NavbarAccount/NavbarAccount.tsx [Client Component Browser]
    ./components/Navbar/Navbar.tsx [Client Component Browser]
    ./components/Navbar/Navbar.tsx [Server Component]
    ./app/layout.tsx [Server Component]

  Client Component SSR:
    ./components/Navbar/components/NavbarAccount/NavbarAccount.tsx [Client Component SSR]
    ./components/Navbar/Navbar.tsx [Client Component SSR]
    ./components/Navbar/Navbar.tsx [Server Component]
    ./app/layout.tsx [Server Component]

https://nextjs.org/docs/messages/module-not-found @ http://localhost:3000/_next/static/chunks/node_modules_next_dist_1e8vcs8._.js:1052
[  321783ms] [ERROR] ./components/Navbar/components/NavbarAccount/NavbarAccount.tsx:5:1
Error: Module not found: Can't resolve './components/AccountMenuItem'
  3 |
  4 | import { AccountMenuHeader } from "./components/AccountMenuHeader";
> 5 | import { AccountMenuItem } from "./components/AccountMenuItem";
    | ^^^^^^^^^^^^^^^^^^^^^^^^^^^^^^^^^^^^^^^^^^^^^^^^^^^^^^^^^^^^^^
  6 | import { AccountMenuPlan } from "./components/AccountMenuPlan";
  7 | import {
  8 |   ACCOUNT_LABEL,

Import traces:
  Client Component Browser:
    ./components/Navbar/components/NavbarAccount/NavbarAccount.tsx [Client Component Browser]
    ./components/Navbar/Navbar.tsx [Client Component Browser]
    ./components/Navbar/Navbar.tsx [Server Component]
    ./app/layout.tsx [Server Component]

  Client Component SSR:
    ./components/Navbar/components/NavbarAccount/NavbarAccount.tsx [Client Component SSR]
    ./components/Navbar/Navbar.tsx [Client Component SSR]
    ./components/Navbar/Navbar.tsx [Server Component]
    ./app/layout.tsx [Server Component]

https://nextjs.org/docs/messages/module-not-found @ http://localhost:3000/_next/static/chunks/node_modules_next_dist_1e8vcs8._.js:1052
[  321783ms] [ERROR] ./components/Navbar/components/NavbarAccount/NavbarAccount.tsx:6:1
Error: Module not found: Can't resolve './components/AccountMenuPlan'
  4 | import { AccountMenuHeader } from "./components/AccountMenuHeader";
  5 | import { AccountMenuItem } from "./components/AccountMenuItem";
> 6 | import { AccountMenuPlan } from "./components/AccountMenuPlan";
    | ^^^^^^^^^^^^^^^^^^^^^^^^^^^^^^^^^^^^^^^^^^^^^^^^^^^^^^^^^^^^^^
  7 | import {
  8 |   ACCOUNT_LABEL,
  9 |   ACCOUNT_MENU_ENTRIES,

Import traces:
  Client Component Browser:
    ./components/Navbar/components/NavbarAccount/NavbarAccount.tsx [Client Component Browser]
    ./components/Navbar/Navbar.tsx [Client Component Browser]
    ./components/Navbar/Navbar.tsx [Server Component]
    ./app/layout.tsx [Server Component]

  Client Component SSR:
    ./components/Navbar/components/NavbarAccount/NavbarAccount.tsx [Client Component SSR]
    ./components/Navbar/Navbar.tsx [Client Component SSR]
    ./components/Navbar/Navbar.tsx [Server Component]
    ./app/layout.tsx [Server Component]

https://nextjs.org/docs/messages/module-not-found @ http://localhost:3000/_next/static/chunks/node_modules_next_dist_1e8vcs8._.js:1052
[  321832ms] [ERROR] ./components/Navbar/components/NavbarAccount/NavbarAccount.tsx:4:1
Error: Module not found: Can't resolve './components/AccountMenuHeader'
  2 | import { Avatar, Button, Dropdown, Separator } from "@heroui/react";
  3 |
> 4 | import { AccountMenuHeader } from "./components/AccountMenuHeader";
    | ^^^^^^^^^^^^^^^^^^^^^^^^^^^^^^^^^^^^^^^^^^^^^^^^^^^^^^^^^^^^^^^^^^
  5 | import { AccountMenuItem } from "./components/AccountMenuItem";
  6 | import { AccountMenuPlan } from "./components/AccountMenuPlan";
  7 | import {

Import traces:
  Client Component Browser:
    ./components/Navbar/components/NavbarAccount/NavbarAccount.tsx [Client Component Browser]
    ./components/Navbar/Navbar.tsx [Client Component Browser]
    ./components/Navbar/Navbar.tsx [Server Component]
    ./app/layout.tsx [Server Component]

  Client Component SSR:
    ./components/Navbar/components/NavbarAccount/NavbarAccount.tsx [Client Component SSR]
    ./components/Navbar/Navbar.tsx [Client Component SSR]
    ./components/Navbar/Navbar.tsx [Server Component]
    ./app/layout.tsx [Server Component]

https://nextjs.org/docs/messages/module-not-found @ http://localhost:3000/_next/static/chunks/node_modules_next_dist_1e8vcs8._.js:1052
[  321833ms] [ERROR] ./components/Navbar/components/NavbarAccount/NavbarAccount.tsx:5:1
Error: Module not found: Can't resolve './components/AccountMenuItem'
  3 |
  4 | import { AccountMenuHeader } from "./components/AccountMenuHeader";
> 5 | import { AccountMenuItem } from "./components/AccountMenuItem";
    | ^^^^^^^^^^^^^^^^^^^^^^^^^^^^^^^^^^^^^^^^^^^^^^^^^^^^^^^^^^^^^^
  6 | import { AccountMenuPlan } from "./components/AccountMenuPlan";
  7 | import {
  8 |   ACCOUNT_LABEL,

Import traces:
  Client Component Browser:
    ./components/Navbar/components/NavbarAccount/NavbarAccount.tsx [Client Component Browser]
    ./components/Navbar/Navbar.tsx [Client Component Browser]
    ./components/Navbar/Navbar.tsx [Server Component]
    ./app/layout.tsx [Server Component]

  Client Component SSR:
    ./components/Navbar/components/NavbarAccount/NavbarAccount.tsx [Client Component SSR]
    ./components/Navbar/Navbar.tsx [Client Component SSR]
    ./components/Navbar/Navbar.tsx [Server Component]
    ./app/layout.tsx [Server Component]

https://nextjs.org/docs/messages/module-not-found @ http://localhost:3000/_next/static/chunks/node_modules_next_dist_1e8vcs8._.js:1052
[  321833ms] [ERROR] ./components/Navbar/components/NavbarAccount/NavbarAccount.tsx:6:1
Error: Module not found: Can't resolve './components/AccountMenuPlan'
  4 | import { AccountMenuHeader } from "./components/AccountMenuHeader";
  5 | import { AccountMenuItem } from "./components/AccountMenuItem";
> 6 | import { AccountMenuPlan } from "./components/AccountMenuPlan";
    | ^^^^^^^^^^^^^^^^^^^^^^^^^^^^^^^^^^^^^^^^^^^^^^^^^^^^^^^^^^^^^^
  7 | import {
  8 |   ACCOUNT_LABEL,
  9 |   ACCOUNT_MENU_ENTRIES,

Import traces:
  Client Component Browser:
    ./components/Navbar/components/NavbarAccount/NavbarAccount.tsx [Client Component Browser]
    ./components/Navbar/Navbar.tsx [Client Component Browser]
    ./components/Navbar/Navbar.tsx [Server Component]
    ./app/layout.tsx [Server Component]

  Client Component SSR:
    ./components/Navbar/components/NavbarAccount/NavbarAccount.tsx [Client Component SSR]
    ./components/Navbar/Navbar.tsx [Client Component SSR]
    ./components/Navbar/Navbar.tsx [Server Component]
    ./app/layout.tsx [Server Component]

https://nextjs.org/docs/messages/module-not-found @ http://localhost:3000/_next/static/chunks/node_modules_next_dist_1e8vcs8._.js:1052
[  321899ms] [ERROR] ./components/Navbar/components/NavbarAccount/NavbarAccount.tsx:4:1
Error: Module not found: Can't resolve './components/AccountMenuHeader'
  2 | import { Avatar, Button, Dropdown, Separator } from "@heroui/react";
  3 |
> 4 | import { AccountMenuHeader } from "./components/AccountMenuHeader";
    | ^^^^^^^^^^^^^^^^^^^^^^^^^^^^^^^^^^^^^^^^^^^^^^^^^^^^^^^^^^^^^^^^^^
  5 | import { AccountMenuItem } from "./components/AccountMenuItem";
  6 | import { AccountMenuPlan } from "./components/AccountMenuPlan";
  7 | import {

Import traces:
  Client Component Browser:
    ./components/Navbar/components/NavbarAccount/NavbarAccount.tsx [Client Component Browser]
    ./components/Navbar/Navbar.tsx [Client Component Browser]
    ./components/Navbar/Navbar.tsx [Server Component]
    ./app/layout.tsx [Server Component]

  Client Component SSR:
    ./components/Navbar/components/NavbarAccount/NavbarAccount.tsx [Client Component SSR]
    ./components/Navbar/Navbar.tsx [Client Component SSR]
    ./components/Navbar/Navbar.tsx [Server Component]
    ./app/layout.tsx [Server Component]

https://nextjs.org/docs/messages/module-not-found @ http://localhost:3000/_next/static/chunks/node_modules_next_dist_1e8vcs8._.js:1052
[  321899ms] [ERROR] ./components/Navbar/components/NavbarAccount/NavbarAccount.tsx:5:1
Error: Module not found: Can't resolve './components/AccountMenuItem'
  3 |
  4 | import { AccountMenuHeader } from "./components/AccountMenuHeader";
> 5 | import { AccountMenuItem } from "./components/AccountMenuItem";
    | ^^^^^^^^^^^^^^^^^^^^^^^^^^^^^^^^^^^^^^^^^^^^^^^^^^^^^^^^^^^^^^
  6 | import { AccountMenuPlan } from "./components/AccountMenuPlan";
  7 | import {
  8 |   ACCOUNT_LABEL,

Import traces:
  Client Component Browser:
    ./components/Navbar/components/NavbarAccount/NavbarAccount.tsx [Client Component Browser]
    ./components/Navbar/Navbar.tsx [Client Component Browser]
    ./components/Navbar/Navbar.tsx [Server Component]
    ./app/layout.tsx [Server Component]

  Client Component SSR:
    ./components/Navbar/components/NavbarAccount/NavbarAccount.tsx [Client Component SSR]
    ./components/Navbar/Navbar.tsx [Client Component SSR]
    ./components/Navbar/Navbar.tsx [Server Component]
    ./app/layout.tsx [Server Component]

https://nextjs.org/docs/messages/module-not-found @ http://localhost:3000/_next/static/chunks/node_modules_next_dist_1e8vcs8._.js:1052
[  321899ms] [ERROR] ./components/Navbar/components/NavbarAccount/NavbarAccount.tsx:6:1
Error: Module not found: Can't resolve './components/AccountMenuPlan'
  4 | import { AccountMenuHeader } from "./components/AccountMenuHeader";
  5 | import { AccountMenuItem } from "./components/AccountMenuItem";
> 6 | import { AccountMenuPlan } from "./components/AccountMenuPlan";
    | ^^^^^^^^^^^^^^^^^^^^^^^^^^^^^^^^^^^^^^^^^^^^^^^^^^^^^^^^^^^^^^
  7 | import {
  8 |   ACCOUNT_LABEL,
  9 |   ACCOUNT_MENU_ENTRIES,

Import traces:
  Client Component Browser:
    ./components/Navbar/components/NavbarAccount/NavbarAccount.tsx [Client Component Browser]
    ./components/Navbar/Navbar.tsx [Client Component Browser]
    ./components/Navbar/Navbar.tsx [Server Component]
    ./app/layout.tsx [Server Component]

  Client Component SSR:
    ./components/Navbar/components/NavbarAccount/NavbarAccount.tsx [Client Component SSR]
    ./components/Navbar/Navbar.tsx [Client Component SSR]
    ./components/Navbar/Navbar.tsx [Server Component]
    ./app/layout.tsx [Server Component]

https://nextjs.org/docs/messages/module-not-found @ http://localhost:3000/_next/static/chunks/node_modules_next_dist_1e8vcs8._.js:1052
[  322076ms] [ERROR] ./components/Navbar/components/NavbarAccount/NavbarAccount.tsx:4:1
Error: Module not found: Can't resolve './components/AccountMenuHeader'
  2 | import { Avatar, Button, Dropdown, Separator } from "@heroui/react";
  3 |
> 4 | import { AccountMenuHeader } from "./components/AccountMenuHeader";
    | ^^^^^^^^^^^^^^^^^^^^^^^^^^^^^^^^^^^^^^^^^^^^^^^^^^^^^^^^^^^^^^^^^^
  5 | import { AccountMenuItem } from "./components/AccountMenuItem";
  6 | import { AccountMenuPlan } from "./components/AccountMenuPlan";
  7 | import {

Import traces:
  Client Component Browser:
    ./components/Navbar/components/NavbarAccount/NavbarAccount.tsx [Client Component Browser]
    ./components/Navbar/Navbar.tsx [Client Component Browser]
    ./components/Navbar/Navbar.tsx [Server Component]
    ./app/layout.tsx [Server Component]

  Client Component SSR:
    ./components/Navbar/components/NavbarAccount/NavbarAccount.tsx [Client Component SSR]
    ./components/Navbar/Navbar.tsx [Client Component SSR]
    ./components/Navbar/Navbar.tsx [Server Component]
    ./app/layout.tsx [Server Component]

https://nextjs.org/docs/messages/module-not-found @ http://localhost:3000/_next/static/chunks/node_modules_next_dist_1e8vcs8._.js:1052
[  322076ms] [ERROR] ./components/Navbar/components/NavbarAccount/NavbarAccount.tsx:5:1
Error: Module not found: Can't resolve './components/AccountMenuItem'
  3 |
  4 | import { AccountMenuHeader } from "./components/AccountMenuHeader";
> 5 | import { AccountMenuItem } from "./components/AccountMenuItem";
    | ^^^^^^^^^^^^^^^^^^^^^^^^^^^^^^^^^^^^^^^^^^^^^^^^^^^^^^^^^^^^^^
  6 | import { AccountMenuPlan } from "./components/AccountMenuPlan";
  7 | import {
  8 |   ACCOUNT_LABEL,

Import traces:
  Client Component Browser:
    ./components/Navbar/components/NavbarAccount/NavbarAccount.tsx [Client Component Browser]
    ./components/Navbar/Navbar.tsx [Client Component Browser]
    ./components/Navbar/Navbar.tsx [Server Component]
    ./app/layout.tsx [Server Component]

  Client Component SSR:
    ./components/Navbar/components/NavbarAccount/NavbarAccount.tsx [Client Component SSR]
    ./components/Navbar/Navbar.tsx [Client Component SSR]
    ./components/Navbar/Navbar.tsx [Server Component]
    ./app/layout.tsx [Server Component]

https://nextjs.org/docs/messages/module-not-found @ http://localhost:3000/_next/static/chunks/node_modules_next_dist_1e8vcs8._.js:1052
[  322076ms] [ERROR] ./components/Navbar/components/NavbarAccount/NavbarAccount.tsx:6:1
Error: Module not found: Can't resolve './components/AccountMenuPlan'
  4 | import { AccountMenuHeader } from "./components/AccountMenuHeader";
  5 | import { AccountMenuItem } from "./components/AccountMenuItem";
> 6 | import { AccountMenuPlan } from "./components/AccountMenuPlan";
    | ^^^^^^^^^^^^^^^^^^^^^^^^^^^^^^^^^^^^^^^^^^^^^^^^^^^^^^^^^^^^^^
  7 | import {
  8 |   ACCOUNT_LABEL,
  9 |   ACCOUNT_MENU_ENTRIES,

Import traces:
  Client Component Browser:
    ./components/Navbar/components/NavbarAccount/NavbarAccount.tsx [Client Component Browser]
    ./components/Navbar/Navbar.tsx [Client Component Browser]
    ./components/Navbar/Navbar.tsx [Server Component]
    ./app/layout.tsx [Server Component]

  Client Component SSR:
    ./components/Navbar/components/NavbarAccount/NavbarAccount.tsx [Client Component SSR]
    ./components/Navbar/Navbar.tsx [Client Component SSR]
    ./components/Navbar/Navbar.tsx [Server Component]
    ./app/layout.tsx [Server Component]

https://nextjs.org/docs/messages/module-not-found @ http://localhost:3000/_next/static/chunks/node_modules_next_dist_1e8vcs8._.js:1052
[  322131ms] [LOG] [Fast Refresh] rebuilding @ http://localhost:3000/_next/static/chunks/node_modules_next_dist_1e8vcs8._.js:776
[  322132ms] [ERROR] ./components/Navbar/components/NavbarAccount/NavbarAccount.tsx:4:1
Error: Module not found: Can't resolve './components/AccountMenuHeader'
  2 | import { Avatar, Button, Dropdown, Separator } from "@heroui/react";
  3 |
> 4 | import { AccountMenuHeader } from "./components/AccountMenuHeader";
    | ^^^^^^^^^^^^^^^^^^^^^^^^^^^^^^^^^^^^^^^^^^^^^^^^^^^^^^^^^^^^^^^^^^
  5 | import { AccountMenuItem } from "./components/AccountMenuItem";
  6 | import { AccountMenuPlan } from "./components/AccountMenuPlan";
  7 | import {

Import traces:
  Client Component Browser:
    ./components/Navbar/components/NavbarAccount/NavbarAccount.tsx [Client Component Browser]
    ./components/Navbar/Navbar.tsx [Client Component Browser]
    ./components/Navbar/Navbar.tsx [Server Component]
    ./app/layout.tsx [Server Component]

  Client Component SSR:
    ./components/Navbar/components/NavbarAccount/NavbarAccount.tsx [Client Component SSR]
    ./components/Navbar/Navbar.tsx [Client Component SSR]
    ./components/Navbar/Navbar.tsx [Server Component]
    ./app/layout.tsx [Server Component]

https://nextjs.org/docs/messages/module-not-found @ http://localhost:3000/_next/static/chunks/node_modules_next_dist_1e8vcs8._.js:1052
[  322132ms] [ERROR] ./components/Navbar/components/NavbarAccount/NavbarAccount.tsx:5:1
Error: Module not found: Can't resolve './components/AccountMenuItem'
  3 |
  4 | import { AccountMenuHeader } from "./components/AccountMenuHeader";
> 5 | import { AccountMenuItem } from "./components/AccountMenuItem";
    | ^^^^^^^^^^^^^^^^^^^^^^^^^^^^^^^^^^^^^^^^^^^^^^^^^^^^^^^^^^^^^^
  6 | import { AccountMenuPlan } from "./components/AccountMenuPlan";
  7 | import {
  8 |   ACCOUNT_LABEL,

Import traces:
  Client Component Browser:
    ./components/Navbar/components/NavbarAccount/NavbarAccount.tsx [Client Component Browser]
    ./components/Navbar/Navbar.tsx [Client Component Browser]
    ./components/Navbar/Navbar.tsx [Server Component]
    ./app/layout.tsx [Server Component]

  Client Component SSR:
    ./components/Navbar/components/NavbarAccount/NavbarAccount.tsx [Client Component SSR]
    ./components/Navbar/Navbar.tsx [Client Component SSR]
    ./components/Navbar/Navbar.tsx [Server Component]
    ./app/layout.tsx [Server Component]

https://nextjs.org/docs/messages/module-not-found @ http://localhost:3000/_next/static/chunks/node_modules_next_dist_1e8vcs8._.js:1052
[  322132ms] [ERROR] ./components/Navbar/components/NavbarAccount/NavbarAccount.tsx:6:1
Error: Module not found: Can't resolve './components/AccountMenuPlan'
  4 | import { AccountMenuHeader } from "./components/AccountMenuHeader";
  5 | import { AccountMenuItem } from "./components/AccountMenuItem";
> 6 | import { AccountMenuPlan } from "./components/AccountMenuPlan";
    | ^^^^^^^^^^^^^^^^^^^^^^^^^^^^^^^^^^^^^^^^^^^^^^^^^^^^^^^^^^^^^^
  7 | import {
  8 |   ACCOUNT_LABEL,
  9 |   ACCOUNT_MENU_ENTRIES,

Import traces:
  Client Component Browser:
    ./components/Navbar/components/NavbarAccount/NavbarAccount.tsx [Client Component Browser]
    ./components/Navbar/Navbar.tsx [Client Component Browser]
    ./components/Navbar/Navbar.tsx [Server Component]
    ./app/layout.tsx [Server Component]

  Client Component SSR:
    ./components/Navbar/components/NavbarAccount/NavbarAccount.tsx [Client Component SSR]
    ./components/Navbar/Navbar.tsx [Client Component SSR]
    ./components/Navbar/Navbar.tsx [Server Component]
    ./app/layout.tsx [Server Component]

https://nextjs.org/docs/messages/module-not-found @ http://localhost:3000/_next/static/chunks/node_modules_next_dist_1e8vcs8._.js:1052
[  322185ms] [ERROR] ./components/Navbar/components/NavbarAccount/NavbarAccount.tsx:4:1
Error: Module not found: Can't resolve './components/AccountMenuHeader'
  2 | import { Avatar, Button, Dropdown, Separator } from "@heroui/react";
  3 |
> 4 | import { AccountMenuHeader } from "./components/AccountMenuHeader";
    | ^^^^^^^^^^^^^^^^^^^^^^^^^^^^^^^^^^^^^^^^^^^^^^^^^^^^^^^^^^^^^^^^^^
  5 | import { AccountMenuItem } from "./components/AccountMenuItem";
  6 | import { AccountMenuPlan } from "./components/AccountMenuPlan";
  7 | import {

Import traces:
  Client Component Browser:
    ./components/Navbar/components/NavbarAccount/NavbarAccount.tsx [Client Component Browser]
    ./components/Navbar/Navbar.tsx [Client Component Browser]
    ./components/Navbar/Navbar.tsx [Server Component]
    ./app/layout.tsx [Server Component]

  Client Component SSR:
    ./components/Navbar/components/NavbarAccount/NavbarAccount.tsx [Client Component SSR]
    ./components/Navbar/Navbar.tsx [Client Component SSR]
    ./components/Navbar/Navbar.tsx [Server Component]
    ./app/layout.tsx [Server Component]

https://nextjs.org/docs/messages/module-not-found @ http://localhost:3000/_next/static/chunks/node_modules_next_dist_1e8vcs8._.js:1052
[  322185ms] [ERROR] ./components/Navbar/components/NavbarAccount/NavbarAccount.tsx:5:1
Error: Module not found: Can't resolve './components/AccountMenuItem'
  3 |
  4 | import { AccountMenuHeader } from "./components/AccountMenuHeader";
> 5 | import { AccountMenuItem } from "./components/AccountMenuItem";
    | ^^^^^^^^^^^^^^^^^^^^^^^^^^^^^^^^^^^^^^^^^^^^^^^^^^^^^^^^^^^^^^
  6 | import { AccountMenuPlan } from "./components/AccountMenuPlan";
  7 | import {
  8 |   ACCOUNT_LABEL,

Import traces:
  Client Component Browser:
    ./components/Navbar/components/NavbarAccount/NavbarAccount.tsx [Client Component Browser]
    ./components/Navbar/Navbar.tsx [Client Component Browser]
    ./components/Navbar/Navbar.tsx [Server Component]
    ./app/layout.tsx [Server Component]

  Client Component SSR:
    ./components/Navbar/components/NavbarAccount/NavbarAccount.tsx [Client Component SSR]
    ./components/Navbar/Navbar.tsx [Client Component SSR]
    ./components/Navbar/Navbar.tsx [Server Component]
    ./app/layout.tsx [Server Component]

https://nextjs.org/docs/messages/module-not-found @ http://localhost:3000/_next/static/chunks/node_modules_next_dist_1e8vcs8._.js:1052
[  322185ms] [ERROR] ./components/Navbar/components/NavbarAccount/NavbarAccount.tsx:6:1
Error: Module not found: Can't resolve './components/AccountMenuPlan'
  4 | import { AccountMenuHeader } from "./components/AccountMenuHeader";
  5 | import { AccountMenuItem } from "./components/AccountMenuItem";
> 6 | import { AccountMenuPlan } from "./components/AccountMenuPlan";
    | ^^^^^^^^^^^^^^^^^^^^^^^^^^^^^^^^^^^^^^^^^^^^^^^^^^^^^^^^^^^^^^
  7 | import {
  8 |   ACCOUNT_LABEL,
  9 |   ACCOUNT_MENU_ENTRIES,

Import traces:
  Client Component Browser:
    ./components/Navbar/components/NavbarAccount/NavbarAccount.tsx [Client Component Browser]
    ./components/Navbar/Navbar.tsx [Client Component Browser]
    ./components/Navbar/Navbar.tsx [Server Component]
    ./app/layout.tsx [Server Component]

  Client Component SSR:
    ./components/Navbar/components/NavbarAccount/NavbarAccount.tsx [Client Component SSR]
    ./components/Navbar/Navbar.tsx [Client Component SSR]
    ./components/Navbar/Navbar.tsx [Server Component]
    ./app/layout.tsx [Server Component]

https://nextjs.org/docs/messages/module-not-found @ http://localhost:3000/_next/static/chunks/node_modules_next_dist_1e8vcs8._.js:1052
[  322247ms] [ERROR] ./components/Navbar/components/NavbarAccount/NavbarAccount.tsx:4:1
Error: Module not found: Can't resolve './components/AccountMenuHeader'
  2 | import { Avatar, Button, Dropdown, Separator } from "@heroui/react";
  3 |
> 4 | import { AccountMenuHeader } from "./components/AccountMenuHeader";
    | ^^^^^^^^^^^^^^^^^^^^^^^^^^^^^^^^^^^^^^^^^^^^^^^^^^^^^^^^^^^^^^^^^^
  5 | import { AccountMenuItem } from "./components/AccountMenuItem";
  6 | import { AccountMenuPlan } from "./components/AccountMenuPlan";
  7 | import {

Import traces:
  Client Component Browser:
    ./components/Navbar/components/NavbarAccount/NavbarAccount.tsx [Client Component Browser]
    ./components/Navbar/Navbar.tsx [Client Component Browser]
    ./components/Navbar/Navbar.tsx [Server Component]
    ./app/layout.tsx [Server Component]

  Client Component SSR:
    ./components/Navbar/components/NavbarAccount/NavbarAccount.tsx [Client Component SSR]
    ./components/Navbar/Navbar.tsx [Client Component SSR]
    ./components/Navbar/Navbar.tsx [Server Component]
    ./app/layout.tsx [Server Component]

https://nextjs.org/docs/messages/module-not-found @ http://localhost:3000/_next/static/chunks/node_modules_next_dist_1e8vcs8._.js:1052
[  322247ms] [ERROR] ./components/Navbar/components/NavbarAccount/NavbarAccount.tsx:5:1
Error: Module not found: Can't resolve './components/AccountMenuItem'
  3 |
  4 | import { AccountMenuHeader } from "./components/AccountMenuHeader";
> 5 | import { AccountMenuItem } from "./components/AccountMenuItem";
    | ^^^^^^^^^^^^^^^^^^^^^^^^^^^^^^^^^^^^^^^^^^^^^^^^^^^^^^^^^^^^^^
  6 | import { AccountMenuPlan } from "./components/AccountMenuPlan";
  7 | import {
  8 |   ACCOUNT_LABEL,

Import traces:
  Client Component Browser:
    ./components/Navbar/components/NavbarAccount/NavbarAccount.tsx [Client Component Browser]
    ./components/Navbar/Navbar.tsx [Client Component Browser]
    ./components/Navbar/Navbar.tsx [Server Component]
    ./app/layout.tsx [Server Component]

  Client Component SSR:
    ./components/Navbar/components/NavbarAccount/NavbarAccount.tsx [Client Component SSR]
    ./components/Navbar/Navbar.tsx [Client Component SSR]
    ./components/Navbar/Navbar.tsx [Server Component]
    ./app/layout.tsx [Server Component]

https://nextjs.org/docs/messages/module-not-found @ http://localhost:3000/_next/static/chunks/node_modules_next_dist_1e8vcs8._.js:1052
[  322248ms] [ERROR] ./components/Navbar/components/NavbarAccount/NavbarAccount.tsx:6:1
Error: Module not found: Can't resolve './components/AccountMenuPlan'
  4 | import { AccountMenuHeader } from "./components/AccountMenuHeader";
  5 | import { AccountMenuItem } from "./components/AccountMenuItem";
> 6 | import { AccountMenuPlan } from "./components/AccountMenuPlan";
    | ^^^^^^^^^^^^^^^^^^^^^^^^^^^^^^^^^^^^^^^^^^^^^^^^^^^^^^^^^^^^^^
  7 | import {
  8 |   ACCOUNT_LABEL,
  9 |   ACCOUNT_MENU_ENTRIES,

Import traces:
  Client Component Browser:
    ./components/Navbar/components/NavbarAccount/NavbarAccount.tsx [Client Component Browser]
    ./components/Navbar/Navbar.tsx [Client Component Browser]
    ./components/Navbar/Navbar.tsx [Server Component]
    ./app/layout.tsx [Server Component]

  Client Component SSR:
    ./components/Navbar/components/NavbarAccount/NavbarAccount.tsx [Client Component SSR]
    ./components/Navbar/Navbar.tsx [Client Component SSR]
    ./components/Navbar/Navbar.tsx [Server Component]
    ./app/layout.tsx [Server Component]

https://nextjs.org/docs/messages/module-not-found @ http://localhost:3000/_next/static/chunks/node_modules_next_dist_1e8vcs8._.js:1052
[  322299ms] [ERROR] ./components/Navbar/components/NavbarAccount/NavbarAccount.tsx:4:1
Error: Module not found: Can't resolve './components/AccountMenuHeader'
  2 | import { Avatar, Button, Dropdown, Separator } from "@heroui/react";
  3 |
> 4 | import { AccountMenuHeader } from "./components/AccountMenuHeader";
    | ^^^^^^^^^^^^^^^^^^^^^^^^^^^^^^^^^^^^^^^^^^^^^^^^^^^^^^^^^^^^^^^^^^
  5 | import { AccountMenuItem } from "./components/AccountMenuItem";
  6 | import { AccountMenuPlan } from "./components/AccountMenuPlan";
  7 | import {

Import traces:
  Client Component Browser:
    ./components/Navbar/components/NavbarAccount/NavbarAccount.tsx [Client Component Browser]
    ./components/Navbar/Navbar.tsx [Client Component Browser]
    ./components/Navbar/Navbar.tsx [Server Component]
    ./app/layout.tsx [Server Component]

  Client Component SSR:
    ./components/Navbar/components/NavbarAccount/NavbarAccount.tsx [Client Component SSR]
    ./components/Navbar/Navbar.tsx [Client Component SSR]
    ./components/Navbar/Navbar.tsx [Server Component]
    ./app/layout.tsx [Server Component]

https://nextjs.org/docs/messages/module-not-found @ http://localhost:3000/_next/static/chunks/node_modules_next_dist_1e8vcs8._.js:1052
[  322300ms] [ERROR] ./components/Navbar/components/NavbarAccount/NavbarAccount.tsx:5:1
Error: Module not found: Can't resolve './components/AccountMenuItem'
  3 |
  4 | import { AccountMenuHeader } from "./components/AccountMenuHeader";
> 5 | import { AccountMenuItem } from "./components/AccountMenuItem";
    | ^^^^^^^^^^^^^^^^^^^^^^^^^^^^^^^^^^^^^^^^^^^^^^^^^^^^^^^^^^^^^^
  6 | import { AccountMenuPlan } from "./components/AccountMenuPlan";
  7 | import {
  8 |   ACCOUNT_LABEL,

Import traces:
  Client Component Browser:
    ./components/Navbar/components/NavbarAccount/NavbarAccount.tsx [Client Component Browser]
    ./components/Navbar/Navbar.tsx [Client Component Browser]
    ./components/Navbar/Navbar.tsx [Server Component]
    ./app/layout.tsx [Server Component]

  Client Component SSR:
    ./components/Navbar/components/NavbarAccount/NavbarAccount.tsx [Client Component SSR]
    ./components/Navbar/Navbar.tsx [Client Component SSR]
    ./components/Navbar/Navbar.tsx [Server Component]
    ./app/layout.tsx [Server Component]

https://nextjs.org/docs/messages/module-not-found @ http://localhost:3000/_next/static/chunks/node_modules_next_dist_1e8vcs8._.js:1052
[  322300ms] [ERROR] ./components/Navbar/components/NavbarAccount/NavbarAccount.tsx:6:1
Error: Module not found: Can't resolve './components/AccountMenuPlan'
  4 | import { AccountMenuHeader } from "./components/AccountMenuHeader";
  5 | import { AccountMenuItem } from "./components/AccountMenuItem";
> 6 | import { AccountMenuPlan } from "./components/AccountMenuPlan";
    | ^^^^^^^^^^^^^^^^^^^^^^^^^^^^^^^^^^^^^^^^^^^^^^^^^^^^^^^^^^^^^^
  7 | import {
  8 |   ACCOUNT_LABEL,
  9 |   ACCOUNT_MENU_ENTRIES,

Import traces:
  Client Component Browser:
    ./components/Navbar/components/NavbarAccount/NavbarAccount.tsx [Client Component Browser]
    ./components/Navbar/Navbar.tsx [Client Component Browser]
    ./components/Navbar/Navbar.tsx [Server Component]
    ./app/layout.tsx [Server Component]

  Client Component SSR:
    ./components/Navbar/components/NavbarAccount/NavbarAccount.tsx [Client Component SSR]
    ./components/Navbar/Navbar.tsx [Client Component SSR]
    ./components/Navbar/Navbar.tsx [Server Component]
    ./app/layout.tsx [Server Component]

https://nextjs.org/docs/messages/module-not-found @ http://localhost:3000/_next/static/chunks/node_modules_next_dist_1e8vcs8._.js:1052
[  322365ms] [ERROR] ./components/Navbar/components/NavbarAccount/NavbarAccount.tsx:4:1
Error: Module not found: Can't resolve './components/AccountMenuHeader'
  2 | import { Avatar, Button, Dropdown, Separator } from "@heroui/react";
  3 |
> 4 | import { AccountMenuHeader } from "./components/AccountMenuHeader";
    | ^^^^^^^^^^^^^^^^^^^^^^^^^^^^^^^^^^^^^^^^^^^^^^^^^^^^^^^^^^^^^^^^^^
  5 | import { AccountMenuItem } from "./components/AccountMenuItem";
  6 | import { AccountMenuPlan } from "./components/AccountMenuPlan";
  7 | import {

Import traces:
  Client Component Browser:
    ./components/Navbar/components/NavbarAccount/NavbarAccount.tsx [Client Component Browser]
    ./components/Navbar/Navbar.tsx [Client Component Browser]
    ./components/Navbar/Navbar.tsx [Server Component]
    ./app/layout.tsx [Server Component]

  Client Component SSR:
    ./components/Navbar/components/NavbarAccount/NavbarAccount.tsx [Client Component SSR]
    ./components/Navbar/Navbar.tsx [Client Component SSR]
    ./components/Navbar/Navbar.tsx [Server Component]
    ./app/layout.tsx [Server Component]

https://nextjs.org/docs/messages/module-not-found @ http://localhost:3000/_next/static/chunks/node_modules_next_dist_1e8vcs8._.js:1052
[  322365ms] [ERROR] ./components/Navbar/components/NavbarAccount/NavbarAccount.tsx:5:1
Error: Module not found: Can't resolve './components/AccountMenuItem'
  3 |
  4 | import { AccountMenuHeader } from "./components/AccountMenuHeader";
> 5 | import { AccountMenuItem } from "./components/AccountMenuItem";
    | ^^^^^^^^^^^^^^^^^^^^^^^^^^^^^^^^^^^^^^^^^^^^^^^^^^^^^^^^^^^^^^
  6 | import { AccountMenuPlan } from "./components/AccountMenuPlan";
  7 | import {
  8 |   ACCOUNT_LABEL,

Import traces:
  Client Component Browser:
    ./components/Navbar/components/NavbarAccount/NavbarAccount.tsx [Client Component Browser]
    ./components/Navbar/Navbar.tsx [Client Component Browser]
    ./components/Navbar/Navbar.tsx [Server Component]
    ./app/layout.tsx [Server Component]

  Client Component SSR:
    ./components/Navbar/components/NavbarAccount/NavbarAccount.tsx [Client Component SSR]
    ./components/Navbar/Navbar.tsx [Client Component SSR]
    ./components/Navbar/Navbar.tsx [Server Component]
    ./app/layout.tsx [Server Component]

https://nextjs.org/docs/messages/module-not-found @ http://localhost:3000/_next/static/chunks/node_modules_next_dist_1e8vcs8._.js:1052
[  322365ms] [ERROR] ./components/Navbar/components/NavbarAccount/NavbarAccount.tsx:6:1
Error: Module not found: Can't resolve './components/AccountMenuPlan'
  4 | import { AccountMenuHeader } from "./components/AccountMenuHeader";
  5 | import { AccountMenuItem } from "./components/AccountMenuItem";
> 6 | import { AccountMenuPlan } from "./components/AccountMenuPlan";
    | ^^^^^^^^^^^^^^^^^^^^^^^^^^^^^^^^^^^^^^^^^^^^^^^^^^^^^^^^^^^^^^
  7 | import {
  8 |   ACCOUNT_LABEL,
  9 |   ACCOUNT_MENU_ENTRIES,

Import traces:
  Client Component Browser:
    ./components/Navbar/components/NavbarAccount/NavbarAccount.tsx [Client Component Browser]
    ./components/Navbar/Navbar.tsx [Client Component Browser]
    ./components/Navbar/Navbar.tsx [Server Component]
    ./app/layout.tsx [Server Component]

  Client Component SSR:
    ./components/Navbar/components/NavbarAccount/NavbarAccount.tsx [Client Component SSR]
    ./components/Navbar/Navbar.tsx [Client Component SSR]
    ./components/Navbar/Navbar.tsx [Server Component]
    ./app/layout.tsx [Server Component]

https://nextjs.org/docs/messages/module-not-found @ http://localhost:3000/_next/static/chunks/node_modules_next_dist_1e8vcs8._.js:1052
[  322417ms] [ERROR] ./components/Navbar/components/NavbarAccount/NavbarAccount.tsx:4:1
Error: Module not found: Can't resolve './components/AccountMenuHeader'
  2 | import { Avatar, Button, Dropdown, Separator } from "@heroui/react";
  3 |
> 4 | import { AccountMenuHeader } from "./components/AccountMenuHeader";
    | ^^^^^^^^^^^^^^^^^^^^^^^^^^^^^^^^^^^^^^^^^^^^^^^^^^^^^^^^^^^^^^^^^^
  5 | import { AccountMenuItem } from "./components/AccountMenuItem";
  6 | import { AccountMenuPlan } from "./components/AccountMenuPlan";
  7 | import {

Import traces:
  Client Component Browser:
    ./components/Navbar/components/NavbarAccount/NavbarAccount.tsx [Client Component Browser]
    ./components/Navbar/Navbar.tsx [Client Component Browser]
    ./components/Navbar/Navbar.tsx [Server Component]
    ./app/layout.tsx [Server Component]

  Client Component SSR:
    ./components/Navbar/components/NavbarAccount/NavbarAccount.tsx [Client Component SSR]
    ./components/Navbar/Navbar.tsx [Client Component SSR]
    ./components/Navbar/Navbar.tsx [Server Component]
    ./app/layout.tsx [Server Component]

https://nextjs.org/docs/messages/module-not-found @ http://localhost:3000/_next/static/chunks/node_modules_next_dist_1e8vcs8._.js:1052
[  322418ms] [ERROR] ./components/Navbar/components/NavbarAccount/NavbarAccount.tsx:5:1
Error: Module not found: Can't resolve './components/AccountMenuItem'
  3 |
  4 | import { AccountMenuHeader } from "./components/AccountMenuHeader";
> 5 | import { AccountMenuItem } from "./components/AccountMenuItem";
    | ^^^^^^^^^^^^^^^^^^^^^^^^^^^^^^^^^^^^^^^^^^^^^^^^^^^^^^^^^^^^^^
  6 | import { AccountMenuPlan } from "./components/AccountMenuPlan";
  7 | import {
  8 |   ACCOUNT_LABEL,

Import traces:
  Client Component Browser:
    ./components/Navbar/components/NavbarAccount/NavbarAccount.tsx [Client Component Browser]
    ./components/Navbar/Navbar.tsx [Client Component Browser]
    ./components/Navbar/Navbar.tsx [Server Component]
    ./app/layout.tsx [Server Component]

  Client Component SSR:
    ./components/Navbar/components/NavbarAccount/NavbarAccount.tsx [Client Component SSR]
    ./components/Navbar/Navbar.tsx [Client Component SSR]
    ./components/Navbar/Navbar.tsx [Server Component]
    ./app/layout.tsx [Server Component]

https://nextjs.org/docs/messages/module-not-found @ http://localhost:3000/_next/static/chunks/node_modules_next_dist_1e8vcs8._.js:1052
[  322418ms] [ERROR] ./components/Navbar/components/NavbarAccount/NavbarAccount.tsx:6:1
Error: Module not found: Can't resolve './components/AccountMenuPlan'
  4 | import { AccountMenuHeader } from "./components/AccountMenuHeader";
  5 | import { AccountMenuItem } from "./components/AccountMenuItem";
> 6 | import { AccountMenuPlan } from "./components/AccountMenuPlan";
    | ^^^^^^^^^^^^^^^^^^^^^^^^^^^^^^^^^^^^^^^^^^^^^^^^^^^^^^^^^^^^^^
  7 | import {
  8 |   ACCOUNT_LABEL,
  9 |   ACCOUNT_MENU_ENTRIES,

Import traces:
  Client Component Browser:
    ./components/Navbar/components/NavbarAccount/NavbarAccount.tsx [Client Component Browser]
    ./components/Navbar/Navbar.tsx [Client Component Browser]
    ./components/Navbar/Navbar.tsx [Server Component]
    ./app/layout.tsx [Server Component]

  Client Component SSR:
    ./components/Navbar/components/NavbarAccount/NavbarAccount.tsx [Client Component SSR]
    ./components/Navbar/Navbar.tsx [Client Component SSR]
    ./components/Navbar/Navbar.tsx [Server Component]
    ./app/layout.tsx [Server Component]

https://nextjs.org/docs/messages/module-not-found @ http://localhost:3000/_next/static/chunks/node_modules_next_dist_1e8vcs8._.js:1052
[  322483ms] [ERROR] ./components/Navbar/components/NavbarAccount/NavbarAccount.tsx:4:1
Error: Module not found: Can't resolve './components/AccountMenuHeader'
  2 | import { Avatar, Button, Dropdown, Separator } from "@heroui/react";
  3 |
> 4 | import { AccountMenuHeader } from "./components/AccountMenuHeader";
    | ^^^^^^^^^^^^^^^^^^^^^^^^^^^^^^^^^^^^^^^^^^^^^^^^^^^^^^^^^^^^^^^^^^
  5 | import { AccountMenuItem } from "./components/AccountMenuItem";
  6 | import { AccountMenuPlan } from "./components/AccountMenuPlan";
  7 | import {

Import traces:
  Client Component Browser:
    ./components/Navbar/components/NavbarAccount/NavbarAccount.tsx [Client Component Browser]
    ./components/Navbar/Navbar.tsx [Client Component Browser]
    ./components/Navbar/Navbar.tsx [Server Component]
    ./app/layout.tsx [Server Component]

  Client Component SSR:
    ./components/Navbar/components/NavbarAccount/NavbarAccount.tsx [Client Component SSR]
    ./components/Navbar/Navbar.tsx [Client Component SSR]
    ./components/Navbar/Navbar.tsx [Server Component]
    ./app/layout.tsx [Server Component]

https://nextjs.org/docs/messages/module-not-found @ http://localhost:3000/_next/static/chunks/node_modules_next_dist_1e8vcs8._.js:1052
[  322483ms] [ERROR] ./components/Navbar/components/NavbarAccount/NavbarAccount.tsx:5:1
Error: Module not found: Can't resolve './components/AccountMenuItem'
  3 |
  4 | import { AccountMenuHeader } from "./components/AccountMenuHeader";
> 5 | import { AccountMenuItem } from "./components/AccountMenuItem";
    | ^^^^^^^^^^^^^^^^^^^^^^^^^^^^^^^^^^^^^^^^^^^^^^^^^^^^^^^^^^^^^^
  6 | import { AccountMenuPlan } from "./components/AccountMenuPlan";
  7 | import {
  8 |   ACCOUNT_LABEL,

Import traces:
  Client Component Browser:
    ./components/Navbar/components/NavbarAccount/NavbarAccount.tsx [Client Component Browser]
    ./components/Navbar/Navbar.tsx [Client Component Browser]
    ./components/Navbar/Navbar.tsx [Server Component]
    ./app/layout.tsx [Server Component]

  Client Component SSR:
    ./components/Navbar/components/NavbarAccount/NavbarAccount.tsx [Client Component SSR]
    ./components/Navbar/Navbar.tsx [Client Component SSR]
    ./components/Navbar/Navbar.tsx [Server Component]
    ./app/layout.tsx [Server Component]

https://nextjs.org/docs/messages/module-not-found @ http://localhost:3000/_next/static/chunks/node_modules_next_dist_1e8vcs8._.js:1052
[  322483ms] [ERROR] ./components/Navbar/components/NavbarAccount/NavbarAccount.tsx:6:1
Error: Module not found: Can't resolve './components/AccountMenuPlan'
  4 | import { AccountMenuHeader } from "./components/AccountMenuHeader";
  5 | import { AccountMenuItem } from "./components/AccountMenuItem";
> 6 | import { AccountMenuPlan } from "./components/AccountMenuPlan";
    | ^^^^^^^^^^^^^^^^^^^^^^^^^^^^^^^^^^^^^^^^^^^^^^^^^^^^^^^^^^^^^^
  7 | import {
  8 |   ACCOUNT_LABEL,
  9 |   ACCOUNT_MENU_ENTRIES,

Import traces:
  Client Component Browser:
    ./components/Navbar/components/NavbarAccount/NavbarAccount.tsx [Client Component Browser]
    ./components/Navbar/Navbar.tsx [Client Component Browser]
    ./components/Navbar/Navbar.tsx [Server Component]
    ./app/layout.tsx [Server Component]

  Client Component SSR:
    ./components/Navbar/components/NavbarAccount/NavbarAccount.tsx [Client Component SSR]
    ./components/Navbar/Navbar.tsx [Client Component SSR]
    ./components/Navbar/Navbar.tsx [Server Component]
    ./app/layout.tsx [Server Component]

https://nextjs.org/docs/messages/module-not-found @ http://localhost:3000/_next/static/chunks/node_modules_next_dist_1e8vcs8._.js:1052
[  322533ms] [ERROR] ./components/Navbar/components/NavbarAccount/NavbarAccount.tsx:4:1
Error: Module not found: Can't resolve './components/AccountMenuHeader'
  2 | import { Avatar, Button, Dropdown, Separator } from "@heroui/react";
  3 |
> 4 | import { AccountMenuHeader } from "./components/AccountMenuHeader";
    | ^^^^^^^^^^^^^^^^^^^^^^^^^^^^^^^^^^^^^^^^^^^^^^^^^^^^^^^^^^^^^^^^^^
  5 | import { AccountMenuItem } from "./components/AccountMenuItem";
  6 | import { AccountMenuPlan } from "./components/AccountMenuPlan";
  7 | import {

Import traces:
  Client Component Browser:
    ./components/Navbar/components/NavbarAccount/NavbarAccount.tsx [Client Component Browser]
    ./components/Navbar/Navbar.tsx [Client Component Browser]
    ./components/Navbar/Navbar.tsx [Server Component]
    ./app/layout.tsx [Server Component]

  Client Component SSR:
    ./components/Navbar/components/NavbarAccount/NavbarAccount.tsx [Client Component SSR]
    ./components/Navbar/Navbar.tsx [Client Component SSR]
    ./components/Navbar/Navbar.tsx [Server Component]
    ./app/layout.tsx [Server Component]

https://nextjs.org/docs/messages/module-not-found @ http://localhost:3000/_next/static/chunks/node_modules_next_dist_1e8vcs8._.js:1052
[  322534ms] [ERROR] ./components/Navbar/components/NavbarAccount/NavbarAccount.tsx:5:1
Error: Module not found: Can't resolve './components/AccountMenuItem'
  3 |
  4 | import { AccountMenuHeader } from "./components/AccountMenuHeader";
> 5 | import { AccountMenuItem } from "./components/AccountMenuItem";
    | ^^^^^^^^^^^^^^^^^^^^^^^^^^^^^^^^^^^^^^^^^^^^^^^^^^^^^^^^^^^^^^
  6 | import { AccountMenuPlan } from "./components/AccountMenuPlan";
  7 | import {
  8 |   ACCOUNT_LABEL,

Import traces:
  Client Component Browser:
    ./components/Navbar/components/NavbarAccount/NavbarAccount.tsx [Client Component Browser]
    ./components/Navbar/Navbar.tsx [Client Component Browser]
    ./components/Navbar/Navbar.tsx [Server Component]
    ./app/layout.tsx [Server Component]

  Client Component SSR:
    ./components/Navbar/components/NavbarAccount/NavbarAccount.tsx [Client Component SSR]
    ./components/Navbar/Navbar.tsx [Client Component SSR]
    ./components/Navbar/Navbar.tsx [Server Component]
    ./app/layout.tsx [Server Component]

https://nextjs.org/docs/messages/module-not-found @ http://localhost:3000/_next/static/chunks/node_modules_next_dist_1e8vcs8._.js:1052
[  322534ms] [ERROR] ./components/Navbar/components/NavbarAccount/NavbarAccount.tsx:6:1
Error: Module not found: Can't resolve './components/AccountMenuPlan'
  4 | import { AccountMenuHeader } from "./components/AccountMenuHeader";
  5 | import { AccountMenuItem } from "./components/AccountMenuItem";
> 6 | import { AccountMenuPlan } from "./components/AccountMenuPlan";
    | ^^^^^^^^^^^^^^^^^^^^^^^^^^^^^^^^^^^^^^^^^^^^^^^^^^^^^^^^^^^^^^
  7 | import {
  8 |   ACCOUNT_LABEL,
  9 |   ACCOUNT_MENU_ENTRIES,

Import traces:
  Client Component Browser:
    ./components/Navbar/components/NavbarAccount/NavbarAccount.tsx [Client Component Browser]
    ./components/Navbar/Navbar.tsx [Client Component Browser]
    ./components/Navbar/Navbar.tsx [Server Component]
    ./app/layout.tsx [Server Component]

  Client Component SSR:
    ./components/Navbar/components/NavbarAccount/NavbarAccount.tsx [Client Component SSR]
    ./components/Navbar/Navbar.tsx [Client Component SSR]
    ./components/Navbar/Navbar.tsx [Server Component]
    ./app/layout.tsx [Server Component]

https://nextjs.org/docs/messages/module-not-found @ http://localhost:3000/_next/static/chunks/node_modules_next_dist_1e8vcs8._.js:1052
[  322582ms] [ERROR] ./components/Navbar/components/NavbarAccount/NavbarAccount.tsx:4:1
Error: Module not found: Can't resolve './components/AccountMenuHeader'
  2 | import { Avatar, Button, Dropdown, Separator } from "@heroui/react";
  3 |
> 4 | import { AccountMenuHeader } from "./components/AccountMenuHeader";
    | ^^^^^^^^^^^^^^^^^^^^^^^^^^^^^^^^^^^^^^^^^^^^^^^^^^^^^^^^^^^^^^^^^^
  5 | import { AccountMenuItem } from "./components/AccountMenuItem";
  6 | import { AccountMenuPlan } from "./components/AccountMenuPlan";
  7 | import {

Import traces:
  Client Component Browser:
    ./components/Navbar/components/NavbarAccount/NavbarAccount.tsx [Client Component Browser]
    ./components/Navbar/Navbar.tsx [Client Component Browser]
    ./components/Navbar/Navbar.tsx [Server Component]
    ./app/layout.tsx [Server Component]

  Client Component SSR:
    ./components/Navbar/components/NavbarAccount/NavbarAccount.tsx [Client Component SSR]
    ./components/Navbar/Navbar.tsx [Client Component SSR]
    ./components/Navbar/Navbar.tsx [Server Component]
    ./app/layout.tsx [Server Component]

https://nextjs.org/docs/messages/module-not-found @ http://localhost:3000/_next/static/chunks/node_modules_next_dist_1e8vcs8._.js:1052
[  322583ms] [ERROR] ./components/Navbar/components/NavbarAccount/NavbarAccount.tsx:5:1
Error: Module not found: Can't resolve './components/AccountMenuItem'
  3 |
  4 | import { AccountMenuHeader } from "./components/AccountMenuHeader";
> 5 | import { AccountMenuItem } from "./components/AccountMenuItem";
    | ^^^^^^^^^^^^^^^^^^^^^^^^^^^^^^^^^^^^^^^^^^^^^^^^^^^^^^^^^^^^^^
  6 | import { AccountMenuPlan } from "./components/AccountMenuPlan";
  7 | import {
  8 |   ACCOUNT_LABEL,

Import traces:
  Client Component Browser:
    ./components/Navbar/components/NavbarAccount/NavbarAccount.tsx [Client Component Browser]
    ./components/Navbar/Navbar.tsx [Client Component Browser]
    ./components/Navbar/Navbar.tsx [Server Component]
    ./app/layout.tsx [Server Component]

  Client Component SSR:
    ./components/Navbar/components/NavbarAccount/NavbarAccount.tsx [Client Component SSR]
    ./components/Navbar/Navbar.tsx [Client Component SSR]
    ./components/Navbar/Navbar.tsx [Server Component]
    ./app/layout.tsx [Server Component]

https://nextjs.org/docs/messages/module-not-found @ http://localhost:3000/_next/static/chunks/node_modules_next_dist_1e8vcs8._.js:1052
[  322583ms] [ERROR] ./components/Navbar/components/NavbarAccount/NavbarAccount.tsx:6:1
Error: Module not found: Can't resolve './components/AccountMenuPlan'
  4 | import { AccountMenuHeader } from "./components/AccountMenuHeader";
  5 | import { AccountMenuItem } from "./components/AccountMenuItem";
> 6 | import { AccountMenuPlan } from "./components/AccountMenuPlan";
    | ^^^^^^^^^^^^^^^^^^^^^^^^^^^^^^^^^^^^^^^^^^^^^^^^^^^^^^^^^^^^^^
  7 | import {
  8 |   ACCOUNT_LABEL,
  9 |   ACCOUNT_MENU_ENTRIES,

Import traces:
  Client Component Browser:
    ./components/Navbar/components/NavbarAccount/NavbarAccount.tsx [Client Component Browser]
    ./components/Navbar/Navbar.tsx [Client Component Browser]
    ./components/Navbar/Navbar.tsx [Server Component]
    ./app/layout.tsx [Server Component]

  Client Component SSR:
    ./components/Navbar/components/NavbarAccount/NavbarAccount.tsx [Client Component SSR]
    ./components/Navbar/Navbar.tsx [Client Component SSR]
    ./components/Navbar/Navbar.tsx [Server Component]
    ./app/layout.tsx [Server Component]

https://nextjs.org/docs/messages/module-not-found @ http://localhost:3000/_next/static/chunks/node_modules_next_dist_1e8vcs8._.js:1052
[  322634ms] [ERROR] ./components/Navbar/components/NavbarAccount/NavbarAccount.tsx:4:1
Error: Module not found: Can't resolve './components/AccountMenuHeader'
  2 | import { Avatar, Button, Dropdown, Separator } from "@heroui/react";
  3 |
> 4 | import { AccountMenuHeader } from "./components/AccountMenuHeader";
    | ^^^^^^^^^^^^^^^^^^^^^^^^^^^^^^^^^^^^^^^^^^^^^^^^^^^^^^^^^^^^^^^^^^
  5 | import { AccountMenuItem } from "./components/AccountMenuItem";
  6 | import { AccountMenuPlan } from "./components/AccountMenuPlan";
  7 | import {

Import traces:
  Client Component Browser:
    ./components/Navbar/components/NavbarAccount/NavbarAccount.tsx [Client Component Browser]
    ./components/Navbar/Navbar.tsx [Client Component Browser]
    ./components/Navbar/Navbar.tsx [Server Component]
    ./app/layout.tsx [Server Component]

  Client Component SSR:
    ./components/Navbar/components/NavbarAccount/NavbarAccount.tsx [Client Component SSR]
    ./components/Navbar/Navbar.tsx [Client Component SSR]
    ./components/Navbar/Navbar.tsx [Server Component]
    ./app/layout.tsx [Server Component]

https://nextjs.org/docs/messages/module-not-found @ http://localhost:3000/_next/static/chunks/node_modules_next_dist_1e8vcs8._.js:1052
[  322634ms] [ERROR] ./components/Navbar/components/NavbarAccount/NavbarAccount.tsx:5:1
Error: Module not found: Can't resolve './components/AccountMenuItem'
  3 |
  4 | import { AccountMenuHeader } from "./components/AccountMenuHeader";
> 5 | import { AccountMenuItem } from "./components/AccountMenuItem";
    | ^^^^^^^^^^^^^^^^^^^^^^^^^^^^^^^^^^^^^^^^^^^^^^^^^^^^^^^^^^^^^^
  6 | import { AccountMenuPlan } from "./components/AccountMenuPlan";
  7 | import {
  8 |   ACCOUNT_LABEL,

Import traces:
  Client Component Browser:
    ./components/Navbar/components/NavbarAccount/NavbarAccount.tsx [Client Component Browser]
    ./components/Navbar/Navbar.tsx [Client Component Browser]
    ./components/Navbar/Navbar.tsx [Server Component]
    ./app/layout.tsx [Server Component]

  Client Component SSR:
    ./components/Navbar/components/NavbarAccount/NavbarAccount.tsx [Client Component SSR]
    ./components/Navbar/Navbar.tsx [Client Component SSR]
    ./components/Navbar/Navbar.tsx [Server Component]
    ./app/layout.tsx [Server Component]

https://nextjs.org/docs/messages/module-not-found @ http://localhost:3000/_next/static/chunks/node_modules_next_dist_1e8vcs8._.js:1052
[  322634ms] [ERROR] ./components/Navbar/components/NavbarAccount/NavbarAccount.tsx:6:1
Error: Module not found: Can't resolve './components/AccountMenuPlan'
  4 | import { AccountMenuHeader } from "./components/AccountMenuHeader";
  5 | import { AccountMenuItem } from "./components/AccountMenuItem";
> 6 | import { AccountMenuPlan } from "./components/AccountMenuPlan";
    | ^^^^^^^^^^^^^^^^^^^^^^^^^^^^^^^^^^^^^^^^^^^^^^^^^^^^^^^^^^^^^^
  7 | import {
  8 |   ACCOUNT_LABEL,
  9 |   ACCOUNT_MENU_ENTRIES,

Import traces:
  Client Component Browser:
    ./components/Navbar/components/NavbarAccount/NavbarAccount.tsx [Client Component Browser]
    ./components/Navbar/Navbar.tsx [Client Component Browser]
    ./components/Navbar/Navbar.tsx [Server Component]
    ./app/layout.tsx [Server Component]

  Client Component SSR:
    ./components/Navbar/components/NavbarAccount/NavbarAccount.tsx [Client Component SSR]
    ./components/Navbar/Navbar.tsx [Client Component SSR]
    ./components/Navbar/Navbar.tsx [Server Component]
    ./app/layout.tsx [Server Component]

https://nextjs.org/docs/messages/module-not-found @ http://localhost:3000/_next/static/chunks/node_modules_next_dist_1e8vcs8._.js:1052
[  322699ms] [ERROR] ./components/Navbar/components/NavbarAccount/NavbarAccount.tsx:4:1
Error: Module not found: Can't resolve './components/AccountMenuHeader'
  2 | import { Avatar, Button, Dropdown, Separator } from "@heroui/react";
  3 |
> 4 | import { AccountMenuHeader } from "./components/AccountMenuHeader";
    | ^^^^^^^^^^^^^^^^^^^^^^^^^^^^^^^^^^^^^^^^^^^^^^^^^^^^^^^^^^^^^^^^^^
  5 | import { AccountMenuItem } from "./components/AccountMenuItem";
  6 | import { AccountMenuPlan } from "./components/AccountMenuPlan";
  7 | import {

Import traces:
  Client Component Browser:
    ./components/Navbar/components/NavbarAccount/NavbarAccount.tsx [Client Component Browser]
    ./components/Navbar/Navbar.tsx [Client Component Browser]
    ./components/Navbar/Navbar.tsx [Server Component]
    ./app/layout.tsx [Server Component]

  Client Component SSR:
    ./components/Navbar/components/NavbarAccount/NavbarAccount.tsx [Client Component SSR]
    ./components/Navbar/Navbar.tsx [Client Component SSR]
    ./components/Navbar/Navbar.tsx [Server Component]
    ./app/layout.tsx [Server Component]

https://nextjs.org/docs/messages/module-not-found @ http://localhost:3000/_next/static/chunks/node_modules_next_dist_1e8vcs8._.js:1052
[  322699ms] [ERROR] ./components/Navbar/components/NavbarAccount/NavbarAccount.tsx:5:1
Error: Module not found: Can't resolve './components/AccountMenuItem'
  3 |
  4 | import { AccountMenuHeader } from "./components/AccountMenuHeader";
> 5 | import { AccountMenuItem } from "./components/AccountMenuItem";
    | ^^^^^^^^^^^^^^^^^^^^^^^^^^^^^^^^^^^^^^^^^^^^^^^^^^^^^^^^^^^^^^
  6 | import { AccountMenuPlan } from "./components/AccountMenuPlan";
  7 | import {
  8 |   ACCOUNT_LABEL,

Import traces:
  Client Component Browser:
    ./components/Navbar/components/NavbarAccount/NavbarAccount.tsx [Client Component Browser]
    ./components/Navbar/Navbar.tsx [Client Component Browser]
    ./components/Navbar/Navbar.tsx [Server Component]
    ./app/layout.tsx [Server Component]

  Client Component SSR:
    ./components/Navbar/components/NavbarAccount/NavbarAccount.tsx [Client Component SSR]
    ./components/Navbar/Navbar.tsx [Client Component SSR]
    ./components/Navbar/Navbar.tsx [Server Component]
    ./app/layout.tsx [Server Component]

https://nextjs.org/docs/messages/module-not-found @ http://localhost:3000/_next/static/chunks/node_modules_next_dist_1e8vcs8._.js:1052
[  322699ms] [ERROR] ./components/Navbar/components/NavbarAccount/NavbarAccount.tsx:6:1
Error: Module not found: Can't resolve './components/AccountMenuPlan'
  4 | import { AccountMenuHeader } from "./components/AccountMenuHeader";
  5 | import { AccountMenuItem } from "./components/AccountMenuItem";
> 6 | import { AccountMenuPlan } from "./components/AccountMenuPlan";
    | ^^^^^^^^^^^^^^^^^^^^^^^^^^^^^^^^^^^^^^^^^^^^^^^^^^^^^^^^^^^^^^
  7 | import {
  8 |   ACCOUNT_LABEL,
  9 |   ACCOUNT_MENU_ENTRIES,

Import traces:
  Client Component Browser:
    ./components/Navbar/components/NavbarAccount/NavbarAccount.tsx [Client Component Browser]
    ./components/Navbar/Navbar.tsx [Client Component Browser]
    ./components/Navbar/Navbar.tsx [Server Component]
    ./app/layout.tsx [Server Component]

  Client Component SSR:
    ./components/Navbar/components/NavbarAccount/NavbarAccount.tsx [Client Component SSR]
    ./components/Navbar/Navbar.tsx [Client Component SSR]
    ./components/Navbar/Navbar.tsx [Server Component]
    ./app/layout.tsx [Server Component]

https://nextjs.org/docs/messages/module-not-found @ http://localhost:3000/_next/static/chunks/node_modules_next_dist_1e8vcs8._.js:1052
[  322754ms] [ERROR] ./components/Navbar/components/NavbarAccount/NavbarAccount.tsx:4:1
Error: Module not found: Can't resolve './components/AccountMenuHeader'
  2 | import { Avatar, Button, Dropdown, Separator } from "@heroui/react";
  3 |
> 4 | import { AccountMenuHeader } from "./components/AccountMenuHeader";
    | ^^^^^^^^^^^^^^^^^^^^^^^^^^^^^^^^^^^^^^^^^^^^^^^^^^^^^^^^^^^^^^^^^^
  5 | import { AccountMenuItem } from "./components/AccountMenuItem";
  6 | import { AccountMenuPlan } from "./components/AccountMenuPlan";
  7 | import {

Import traces:
  Client Component Browser:
    ./components/Navbar/components/NavbarAccount/NavbarAccount.tsx [Client Component Browser]
    ./components/Navbar/Navbar.tsx [Client Component Browser]
    ./components/Navbar/Navbar.tsx [Server Component]
    ./app/layout.tsx [Server Component]

  Client Component SSR:
    ./components/Navbar/components/NavbarAccount/NavbarAccount.tsx [Client Component SSR]
    ./components/Navbar/Navbar.tsx [Client Component SSR]
    ./components/Navbar/Navbar.tsx [Server Component]
    ./app/layout.tsx [Server Component]

https://nextjs.org/docs/messages/module-not-found @ http://localhost:3000/_next/static/chunks/node_modules_next_dist_1e8vcs8._.js:1052
[  322754ms] [ERROR] ./components/Navbar/components/NavbarAccount/NavbarAccount.tsx:5:1
Error: Module not found: Can't resolve './components/AccountMenuItem'
  3 |
  4 | import { AccountMenuHeader } from "./components/AccountMenuHeader";
> 5 | import { AccountMenuItem } from "./components/AccountMenuItem";
    | ^^^^^^^^^^^^^^^^^^^^^^^^^^^^^^^^^^^^^^^^^^^^^^^^^^^^^^^^^^^^^^
  6 | import { AccountMenuPlan } from "./components/AccountMenuPlan";
  7 | import {
  8 |   ACCOUNT_LABEL,

Import traces:
  Client Component Browser:
    ./components/Navbar/components/NavbarAccount/NavbarAccount.tsx [Client Component Browser]
    ./components/Navbar/Navbar.tsx [Client Component Browser]
    ./components/Navbar/Navbar.tsx [Server Component]
    ./app/layout.tsx [Server Component]

  Client Component SSR:
    ./components/Navbar/components/NavbarAccount/NavbarAccount.tsx [Client Component SSR]
    ./components/Navbar/Navbar.tsx [Client Component SSR]
    ./components/Navbar/Navbar.tsx [Server Component]
    ./app/layout.tsx [Server Component]

https://nextjs.org/docs/messages/module-not-found @ http://localhost:3000/_next/static/chunks/node_modules_next_dist_1e8vcs8._.js:1052
[  322754ms] [ERROR] ./components/Navbar/components/NavbarAccount/NavbarAccount.tsx:6:1
Error: Module not found: Can't resolve './components/AccountMenuPlan'
  4 | import { AccountMenuHeader } from "./components/AccountMenuHeader";
  5 | import { AccountMenuItem } from "./components/AccountMenuItem";
> 6 | import { AccountMenuPlan } from "./components/AccountMenuPlan";
    | ^^^^^^^^^^^^^^^^^^^^^^^^^^^^^^^^^^^^^^^^^^^^^^^^^^^^^^^^^^^^^^
  7 | import {
  8 |   ACCOUNT_LABEL,
  9 |   ACCOUNT_MENU_ENTRIES,

Import traces:
  Client Component Browser:
    ./components/Navbar/components/NavbarAccount/NavbarAccount.tsx [Client Component Browser]
    ./components/Navbar/Navbar.tsx [Client Component Browser]
    ./components/Navbar/Navbar.tsx [Server Component]
    ./app/layout.tsx [Server Component]

  Client Component SSR:
    ./components/Navbar/components/NavbarAccount/NavbarAccount.tsx [Client Component SSR]
    ./components/Navbar/Navbar.tsx [Client Component SSR]
    ./components/Navbar/Navbar.tsx [Server Component]
    ./app/layout.tsx [Server Component]

https://nextjs.org/docs/messages/module-not-found @ http://localhost:3000/_next/static/chunks/node_modules_next_dist_1e8vcs8._.js:1052
[  322818ms] [ERROR] ./components/Navbar/components/NavbarAccount/NavbarAccount.tsx:4:1
Error: Module not found: Can't resolve './components/AccountMenuHeader'
  2 | import { Avatar, Button, Dropdown, Separator } from "@heroui/react";
  3 |
> 4 | import { AccountMenuHeader } from "./components/AccountMenuHeader";
    | ^^^^^^^^^^^^^^^^^^^^^^^^^^^^^^^^^^^^^^^^^^^^^^^^^^^^^^^^^^^^^^^^^^
  5 | import { AccountMenuItem } from "./components/AccountMenuItem";
  6 | import { AccountMenuPlan } from "./components/AccountMenuPlan";
  7 | import {

Import traces:
  Client Component Browser:
    ./components/Navbar/components/NavbarAccount/NavbarAccount.tsx [Client Component Browser]
    ./components/Navbar/Navbar.tsx [Client Component Browser]
    ./components/Navbar/Navbar.tsx [Server Component]
    ./app/layout.tsx [Server Component]

  Client Component SSR:
    ./components/Navbar/components/NavbarAccount/NavbarAccount.tsx [Client Component SSR]
    ./components/Navbar/Navbar.tsx [Client Component SSR]
    ./components/Navbar/Navbar.tsx [Server Component]
    ./app/layout.tsx [Server Component]

https://nextjs.org/docs/messages/module-not-found @ http://localhost:3000/_next/static/chunks/node_modules_next_dist_1e8vcs8._.js:1052
[  322818ms] [ERROR] ./components/Navbar/components/NavbarAccount/NavbarAccount.tsx:5:1
Error: Module not found: Can't resolve './components/AccountMenuItem'
  3 |
  4 | import { AccountMenuHeader } from "./components/AccountMenuHeader";
> 5 | import { AccountMenuItem } from "./components/AccountMenuItem";
    | ^^^^^^^^^^^^^^^^^^^^^^^^^^^^^^^^^^^^^^^^^^^^^^^^^^^^^^^^^^^^^^
  6 | import { AccountMenuPlan } from "./components/AccountMenuPlan";
  7 | import {
  8 |   ACCOUNT_LABEL,

Import traces:
  Client Component Browser:
    ./components/Navbar/components/NavbarAccount/NavbarAccount.tsx [Client Component Browser]
    ./components/Navbar/Navbar.tsx [Client Component Browser]
    ./components/Navbar/Navbar.tsx [Server Component]
    ./app/layout.tsx [Server Component]

  Client Component SSR:
    ./components/Navbar/components/NavbarAccount/NavbarAccount.tsx [Client Component SSR]
    ./components/Navbar/Navbar.tsx [Client Component SSR]
    ./components/Navbar/Navbar.tsx [Server Component]
    ./app/layout.tsx [Server Component]

https://nextjs.org/docs/messages/module-not-found @ http://localhost:3000/_next/static/chunks/node_modules_next_dist_1e8vcs8._.js:1052
[  322818ms] [ERROR] ./components/Navbar/components/NavbarAccount/NavbarAccount.tsx:6:1
Error: Module not found: Can't resolve './components/AccountMenuPlan'
  4 | import { AccountMenuHeader } from "./components/AccountMenuHeader";
  5 | import { AccountMenuItem } from "./components/AccountMenuItem";
> 6 | import { AccountMenuPlan } from "./components/AccountMenuPlan";
    | ^^^^^^^^^^^^^^^^^^^^^^^^^^^^^^^^^^^^^^^^^^^^^^^^^^^^^^^^^^^^^^
  7 | import {
  8 |   ACCOUNT_LABEL,
  9 |   ACCOUNT_MENU_ENTRIES,

Import traces:
  Client Component Browser:
    ./components/Navbar/components/NavbarAccount/NavbarAccount.tsx [Client Component Browser]
    ./components/Navbar/Navbar.tsx [Client Component Browser]
    ./components/Navbar/Navbar.tsx [Server Component]
    ./app/layout.tsx [Server Component]

  Client Component SSR:
    ./components/Navbar/components/NavbarAccount/NavbarAccount.tsx [Client Component SSR]
    ./components/Navbar/Navbar.tsx [Client Component SSR]
    ./components/Navbar/Navbar.tsx [Server Component]
    ./app/layout.tsx [Server Component]

https://nextjs.org/docs/messages/module-not-found @ http://localhost:3000/_next/static/chunks/node_modules_next_dist_1e8vcs8._.js:1052
[  322866ms] [ERROR] ./components/Navbar/components/NavbarAccount/NavbarAccount.tsx:4:1
Error: Module not found: Can't resolve './components/AccountMenuHeader'
  2 | import { Avatar, Button, Dropdown, Separator } from "@heroui/react";
  3 |
> 4 | import { AccountMenuHeader } from "./components/AccountMenuHeader";
    | ^^^^^^^^^^^^^^^^^^^^^^^^^^^^^^^^^^^^^^^^^^^^^^^^^^^^^^^^^^^^^^^^^^
  5 | import { AccountMenuItem } from "./components/AccountMenuItem";
  6 | import { AccountMenuPlan } from "./components/AccountMenuPlan";
  7 | import {

Import traces:
  Client Component Browser:
    ./components/Navbar/components/NavbarAccount/NavbarAccount.tsx [Client Component Browser]
    ./components/Navbar/Navbar.tsx [Client Component Browser]
    ./components/Navbar/Navbar.tsx [Server Component]
    ./app/layout.tsx [Server Component]

  Client Component SSR:
    ./components/Navbar/components/NavbarAccount/NavbarAccount.tsx [Client Component SSR]
    ./components/Navbar/Navbar.tsx [Client Component SSR]
    ./components/Navbar/Navbar.tsx [Server Component]
    ./app/layout.tsx [Server Component]

https://nextjs.org/docs/messages/module-not-found @ http://localhost:3000/_next/static/chunks/node_modules_next_dist_1e8vcs8._.js:1052
[  322866ms] [ERROR] ./components/Navbar/components/NavbarAccount/NavbarAccount.tsx:5:1
Error: Module not found: Can't resolve './components/AccountMenuItem'
  3 |
  4 | import { AccountMenuHeader } from "./components/AccountMenuHeader";
> 5 | import { AccountMenuItem } from "./components/AccountMenuItem";
    | ^^^^^^^^^^^^^^^^^^^^^^^^^^^^^^^^^^^^^^^^^^^^^^^^^^^^^^^^^^^^^^
  6 | import { AccountMenuPlan } from "./components/AccountMenuPlan";
  7 | import {
  8 |   ACCOUNT_LABEL,

Import traces:
  Client Component Browser:
    ./components/Navbar/components/NavbarAccount/NavbarAccount.tsx [Client Component Browser]
    ./components/Navbar/Navbar.tsx [Client Component Browser]
    ./components/Navbar/Navbar.tsx [Server Component]
    ./app/layout.tsx [Server Component]

  Client Component SSR:
    ./components/Navbar/components/NavbarAccount/NavbarAccount.tsx [Client Component SSR]
    ./components/Navbar/Navbar.tsx [Client Component SSR]
    ./components/Navbar/Navbar.tsx [Server Component]
    ./app/layout.tsx [Server Component]

https://nextjs.org/docs/messages/module-not-found @ http://localhost:3000/_next/static/chunks/node_modules_next_dist_1e8vcs8._.js:1052
[  322867ms] [ERROR] ./components/Navbar/components/NavbarAccount/NavbarAccount.tsx:6:1
Error: Module not found: Can't resolve './components/AccountMenuPlan'
  4 | import { AccountMenuHeader } from "./components/AccountMenuHeader";
  5 | import { AccountMenuItem } from "./components/AccountMenuItem";
> 6 | import { AccountMenuPlan } from "./components/AccountMenuPlan";
    | ^^^^^^^^^^^^^^^^^^^^^^^^^^^^^^^^^^^^^^^^^^^^^^^^^^^^^^^^^^^^^^
  7 | import {
  8 |   ACCOUNT_LABEL,
  9 |   ACCOUNT_MENU_ENTRIES,

Import traces:
  Client Component Browser:
    ./components/Navbar/components/NavbarAccount/NavbarAccount.tsx [Client Component Browser]
    ./components/Navbar/Navbar.tsx [Client Component Browser]
    ./components/Navbar/Navbar.tsx [Server Component]
    ./app/layout.tsx [Server Component]

  Client Component SSR:
    ./components/Navbar/components/NavbarAccount/NavbarAccount.tsx [Client Component SSR]
    ./components/Navbar/Navbar.tsx [Client Component SSR]
    ./components/Navbar/Navbar.tsx [Server Component]
    ./app/layout.tsx [Server Component]

https://nextjs.org/docs/messages/module-not-found @ http://localhost:3000/_next/static/chunks/node_modules_next_dist_1e8vcs8._.js:1052
[  322925ms] [ERROR] ./components/Navbar/components/NavbarAccount/NavbarAccount.tsx:4:1
Error: Module not found: Can't resolve './components/AccountMenuHeader'
  2 | import { Avatar, Button, Dropdown, Separator } from "@heroui/react";
  3 |
> 4 | import { AccountMenuHeader } from "./components/AccountMenuHeader";
    | ^^^^^^^^^^^^^^^^^^^^^^^^^^^^^^^^^^^^^^^^^^^^^^^^^^^^^^^^^^^^^^^^^^
  5 | import { AccountMenuItem } from "./components/AccountMenuItem";
  6 | import { AccountMenuPlan } from "./components/AccountMenuPlan";
  7 | import {

Import traces:
  Client Component Browser:
    ./components/Navbar/components/NavbarAccount/NavbarAccount.tsx [Client Component Browser]
    ./components/Navbar/Navbar.tsx [Client Component Browser]
    ./components/Navbar/Navbar.tsx [Server Component]
    ./app/layout.tsx [Server Component]

  Client Component SSR:
    ./components/Navbar/components/NavbarAccount/NavbarAccount.tsx [Client Component SSR]
    ./components/Navbar/Navbar.tsx [Client Component SSR]
    ./components/Navbar/Navbar.tsx [Server Component]
    ./app/layout.tsx [Server Component]

https://nextjs.org/docs/messages/module-not-found @ http://localhost:3000/_next/static/chunks/node_modules_next_dist_1e8vcs8._.js:1052
[  322925ms] [ERROR] ./components/Navbar/components/NavbarAccount/NavbarAccount.tsx:5:1
Error: Module not found: Can't resolve './components/AccountMenuItem'
  3 |
  4 | import { AccountMenuHeader } from "./components/AccountMenuHeader";
> 5 | import { AccountMenuItem } from "./components/AccountMenuItem";
    | ^^^^^^^^^^^^^^^^^^^^^^^^^^^^^^^^^^^^^^^^^^^^^^^^^^^^^^^^^^^^^^
  6 | import { AccountMenuPlan } from "./components/AccountMenuPlan";
  7 | import {
  8 |   ACCOUNT_LABEL,

Import traces:
  Client Component Browser:
    ./components/Navbar/components/NavbarAccount/NavbarAccount.tsx [Client Component Browser]
    ./components/Navbar/Navbar.tsx [Client Component Browser]
    ./components/Navbar/Navbar.tsx [Server Component]
    ./app/layout.tsx [Server Component]

  Client Component SSR:
    ./components/Navbar/components/NavbarAccount/NavbarAccount.tsx [Client Component SSR]
    ./components/Navbar/Navbar.tsx [Client Component SSR]
    ./components/Navbar/Navbar.tsx [Server Component]
    ./app/layout.tsx [Server Component]

https://nextjs.org/docs/messages/module-not-found @ http://localhost:3000/_next/static/chunks/node_modules_next_dist_1e8vcs8._.js:1052
[  322925ms] [ERROR] ./components/Navbar/components/NavbarAccount/NavbarAccount.tsx:6:1
Error: Module not found: Can't resolve './components/AccountMenuPlan'
  4 | import { AccountMenuHeader } from "./components/AccountMenuHeader";
  5 | import { AccountMenuItem } from "./components/AccountMenuItem";
> 6 | import { AccountMenuPlan } from "./components/AccountMenuPlan";
    | ^^^^^^^^^^^^^^^^^^^^^^^^^^^^^^^^^^^^^^^^^^^^^^^^^^^^^^^^^^^^^^
  7 | import {
  8 |   ACCOUNT_LABEL,
  9 |   ACCOUNT_MENU_ENTRIES,

Import traces:
  Client Component Browser:
    ./components/Navbar/components/NavbarAccount/NavbarAccount.tsx [Client Component Browser]
    ./components/Navbar/Navbar.tsx [Client Component Browser]
    ./components/Navbar/Navbar.tsx [Server Component]
    ./app/layout.tsx [Server Component]

  Client Component SSR:
    ./components/Navbar/components/NavbarAccount/NavbarAccount.tsx [Client Component SSR]
    ./components/Navbar/Navbar.tsx [Client Component SSR]
    ./components/Navbar/Navbar.tsx [Server Component]
    ./app/layout.tsx [Server Component]

https://nextjs.org/docs/messages/module-not-found @ http://localhost:3000/_next/static/chunks/node_modules_next_dist_1e8vcs8._.js:1052
[  322981ms] [ERROR] ./components/Navbar/components/NavbarAccount/NavbarAccount.tsx:4:1
Error: Module not found: Can't resolve './components/AccountMenuHeader'
  2 | import { Avatar, Button, Dropdown, Separator } from "@heroui/react";
  3 |
> 4 | import { AccountMenuHeader } from "./components/AccountMenuHeader";
    | ^^^^^^^^^^^^^^^^^^^^^^^^^^^^^^^^^^^^^^^^^^^^^^^^^^^^^^^^^^^^^^^^^^
  5 | import { AccountMenuItem } from "./components/AccountMenuItem";
  6 | import { AccountMenuPlan } from "./components/AccountMenuPlan";
  7 | import {

Import traces:
  Client Component Browser:
    ./components/Navbar/components/NavbarAccount/NavbarAccount.tsx [Client Component Browser]
    ./components/Navbar/Navbar.tsx [Client Component Browser]
    ./components/Navbar/Navbar.tsx [Server Component]
    ./app/layout.tsx [Server Component]

  Client Component SSR:
    ./components/Navbar/components/NavbarAccount/NavbarAccount.tsx [Client Component SSR]
    ./components/Navbar/Navbar.tsx [Client Component SSR]
    ./components/Navbar/Navbar.tsx [Server Component]
    ./app/layout.tsx [Server Component]

https://nextjs.org/docs/messages/module-not-found @ http://localhost:3000/_next/static/chunks/node_modules_next_dist_1e8vcs8._.js:1052
[  322982ms] [ERROR] ./components/Navbar/components/NavbarAccount/NavbarAccount.tsx:5:1
Error: Module not found: Can't resolve './components/AccountMenuItem'
  3 |
  4 | import { AccountMenuHeader } from "./components/AccountMenuHeader";
> 5 | import { AccountMenuItem } from "./components/AccountMenuItem";
    | ^^^^^^^^^^^^^^^^^^^^^^^^^^^^^^^^^^^^^^^^^^^^^^^^^^^^^^^^^^^^^^
  6 | import { AccountMenuPlan } from "./components/AccountMenuPlan";
  7 | import {
  8 |   ACCOUNT_LABEL,

Import traces:
  Client Component Browser:
    ./components/Navbar/components/NavbarAccount/NavbarAccount.tsx [Client Component Browser]
    ./components/Navbar/Navbar.tsx [Client Component Browser]
    ./components/Navbar/Navbar.tsx [Server Component]
    ./app/layout.tsx [Server Component]

  Client Component SSR:
    ./components/Navbar/components/NavbarAccount/NavbarAccount.tsx [Client Component SSR]
    ./components/Navbar/Navbar.tsx [Client Component SSR]
    ./components/Navbar/Navbar.tsx [Server Component]
    ./app/layout.tsx [Server Component]

https://nextjs.org/docs/messages/module-not-found @ http://localhost:3000/_next/static/chunks/node_modules_next_dist_1e8vcs8._.js:1052
[  322982ms] [ERROR] ./components/Navbar/components/NavbarAccount/NavbarAccount.tsx:6:1
Error: Module not found: Can't resolve './components/AccountMenuPlan'
  4 | import { AccountMenuHeader } from "./components/AccountMenuHeader";
  5 | import { AccountMenuItem } from "./components/AccountMenuItem";
> 6 | import { AccountMenuPlan } from "./components/AccountMenuPlan";
    | ^^^^^^^^^^^^^^^^^^^^^^^^^^^^^^^^^^^^^^^^^^^^^^^^^^^^^^^^^^^^^^
  7 | import {
  8 |   ACCOUNT_LABEL,
  9 |   ACCOUNT_MENU_ENTRIES,

Import traces:
  Client Component Browser:
    ./components/Navbar/components/NavbarAccount/NavbarAccount.tsx [Client Component Browser]
    ./components/Navbar/Navbar.tsx [Client Component Browser]
    ./components/Navbar/Navbar.tsx [Server Component]
    ./app/layout.tsx [Server Component]

  Client Component SSR:
    ./components/Navbar/components/NavbarAccount/NavbarAccount.tsx [Client Component SSR]
    ./components/Navbar/Navbar.tsx [Client Component SSR]
    ./components/Navbar/Navbar.tsx [Server Component]
    ./app/layout.tsx [Server Component]

https://nextjs.org/docs/messages/module-not-found @ http://localhost:3000/_next/static/chunks/node_modules_next_dist_1e8vcs8._.js:1052
[  323032ms] [ERROR] ./components/Navbar/components/NavbarAccount/NavbarAccount.tsx:4:1
Error: Module not found: Can't resolve './components/AccountMenuHeader'
  2 | import { Avatar, Button, Dropdown, Separator } from "@heroui/react";
  3 |
> 4 | import { AccountMenuHeader } from "./components/AccountMenuHeader";
    | ^^^^^^^^^^^^^^^^^^^^^^^^^^^^^^^^^^^^^^^^^^^^^^^^^^^^^^^^^^^^^^^^^^
  5 | import { AccountMenuItem } from "./components/AccountMenuItem";
  6 | import { AccountMenuPlan } from "./components/AccountMenuPlan";
  7 | import {

Import traces:
  Client Component Browser:
    ./components/Navbar/components/NavbarAccount/NavbarAccount.tsx [Client Component Browser]
    ./components/Navbar/Navbar.tsx [Client Component Browser]
    ./components/Navbar/Navbar.tsx [Server Component]
    ./app/layout.tsx [Server Component]

  Client Component SSR:
    ./components/Navbar/components/NavbarAccount/NavbarAccount.tsx [Client Component SSR]
    ./components/Navbar/Navbar.tsx [Client Component SSR]
    ./components/Navbar/Navbar.tsx [Server Component]
    ./app/layout.tsx [Server Component]

https://nextjs.org/docs/messages/module-not-found @ http://localhost:3000/_next/static/chunks/node_modules_next_dist_1e8vcs8._.js:1052
[  323033ms] [ERROR] ./components/Navbar/components/NavbarAccount/NavbarAccount.tsx:5:1
Error: Module not found: Can't resolve './components/AccountMenuItem'
  3 |
  4 | import { AccountMenuHeader } from "./components/AccountMenuHeader";
> 5 | import { AccountMenuItem } from "./components/AccountMenuItem";
    | ^^^^^^^^^^^^^^^^^^^^^^^^^^^^^^^^^^^^^^^^^^^^^^^^^^^^^^^^^^^^^^
  6 | import { AccountMenuPlan } from "./components/AccountMenuPlan";
  7 | import {
  8 |   ACCOUNT_LABEL,

Import traces:
  Client Component Browser:
    ./components/Navbar/components/NavbarAccount/NavbarAccount.tsx [Client Component Browser]
    ./components/Navbar/Navbar.tsx [Client Component Browser]
    ./components/Navbar/Navbar.tsx [Server Component]
    ./app/layout.tsx [Server Component]

  Client Component SSR:
    ./components/Navbar/components/NavbarAccount/NavbarAccount.tsx [Client Component SSR]
    ./components/Navbar/Navbar.tsx [Client Component SSR]
    ./components/Navbar/Navbar.tsx [Server Component]
    ./app/layout.tsx [Server Component]

https://nextjs.org/docs/messages/module-not-found @ http://localhost:3000/_next/static/chunks/node_modules_next_dist_1e8vcs8._.js:1052
[  323033ms] [ERROR] ./components/Navbar/components/NavbarAccount/NavbarAccount.tsx:6:1
Error: Module not found: Can't resolve './components/AccountMenuPlan'
  4 | import { AccountMenuHeader } from "./components/AccountMenuHeader";
  5 | import { AccountMenuItem } from "./components/AccountMenuItem";
> 6 | import { AccountMenuPlan } from "./components/AccountMenuPlan";
    | ^^^^^^^^^^^^^^^^^^^^^^^^^^^^^^^^^^^^^^^^^^^^^^^^^^^^^^^^^^^^^^
  7 | import {
  8 |   ACCOUNT_LABEL,
  9 |   ACCOUNT_MENU_ENTRIES,

Import traces:
  Client Component Browser:
    ./components/Navbar/components/NavbarAccount/NavbarAccount.tsx [Client Component Browser]
    ./components/Navbar/Navbar.tsx [Client Component Browser]
    ./components/Navbar/Navbar.tsx [Server Component]
    ./app/layout.tsx [Server Component]

  Client Component SSR:
    ./components/Navbar/components/NavbarAccount/NavbarAccount.tsx [Client Component SSR]
    ./components/Navbar/Navbar.tsx [Client Component SSR]
    ./components/Navbar/Navbar.tsx [Server Component]
    ./app/layout.tsx [Server Component]

https://nextjs.org/docs/messages/module-not-found @ http://localhost:3000/_next/static/chunks/node_modules_next_dist_1e8vcs8._.js:1052
[  323085ms] [ERROR] ./components/Navbar/components/NavbarAccount/NavbarAccount.tsx:4:1
Error: Module not found: Can't resolve './components/AccountMenuHeader'
  2 | import { Avatar, Button, Dropdown, Separator } from "@heroui/react";
  3 |
> 4 | import { AccountMenuHeader } from "./components/AccountMenuHeader";
    | ^^^^^^^^^^^^^^^^^^^^^^^^^^^^^^^^^^^^^^^^^^^^^^^^^^^^^^^^^^^^^^^^^^
  5 | import { AccountMenuItem } from "./components/AccountMenuItem";
  6 | import { AccountMenuPlan } from "./components/AccountMenuPlan";
  7 | import {

Import traces:
  Client Component Browser:
    ./components/Navbar/components/NavbarAccount/NavbarAccount.tsx [Client Component Browser]
    ./components/Navbar/Navbar.tsx [Client Component Browser]
    ./components/Navbar/Navbar.tsx [Server Component]
    ./app/layout.tsx [Server Component]

  Client Component SSR:
    ./components/Navbar/components/NavbarAccount/NavbarAccount.tsx [Client Component SSR]
    ./components/Navbar/Navbar.tsx [Client Component SSR]
    ./components/Navbar/Navbar.tsx [Server Component]
    ./app/layout.tsx [Server Component]

https://nextjs.org/docs/messages/module-not-found @ http://localhost:3000/_next/static/chunks/node_modules_next_dist_1e8vcs8._.js:1052
[  323086ms] [ERROR] ./components/Navbar/components/NavbarAccount/NavbarAccount.tsx:5:1
Error: Module not found: Can't resolve './components/AccountMenuItem'
  3 |
  4 | import { AccountMenuHeader } from "./components/AccountMenuHeader";
> 5 | import { AccountMenuItem } from "./components/AccountMenuItem";
    | ^^^^^^^^^^^^^^^^^^^^^^^^^^^^^^^^^^^^^^^^^^^^^^^^^^^^^^^^^^^^^^
  6 | import { AccountMenuPlan } from "./components/AccountMenuPlan";
  7 | import {
  8 |   ACCOUNT_LABEL,

Import traces:
  Client Component Browser:
    ./components/Navbar/components/NavbarAccount/NavbarAccount.tsx [Client Component Browser]
    ./components/Navbar/Navbar.tsx [Client Component Browser]
    ./components/Navbar/Navbar.tsx [Server Component]
    ./app/layout.tsx [Server Component]

  Client Component SSR:
    ./components/Navbar/components/NavbarAccount/NavbarAccount.tsx [Client Component SSR]
    ./components/Navbar/Navbar.tsx [Client Component SSR]
    ./components/Navbar/Navbar.tsx [Server Component]
    ./app/layout.tsx [Server Component]

https://nextjs.org/docs/messages/module-not-found @ http://localhost:3000/_next/static/chunks/node_modules_next_dist_1e8vcs8._.js:1052
[  323086ms] [ERROR] ./components/Navbar/components/NavbarAccount/NavbarAccount.tsx:6:1
Error: Module not found: Can't resolve './components/AccountMenuPlan'
  4 | import { AccountMenuHeader } from "./components/AccountMenuHeader";
  5 | import { AccountMenuItem } from "./components/AccountMenuItem";
> 6 | import { AccountMenuPlan } from "./components/AccountMenuPlan";
    | ^^^^^^^^^^^^^^^^^^^^^^^^^^^^^^^^^^^^^^^^^^^^^^^^^^^^^^^^^^^^^^
  7 | import {
  8 |   ACCOUNT_LABEL,
  9 |   ACCOUNT_MENU_ENTRIES,

Import traces:
  Client Component Browser:
    ./components/Navbar/components/NavbarAccount/NavbarAccount.tsx [Client Component Browser]
    ./components/Navbar/Navbar.tsx [Client Component Browser]
    ./components/Navbar/Navbar.tsx [Server Component]
    ./app/layout.tsx [Server Component]

  Client Component SSR:
    ./components/Navbar/components/NavbarAccount/NavbarAccount.tsx [Client Component SSR]
    ./components/Navbar/Navbar.tsx [Client Component SSR]
    ./components/Navbar/Navbar.tsx [Server Component]
    ./app/layout.tsx [Server Component]

https://nextjs.org/docs/messages/module-not-found @ http://localhost:3000/_next/static/chunks/node_modules_next_dist_1e8vcs8._.js:1052
[  323243ms] [ERROR] ./components/Navbar/components/NavbarAccount/NavbarAccount.tsx:5:1
Error: Module not found: Can't resolve './components/AccountMenuItem'
  3 |
  4 | import { AccountMenuHeader } from "./components/AccountMenuHeader";
> 5 | import { AccountMenuItem } from "./components/AccountMenuItem";
    | ^^^^^^^^^^^^^^^^^^^^^^^^^^^^^^^^^^^^^^^^^^^^^^^^^^^^^^^^^^^^^^
  6 | import { AccountMenuPlan } from "./components/AccountMenuPlan";
  7 | import {
  8 |   ACCOUNT_LABEL,

Import traces:
  Client Component Browser:
    ./components/Navbar/components/NavbarAccount/NavbarAccount.tsx [Client Component Browser]
    ./components/Navbar/Navbar.tsx [Client Component Browser]
    ./components/Navbar/Navbar.tsx [Server Component]
    ./app/layout.tsx [Server Component]

  Client Component SSR:
    ./components/Navbar/components/NavbarAccount/NavbarAccount.tsx [Client Component SSR]
    ./components/Navbar/Navbar.tsx [Client Component SSR]
    ./components/Navbar/Navbar.tsx [Server Component]
    ./app/layout.tsx [Server Component]

https://nextjs.org/docs/messages/module-not-found @ http://localhost:3000/_next/static/chunks/node_modules_next_dist_1e8vcs8._.js:1052
[  323243ms] [ERROR] ./components/Navbar/components/NavbarAccount/NavbarAccount.tsx:6:1
Error: Module not found: Can't resolve './components/AccountMenuPlan'
  4 | import { AccountMenuHeader } from "./components/AccountMenuHeader";
  5 | import { AccountMenuItem } from "./components/AccountMenuItem";
> 6 | import { AccountMenuPlan } from "./components/AccountMenuPlan";
    | ^^^^^^^^^^^^^^^^^^^^^^^^^^^^^^^^^^^^^^^^^^^^^^^^^^^^^^^^^^^^^^
  7 | import {
  8 |   ACCOUNT_LABEL,
  9 |   ACCOUNT_MENU_ENTRIES,

Import traces:
  Client Component Browser:
    ./components/Navbar/components/NavbarAccount/NavbarAccount.tsx [Client Component Browser]
    ./components/Navbar/Navbar.tsx [Client Component Browser]
    ./components/Navbar/Navbar.tsx [Server Component]
    ./app/layout.tsx [Server Component]

  Client Component SSR:
    ./components/Navbar/components/NavbarAccount/NavbarAccount.tsx [Client Component SSR]
    ./components/Navbar/Navbar.tsx [Client Component SSR]
    ./components/Navbar/Navbar.tsx [Server Component]
    ./app/layout.tsx [Server Component]

https://nextjs.org/docs/messages/module-not-found @ http://localhost:3000/_next/static/chunks/node_modules_next_dist_1e8vcs8._.js:1052
[  323297ms] [LOG] [Fast Refresh] rebuilding @ http://localhost:3000/_next/static/chunks/node_modules_next_dist_1e8vcs8._.js:776
[  323298ms] [ERROR] ./components/Navbar/components/NavbarAccount/NavbarAccount.tsx:5:1
Error: Module not found: Can't resolve './components/AccountMenuItem'
  3 |
  4 | import { AccountMenuHeader } from "./components/AccountMenuHeader";
> 5 | import { AccountMenuItem } from "./components/AccountMenuItem";
    | ^^^^^^^^^^^^^^^^^^^^^^^^^^^^^^^^^^^^^^^^^^^^^^^^^^^^^^^^^^^^^^
  6 | import { AccountMenuPlan } from "./components/AccountMenuPlan";
  7 | import {
  8 |   ACCOUNT_LABEL,

Import traces:
  Client Component Browser:
    ./components/Navbar/components/NavbarAccount/NavbarAccount.tsx [Client Component Browser]
    ./components/Navbar/Navbar.tsx [Client Component Browser]
    ./components/Navbar/Navbar.tsx [Server Component]
    ./app/layout.tsx [Server Component]

  Client Component SSR:
    ./components/Navbar/components/NavbarAccount/NavbarAccount.tsx [Client Component SSR]
    ./components/Navbar/Navbar.tsx [Client Component SSR]
    ./components/Navbar/Navbar.tsx [Server Component]
    ./app/layout.tsx [Server Component]

https://nextjs.org/docs/messages/module-not-found @ http://localhost:3000/_next/static/chunks/node_modules_next_dist_1e8vcs8._.js:1052
[  323298ms] [ERROR] ./components/Navbar/components/NavbarAccount/NavbarAccount.tsx:6:1
Error: Module not found: Can't resolve './components/AccountMenuPlan'
  4 | import { AccountMenuHeader } from "./components/AccountMenuHeader";
  5 | import { AccountMenuItem } from "./components/AccountMenuItem";
> 6 | import { AccountMenuPlan } from "./components/AccountMenuPlan";
    | ^^^^^^^^^^^^^^^^^^^^^^^^^^^^^^^^^^^^^^^^^^^^^^^^^^^^^^^^^^^^^^
  7 | import {
  8 |   ACCOUNT_LABEL,
  9 |   ACCOUNT_MENU_ENTRIES,

Import traces:
  Client Component Browser:
    ./components/Navbar/components/NavbarAccount/NavbarAccount.tsx [Client Component Browser]
    ./components/Navbar/Navbar.tsx [Client Component Browser]
    ./components/Navbar/Navbar.tsx [Server Component]
    ./app/layout.tsx [Server Component]

  Client Component SSR:
    ./components/Navbar/components/NavbarAccount/NavbarAccount.tsx [Client Component SSR]
    ./components/Navbar/Navbar.tsx [Client Component SSR]
    ./components/Navbar/Navbar.tsx [Server Component]
    ./app/layout.tsx [Server Component]

https://nextjs.org/docs/messages/module-not-found @ http://localhost:3000/_next/static/chunks/node_modules_next_dist_1e8vcs8._.js:1052
[  323349ms] [ERROR] ./components/Navbar/components/NavbarAccount/NavbarAccount.tsx:5:1
Error: Module not found: Can't resolve './components/AccountMenuItem'
  3 |
  4 | import { AccountMenuHeader } from "./components/AccountMenuHeader";
> 5 | import { AccountMenuItem } from "./components/AccountMenuItem";
    | ^^^^^^^^^^^^^^^^^^^^^^^^^^^^^^^^^^^^^^^^^^^^^^^^^^^^^^^^^^^^^^
  6 | import { AccountMenuPlan } from "./components/AccountMenuPlan";
  7 | import {
  8 |   ACCOUNT_LABEL,

Import traces:
  Client Component Browser:
    ./components/Navbar/components/NavbarAccount/NavbarAccount.tsx [Client Component Browser]
    ./components/Navbar/Navbar.tsx [Client Component Browser]
    ./components/Navbar/Navbar.tsx [Server Component]
    ./app/layout.tsx [Server Component]

  Client Component SSR:
    ./components/Navbar/components/NavbarAccount/NavbarAccount.tsx [Client Component SSR]
    ./components/Navbar/Navbar.tsx [Client Component SSR]
    ./components/Navbar/Navbar.tsx [Server Component]
    ./app/layout.tsx [Server Component]

https://nextjs.org/docs/messages/module-not-found @ http://localhost:3000/_next/static/chunks/node_modules_next_dist_1e8vcs8._.js:1052
[  323349ms] [ERROR] ./components/Navbar/components/NavbarAccount/NavbarAccount.tsx:6:1
Error: Module not found: Can't resolve './components/AccountMenuPlan'
  4 | import { AccountMenuHeader } from "./components/AccountMenuHeader";
  5 | import { AccountMenuItem } from "./components/AccountMenuItem";
> 6 | import { AccountMenuPlan } from "./components/AccountMenuPlan";
    | ^^^^^^^^^^^^^^^^^^^^^^^^^^^^^^^^^^^^^^^^^^^^^^^^^^^^^^^^^^^^^^
  7 | import {
  8 |   ACCOUNT_LABEL,
  9 |   ACCOUNT_MENU_ENTRIES,

Import traces:
  Client Component Browser:
    ./components/Navbar/components/NavbarAccount/NavbarAccount.tsx [Client Component Browser]
    ./components/Navbar/Navbar.tsx [Client Component Browser]
    ./components/Navbar/Navbar.tsx [Server Component]
    ./app/layout.tsx [Server Component]

  Client Component SSR:
    ./components/Navbar/components/NavbarAccount/NavbarAccount.tsx [Client Component SSR]
    ./components/Navbar/Navbar.tsx [Client Component SSR]
    ./components/Navbar/Navbar.tsx [Server Component]
    ./app/layout.tsx [Server Component]

https://nextjs.org/docs/messages/module-not-found @ http://localhost:3000/_next/static/chunks/node_modules_next_dist_1e8vcs8._.js:1052
[  323399ms] [ERROR] ./components/Navbar/components/NavbarAccount/NavbarAccount.tsx:5:1
Error: Module not found: Can't resolve './components/AccountMenuItem'
  3 |
  4 | import { AccountMenuHeader } from "./components/AccountMenuHeader";
> 5 | import { AccountMenuItem } from "./components/AccountMenuItem";
    | ^^^^^^^^^^^^^^^^^^^^^^^^^^^^^^^^^^^^^^^^^^^^^^^^^^^^^^^^^^^^^^
  6 | import { AccountMenuPlan } from "./components/AccountMenuPlan";
  7 | import {
  8 |   ACCOUNT_LABEL,

Import traces:
  Client Component Browser:
    ./components/Navbar/components/NavbarAccount/NavbarAccount.tsx [Client Component Browser]
    ./components/Navbar/Navbar.tsx [Client Component Browser]
    ./components/Navbar/Navbar.tsx [Server Component]
    ./app/layout.tsx [Server Component]

  Client Component SSR:
    ./components/Navbar/components/NavbarAccount/NavbarAccount.tsx [Client Component SSR]
    ./components/Navbar/Navbar.tsx [Client Component SSR]
    ./components/Navbar/Navbar.tsx [Server Component]
    ./app/layout.tsx [Server Component]

https://nextjs.org/docs/messages/module-not-found @ http://localhost:3000/_next/static/chunks/node_modules_next_dist_1e8vcs8._.js:1052
[  323400ms] [ERROR] ./components/Navbar/components/NavbarAccount/NavbarAccount.tsx:6:1
Error: Module not found: Can't resolve './components/AccountMenuPlan'
  4 | import { AccountMenuHeader } from "./components/AccountMenuHeader";
  5 | import { AccountMenuItem } from "./components/AccountMenuItem";
> 6 | import { AccountMenuPlan } from "./components/AccountMenuPlan";
    | ^^^^^^^^^^^^^^^^^^^^^^^^^^^^^^^^^^^^^^^^^^^^^^^^^^^^^^^^^^^^^^
  7 | import {
  8 |   ACCOUNT_LABEL,
  9 |   ACCOUNT_MENU_ENTRIES,

Import traces:
  Client Component Browser:
    ./components/Navbar/components/NavbarAccount/NavbarAccount.tsx [Client Component Browser]
    ./components/Navbar/Navbar.tsx [Client Component Browser]
    ./components/Navbar/Navbar.tsx [Server Component]
    ./app/layout.tsx [Server Component]

  Client Component SSR:
    ./components/Navbar/components/NavbarAccount/NavbarAccount.tsx [Client Component SSR]
    ./components/Navbar/Navbar.tsx [Client Component SSR]
    ./components/Navbar/Navbar.tsx [Server Component]
    ./app/layout.tsx [Server Component]

https://nextjs.org/docs/messages/module-not-found @ http://localhost:3000/_next/static/chunks/node_modules_next_dist_1e8vcs8._.js:1052
[  323449ms] [ERROR] ./components/Navbar/components/NavbarAccount/NavbarAccount.tsx:5:1
Error: Module not found: Can't resolve './components/AccountMenuItem'
  3 |
  4 | import { AccountMenuHeader } from "./components/AccountMenuHeader";
> 5 | import { AccountMenuItem } from "./components/AccountMenuItem";
    | ^^^^^^^^^^^^^^^^^^^^^^^^^^^^^^^^^^^^^^^^^^^^^^^^^^^^^^^^^^^^^^
  6 | import { AccountMenuPlan } from "./components/AccountMenuPlan";
  7 | import {
  8 |   ACCOUNT_LABEL,

Import traces:
  Client Component Browser:
    ./components/Navbar/components/NavbarAccount/NavbarAccount.tsx [Client Component Browser]
    ./components/Navbar/Navbar.tsx [Client Component Browser]
    ./components/Navbar/Navbar.tsx [Server Component]
    ./app/layout.tsx [Server Component]

  Client Component SSR:
    ./components/Navbar/components/NavbarAccount/NavbarAccount.tsx [Client Component SSR]
    ./components/Navbar/Navbar.tsx [Client Component SSR]
    ./components/Navbar/Navbar.tsx [Server Component]
    ./app/layout.tsx [Server Component]

https://nextjs.org/docs/messages/module-not-found @ http://localhost:3000/_next/static/chunks/node_modules_next_dist_1e8vcs8._.js:1052
[  323450ms] [ERROR] ./components/Navbar/components/NavbarAccount/NavbarAccount.tsx:6:1
Error: Module not found: Can't resolve './components/AccountMenuPlan'
  4 | import { AccountMenuHeader } from "./components/AccountMenuHeader";
  5 | import { AccountMenuItem } from "./components/AccountMenuItem";
> 6 | import { AccountMenuPlan } from "./components/AccountMenuPlan";
    | ^^^^^^^^^^^^^^^^^^^^^^^^^^^^^^^^^^^^^^^^^^^^^^^^^^^^^^^^^^^^^^
  7 | import {
  8 |   ACCOUNT_LABEL,
  9 |   ACCOUNT_MENU_ENTRIES,

Import traces:
  Client Component Browser:
    ./components/Navbar/components/NavbarAccount/NavbarAccount.tsx [Client Component Browser]
    ./components/Navbar/Navbar.tsx [Client Component Browser]
    ./components/Navbar/Navbar.tsx [Server Component]
    ./app/layout.tsx [Server Component]

  Client Component SSR:
    ./components/Navbar/components/NavbarAccount/NavbarAccount.tsx [Client Component SSR]
    ./components/Navbar/Navbar.tsx [Client Component SSR]
    ./components/Navbar/Navbar.tsx [Server Component]
    ./app/layout.tsx [Server Component]

https://nextjs.org/docs/messages/module-not-found @ http://localhost:3000/_next/static/chunks/node_modules_next_dist_1e8vcs8._.js:1052
[  323500ms] [ERROR] ./components/Navbar/components/NavbarAccount/NavbarAccount.tsx:5:1
Error: Module not found: Can't resolve './components/AccountMenuItem'
  3 |
  4 | import { AccountMenuHeader } from "./components/AccountMenuHeader";
> 5 | import { AccountMenuItem } from "./components/AccountMenuItem";
    | ^^^^^^^^^^^^^^^^^^^^^^^^^^^^^^^^^^^^^^^^^^^^^^^^^^^^^^^^^^^^^^
  6 | import { AccountMenuPlan } from "./components/AccountMenuPlan";
  7 | import {
  8 |   ACCOUNT_LABEL,

Import traces:
  Client Component Browser:
    ./components/Navbar/components/NavbarAccount/NavbarAccount.tsx [Client Component Browser]
    ./components/Navbar/Navbar.tsx [Client Component Browser]
    ./components/Navbar/Navbar.tsx [Server Component]
    ./app/layout.tsx [Server Component]

  Client Component SSR:
    ./components/Navbar/components/NavbarAccount/NavbarAccount.tsx [Client Component SSR]
    ./components/Navbar/Navbar.tsx [Client Component SSR]
    ./components/Navbar/Navbar.tsx [Server Component]
    ./app/layout.tsx [Server Component]

https://nextjs.org/docs/messages/module-not-found @ http://localhost:3000/_next/static/chunks/node_modules_next_dist_1e8vcs8._.js:1052
[  323500ms] [ERROR] ./components/Navbar/components/NavbarAccount/NavbarAccount.tsx:6:1
Error: Module not found: Can't resolve './components/AccountMenuPlan'
  4 | import { AccountMenuHeader } from "./components/AccountMenuHeader";
  5 | import { AccountMenuItem } from "./components/AccountMenuItem";
> 6 | import { AccountMenuPlan } from "./components/AccountMenuPlan";
    | ^^^^^^^^^^^^^^^^^^^^^^^^^^^^^^^^^^^^^^^^^^^^^^^^^^^^^^^^^^^^^^
  7 | import {
  8 |   ACCOUNT_LABEL,
  9 |   ACCOUNT_MENU_ENTRIES,

Import traces:
  Client Component Browser:
    ./components/Navbar/components/NavbarAccount/NavbarAccount.tsx [Client Component Browser]
    ./components/Navbar/Navbar.tsx [Client Component Browser]
    ./components/Navbar/Navbar.tsx [Server Component]
    ./app/layout.tsx [Server Component]

  Client Component SSR:
    ./components/Navbar/components/NavbarAccount/NavbarAccount.tsx [Client Component SSR]
    ./components/Navbar/Navbar.tsx [Client Component SSR]
    ./components/Navbar/Navbar.tsx [Server Component]
    ./app/layout.tsx [Server Component]

https://nextjs.org/docs/messages/module-not-found @ http://localhost:3000/_next/static/chunks/node_modules_next_dist_1e8vcs8._.js:1052
[  323564ms] [ERROR] ./components/Navbar/components/NavbarAccount/NavbarAccount.tsx:5:1
Error: Module not found: Can't resolve './components/AccountMenuItem'
  3 |
  4 | import { AccountMenuHeader } from "./components/AccountMenuHeader";
> 5 | import { AccountMenuItem } from "./components/AccountMenuItem";
    | ^^^^^^^^^^^^^^^^^^^^^^^^^^^^^^^^^^^^^^^^^^^^^^^^^^^^^^^^^^^^^^
  6 | import { AccountMenuPlan } from "./components/AccountMenuPlan";
  7 | import {
  8 |   ACCOUNT_LABEL,

Import traces:
  Client Component Browser:
    ./components/Navbar/components/NavbarAccount/NavbarAccount.tsx [Client Component Browser]
    ./components/Navbar/Navbar.tsx [Client Component Browser]
    ./components/Navbar/Navbar.tsx [Server Component]
    ./app/layout.tsx [Server Component]

  Client Component SSR:
    ./components/Navbar/components/NavbarAccount/NavbarAccount.tsx [Client Component SSR]
    ./components/Navbar/Navbar.tsx [Client Component SSR]
    ./components/Navbar/Navbar.tsx [Server Component]
    ./app/layout.tsx [Server Component]

https://nextjs.org/docs/messages/module-not-found @ http://localhost:3000/_next/static/chunks/node_modules_next_dist_1e8vcs8._.js:1052
[  323564ms] [ERROR] ./components/Navbar/components/NavbarAccount/NavbarAccount.tsx:6:1
Error: Module not found: Can't resolve './components/AccountMenuPlan'
  4 | import { AccountMenuHeader } from "./components/AccountMenuHeader";
  5 | import { AccountMenuItem } from "./components/AccountMenuItem";
> 6 | import { AccountMenuPlan } from "./components/AccountMenuPlan";
    | ^^^^^^^^^^^^^^^^^^^^^^^^^^^^^^^^^^^^^^^^^^^^^^^^^^^^^^^^^^^^^^
  7 | import {
  8 |   ACCOUNT_LABEL,
  9 |   ACCOUNT_MENU_ENTRIES,

Import traces:
  Client Component Browser:
    ./components/Navbar/components/NavbarAccount/NavbarAccount.tsx [Client Component Browser]
    ./components/Navbar/Navbar.tsx [Client Component Browser]
    ./components/Navbar/Navbar.tsx [Server Component]
    ./app/layout.tsx [Server Component]

  Client Component SSR:
    ./components/Navbar/components/NavbarAccount/NavbarAccount.tsx [Client Component SSR]
    ./components/Navbar/Navbar.tsx [Client Component SSR]
    ./components/Navbar/Navbar.tsx [Server Component]
    ./app/layout.tsx [Server Component]

https://nextjs.org/docs/messages/module-not-found @ http://localhost:3000/_next/static/chunks/node_modules_next_dist_1e8vcs8._.js:1052
[  323630ms] [ERROR] ./components/Navbar/components/NavbarAccount/NavbarAccount.tsx:5:1
Error: Module not found: Can't resolve './components/AccountMenuItem'
  3 |
  4 | import { AccountMenuHeader } from "./components/AccountMenuHeader";
> 5 | import { AccountMenuItem } from "./components/AccountMenuItem";
    | ^^^^^^^^^^^^^^^^^^^^^^^^^^^^^^^^^^^^^^^^^^^^^^^^^^^^^^^^^^^^^^
  6 | import { AccountMenuPlan } from "./components/AccountMenuPlan";
  7 | import {
  8 |   ACCOUNT_LABEL,

Import traces:
  Client Component Browser:
    ./components/Navbar/components/NavbarAccount/NavbarAccount.tsx [Client Component Browser]
    ./components/Navbar/Navbar.tsx [Client Component Browser]
    ./components/Navbar/Navbar.tsx [Server Component]
    ./app/layout.tsx [Server Component]

  Client Component SSR:
    ./components/Navbar/components/NavbarAccount/NavbarAccount.tsx [Client Component SSR]
    ./components/Navbar/Navbar.tsx [Client Component SSR]
    ./components/Navbar/Navbar.tsx [Server Component]
    ./app/layout.tsx [Server Component]

https://nextjs.org/docs/messages/module-not-found @ http://localhost:3000/_next/static/chunks/node_modules_next_dist_1e8vcs8._.js:1052
[  323630ms] [ERROR] ./components/Navbar/components/NavbarAccount/NavbarAccount.tsx:6:1
Error: Module not found: Can't resolve './components/AccountMenuPlan'
  4 | import { AccountMenuHeader } from "./components/AccountMenuHeader";
  5 | import { AccountMenuItem } from "./components/AccountMenuItem";
> 6 | import { AccountMenuPlan } from "./components/AccountMenuPlan";
    | ^^^^^^^^^^^^^^^^^^^^^^^^^^^^^^^^^^^^^^^^^^^^^^^^^^^^^^^^^^^^^^
  7 | import {
  8 |   ACCOUNT_LABEL,
  9 |   ACCOUNT_MENU_ENTRIES,

Import traces:
  Client Component Browser:
    ./components/Navbar/components/NavbarAccount/NavbarAccount.tsx [Client Component Browser]
    ./components/Navbar/Navbar.tsx [Client Component Browser]
    ./components/Navbar/Navbar.tsx [Server Component]
    ./app/layout.tsx [Server Component]

  Client Component SSR:
    ./components/Navbar/components/NavbarAccount/NavbarAccount.tsx [Client Component SSR]
    ./components/Navbar/Navbar.tsx [Client Component SSR]
    ./components/Navbar/Navbar.tsx [Server Component]
    ./app/layout.tsx [Server Component]

https://nextjs.org/docs/messages/module-not-found @ http://localhost:3000/_next/static/chunks/node_modules_next_dist_1e8vcs8._.js:1052
[  323682ms] [ERROR] ./components/Navbar/components/NavbarAccount/NavbarAccount.tsx:5:1
Error: Module not found: Can't resolve './components/AccountMenuItem'
  3 |
  4 | import { AccountMenuHeader } from "./components/AccountMenuHeader";
> 5 | import { AccountMenuItem } from "./components/AccountMenuItem";
    | ^^^^^^^^^^^^^^^^^^^^^^^^^^^^^^^^^^^^^^^^^^^^^^^^^^^^^^^^^^^^^^
  6 | import { AccountMenuPlan } from "./components/AccountMenuPlan";
  7 | import {
  8 |   ACCOUNT_LABEL,

Import traces:
  Client Component Browser:
    ./components/Navbar/components/NavbarAccount/NavbarAccount.tsx [Client Component Browser]
    ./components/Navbar/Navbar.tsx [Client Component Browser]
    ./components/Navbar/Navbar.tsx [Server Component]
    ./app/layout.tsx [Server Component]

  Client Component SSR:
    ./components/Navbar/components/NavbarAccount/NavbarAccount.tsx [Client Component SSR]
    ./components/Navbar/Navbar.tsx [Client Component SSR]
    ./components/Navbar/Navbar.tsx [Server Component]
    ./app/layout.tsx [Server Component]

https://nextjs.org/docs/messages/module-not-found @ http://localhost:3000/_next/static/chunks/node_modules_next_dist_1e8vcs8._.js:1052
[  323682ms] [ERROR] ./components/Navbar/components/NavbarAccount/NavbarAccount.tsx:6:1
Error: Module not found: Can't resolve './components/AccountMenuPlan'
  4 | import { AccountMenuHeader } from "./components/AccountMenuHeader";
  5 | import { AccountMenuItem } from "./components/AccountMenuItem";
> 6 | import { AccountMenuPlan } from "./components/AccountMenuPlan";
    | ^^^^^^^^^^^^^^^^^^^^^^^^^^^^^^^^^^^^^^^^^^^^^^^^^^^^^^^^^^^^^^
  7 | import {
  8 |   ACCOUNT_LABEL,
  9 |   ACCOUNT_MENU_ENTRIES,

Import traces:
  Client Component Browser:
    ./components/Navbar/components/NavbarAccount/NavbarAccount.tsx [Client Component Browser]
    ./components/Navbar/Navbar.tsx [Client Component Browser]
    ./components/Navbar/Navbar.tsx [Server Component]
    ./app/layout.tsx [Server Component]

  Client Component SSR:
    ./components/Navbar/components/NavbarAccount/NavbarAccount.tsx [Client Component SSR]
    ./components/Navbar/Navbar.tsx [Client Component SSR]
    ./components/Navbar/Navbar.tsx [Server Component]
    ./app/layout.tsx [Server Component]

https://nextjs.org/docs/messages/module-not-found @ http://localhost:3000/_next/static/chunks/node_modules_next_dist_1e8vcs8._.js:1052
[  323734ms] [ERROR] ./components/Navbar/components/NavbarAccount/NavbarAccount.tsx:5:1
Error: Module not found: Can't resolve './components/AccountMenuItem'
  3 |
  4 | import { AccountMenuHeader } from "./components/AccountMenuHeader";
> 5 | import { AccountMenuItem } from "./components/AccountMenuItem";
    | ^^^^^^^^^^^^^^^^^^^^^^^^^^^^^^^^^^^^^^^^^^^^^^^^^^^^^^^^^^^^^^
  6 | import { AccountMenuPlan } from "./components/AccountMenuPlan";
  7 | import {
  8 |   ACCOUNT_LABEL,

Import traces:
  Client Component Browser:
    ./components/Navbar/components/NavbarAccount/NavbarAccount.tsx [Client Component Browser]
    ./components/Navbar/Navbar.tsx [Client Component Browser]
    ./components/Navbar/Navbar.tsx [Server Component]
    ./app/layout.tsx [Server Component]

  Client Component SSR:
    ./components/Navbar/components/NavbarAccount/NavbarAccount.tsx [Client Component SSR]
    ./components/Navbar/Navbar.tsx [Client Component SSR]
    ./components/Navbar/Navbar.tsx [Server Component]
    ./app/layout.tsx [Server Component]

https://nextjs.org/docs/messages/module-not-found @ http://localhost:3000/_next/static/chunks/node_modules_next_dist_1e8vcs8._.js:1052
[  323734ms] [ERROR] ./components/Navbar/components/NavbarAccount/NavbarAccount.tsx:6:1
Error: Module not found: Can't resolve './components/AccountMenuPlan'
  4 | import { AccountMenuHeader } from "./components/AccountMenuHeader";
  5 | import { AccountMenuItem } from "./components/AccountMenuItem";
> 6 | import { AccountMenuPlan } from "./components/AccountMenuPlan";
    | ^^^^^^^^^^^^^^^^^^^^^^^^^^^^^^^^^^^^^^^^^^^^^^^^^^^^^^^^^^^^^^
  7 | import {
  8 |   ACCOUNT_LABEL,
  9 |   ACCOUNT_MENU_ENTRIES,

Import traces:
  Client Component Browser:
    ./components/Navbar/components/NavbarAccount/NavbarAccount.tsx [Client Component Browser]
    ./components/Navbar/Navbar.tsx [Client Component Browser]
    ./components/Navbar/Navbar.tsx [Server Component]
    ./app/layout.tsx [Server Component]

  Client Component SSR:
    ./components/Navbar/components/NavbarAccount/NavbarAccount.tsx [Client Component SSR]
    ./components/Navbar/Navbar.tsx [Client Component SSR]
    ./components/Navbar/Navbar.tsx [Server Component]
    ./app/layout.tsx [Server Component]

https://nextjs.org/docs/messages/module-not-found @ http://localhost:3000/_next/static/chunks/node_modules_next_dist_1e8vcs8._.js:1052
[  323798ms] [ERROR] ./components/Navbar/components/NavbarAccount/NavbarAccount.tsx:5:1
Error: Module not found: Can't resolve './components/AccountMenuItem'
  3 |
  4 | import { AccountMenuHeader } from "./components/AccountMenuHeader";
> 5 | import { AccountMenuItem } from "./components/AccountMenuItem";
    | ^^^^^^^^^^^^^^^^^^^^^^^^^^^^^^^^^^^^^^^^^^^^^^^^^^^^^^^^^^^^^^
  6 | import { AccountMenuPlan } from "./components/AccountMenuPlan";
  7 | import {
  8 |   ACCOUNT_LABEL,

Import traces:
  Client Component Browser:
    ./components/Navbar/components/NavbarAccount/NavbarAccount.tsx [Client Component Browser]
    ./components/Navbar/Navbar.tsx [Client Component Browser]
    ./components/Navbar/Navbar.tsx [Server Component]
    ./app/layout.tsx [Server Component]

  Client Component SSR:
    ./components/Navbar/components/NavbarAccount/NavbarAccount.tsx [Client Component SSR]
    ./components/Navbar/Navbar.tsx [Client Component SSR]
    ./components/Navbar/Navbar.tsx [Server Component]
    ./app/layout.tsx [Server Component]

https://nextjs.org/docs/messages/module-not-found @ http://localhost:3000/_next/static/chunks/node_modules_next_dist_1e8vcs8._.js:1052
[  323798ms] [ERROR] ./components/Navbar/components/NavbarAccount/NavbarAccount.tsx:6:1
Error: Module not found: Can't resolve './components/AccountMenuPlan'
  4 | import { AccountMenuHeader } from "./components/AccountMenuHeader";
  5 | import { AccountMenuItem } from "./components/AccountMenuItem";
> 6 | import { AccountMenuPlan } from "./components/AccountMenuPlan";
    | ^^^^^^^^^^^^^^^^^^^^^^^^^^^^^^^^^^^^^^^^^^^^^^^^^^^^^^^^^^^^^^
  7 | import {
  8 |   ACCOUNT_LABEL,
  9 |   ACCOUNT_MENU_ENTRIES,

Import traces:
  Client Component Browser:
    ./components/Navbar/components/NavbarAccount/NavbarAccount.tsx [Client Component Browser]
    ./components/Navbar/Navbar.tsx [Client Component Browser]
    ./components/Navbar/Navbar.tsx [Server Component]
    ./app/layout.tsx [Server Component]

  Client Component SSR:
    ./components/Navbar/components/NavbarAccount/NavbarAccount.tsx [Client Component SSR]
    ./components/Navbar/Navbar.tsx [Client Component SSR]
    ./components/Navbar/Navbar.tsx [Server Component]
    ./app/layout.tsx [Server Component]

https://nextjs.org/docs/messages/module-not-found @ http://localhost:3000/_next/static/chunks/node_modules_next_dist_1e8vcs8._.js:1052
[  323850ms] [ERROR] ./components/Navbar/components/NavbarAccount/NavbarAccount.tsx:5:1
Error: Module not found: Can't resolve './components/AccountMenuItem'
  3 |
  4 | import { AccountMenuHeader } from "./components/AccountMenuHeader";
> 5 | import { AccountMenuItem } from "./components/AccountMenuItem";
    | ^^^^^^^^^^^^^^^^^^^^^^^^^^^^^^^^^^^^^^^^^^^^^^^^^^^^^^^^^^^^^^
  6 | import { AccountMenuPlan } from "./components/AccountMenuPlan";
  7 | import {
  8 |   ACCOUNT_LABEL,

Import traces:
  Client Component Browser:
    ./components/Navbar/components/NavbarAccount/NavbarAccount.tsx [Client Component Browser]
    ./components/Navbar/Navbar.tsx [Client Component Browser]
    ./components/Navbar/Navbar.tsx [Server Component]
    ./app/layout.tsx [Server Component]

  Client Component SSR:
    ./components/Navbar/components/NavbarAccount/NavbarAccount.tsx [Client Component SSR]
    ./components/Navbar/Navbar.tsx [Client Component SSR]
    ./components/Navbar/Navbar.tsx [Server Component]
    ./app/layout.tsx [Server Component]

https://nextjs.org/docs/messages/module-not-found @ http://localhost:3000/_next/static/chunks/node_modules_next_dist_1e8vcs8._.js:1052
[  323851ms] [ERROR] ./components/Navbar/components/NavbarAccount/NavbarAccount.tsx:6:1
Error: Module not found: Can't resolve './components/AccountMenuPlan'
  4 | import { AccountMenuHeader } from "./components/AccountMenuHeader";
  5 | import { AccountMenuItem } from "./components/AccountMenuItem";
> 6 | import { AccountMenuPlan } from "./components/AccountMenuPlan";
    | ^^^^^^^^^^^^^^^^^^^^^^^^^^^^^^^^^^^^^^^^^^^^^^^^^^^^^^^^^^^^^^
  7 | import {
  8 |   ACCOUNT_LABEL,
  9 |   ACCOUNT_MENU_ENTRIES,

Import traces:
  Client Component Browser:
    ./components/Navbar/components/NavbarAccount/NavbarAccount.tsx [Client Component Browser]
    ./components/Navbar/Navbar.tsx [Client Component Browser]
    ./components/Navbar/Navbar.tsx [Server Component]
    ./app/layout.tsx [Server Component]

  Client Component SSR:
    ./components/Navbar/components/NavbarAccount/NavbarAccount.tsx [Client Component SSR]
    ./components/Navbar/Navbar.tsx [Client Component SSR]
    ./components/Navbar/Navbar.tsx [Server Component]
    ./app/layout.tsx [Server Component]

https://nextjs.org/docs/messages/module-not-found @ http://localhost:3000/_next/static/chunks/node_modules_next_dist_1e8vcs8._.js:1052
[  323916ms] [ERROR] ./components/Navbar/components/NavbarAccount/NavbarAccount.tsx:5:1
Error: Module not found: Can't resolve './components/AccountMenuItem'
  3 |
  4 | import { AccountMenuHeader } from "./components/AccountMenuHeader";
> 5 | import { AccountMenuItem } from "./components/AccountMenuItem";
    | ^^^^^^^^^^^^^^^^^^^^^^^^^^^^^^^^^^^^^^^^^^^^^^^^^^^^^^^^^^^^^^
  6 | import { AccountMenuPlan } from "./components/AccountMenuPlan";
  7 | import {
  8 |   ACCOUNT_LABEL,

Import traces:
  Client Component Browser:
    ./components/Navbar/components/NavbarAccount/NavbarAccount.tsx [Client Component Browser]
    ./components/Navbar/Navbar.tsx [Client Component Browser]
    ./components/Navbar/Navbar.tsx [Server Component]
    ./app/layout.tsx [Server Component]

  Client Component SSR:
    ./components/Navbar/components/NavbarAccount/NavbarAccount.tsx [Client Component SSR]
    ./components/Navbar/Navbar.tsx [Client Component SSR]
    ./components/Navbar/Navbar.tsx [Server Component]
    ./app/layout.tsx [Server Component]

https://nextjs.org/docs/messages/module-not-found @ http://localhost:3000/_next/static/chunks/node_modules_next_dist_1e8vcs8._.js:1052
[  323916ms] [ERROR] ./components/Navbar/components/NavbarAccount/NavbarAccount.tsx:6:1
Error: Module not found: Can't resolve './components/AccountMenuPlan'
  4 | import { AccountMenuHeader } from "./components/AccountMenuHeader";
  5 | import { AccountMenuItem } from "./components/AccountMenuItem";
> 6 | import { AccountMenuPlan } from "./components/AccountMenuPlan";
    | ^^^^^^^^^^^^^^^^^^^^^^^^^^^^^^^^^^^^^^^^^^^^^^^^^^^^^^^^^^^^^^
  7 | import {
  8 |   ACCOUNT_LABEL,
  9 |   ACCOUNT_MENU_ENTRIES,

Import traces:
  Client Component Browser:
    ./components/Navbar/components/NavbarAccount/NavbarAccount.tsx [Client Component Browser]
    ./components/Navbar/Navbar.tsx [Client Component Browser]
    ./components/Navbar/Navbar.tsx [Server Component]
    ./app/layout.tsx [Server Component]

  Client Component SSR:
    ./components/Navbar/components/NavbarAccount/NavbarAccount.tsx [Client Component SSR]
    ./components/Navbar/Navbar.tsx [Client Component SSR]
    ./components/Navbar/Navbar.tsx [Server Component]
    ./app/layout.tsx [Server Component]

https://nextjs.org/docs/messages/module-not-found @ http://localhost:3000/_next/static/chunks/node_modules_next_dist_1e8vcs8._.js:1052
[  323981ms] [ERROR] ./components/Navbar/components/NavbarAccount/NavbarAccount.tsx:5:1
Error: Module not found: Can't resolve './components/AccountMenuItem'
  3 |
  4 | import { AccountMenuHeader } from "./components/AccountMenuHeader";
> 5 | import { AccountMenuItem } from "./components/AccountMenuItem";
    | ^^^^^^^^^^^^^^^^^^^^^^^^^^^^^^^^^^^^^^^^^^^^^^^^^^^^^^^^^^^^^^
  6 | import { AccountMenuPlan } from "./components/AccountMenuPlan";
  7 | import {
  8 |   ACCOUNT_LABEL,

Import traces:
  Client Component Browser:
    ./components/Navbar/components/NavbarAccount/NavbarAccount.tsx [Client Component Browser]
    ./components/Navbar/Navbar.tsx [Client Component Browser]
    ./components/Navbar/Navbar.tsx [Server Component]
    ./app/layout.tsx [Server Component]

  Client Component SSR:
    ./components/Navbar/components/NavbarAccount/NavbarAccount.tsx [Client Component SSR]
    ./components/Navbar/Navbar.tsx [Client Component SSR]
    ./components/Navbar/Navbar.tsx [Server Component]
    ./app/layout.tsx [Server Component]

https://nextjs.org/docs/messages/module-not-found @ http://localhost:3000/_next/static/chunks/node_modules_next_dist_1e8vcs8._.js:1052
[  323982ms] [ERROR] ./components/Navbar/components/NavbarAccount/NavbarAccount.tsx:6:1
Error: Module not found: Can't resolve './components/AccountMenuPlan'
  4 | import { AccountMenuHeader } from "./components/AccountMenuHeader";
  5 | import { AccountMenuItem } from "./components/AccountMenuItem";
> 6 | import { AccountMenuPlan } from "./components/AccountMenuPlan";
    | ^^^^^^^^^^^^^^^^^^^^^^^^^^^^^^^^^^^^^^^^^^^^^^^^^^^^^^^^^^^^^^
  7 | import {
  8 |   ACCOUNT_LABEL,
  9 |   ACCOUNT_MENU_ENTRIES,

Import traces:
  Client Component Browser:
    ./components/Navbar/components/NavbarAccount/NavbarAccount.tsx [Client Component Browser]
    ./components/Navbar/Navbar.tsx [Client Component Browser]
    ./components/Navbar/Navbar.tsx [Server Component]
    ./app/layout.tsx [Server Component]

  Client Component SSR:
    ./components/Navbar/components/NavbarAccount/NavbarAccount.tsx [Client Component SSR]
    ./components/Navbar/Navbar.tsx [Client Component SSR]
    ./components/Navbar/Navbar.tsx [Server Component]
    ./app/layout.tsx [Server Component]

https://nextjs.org/docs/messages/module-not-found @ http://localhost:3000/_next/static/chunks/node_modules_next_dist_1e8vcs8._.js:1052
[  324032ms] [ERROR] ./components/Navbar/components/NavbarAccount/NavbarAccount.tsx:5:1
Error: Module not found: Can't resolve './components/AccountMenuItem'
  3 |
  4 | import { AccountMenuHeader } from "./components/AccountMenuHeader";
> 5 | import { AccountMenuItem } from "./components/AccountMenuItem";
    | ^^^^^^^^^^^^^^^^^^^^^^^^^^^^^^^^^^^^^^^^^^^^^^^^^^^^^^^^^^^^^^
  6 | import { AccountMenuPlan } from "./components/AccountMenuPlan";
  7 | import {
  8 |   ACCOUNT_LABEL,

Import traces:
  Client Component Browser:
    ./components/Navbar/components/NavbarAccount/NavbarAccount.tsx [Client Component Browser]
    ./components/Navbar/Navbar.tsx [Client Component Browser]
    ./components/Navbar/Navbar.tsx [Server Component]
    ./app/layout.tsx [Server Component]

  Client Component SSR:
    ./components/Navbar/components/NavbarAccount/NavbarAccount.tsx [Client Component SSR]
    ./components/Navbar/Navbar.tsx [Client Component SSR]
    ./components/Navbar/Navbar.tsx [Server Component]
    ./app/layout.tsx [Server Component]

https://nextjs.org/docs/messages/module-not-found @ http://localhost:3000/_next/static/chunks/node_modules_next_dist_1e8vcs8._.js:1052
[  324033ms] [ERROR] ./components/Navbar/components/NavbarAccount/NavbarAccount.tsx:6:1
Error: Module not found: Can't resolve './components/AccountMenuPlan'
  4 | import { AccountMenuHeader } from "./components/AccountMenuHeader";
  5 | import { AccountMenuItem } from "./components/AccountMenuItem";
> 6 | import { AccountMenuPlan } from "./components/AccountMenuPlan";
    | ^^^^^^^^^^^^^^^^^^^^^^^^^^^^^^^^^^^^^^^^^^^^^^^^^^^^^^^^^^^^^^
  7 | import {
  8 |   ACCOUNT_LABEL,
  9 |   ACCOUNT_MENU_ENTRIES,

Import traces:
  Client Component Browser:
    ./components/Navbar/components/NavbarAccount/NavbarAccount.tsx [Client Component Browser]
    ./components/Navbar/Navbar.tsx [Client Component Browser]
    ./components/Navbar/Navbar.tsx [Server Component]
    ./app/layout.tsx [Server Component]

  Client Component SSR:
    ./components/Navbar/components/NavbarAccount/NavbarAccount.tsx [Client Component SSR]
    ./components/Navbar/Navbar.tsx [Client Component SSR]
    ./components/Navbar/Navbar.tsx [Server Component]
    ./app/layout.tsx [Server Component]

https://nextjs.org/docs/messages/module-not-found @ http://localhost:3000/_next/static/chunks/node_modules_next_dist_1e8vcs8._.js:1052
[  324083ms] [ERROR] ./components/Navbar/components/NavbarAccount/NavbarAccount.tsx:5:1
Error: Module not found: Can't resolve './components/AccountMenuItem'
  3 |
  4 | import { AccountMenuHeader } from "./components/AccountMenuHeader";
> 5 | import { AccountMenuItem } from "./components/AccountMenuItem";
    | ^^^^^^^^^^^^^^^^^^^^^^^^^^^^^^^^^^^^^^^^^^^^^^^^^^^^^^^^^^^^^^
  6 | import { AccountMenuPlan } from "./components/AccountMenuPlan";
  7 | import {
  8 |   ACCOUNT_LABEL,

Import traces:
  Client Component Browser:
    ./components/Navbar/components/NavbarAccount/NavbarAccount.tsx [Client Component Browser]
    ./components/Navbar/Navbar.tsx [Client Component Browser]
    ./components/Navbar/Navbar.tsx [Server Component]
    ./app/layout.tsx [Server Component]

  Client Component SSR:
    ./components/Navbar/components/NavbarAccount/NavbarAccount.tsx [Client Component SSR]
    ./components/Navbar/Navbar.tsx [Client Component SSR]
    ./components/Navbar/Navbar.tsx [Server Component]
    ./app/layout.tsx [Server Component]

https://nextjs.org/docs/messages/module-not-found @ http://localhost:3000/_next/static/chunks/node_modules_next_dist_1e8vcs8._.js:1052
[  324084ms] [ERROR] ./components/Navbar/components/NavbarAccount/NavbarAccount.tsx:6:1
Error: Module not found: Can't resolve './components/AccountMenuPlan'
  4 | import { AccountMenuHeader } from "./components/AccountMenuHeader";
  5 | import { AccountMenuItem } from "./components/AccountMenuItem";
> 6 | import { AccountMenuPlan } from "./components/AccountMenuPlan";
    | ^^^^^^^^^^^^^^^^^^^^^^^^^^^^^^^^^^^^^^^^^^^^^^^^^^^^^^^^^^^^^^
  7 | import {
  8 |   ACCOUNT_LABEL,
  9 |   ACCOUNT_MENU_ENTRIES,

Import traces:
  Client Component Browser:
    ./components/Navbar/components/NavbarAccount/NavbarAccount.tsx [Client Component Browser]
    ./components/Navbar/Navbar.tsx [Client Component Browser]
    ./components/Navbar/Navbar.tsx [Server Component]
    ./app/layout.tsx [Server Component]

  Client Component SSR:
    ./components/Navbar/components/NavbarAccount/NavbarAccount.tsx [Client Component SSR]
    ./components/Navbar/Navbar.tsx [Client Component SSR]
    ./components/Navbar/Navbar.tsx [Server Component]
    ./app/layout.tsx [Server Component]

https://nextjs.org/docs/messages/module-not-found @ http://localhost:3000/_next/static/chunks/node_modules_next_dist_1e8vcs8._.js:1052
[  324133ms] [ERROR] ./components/Navbar/components/NavbarAccount/NavbarAccount.tsx:5:1
Error: Module not found: Can't resolve './components/AccountMenuItem'
  3 |
  4 | import { AccountMenuHeader } from "./components/AccountMenuHeader";
> 5 | import { AccountMenuItem } from "./components/AccountMenuItem";
    | ^^^^^^^^^^^^^^^^^^^^^^^^^^^^^^^^^^^^^^^^^^^^^^^^^^^^^^^^^^^^^^
  6 | import { AccountMenuPlan } from "./components/AccountMenuPlan";
  7 | import {
  8 |   ACCOUNT_LABEL,

Import traces:
  Client Component Browser:
    ./components/Navbar/components/NavbarAccount/NavbarAccount.tsx [Client Component Browser]
    ./components/Navbar/Navbar.tsx [Client Component Browser]
    ./components/Navbar/Navbar.tsx [Server Component]
    ./app/layout.tsx [Server Component]

  Client Component SSR:
    ./components/Navbar/components/NavbarAccount/NavbarAccount.tsx [Client Component SSR]
    ./components/Navbar/Navbar.tsx [Client Component SSR]
    ./components/Navbar/Navbar.tsx [Server Component]
    ./app/layout.tsx [Server Component]

https://nextjs.org/docs/messages/module-not-found @ http://localhost:3000/_next/static/chunks/node_modules_next_dist_1e8vcs8._.js:1052
[  324133ms] [ERROR] ./components/Navbar/components/NavbarAccount/NavbarAccount.tsx:6:1
Error: Module not found: Can't resolve './components/AccountMenuPlan'
  4 | import { AccountMenuHeader } from "./components/AccountMenuHeader";
  5 | import { AccountMenuItem } from "./components/AccountMenuItem";
> 6 | import { AccountMenuPlan } from "./components/AccountMenuPlan";
    | ^^^^^^^^^^^^^^^^^^^^^^^^^^^^^^^^^^^^^^^^^^^^^^^^^^^^^^^^^^^^^^
  7 | import {
  8 |   ACCOUNT_LABEL,
  9 |   ACCOUNT_MENU_ENTRIES,

Import traces:
  Client Component Browser:
    ./components/Navbar/components/NavbarAccount/NavbarAccount.tsx [Client Component Browser]
    ./components/Navbar/Navbar.tsx [Client Component Browser]
    ./components/Navbar/Navbar.tsx [Server Component]
    ./app/layout.tsx [Server Component]

  Client Component SSR:
    ./components/Navbar/components/NavbarAccount/NavbarAccount.tsx [Client Component SSR]
    ./components/Navbar/Navbar.tsx [Client Component SSR]
    ./components/Navbar/Navbar.tsx [Server Component]
    ./app/layout.tsx [Server Component]

https://nextjs.org/docs/messages/module-not-found @ http://localhost:3000/_next/static/chunks/node_modules_next_dist_1e8vcs8._.js:1052
[  324182ms] [ERROR] ./components/Navbar/components/NavbarAccount/NavbarAccount.tsx:5:1
Error: Module not found: Can't resolve './components/AccountMenuItem'
  3 |
  4 | import { AccountMenuHeader } from "./components/AccountMenuHeader";
> 5 | import { AccountMenuItem } from "./components/AccountMenuItem";
    | ^^^^^^^^^^^^^^^^^^^^^^^^^^^^^^^^^^^^^^^^^^^^^^^^^^^^^^^^^^^^^^
  6 | import { AccountMenuPlan } from "./components/AccountMenuPlan";
  7 | import {
  8 |   ACCOUNT_LABEL,

Import traces:
  Client Component Browser:
    ./components/Navbar/components/NavbarAccount/NavbarAccount.tsx [Client Component Browser]
    ./components/Navbar/Navbar.tsx [Client Component Browser]
    ./components/Navbar/Navbar.tsx [Server Component]
    ./app/layout.tsx [Server Component]

  Client Component SSR:
    ./components/Navbar/components/NavbarAccount/NavbarAccount.tsx [Client Component SSR]
    ./components/Navbar/Navbar.tsx [Client Component SSR]
    ./components/Navbar/Navbar.tsx [Server Component]
    ./app/layout.tsx [Server Component]

https://nextjs.org/docs/messages/module-not-found @ http://localhost:3000/_next/static/chunks/node_modules_next_dist_1e8vcs8._.js:1052
[  324182ms] [ERROR] ./components/Navbar/components/NavbarAccount/NavbarAccount.tsx:6:1
Error: Module not found: Can't resolve './components/AccountMenuPlan'
  4 | import { AccountMenuHeader } from "./components/AccountMenuHeader";
  5 | import { AccountMenuItem } from "./components/AccountMenuItem";
> 6 | import { AccountMenuPlan } from "./components/AccountMenuPlan";
    | ^^^^^^^^^^^^^^^^^^^^^^^^^^^^^^^^^^^^^^^^^^^^^^^^^^^^^^^^^^^^^^
  7 | import {
  8 |   ACCOUNT_LABEL,
  9 |   ACCOUNT_MENU_ENTRIES,

Import traces:
  Client Component Browser:
    ./components/Navbar/components/NavbarAccount/NavbarAccount.tsx [Client Component Browser]
    ./components/Navbar/Navbar.tsx [Client Component Browser]
    ./components/Navbar/Navbar.tsx [Server Component]
    ./app/layout.tsx [Server Component]

  Client Component SSR:
    ./components/Navbar/components/NavbarAccount/NavbarAccount.tsx [Client Component SSR]
    ./components/Navbar/Navbar.tsx [Client Component SSR]
    ./components/Navbar/Navbar.tsx [Server Component]
    ./app/layout.tsx [Server Component]

https://nextjs.org/docs/messages/module-not-found @ http://localhost:3000/_next/static/chunks/node_modules_next_dist_1e8vcs8._.js:1052
[  324233ms] [ERROR] ./components/Navbar/components/NavbarAccount/NavbarAccount.tsx:5:1
Error: Module not found: Can't resolve './components/AccountMenuItem'
  3 |
  4 | import { AccountMenuHeader } from "./components/AccountMenuHeader";
> 5 | import { AccountMenuItem } from "./components/AccountMenuItem";
    | ^^^^^^^^^^^^^^^^^^^^^^^^^^^^^^^^^^^^^^^^^^^^^^^^^^^^^^^^^^^^^^
  6 | import { AccountMenuPlan } from "./components/AccountMenuPlan";
  7 | import {
  8 |   ACCOUNT_LABEL,

Import traces:
  Client Component Browser:
    ./components/Navbar/components/NavbarAccount/NavbarAccount.tsx [Client Component Browser]
    ./components/Navbar/Navbar.tsx [Client Component Browser]
    ./components/Navbar/Navbar.tsx [Server Component]
    ./app/layout.tsx [Server Component]

  Client Component SSR:
    ./components/Navbar/components/NavbarAccount/NavbarAccount.tsx [Client Component SSR]
    ./components/Navbar/Navbar.tsx [Client Component SSR]
    ./components/Navbar/Navbar.tsx [Server Component]
    ./app/layout.tsx [Server Component]

https://nextjs.org/docs/messages/module-not-found @ http://localhost:3000/_next/static/chunks/node_modules_next_dist_1e8vcs8._.js:1052
[  324233ms] [ERROR] ./components/Navbar/components/NavbarAccount/NavbarAccount.tsx:6:1
Error: Module not found: Can't resolve './components/AccountMenuPlan'
  4 | import { AccountMenuHeader } from "./components/AccountMenuHeader";
  5 | import { AccountMenuItem } from "./components/AccountMenuItem";
> 6 | import { AccountMenuPlan } from "./components/AccountMenuPlan";
    | ^^^^^^^^^^^^^^^^^^^^^^^^^^^^^^^^^^^^^^^^^^^^^^^^^^^^^^^^^^^^^^
  7 | import {
  8 |   ACCOUNT_LABEL,
  9 |   ACCOUNT_MENU_ENTRIES,

Import traces:
  Client Component Browser:
    ./components/Navbar/components/NavbarAccount/NavbarAccount.tsx [Client Component Browser]
    ./components/Navbar/Navbar.tsx [Client Component Browser]
    ./components/Navbar/Navbar.tsx [Server Component]
    ./app/layout.tsx [Server Component]

  Client Component SSR:
    ./components/Navbar/components/NavbarAccount/NavbarAccount.tsx [Client Component SSR]
    ./components/Navbar/Navbar.tsx [Client Component SSR]
    ./components/Navbar/Navbar.tsx [Server Component]
    ./app/layout.tsx [Server Component]

https://nextjs.org/docs/messages/module-not-found @ http://localhost:3000/_next/static/chunks/node_modules_next_dist_1e8vcs8._.js:1052
[  324384ms] [ERROR] ./components/Navbar/components/NavbarAccount/NavbarAccount.tsx:5:1
Error: Module not found: Can't resolve './components/AccountMenuItem'
  3 |
  4 | import { AccountMenuHeader } from "./components/AccountMenuHeader";
> 5 | import { AccountMenuItem } from "./components/AccountMenuItem";
    | ^^^^^^^^^^^^^^^^^^^^^^^^^^^^^^^^^^^^^^^^^^^^^^^^^^^^^^^^^^^^^^
  6 | import { AccountMenuPlan } from "./components/AccountMenuPlan";
  7 | import {
  8 |   ACCOUNT_LABEL,

Import traces:
  Client Component Browser:
    ./components/Navbar/components/NavbarAccount/NavbarAccount.tsx [Client Component Browser]
    ./components/Navbar/Navbar.tsx [Client Component Browser]
    ./components/Navbar/Navbar.tsx [Server Component]
    ./app/layout.tsx [Server Component]

  Client Component SSR:
    ./components/Navbar/components/NavbarAccount/NavbarAccount.tsx [Client Component SSR]
    ./components/Navbar/Navbar.tsx [Client Component SSR]
    ./components/Navbar/Navbar.tsx [Server Component]
    ./app/layout.tsx [Server Component]

https://nextjs.org/docs/messages/module-not-found @ http://localhost:3000/_next/static/chunks/node_modules_next_dist_1e8vcs8._.js:1052
[  324384ms] [ERROR] ./components/Navbar/components/NavbarAccount/NavbarAccount.tsx:6:1
Error: Module not found: Can't resolve './components/AccountMenuPlan'
  4 | import { AccountMenuHeader } from "./components/AccountMenuHeader";
  5 | import { AccountMenuItem } from "./components/AccountMenuItem";
> 6 | import { AccountMenuPlan } from "./components/AccountMenuPlan";
    | ^^^^^^^^^^^^^^^^^^^^^^^^^^^^^^^^^^^^^^^^^^^^^^^^^^^^^^^^^^^^^^
  7 | import {
  8 |   ACCOUNT_LABEL,
  9 |   ACCOUNT_MENU_ENTRIES,

Import traces:
  Client Component Browser:
    ./components/Navbar/components/NavbarAccount/NavbarAccount.tsx [Client Component Browser]
    ./components/Navbar/Navbar.tsx [Client Component Browser]
    ./components/Navbar/Navbar.tsx [Server Component]
    ./app/layout.tsx [Server Component]

  Client Component SSR:
    ./components/Navbar/components/NavbarAccount/NavbarAccount.tsx [Client Component SSR]
    ./components/Navbar/Navbar.tsx [Client Component SSR]
    ./components/Navbar/Navbar.tsx [Server Component]
    ./app/layout.tsx [Server Component]

https://nextjs.org/docs/messages/module-not-found @ http://localhost:3000/_next/static/chunks/node_modules_next_dist_1e8vcs8._.js:1052
[  324432ms] [ERROR] ./components/Navbar/components/NavbarAccount/NavbarAccount.tsx:5:1
Error: Module not found: Can't resolve './components/AccountMenuItem'
  3 |
  4 | import { AccountMenuHeader } from "./components/AccountMenuHeader";
> 5 | import { AccountMenuItem } from "./components/AccountMenuItem";
    | ^^^^^^^^^^^^^^^^^^^^^^^^^^^^^^^^^^^^^^^^^^^^^^^^^^^^^^^^^^^^^^
  6 | import { AccountMenuPlan } from "./components/AccountMenuPlan";
  7 | import {
  8 |   ACCOUNT_LABEL,

Import traces:
  Client Component Browser:
    ./components/Navbar/components/NavbarAccount/NavbarAccount.tsx [Client Component Browser]
    ./components/Navbar/Navbar.tsx [Client Component Browser]
    ./components/Navbar/Navbar.tsx [Server Component]
    ./app/layout.tsx [Server Component]

  Client Component SSR:
    ./components/Navbar/components/NavbarAccount/NavbarAccount.tsx [Client Component SSR]
    ./components/Navbar/Navbar.tsx [Client Component SSR]
    ./components/Navbar/Navbar.tsx [Server Component]
    ./app/layout.tsx [Server Component]

https://nextjs.org/docs/messages/module-not-found @ http://localhost:3000/_next/static/chunks/node_modules_next_dist_1e8vcs8._.js:1052
[  324432ms] [ERROR] ./components/Navbar/components/NavbarAccount/NavbarAccount.tsx:6:1
Error: Module not found: Can't resolve './components/AccountMenuPlan'
  4 | import { AccountMenuHeader } from "./components/AccountMenuHeader";
  5 | import { AccountMenuItem } from "./components/AccountMenuItem";
> 6 | import { AccountMenuPlan } from "./components/AccountMenuPlan";
    | ^^^^^^^^^^^^^^^^^^^^^^^^^^^^^^^^^^^^^^^^^^^^^^^^^^^^^^^^^^^^^^
  7 | import {
  8 |   ACCOUNT_LABEL,
  9 |   ACCOUNT_MENU_ENTRIES,

Import traces:
  Client Component Browser:
    ./components/Navbar/components/NavbarAccount/NavbarAccount.tsx [Client Component Browser]
    ./components/Navbar/Navbar.tsx [Client Component Browser]
    ./components/Navbar/Navbar.tsx [Server Component]
    ./app/layout.tsx [Server Component]

  Client Component SSR:
    ./components/Navbar/components/NavbarAccount/NavbarAccount.tsx [Client Component SSR]
    ./components/Navbar/Navbar.tsx [Client Component SSR]
    ./components/Navbar/Navbar.tsx [Server Component]
    ./app/layout.tsx [Server Component]

https://nextjs.org/docs/messages/module-not-found @ http://localhost:3000/_next/static/chunks/node_modules_next_dist_1e8vcs8._.js:1052
[  324448ms] [LOG] [Fast Refresh] rebuilding @ http://localhost:3000/_next/static/chunks/node_modules_next_dist_1e8vcs8._.js:776
[  324499ms] [ERROR] ./components/Navbar/components/NavbarAccount/NavbarAccount.tsx:5:1
Error: Module not found: Can't resolve './components/AccountMenuItem'
  3 |
  4 | import { AccountMenuHeader } from "./components/AccountMenuHeader";
> 5 | import { AccountMenuItem } from "./components/AccountMenuItem";
    | ^^^^^^^^^^^^^^^^^^^^^^^^^^^^^^^^^^^^^^^^^^^^^^^^^^^^^^^^^^^^^^
  6 | import { AccountMenuPlan } from "./components/AccountMenuPlan";
  7 | import {
  8 |   ACCOUNT_LABEL,

Import traces:
  Client Component Browser:
    ./components/Navbar/components/NavbarAccount/NavbarAccount.tsx [Client Component Browser]
    ./components/Navbar/Navbar.tsx [Client Component Browser]
    ./components/Navbar/Navbar.tsx [Server Component]
    ./app/layout.tsx [Server Component]

  Client Component SSR:
    ./components/Navbar/components/NavbarAccount/NavbarAccount.tsx [Client Component SSR]
    ./components/Navbar/Navbar.tsx [Client Component SSR]
    ./components/Navbar/Navbar.tsx [Server Component]
    ./app/layout.tsx [Server Component]

https://nextjs.org/docs/messages/module-not-found @ http://localhost:3000/_next/static/chunks/node_modules_next_dist_1e8vcs8._.js:1052
[  324499ms] [ERROR] ./components/Navbar/components/NavbarAccount/NavbarAccount.tsx:6:1
Error: Module not found: Can't resolve './components/AccountMenuPlan'
  4 | import { AccountMenuHeader } from "./components/AccountMenuHeader";
  5 | import { AccountMenuItem } from "./components/AccountMenuItem";
> 6 | import { AccountMenuPlan } from "./components/AccountMenuPlan";
    | ^^^^^^^^^^^^^^^^^^^^^^^^^^^^^^^^^^^^^^^^^^^^^^^^^^^^^^^^^^^^^^
  7 | import {
  8 |   ACCOUNT_LABEL,
  9 |   ACCOUNT_MENU_ENTRIES,

Import traces:
  Client Component Browser:
    ./components/Navbar/components/NavbarAccount/NavbarAccount.tsx [Client Component Browser]
    ./components/Navbar/Navbar.tsx [Client Component Browser]
    ./components/Navbar/Navbar.tsx [Server Component]
    ./app/layout.tsx [Server Component]

  Client Component SSR:
    ./components/Navbar/components/NavbarAccount/NavbarAccount.tsx [Client Component SSR]
    ./components/Navbar/Navbar.tsx [Client Component SSR]
    ./components/Navbar/Navbar.tsx [Server Component]
    ./app/layout.tsx [Server Component]

https://nextjs.org/docs/messages/module-not-found @ http://localhost:3000/_next/static/chunks/node_modules_next_dist_1e8vcs8._.js:1052
[  324566ms] [ERROR] ./components/Navbar/components/NavbarAccount/NavbarAccount.tsx:5:1
Error: Module not found: Can't resolve './components/AccountMenuItem'
  3 |
  4 | import { AccountMenuHeader } from "./components/AccountMenuHeader";
> 5 | import { AccountMenuItem } from "./components/AccountMenuItem";
    | ^^^^^^^^^^^^^^^^^^^^^^^^^^^^^^^^^^^^^^^^^^^^^^^^^^^^^^^^^^^^^^
  6 | import { AccountMenuPlan } from "./components/AccountMenuPlan";
  7 | import {
  8 |   ACCOUNT_LABEL,

Import traces:
  Client Component Browser:
    ./components/Navbar/components/NavbarAccount/NavbarAccount.tsx [Client Component Browser]
    ./components/Navbar/Navbar.tsx [Client Component Browser]
    ./components/Navbar/Navbar.tsx [Server Component]
    ./app/layout.tsx [Server Component]

  Client Component SSR:
    ./components/Navbar/components/NavbarAccount/NavbarAccount.tsx [Client Component SSR]
    ./components/Navbar/Navbar.tsx [Client Component SSR]
    ./components/Navbar/Navbar.tsx [Server Component]
    ./app/layout.tsx [Server Component]

https://nextjs.org/docs/messages/module-not-found @ http://localhost:3000/_next/static/chunks/node_modules_next_dist_1e8vcs8._.js:1052
[  324566ms] [ERROR] ./components/Navbar/components/NavbarAccount/NavbarAccount.tsx:6:1
Error: Module not found: Can't resolve './components/AccountMenuPlan'
  4 | import { AccountMenuHeader } from "./components/AccountMenuHeader";
  5 | import { AccountMenuItem } from "./components/AccountMenuItem";
> 6 | import { AccountMenuPlan } from "./components/AccountMenuPlan";
    | ^^^^^^^^^^^^^^^^^^^^^^^^^^^^^^^^^^^^^^^^^^^^^^^^^^^^^^^^^^^^^^
  7 | import {
  8 |   ACCOUNT_LABEL,
  9 |   ACCOUNT_MENU_ENTRIES,

Import traces:
  Client Component Browser:
    ./components/Navbar/components/NavbarAccount/NavbarAccount.tsx [Client Component Browser]
    ./components/Navbar/Navbar.tsx [Client Component Browser]
    ./components/Navbar/Navbar.tsx [Server Component]
    ./app/layout.tsx [Server Component]

  Client Component SSR:
    ./components/Navbar/components/NavbarAccount/NavbarAccount.tsx [Client Component SSR]
    ./components/Navbar/Navbar.tsx [Client Component SSR]
    ./components/Navbar/Navbar.tsx [Server Component]
    ./app/layout.tsx [Server Component]

https://nextjs.org/docs/messages/module-not-found @ http://localhost:3000/_next/static/chunks/node_modules_next_dist_1e8vcs8._.js:1052
[  324617ms] [ERROR] ./components/Navbar/components/NavbarAccount/NavbarAccount.tsx:5:1
Error: Module not found: Can't resolve './components/AccountMenuItem'
  3 |
  4 | import { AccountMenuHeader } from "./components/AccountMenuHeader";
> 5 | import { AccountMenuItem } from "./components/AccountMenuItem";
    | ^^^^^^^^^^^^^^^^^^^^^^^^^^^^^^^^^^^^^^^^^^^^^^^^^^^^^^^^^^^^^^
  6 | import { AccountMenuPlan } from "./components/AccountMenuPlan";
  7 | import {
  8 |   ACCOUNT_LABEL,

Import traces:
  Client Component Browser:
    ./components/Navbar/components/NavbarAccount/NavbarAccount.tsx [Client Component Browser]
    ./components/Navbar/Navbar.tsx [Client Component Browser]
    ./components/Navbar/Navbar.tsx [Server Component]
    ./app/layout.tsx [Server Component]

  Client Component SSR:
    ./components/Navbar/components/NavbarAccount/NavbarAccount.tsx [Client Component SSR]
    ./components/Navbar/Navbar.tsx [Client Component SSR]
    ./components/Navbar/Navbar.tsx [Server Component]
    ./app/layout.tsx [Server Component]

https://nextjs.org/docs/messages/module-not-found @ http://localhost:3000/_next/static/chunks/node_modules_next_dist_1e8vcs8._.js:1052
[  324617ms] [ERROR] ./components/Navbar/components/NavbarAccount/NavbarAccount.tsx:6:1
Error: Module not found: Can't resolve './components/AccountMenuPlan'
  4 | import { AccountMenuHeader } from "./components/AccountMenuHeader";
  5 | import { AccountMenuItem } from "./components/AccountMenuItem";
> 6 | import { AccountMenuPlan } from "./components/AccountMenuPlan";
    | ^^^^^^^^^^^^^^^^^^^^^^^^^^^^^^^^^^^^^^^^^^^^^^^^^^^^^^^^^^^^^^
  7 | import {
  8 |   ACCOUNT_LABEL,
  9 |   ACCOUNT_MENU_ENTRIES,

Import traces:
  Client Component Browser:
    ./components/Navbar/components/NavbarAccount/NavbarAccount.tsx [Client Component Browser]
    ./components/Navbar/Navbar.tsx [Client Component Browser]
    ./components/Navbar/Navbar.tsx [Server Component]
    ./app/layout.tsx [Server Component]

  Client Component SSR:
    ./components/Navbar/components/NavbarAccount/NavbarAccount.tsx [Client Component SSR]
    ./components/Navbar/Navbar.tsx [Client Component SSR]
    ./components/Navbar/Navbar.tsx [Server Component]
    ./app/layout.tsx [Server Component]

https://nextjs.org/docs/messages/module-not-found @ http://localhost:3000/_next/static/chunks/node_modules_next_dist_1e8vcs8._.js:1052
[  324665ms] [ERROR] ./components/Navbar/components/NavbarAccount/NavbarAccount.tsx:5:1
Error: Module not found: Can't resolve './components/AccountMenuItem'
  3 |
  4 | import { AccountMenuHeader } from "./components/AccountMenuHeader";
> 5 | import { AccountMenuItem } from "./components/AccountMenuItem";
    | ^^^^^^^^^^^^^^^^^^^^^^^^^^^^^^^^^^^^^^^^^^^^^^^^^^^^^^^^^^^^^^
  6 | import { AccountMenuPlan } from "./components/AccountMenuPlan";
  7 | import {
  8 |   ACCOUNT_LABEL,

Import traces:
  Client Component Browser:
    ./components/Navbar/components/NavbarAccount/NavbarAccount.tsx [Client Component Browser]
    ./components/Navbar/Navbar.tsx [Client Component Browser]
    ./components/Navbar/Navbar.tsx [Server Component]
    ./app/layout.tsx [Server Component]

  Client Component SSR:
    ./components/Navbar/components/NavbarAccount/NavbarAccount.tsx [Client Component SSR]
    ./components/Navbar/Navbar.tsx [Client Component SSR]
    ./components/Navbar/Navbar.tsx [Server Component]
    ./app/layout.tsx [Server Component]

https://nextjs.org/docs/messages/module-not-found @ http://localhost:3000/_next/static/chunks/node_modules_next_dist_1e8vcs8._.js:1052
[  324665ms] [ERROR] ./components/Navbar/components/NavbarAccount/NavbarAccount.tsx:6:1
Error: Module not found: Can't resolve './components/AccountMenuPlan'
  4 | import { AccountMenuHeader } from "./components/AccountMenuHeader";
  5 | import { AccountMenuItem } from "./components/AccountMenuItem";
> 6 | import { AccountMenuPlan } from "./components/AccountMenuPlan";
    | ^^^^^^^^^^^^^^^^^^^^^^^^^^^^^^^^^^^^^^^^^^^^^^^^^^^^^^^^^^^^^^
  7 | import {
  8 |   ACCOUNT_LABEL,
  9 |   ACCOUNT_MENU_ENTRIES,

Import traces:
  Client Component Browser:
    ./components/Navbar/components/NavbarAccount/NavbarAccount.tsx [Client Component Browser]
    ./components/Navbar/Navbar.tsx [Client Component Browser]
    ./components/Navbar/Navbar.tsx [Server Component]
    ./app/layout.tsx [Server Component]

  Client Component SSR:
    ./components/Navbar/components/NavbarAccount/NavbarAccount.tsx [Client Component SSR]
    ./components/Navbar/Navbar.tsx [Client Component SSR]
    ./components/Navbar/Navbar.tsx [Server Component]
    ./app/layout.tsx [Server Component]

https://nextjs.org/docs/messages/module-not-found @ http://localhost:3000/_next/static/chunks/node_modules_next_dist_1e8vcs8._.js:1052
[  324715ms] [ERROR] ./components/Navbar/components/NavbarAccount/NavbarAccount.tsx:5:1
Error: Module not found: Can't resolve './components/AccountMenuItem'
  3 |
  4 | import { AccountMenuHeader } from "./components/AccountMenuHeader";
> 5 | import { AccountMenuItem } from "./components/AccountMenuItem";
    | ^^^^^^^^^^^^^^^^^^^^^^^^^^^^^^^^^^^^^^^^^^^^^^^^^^^^^^^^^^^^^^
  6 | import { AccountMenuPlan } from "./components/AccountMenuPlan";
  7 | import {
  8 |   ACCOUNT_LABEL,

Import traces:
  Client Component Browser:
    ./components/Navbar/components/NavbarAccount/NavbarAccount.tsx [Client Component Browser]
    ./components/Navbar/Navbar.tsx [Client Component Browser]
    ./components/Navbar/Navbar.tsx [Server Component]
    ./app/layout.tsx [Server Component]

  Client Component SSR:
    ./components/Navbar/components/NavbarAccount/NavbarAccount.tsx [Client Component SSR]
    ./components/Navbar/Navbar.tsx [Client Component SSR]
    ./components/Navbar/Navbar.tsx [Server Component]
    ./app/layout.tsx [Server Component]

https://nextjs.org/docs/messages/module-not-found @ http://localhost:3000/_next/static/chunks/node_modules_next_dist_1e8vcs8._.js:1052
[  324715ms] [ERROR] ./components/Navbar/components/NavbarAccount/NavbarAccount.tsx:6:1
Error: Module not found: Can't resolve './components/AccountMenuPlan'
  4 | import { AccountMenuHeader } from "./components/AccountMenuHeader";
  5 | import { AccountMenuItem } from "./components/AccountMenuItem";
> 6 | import { AccountMenuPlan } from "./components/AccountMenuPlan";
    | ^^^^^^^^^^^^^^^^^^^^^^^^^^^^^^^^^^^^^^^^^^^^^^^^^^^^^^^^^^^^^^
  7 | import {
  8 |   ACCOUNT_LABEL,
  9 |   ACCOUNT_MENU_ENTRIES,

Import traces:
  Client Component Browser:
    ./components/Navbar/components/NavbarAccount/NavbarAccount.tsx [Client Component Browser]
    ./components/Navbar/Navbar.tsx [Client Component Browser]
    ./components/Navbar/Navbar.tsx [Server Component]
    ./app/layout.tsx [Server Component]

  Client Component SSR:
    ./components/Navbar/components/NavbarAccount/NavbarAccount.tsx [Client Component SSR]
    ./components/Navbar/Navbar.tsx [Client Component SSR]
    ./components/Navbar/Navbar.tsx [Server Component]
    ./app/layout.tsx [Server Component]

https://nextjs.org/docs/messages/module-not-found @ http://localhost:3000/_next/static/chunks/node_modules_next_dist_1e8vcs8._.js:1052
[  324767ms] [ERROR] ./components/Navbar/components/NavbarAccount/NavbarAccount.tsx:5:1
Error: Module not found: Can't resolve './components/AccountMenuItem'
  3 |
  4 | import { AccountMenuHeader } from "./components/AccountMenuHeader";
> 5 | import { AccountMenuItem } from "./components/AccountMenuItem";
    | ^^^^^^^^^^^^^^^^^^^^^^^^^^^^^^^^^^^^^^^^^^^^^^^^^^^^^^^^^^^^^^
  6 | import { AccountMenuPlan } from "./components/AccountMenuPlan";
  7 | import {
  8 |   ACCOUNT_LABEL,

Import traces:
  Client Component Browser:
    ./components/Navbar/components/NavbarAccount/NavbarAccount.tsx [Client Component Browser]
    ./components/Navbar/Navbar.tsx [Client Component Browser]
    ./components/Navbar/Navbar.tsx [Server Component]
    ./app/layout.tsx [Server Component]

  Client Component SSR:
    ./components/Navbar/components/NavbarAccount/NavbarAccount.tsx [Client Component SSR]
    ./components/Navbar/Navbar.tsx [Client Component SSR]
    ./components/Navbar/Navbar.tsx [Server Component]
    ./app/layout.tsx [Server Component]

https://nextjs.org/docs/messages/module-not-found @ http://localhost:3000/_next/static/chunks/node_modules_next_dist_1e8vcs8._.js:1052
[  324767ms] [ERROR] ./components/Navbar/components/NavbarAccount/NavbarAccount.tsx:6:1
Error: Module not found: Can't resolve './components/AccountMenuPlan'
  4 | import { AccountMenuHeader } from "./components/AccountMenuHeader";
  5 | import { AccountMenuItem } from "./components/AccountMenuItem";
> 6 | import { AccountMenuPlan } from "./components/AccountMenuPlan";
    | ^^^^^^^^^^^^^^^^^^^^^^^^^^^^^^^^^^^^^^^^^^^^^^^^^^^^^^^^^^^^^^
  7 | import {
  8 |   ACCOUNT_LABEL,
  9 |   ACCOUNT_MENU_ENTRIES,

Import traces:
  Client Component Browser:
    ./components/Navbar/components/NavbarAccount/NavbarAccount.tsx [Client Component Browser]
    ./components/Navbar/Navbar.tsx [Client Component Browser]
    ./components/Navbar/Navbar.tsx [Server Component]
    ./app/layout.tsx [Server Component]

  Client Component SSR:
    ./components/Navbar/components/NavbarAccount/NavbarAccount.tsx [Client Component SSR]
    ./components/Navbar/Navbar.tsx [Client Component SSR]
    ./components/Navbar/Navbar.tsx [Server Component]
    ./app/layout.tsx [Server Component]

https://nextjs.org/docs/messages/module-not-found @ http://localhost:3000/_next/static/chunks/node_modules_next_dist_1e8vcs8._.js:1052
[  324831ms] [ERROR] ./components/Navbar/components/NavbarAccount/NavbarAccount.tsx:5:1
Error: Module not found: Can't resolve './components/AccountMenuItem'
  3 |
  4 | import { AccountMenuHeader } from "./components/AccountMenuHeader";
> 5 | import { AccountMenuItem } from "./components/AccountMenuItem";
    | ^^^^^^^^^^^^^^^^^^^^^^^^^^^^^^^^^^^^^^^^^^^^^^^^^^^^^^^^^^^^^^
  6 | import { AccountMenuPlan } from "./components/AccountMenuPlan";
  7 | import {
  8 |   ACCOUNT_LABEL,

Import traces:
  Client Component Browser:
    ./components/Navbar/components/NavbarAccount/NavbarAccount.tsx [Client Component Browser]
    ./components/Navbar/Navbar.tsx [Client Component Browser]
    ./components/Navbar/Navbar.tsx [Server Component]
    ./app/layout.tsx [Server Component]

  Client Component SSR:
    ./components/Navbar/components/NavbarAccount/NavbarAccount.tsx [Client Component SSR]
    ./components/Navbar/Navbar.tsx [Client Component SSR]
    ./components/Navbar/Navbar.tsx [Server Component]
    ./app/layout.tsx [Server Component]

https://nextjs.org/docs/messages/module-not-found @ http://localhost:3000/_next/static/chunks/node_modules_next_dist_1e8vcs8._.js:1052
[  324832ms] [ERROR] ./components/Navbar/components/NavbarAccount/NavbarAccount.tsx:6:1
Error: Module not found: Can't resolve './components/AccountMenuPlan'
  4 | import { AccountMenuHeader } from "./components/AccountMenuHeader";
  5 | import { AccountMenuItem } from "./components/AccountMenuItem";
> 6 | import { AccountMenuPlan } from "./components/AccountMenuPlan";
    | ^^^^^^^^^^^^^^^^^^^^^^^^^^^^^^^^^^^^^^^^^^^^^^^^^^^^^^^^^^^^^^
  7 | import {
  8 |   ACCOUNT_LABEL,
  9 |   ACCOUNT_MENU_ENTRIES,

Import traces:
  Client Component Browser:
    ./components/Navbar/components/NavbarAccount/NavbarAccount.tsx [Client Component Browser]
    ./components/Navbar/Navbar.tsx [Client Component Browser]
    ./components/Navbar/Navbar.tsx [Server Component]
    ./app/layout.tsx [Server Component]

  Client Component SSR:
    ./components/Navbar/components/NavbarAccount/NavbarAccount.tsx [Client Component SSR]
    ./components/Navbar/Navbar.tsx [Client Component SSR]
    ./components/Navbar/Navbar.tsx [Server Component]
    ./app/layout.tsx [Server Component]

https://nextjs.org/docs/messages/module-not-found @ http://localhost:3000/_next/static/chunks/node_modules_next_dist_1e8vcs8._.js:1052
[  324895ms] [ERROR] ./components/Navbar/components/NavbarAccount/NavbarAccount.tsx:5:1
Error: Module not found: Can't resolve './components/AccountMenuItem'
  3 |
  4 | import { AccountMenuHeader } from "./components/AccountMenuHeader";
> 5 | import { AccountMenuItem } from "./components/AccountMenuItem";
    | ^^^^^^^^^^^^^^^^^^^^^^^^^^^^^^^^^^^^^^^^^^^^^^^^^^^^^^^^^^^^^^
  6 | import { AccountMenuPlan } from "./components/AccountMenuPlan";
  7 | import {
  8 |   ACCOUNT_LABEL,

Import traces:
  Client Component Browser:
    ./components/Navbar/components/NavbarAccount/NavbarAccount.tsx [Client Component Browser]
    ./components/Navbar/Navbar.tsx [Client Component Browser]
    ./components/Navbar/Navbar.tsx [Server Component]
    ./app/layout.tsx [Server Component]

  Client Component SSR:
    ./components/Navbar/components/NavbarAccount/NavbarAccount.tsx [Client Component SSR]
    ./components/Navbar/Navbar.tsx [Client Component SSR]
    ./components/Navbar/Navbar.tsx [Server Component]
    ./app/layout.tsx [Server Component]

https://nextjs.org/docs/messages/module-not-found @ http://localhost:3000/_next/static/chunks/node_modules_next_dist_1e8vcs8._.js:1052
[  324895ms] [ERROR] ./components/Navbar/components/NavbarAccount/NavbarAccount.tsx:6:1
Error: Module not found: Can't resolve './components/AccountMenuPlan'
  4 | import { AccountMenuHeader } from "./components/AccountMenuHeader";
  5 | import { AccountMenuItem } from "./components/AccountMenuItem";
> 6 | import { AccountMenuPlan } from "./components/AccountMenuPlan";
    | ^^^^^^^^^^^^^^^^^^^^^^^^^^^^^^^^^^^^^^^^^^^^^^^^^^^^^^^^^^^^^^
  7 | import {
  8 |   ACCOUNT_LABEL,
  9 |   ACCOUNT_MENU_ENTRIES,

Import traces:
  Client Component Browser:
    ./components/Navbar/components/NavbarAccount/NavbarAccount.tsx [Client Component Browser]
    ./components/Navbar/Navbar.tsx [Client Component Browser]
    ./components/Navbar/Navbar.tsx [Server Component]
    ./app/layout.tsx [Server Component]

  Client Component SSR:
    ./components/Navbar/components/NavbarAccount/NavbarAccount.tsx [Client Component SSR]
    ./components/Navbar/Navbar.tsx [Client Component SSR]
    ./components/Navbar/Navbar.tsx [Server Component]
    ./app/layout.tsx [Server Component]

https://nextjs.org/docs/messages/module-not-found @ http://localhost:3000/_next/static/chunks/node_modules_next_dist_1e8vcs8._.js:1052
[  324948ms] [ERROR] ./components/Navbar/components/NavbarAccount/NavbarAccount.tsx:5:1
Error: Module not found: Can't resolve './components/AccountMenuItem'
  3 |
  4 | import { AccountMenuHeader } from "./components/AccountMenuHeader";
> 5 | import { AccountMenuItem } from "./components/AccountMenuItem";
    | ^^^^^^^^^^^^^^^^^^^^^^^^^^^^^^^^^^^^^^^^^^^^^^^^^^^^^^^^^^^^^^
  6 | import { AccountMenuPlan } from "./components/AccountMenuPlan";
  7 | import {
  8 |   ACCOUNT_LABEL,

Import traces:
  Client Component Browser:
    ./components/Navbar/components/NavbarAccount/NavbarAccount.tsx [Client Component Browser]
    ./components/Navbar/Navbar.tsx [Client Component Browser]
    ./components/Navbar/Navbar.tsx [Server Component]
    ./app/layout.tsx [Server Component]

  Client Component SSR:
    ./components/Navbar/components/NavbarAccount/NavbarAccount.tsx [Client Component SSR]
    ./components/Navbar/Navbar.tsx [Client Component SSR]
    ./components/Navbar/Navbar.tsx [Server Component]
    ./app/layout.tsx [Server Component]

https://nextjs.org/docs/messages/module-not-found @ http://localhost:3000/_next/static/chunks/node_modules_next_dist_1e8vcs8._.js:1052
[  324949ms] [ERROR] ./components/Navbar/components/NavbarAccount/NavbarAccount.tsx:6:1
Error: Module not found: Can't resolve './components/AccountMenuPlan'
  4 | import { AccountMenuHeader } from "./components/AccountMenuHeader";
  5 | import { AccountMenuItem } from "./components/AccountMenuItem";
> 6 | import { AccountMenuPlan } from "./components/AccountMenuPlan";
    | ^^^^^^^^^^^^^^^^^^^^^^^^^^^^^^^^^^^^^^^^^^^^^^^^^^^^^^^^^^^^^^
  7 | import {
  8 |   ACCOUNT_LABEL,
  9 |   ACCOUNT_MENU_ENTRIES,

Import traces:
  Client Component Browser:
    ./components/Navbar/components/NavbarAccount/NavbarAccount.tsx [Client Component Browser]
    ./components/Navbar/Navbar.tsx [Client Component Browser]
    ./components/Navbar/Navbar.tsx [Server Component]
    ./app/layout.tsx [Server Component]

  Client Component SSR:
    ./components/Navbar/components/NavbarAccount/NavbarAccount.tsx [Client Component SSR]
    ./components/Navbar/Navbar.tsx [Client Component SSR]
    ./components/Navbar/Navbar.tsx [Server Component]
    ./app/layout.tsx [Server Component]

https://nextjs.org/docs/messages/module-not-found @ http://localhost:3000/_next/static/chunks/node_modules_next_dist_1e8vcs8._.js:1052
[  325001ms] [ERROR] ./components/Navbar/components/NavbarAccount/NavbarAccount.tsx:5:1
Error: Module not found: Can't resolve './components/AccountMenuItem'
  3 |
  4 | import { AccountMenuHeader } from "./components/AccountMenuHeader";
> 5 | import { AccountMenuItem } from "./components/AccountMenuItem";
    | ^^^^^^^^^^^^^^^^^^^^^^^^^^^^^^^^^^^^^^^^^^^^^^^^^^^^^^^^^^^^^^
  6 | import { AccountMenuPlan } from "./components/AccountMenuPlan";
  7 | import {
  8 |   ACCOUNT_LABEL,

Import traces:
  Client Component Browser:
    ./components/Navbar/components/NavbarAccount/NavbarAccount.tsx [Client Component Browser]
    ./components/Navbar/Navbar.tsx [Client Component Browser]
    ./components/Navbar/Navbar.tsx [Server Component]
    ./app/layout.tsx [Server Component]

  Client Component SSR:
    ./components/Navbar/components/NavbarAccount/NavbarAccount.tsx [Client Component SSR]
    ./components/Navbar/Navbar.tsx [Client Component SSR]
    ./components/Navbar/Navbar.tsx [Server Component]
    ./app/layout.tsx [Server Component]

https://nextjs.org/docs/messages/module-not-found @ http://localhost:3000/_next/static/chunks/node_modules_next_dist_1e8vcs8._.js:1052
[  325001ms] [ERROR] ./components/Navbar/components/NavbarAccount/NavbarAccount.tsx:6:1
Error: Module not found: Can't resolve './components/AccountMenuPlan'
  4 | import { AccountMenuHeader } from "./components/AccountMenuHeader";
  5 | import { AccountMenuItem } from "./components/AccountMenuItem";
> 6 | import { AccountMenuPlan } from "./components/AccountMenuPlan";
    | ^^^^^^^^^^^^^^^^^^^^^^^^^^^^^^^^^^^^^^^^^^^^^^^^^^^^^^^^^^^^^^
  7 | import {
  8 |   ACCOUNT_LABEL,
  9 |   ACCOUNT_MENU_ENTRIES,

Import traces:
  Client Component Browser:
    ./components/Navbar/components/NavbarAccount/NavbarAccount.tsx [Client Component Browser]
    ./components/Navbar/Navbar.tsx [Client Component Browser]
    ./components/Navbar/Navbar.tsx [Server Component]
    ./app/layout.tsx [Server Component]

  Client Component SSR:
    ./components/Navbar/components/NavbarAccount/NavbarAccount.tsx [Client Component SSR]
    ./components/Navbar/Navbar.tsx [Client Component SSR]
    ./components/Navbar/Navbar.tsx [Server Component]
    ./app/layout.tsx [Server Component]

https://nextjs.org/docs/messages/module-not-found @ http://localhost:3000/_next/static/chunks/node_modules_next_dist_1e8vcs8._.js:1052
[  325065ms] [ERROR] ./components/Navbar/components/NavbarAccount/NavbarAccount.tsx:5:1
Error: Module not found: Can't resolve './components/AccountMenuItem'
  3 |
  4 | import { AccountMenuHeader } from "./components/AccountMenuHeader";
> 5 | import { AccountMenuItem } from "./components/AccountMenuItem";
    | ^^^^^^^^^^^^^^^^^^^^^^^^^^^^^^^^^^^^^^^^^^^^^^^^^^^^^^^^^^^^^^
  6 | import { AccountMenuPlan } from "./components/AccountMenuPlan";
  7 | import {
  8 |   ACCOUNT_LABEL,

Import traces:
  Client Component Browser:
    ./components/Navbar/components/NavbarAccount/NavbarAccount.tsx [Client Component Browser]
    ./components/Navbar/Navbar.tsx [Client Component Browser]
    ./components/Navbar/Navbar.tsx [Server Component]
    ./app/layout.tsx [Server Component]

  Client Component SSR:
    ./components/Navbar/components/NavbarAccount/NavbarAccount.tsx [Client Component SSR]
    ./components/Navbar/Navbar.tsx [Client Component SSR]
    ./components/Navbar/Navbar.tsx [Server Component]
    ./app/layout.tsx [Server Component]

https://nextjs.org/docs/messages/module-not-found @ http://localhost:3000/_next/static/chunks/node_modules_next_dist_1e8vcs8._.js:1052
[  325065ms] [ERROR] ./components/Navbar/components/NavbarAccount/NavbarAccount.tsx:6:1
Error: Module not found: Can't resolve './components/AccountMenuPlan'
  4 | import { AccountMenuHeader } from "./components/AccountMenuHeader";
  5 | import { AccountMenuItem } from "./components/AccountMenuItem";
> 6 | import { AccountMenuPlan } from "./components/AccountMenuPlan";
    | ^^^^^^^^^^^^^^^^^^^^^^^^^^^^^^^^^^^^^^^^^^^^^^^^^^^^^^^^^^^^^^
  7 | import {
  8 |   ACCOUNT_LABEL,
  9 |   ACCOUNT_MENU_ENTRIES,

Import traces:
  Client Component Browser:
    ./components/Navbar/components/NavbarAccount/NavbarAccount.tsx [Client Component Browser]
    ./components/Navbar/Navbar.tsx [Client Component Browser]
    ./components/Navbar/Navbar.tsx [Server Component]
    ./app/layout.tsx [Server Component]

  Client Component SSR:
    ./components/Navbar/components/NavbarAccount/NavbarAccount.tsx [Client Component SSR]
    ./components/Navbar/Navbar.tsx [Client Component SSR]
    ./components/Navbar/Navbar.tsx [Server Component]
    ./app/layout.tsx [Server Component]

https://nextjs.org/docs/messages/module-not-found @ http://localhost:3000/_next/static/chunks/node_modules_next_dist_1e8vcs8._.js:1052
[  325119ms] [ERROR] ./components/Navbar/components/NavbarAccount/NavbarAccount.tsx:5:1
Error: Module not found: Can't resolve './components/AccountMenuItem'
  3 |
  4 | import { AccountMenuHeader } from "./components/AccountMenuHeader";
> 5 | import { AccountMenuItem } from "./components/AccountMenuItem";
    | ^^^^^^^^^^^^^^^^^^^^^^^^^^^^^^^^^^^^^^^^^^^^^^^^^^^^^^^^^^^^^^
  6 | import { AccountMenuPlan } from "./components/AccountMenuPlan";
  7 | import {
  8 |   ACCOUNT_LABEL,

Import traces:
  Client Component Browser:
    ./components/Navbar/components/NavbarAccount/NavbarAccount.tsx [Client Component Browser]
    ./components/Navbar/Navbar.tsx [Client Component Browser]
    ./components/Navbar/Navbar.tsx [Server Component]
    ./app/layout.tsx [Server Component]

  Client Component SSR:
    ./components/Navbar/components/NavbarAccount/NavbarAccount.tsx [Client Component SSR]
    ./components/Navbar/Navbar.tsx [Client Component SSR]
    ./components/Navbar/Navbar.tsx [Server Component]
    ./app/layout.tsx [Server Component]

https://nextjs.org/docs/messages/module-not-found @ http://localhost:3000/_next/static/chunks/node_modules_next_dist_1e8vcs8._.js:1052
[  325120ms] [ERROR] ./components/Navbar/components/NavbarAccount/NavbarAccount.tsx:6:1
Error: Module not found: Can't resolve './components/AccountMenuPlan'
  4 | import { AccountMenuHeader } from "./components/AccountMenuHeader";
  5 | import { AccountMenuItem } from "./components/AccountMenuItem";
> 6 | import { AccountMenuPlan } from "./components/AccountMenuPlan";
    | ^^^^^^^^^^^^^^^^^^^^^^^^^^^^^^^^^^^^^^^^^^^^^^^^^^^^^^^^^^^^^^
  7 | import {
  8 |   ACCOUNT_LABEL,
  9 |   ACCOUNT_MENU_ENTRIES,

Import traces:
  Client Component Browser:
    ./components/Navbar/components/NavbarAccount/NavbarAccount.tsx [Client Component Browser]
    ./components/Navbar/Navbar.tsx [Client Component Browser]
    ./components/Navbar/Navbar.tsx [Server Component]
    ./app/layout.tsx [Server Component]

  Client Component SSR:
    ./components/Navbar/components/NavbarAccount/NavbarAccount.tsx [Client Component SSR]
    ./components/Navbar/Navbar.tsx [Client Component SSR]
    ./components/Navbar/Navbar.tsx [Server Component]
    ./app/layout.tsx [Server Component]

https://nextjs.org/docs/messages/module-not-found @ http://localhost:3000/_next/static/chunks/node_modules_next_dist_1e8vcs8._.js:1052
[  325185ms] [ERROR] ./components/Navbar/components/NavbarAccount/NavbarAccount.tsx:5:1
Error: Module not found: Can't resolve './components/AccountMenuItem'
  3 |
  4 | import { AccountMenuHeader } from "./components/AccountMenuHeader";
> 5 | import { AccountMenuItem } from "./components/AccountMenuItem";
    | ^^^^^^^^^^^^^^^^^^^^^^^^^^^^^^^^^^^^^^^^^^^^^^^^^^^^^^^^^^^^^^
  6 | import { AccountMenuPlan } from "./components/AccountMenuPlan";
  7 | import {
  8 |   ACCOUNT_LABEL,

Import traces:
  Client Component Browser:
    ./components/Navbar/components/NavbarAccount/NavbarAccount.tsx [Client Component Browser]
    ./components/Navbar/Navbar.tsx [Client Component Browser]
    ./components/Navbar/Navbar.tsx [Server Component]
    ./app/layout.tsx [Server Component]

  Client Component SSR:
    ./components/Navbar/components/NavbarAccount/NavbarAccount.tsx [Client Component SSR]
    ./components/Navbar/Navbar.tsx [Client Component SSR]
    ./components/Navbar/Navbar.tsx [Server Component]
    ./app/layout.tsx [Server Component]

https://nextjs.org/docs/messages/module-not-found @ http://localhost:3000/_next/static/chunks/node_modules_next_dist_1e8vcs8._.js:1052
[  325185ms] [ERROR] ./components/Navbar/components/NavbarAccount/NavbarAccount.tsx:6:1
Error: Module not found: Can't resolve './components/AccountMenuPlan'
  4 | import { AccountMenuHeader } from "./components/AccountMenuHeader";
  5 | import { AccountMenuItem } from "./components/AccountMenuItem";
> 6 | import { AccountMenuPlan } from "./components/AccountMenuPlan";
    | ^^^^^^^^^^^^^^^^^^^^^^^^^^^^^^^^^^^^^^^^^^^^^^^^^^^^^^^^^^^^^^
  7 | import {
  8 |   ACCOUNT_LABEL,
  9 |   ACCOUNT_MENU_ENTRIES,

Import traces:
  Client Component Browser:
    ./components/Navbar/components/NavbarAccount/NavbarAccount.tsx [Client Component Browser]
    ./components/Navbar/Navbar.tsx [Client Component Browser]
    ./components/Navbar/Navbar.tsx [Server Component]
    ./app/layout.tsx [Server Component]

  Client Component SSR:
    ./components/Navbar/components/NavbarAccount/NavbarAccount.tsx [Client Component SSR]
    ./components/Navbar/Navbar.tsx [Client Component SSR]
    ./components/Navbar/Navbar.tsx [Server Component]
    ./app/layout.tsx [Server Component]

https://nextjs.org/docs/messages/module-not-found @ http://localhost:3000/_next/static/chunks/node_modules_next_dist_1e8vcs8._.js:1052
[  325235ms] [ERROR] ./components/Navbar/components/NavbarAccount/NavbarAccount.tsx:5:1
Error: Module not found: Can't resolve './components/AccountMenuItem'
  3 |
  4 | import { AccountMenuHeader } from "./components/AccountMenuHeader";
> 5 | import { AccountMenuItem } from "./components/AccountMenuItem";
    | ^^^^^^^^^^^^^^^^^^^^^^^^^^^^^^^^^^^^^^^^^^^^^^^^^^^^^^^^^^^^^^
  6 | import { AccountMenuPlan } from "./components/AccountMenuPlan";
  7 | import {
  8 |   ACCOUNT_LABEL,

Import traces:
  Client Component Browser:
    ./components/Navbar/components/NavbarAccount/NavbarAccount.tsx [Client Component Browser]
    ./components/Navbar/Navbar.tsx [Client Component Browser]
    ./components/Navbar/Navbar.tsx [Server Component]
    ./app/layout.tsx [Server Component]

  Client Component SSR:
    ./components/Navbar/components/NavbarAccount/NavbarAccount.tsx [Client Component SSR]
    ./components/Navbar/Navbar.tsx [Client Component SSR]
    ./components/Navbar/Navbar.tsx [Server Component]
    ./app/layout.tsx [Server Component]

https://nextjs.org/docs/messages/module-not-found @ http://localhost:3000/_next/static/chunks/node_modules_next_dist_1e8vcs8._.js:1052
[  325235ms] [ERROR] ./components/Navbar/components/NavbarAccount/NavbarAccount.tsx:6:1
Error: Module not found: Can't resolve './components/AccountMenuPlan'
  4 | import { AccountMenuHeader } from "./components/AccountMenuHeader";
  5 | import { AccountMenuItem } from "./components/AccountMenuItem";
> 6 | import { AccountMenuPlan } from "./components/AccountMenuPlan";
    | ^^^^^^^^^^^^^^^^^^^^^^^^^^^^^^^^^^^^^^^^^^^^^^^^^^^^^^^^^^^^^^
  7 | import {
  8 |   ACCOUNT_LABEL,
  9 |   ACCOUNT_MENU_ENTRIES,

Import traces:
  Client Component Browser:
    ./components/Navbar/components/NavbarAccount/NavbarAccount.tsx [Client Component Browser]
    ./components/Navbar/Navbar.tsx [Client Component Browser]
    ./components/Navbar/Navbar.tsx [Server Component]
    ./app/layout.tsx [Server Component]

  Client Component SSR:
    ./components/Navbar/components/NavbarAccount/NavbarAccount.tsx [Client Component SSR]
    ./components/Navbar/Navbar.tsx [Client Component SSR]
    ./components/Navbar/Navbar.tsx [Server Component]
    ./app/layout.tsx [Server Component]

https://nextjs.org/docs/messages/module-not-found @ http://localhost:3000/_next/static/chunks/node_modules_next_dist_1e8vcs8._.js:1052
[  325283ms] [ERROR] ./components/Navbar/components/NavbarAccount/NavbarAccount.tsx:5:1
Error: Module not found: Can't resolve './components/AccountMenuItem'
  3 |
  4 | import { AccountMenuHeader } from "./components/AccountMenuHeader";
> 5 | import { AccountMenuItem } from "./components/AccountMenuItem";
    | ^^^^^^^^^^^^^^^^^^^^^^^^^^^^^^^^^^^^^^^^^^^^^^^^^^^^^^^^^^^^^^
  6 | import { AccountMenuPlan } from "./components/AccountMenuPlan";
  7 | import {
  8 |   ACCOUNT_LABEL,

Import traces:
  Client Component Browser:
    ./components/Navbar/components/NavbarAccount/NavbarAccount.tsx [Client Component Browser]
    ./components/Navbar/Navbar.tsx [Client Component Browser]
    ./components/Navbar/Navbar.tsx [Server Component]
    ./app/layout.tsx [Server Component]

  Client Component SSR:
    ./components/Navbar/components/NavbarAccount/NavbarAccount.tsx [Client Component SSR]
    ./components/Navbar/Navbar.tsx [Client Component SSR]
    ./components/Navbar/Navbar.tsx [Server Component]
    ./app/layout.tsx [Server Component]

https://nextjs.org/docs/messages/module-not-found @ http://localhost:3000/_next/static/chunks/node_modules_next_dist_1e8vcs8._.js:1052
[  325284ms] [ERROR] ./components/Navbar/components/NavbarAccount/NavbarAccount.tsx:6:1
Error: Module not found: Can't resolve './components/AccountMenuPlan'
  4 | import { AccountMenuHeader } from "./components/AccountMenuHeader";
  5 | import { AccountMenuItem } from "./components/AccountMenuItem";
> 6 | import { AccountMenuPlan } from "./components/AccountMenuPlan";
    | ^^^^^^^^^^^^^^^^^^^^^^^^^^^^^^^^^^^^^^^^^^^^^^^^^^^^^^^^^^^^^^
  7 | import {
  8 |   ACCOUNT_LABEL,
  9 |   ACCOUNT_MENU_ENTRIES,

Import traces:
  Client Component Browser:
    ./components/Navbar/components/NavbarAccount/NavbarAccount.tsx [Client Component Browser]
    ./components/Navbar/Navbar.tsx [Client Component Browser]
    ./components/Navbar/Navbar.tsx [Server Component]
    ./app/layout.tsx [Server Component]

  Client Component SSR:
    ./components/Navbar/components/NavbarAccount/NavbarAccount.tsx [Client Component SSR]
    ./components/Navbar/Navbar.tsx [Client Component SSR]
    ./components/Navbar/Navbar.tsx [Server Component]
    ./app/layout.tsx [Server Component]

https://nextjs.org/docs/messages/module-not-found @ http://localhost:3000/_next/static/chunks/node_modules_next_dist_1e8vcs8._.js:1052
[  325349ms] [ERROR] ./components/Navbar/components/NavbarAccount/NavbarAccount.tsx:5:1
Error: Module not found: Can't resolve './components/AccountMenuItem'
  3 |
  4 | import { AccountMenuHeader } from "./components/AccountMenuHeader";
> 5 | import { AccountMenuItem } from "./components/AccountMenuItem";
    | ^^^^^^^^^^^^^^^^^^^^^^^^^^^^^^^^^^^^^^^^^^^^^^^^^^^^^^^^^^^^^^
  6 | import { AccountMenuPlan } from "./components/AccountMenuPlan";
  7 | import {
  8 |   ACCOUNT_LABEL,

Import traces:
  Client Component Browser:
    ./components/Navbar/components/NavbarAccount/NavbarAccount.tsx [Client Component Browser]
    ./components/Navbar/Navbar.tsx [Client Component Browser]
    ./components/Navbar/Navbar.tsx [Server Component]
    ./app/layout.tsx [Server Component]

  Client Component SSR:
    ./components/Navbar/components/NavbarAccount/NavbarAccount.tsx [Client Component SSR]
    ./components/Navbar/Navbar.tsx [Client Component SSR]
    ./components/Navbar/Navbar.tsx [Server Component]
    ./app/layout.tsx [Server Component]

https://nextjs.org/docs/messages/module-not-found @ http://localhost:3000/_next/static/chunks/node_modules_next_dist_1e8vcs8._.js:1052
[  325349ms] [ERROR] ./components/Navbar/components/NavbarAccount/NavbarAccount.tsx:6:1
Error: Module not found: Can't resolve './components/AccountMenuPlan'
  4 | import { AccountMenuHeader } from "./components/AccountMenuHeader";
  5 | import { AccountMenuItem } from "./components/AccountMenuItem";
> 6 | import { AccountMenuPlan } from "./components/AccountMenuPlan";
    | ^^^^^^^^^^^^^^^^^^^^^^^^^^^^^^^^^^^^^^^^^^^^^^^^^^^^^^^^^^^^^^
  7 | import {
  8 |   ACCOUNT_LABEL,
  9 |   ACCOUNT_MENU_ENTRIES,

Import traces:
  Client Component Browser:
    ./components/Navbar/components/NavbarAccount/NavbarAccount.tsx [Client Component Browser]
    ./components/Navbar/Navbar.tsx [Client Component Browser]
    ./components/Navbar/Navbar.tsx [Server Component]
    ./app/layout.tsx [Server Component]

  Client Component SSR:
    ./components/Navbar/components/NavbarAccount/NavbarAccount.tsx [Client Component SSR]
    ./components/Navbar/Navbar.tsx [Client Component SSR]
    ./components/Navbar/Navbar.tsx [Server Component]
    ./app/layout.tsx [Server Component]

https://nextjs.org/docs/messages/module-not-found @ http://localhost:3000/_next/static/chunks/node_modules_next_dist_1e8vcs8._.js:1052
[  325401ms] [ERROR] ./components/Navbar/components/NavbarAccount/NavbarAccount.tsx:5:1
Error: Module not found: Can't resolve './components/AccountMenuItem'
  3 |
  4 | import { AccountMenuHeader } from "./components/AccountMenuHeader";
> 5 | import { AccountMenuItem } from "./components/AccountMenuItem";
    | ^^^^^^^^^^^^^^^^^^^^^^^^^^^^^^^^^^^^^^^^^^^^^^^^^^^^^^^^^^^^^^
  6 | import { AccountMenuPlan } from "./components/AccountMenuPlan";
  7 | import {
  8 |   ACCOUNT_LABEL,

Import traces:
  Client Component Browser:
    ./components/Navbar/components/NavbarAccount/NavbarAccount.tsx [Client Component Browser]
    ./components/Navbar/Navbar.tsx [Client Component Browser]
    ./components/Navbar/Navbar.tsx [Server Component]
    ./app/layout.tsx [Server Component]

  Client Component SSR:
    ./components/Navbar/components/NavbarAccount/NavbarAccount.tsx [Client Component SSR]
    ./components/Navbar/Navbar.tsx [Client Component SSR]
    ./components/Navbar/Navbar.tsx [Server Component]
    ./app/layout.tsx [Server Component]

https://nextjs.org/docs/messages/module-not-found @ http://localhost:3000/_next/static/chunks/node_modules_next_dist_1e8vcs8._.js:1052
[  325402ms] [ERROR] ./components/Navbar/components/NavbarAccount/NavbarAccount.tsx:6:1
Error: Module not found: Can't resolve './components/AccountMenuPlan'
  4 | import { AccountMenuHeader } from "./components/AccountMenuHeader";
  5 | import { AccountMenuItem } from "./components/AccountMenuItem";
> 6 | import { AccountMenuPlan } from "./components/AccountMenuPlan";
    | ^^^^^^^^^^^^^^^^^^^^^^^^^^^^^^^^^^^^^^^^^^^^^^^^^^^^^^^^^^^^^^
  7 | import {
  8 |   ACCOUNT_LABEL,
  9 |   ACCOUNT_MENU_ENTRIES,

Import traces:
  Client Component Browser:
    ./components/Navbar/components/NavbarAccount/NavbarAccount.tsx [Client Component Browser]
    ./components/Navbar/Navbar.tsx [Client Component Browser]
    ./components/Navbar/Navbar.tsx [Server Component]
    ./app/layout.tsx [Server Component]

  Client Component SSR:
    ./components/Navbar/components/NavbarAccount/NavbarAccount.tsx [Client Component SSR]
    ./components/Navbar/Navbar.tsx [Client Component SSR]
    ./components/Navbar/Navbar.tsx [Server Component]
    ./app/layout.tsx [Server Component]

https://nextjs.org/docs/messages/module-not-found @ http://localhost:3000/_next/static/chunks/node_modules_next_dist_1e8vcs8._.js:1052
[  325578ms] [ERROR] ./components/Navbar/components/NavbarAccount/NavbarAccount.tsx:5:1
Error: Module not found: Can't resolve './components/AccountMenuItem'
  3 |
  4 | import { AccountMenuHeader } from "./components/AccountMenuHeader";
> 5 | import { AccountMenuItem } from "./components/AccountMenuItem";
    | ^^^^^^^^^^^^^^^^^^^^^^^^^^^^^^^^^^^^^^^^^^^^^^^^^^^^^^^^^^^^^^
  6 | import { AccountMenuPlan } from "./components/AccountMenuPlan";
  7 | import {
  8 |   ACCOUNT_LABEL,

Import traces:
  Client Component Browser:
    ./components/Navbar/components/NavbarAccount/NavbarAccount.tsx [Client Component Browser]
    ./components/Navbar/Navbar.tsx [Client Component Browser]
    ./components/Navbar/Navbar.tsx [Server Component]
    ./app/layout.tsx [Server Component]

  Client Component SSR:
    ./components/Navbar/components/NavbarAccount/NavbarAccount.tsx [Client Component SSR]
    ./components/Navbar/Navbar.tsx [Client Component SSR]
    ./components/Navbar/Navbar.tsx [Server Component]
    ./app/layout.tsx [Server Component]

https://nextjs.org/docs/messages/module-not-found @ http://localhost:3000/_next/static/chunks/node_modules_next_dist_1e8vcs8._.js:1052
[  325578ms] [ERROR] ./components/Navbar/components/NavbarAccount/NavbarAccount.tsx:6:1
Error: Module not found: Can't resolve './components/AccountMenuPlan'
  4 | import { AccountMenuHeader } from "./components/AccountMenuHeader";
  5 | import { AccountMenuItem } from "./components/AccountMenuItem";
> 6 | import { AccountMenuPlan } from "./components/AccountMenuPlan";
    | ^^^^^^^^^^^^^^^^^^^^^^^^^^^^^^^^^^^^^^^^^^^^^^^^^^^^^^^^^^^^^^
  7 | import {
  8 |   ACCOUNT_LABEL,
  9 |   ACCOUNT_MENU_ENTRIES,

Import traces:
  Client Component Browser:
    ./components/Navbar/components/NavbarAccount/NavbarAccount.tsx [Client Component Browser]
    ./components/Navbar/Navbar.tsx [Client Component Browser]
    ./components/Navbar/Navbar.tsx [Server Component]
    ./app/layout.tsx [Server Component]

  Client Component SSR:
    ./components/Navbar/components/NavbarAccount/NavbarAccount.tsx [Client Component SSR]
    ./components/Navbar/Navbar.tsx [Client Component SSR]
    ./components/Navbar/Navbar.tsx [Server Component]
    ./app/layout.tsx [Server Component]

https://nextjs.org/docs/messages/module-not-found @ http://localhost:3000/_next/static/chunks/node_modules_next_dist_1e8vcs8._.js:1052
[  325614ms] [LOG] [Fast Refresh] rebuilding @ http://localhost:3000/_next/static/chunks/node_modules_next_dist_1e8vcs8._.js:776
[  325632ms] [ERROR] ./components/Navbar/components/NavbarAccount/NavbarAccount.tsx:5:1
Error: Module not found: Can't resolve './components/AccountMenuItem'
  3 |
  4 | import { AccountMenuHeader } from "./components/AccountMenuHeader";
> 5 | import { AccountMenuItem } from "./components/AccountMenuItem";
    | ^^^^^^^^^^^^^^^^^^^^^^^^^^^^^^^^^^^^^^^^^^^^^^^^^^^^^^^^^^^^^^
  6 | import { AccountMenuPlan } from "./components/AccountMenuPlan";
  7 | import {
  8 |   ACCOUNT_LABEL,

Import traces:
  Client Component Browser:
    ./components/Navbar/components/NavbarAccount/NavbarAccount.tsx [Client Component Browser]
    ./components/Navbar/Navbar.tsx [Client Component Browser]
    ./components/Navbar/Navbar.tsx [Server Component]
    ./app/layout.tsx [Server Component]

  Client Component SSR:
    ./components/Navbar/components/NavbarAccount/NavbarAccount.tsx [Client Component SSR]
    ./components/Navbar/Navbar.tsx [Client Component SSR]
    ./components/Navbar/Navbar.tsx [Server Component]
    ./app/layout.tsx [Server Component]

https://nextjs.org/docs/messages/module-not-found @ http://localhost:3000/_next/static/chunks/node_modules_next_dist_1e8vcs8._.js:1052
[  325632ms] [ERROR] ./components/Navbar/components/NavbarAccount/NavbarAccount.tsx:6:1
Error: Module not found: Can't resolve './components/AccountMenuPlan'
  4 | import { AccountMenuHeader } from "./components/AccountMenuHeader";
  5 | import { AccountMenuItem } from "./components/AccountMenuItem";
> 6 | import { AccountMenuPlan } from "./components/AccountMenuPlan";
    | ^^^^^^^^^^^^^^^^^^^^^^^^^^^^^^^^^^^^^^^^^^^^^^^^^^^^^^^^^^^^^^
  7 | import {
  8 |   ACCOUNT_LABEL,
  9 |   ACCOUNT_MENU_ENTRIES,

Import traces:
  Client Component Browser:
    ./components/Navbar/components/NavbarAccount/NavbarAccount.tsx [Client Component Browser]
    ./components/Navbar/Navbar.tsx [Client Component Browser]
    ./components/Navbar/Navbar.tsx [Server Component]
    ./app/layout.tsx [Server Component]

  Client Component SSR:
    ./components/Navbar/components/NavbarAccount/NavbarAccount.tsx [Client Component SSR]
    ./components/Navbar/Navbar.tsx [Client Component SSR]
    ./components/Navbar/Navbar.tsx [Server Component]
    ./app/layout.tsx [Server Component]

https://nextjs.org/docs/messages/module-not-found @ http://localhost:3000/_next/static/chunks/node_modules_next_dist_1e8vcs8._.js:1052
[  325682ms] [ERROR] ./components/Navbar/components/NavbarAccount/NavbarAccount.tsx:5:1
Error: Module not found: Can't resolve './components/AccountMenuItem'
  3 |
  4 | import { AccountMenuHeader } from "./components/AccountMenuHeader";
> 5 | import { AccountMenuItem } from "./components/AccountMenuItem";
    | ^^^^^^^^^^^^^^^^^^^^^^^^^^^^^^^^^^^^^^^^^^^^^^^^^^^^^^^^^^^^^^
  6 | import { AccountMenuPlan } from "./components/AccountMenuPlan";
  7 | import {
  8 |   ACCOUNT_LABEL,

Import traces:
  Client Component Browser:
    ./components/Navbar/components/NavbarAccount/NavbarAccount.tsx [Client Component Browser]
    ./components/Navbar/Navbar.tsx [Client Component Browser]
    ./components/Navbar/Navbar.tsx [Server Component]
    ./app/layout.tsx [Server Component]

  Client Component SSR:
    ./components/Navbar/components/NavbarAccount/NavbarAccount.tsx [Client Component SSR]
    ./components/Navbar/Navbar.tsx [Client Component SSR]
    ./components/Navbar/Navbar.tsx [Server Component]
    ./app/layout.tsx [Server Component]

https://nextjs.org/docs/messages/module-not-found @ http://localhost:3000/_next/static/chunks/node_modules_next_dist_1e8vcs8._.js:1052
[  325683ms] [ERROR] ./components/Navbar/components/NavbarAccount/NavbarAccount.tsx:6:1
Error: Module not found: Can't resolve './components/AccountMenuPlan'
  4 | import { AccountMenuHeader } from "./components/AccountMenuHeader";
  5 | import { AccountMenuItem } from "./components/AccountMenuItem";
> 6 | import { AccountMenuPlan } from "./components/AccountMenuPlan";
    | ^^^^^^^^^^^^^^^^^^^^^^^^^^^^^^^^^^^^^^^^^^^^^^^^^^^^^^^^^^^^^^
  7 | import {
  8 |   ACCOUNT_LABEL,
  9 |   ACCOUNT_MENU_ENTRIES,

Import traces:
  Client Component Browser:
    ./components/Navbar/components/NavbarAccount/NavbarAccount.tsx [Client Component Browser]
    ./components/Navbar/Navbar.tsx [Client Component Browser]
    ./components/Navbar/Navbar.tsx [Server Component]
    ./app/layout.tsx [Server Component]

  Client Component SSR:
    ./components/Navbar/components/NavbarAccount/NavbarAccount.tsx [Client Component SSR]
    ./components/Navbar/Navbar.tsx [Client Component SSR]
    ./components/Navbar/Navbar.tsx [Server Component]
    ./app/layout.tsx [Server Component]

https://nextjs.org/docs/messages/module-not-found @ http://localhost:3000/_next/static/chunks/node_modules_next_dist_1e8vcs8._.js:1052
[  325733ms] [ERROR] ./components/Navbar/components/NavbarAccount/NavbarAccount.tsx:5:1
Error: Module not found: Can't resolve './components/AccountMenuItem'
  3 |
  4 | import { AccountMenuHeader } from "./components/AccountMenuHeader";
> 5 | import { AccountMenuItem } from "./components/AccountMenuItem";
    | ^^^^^^^^^^^^^^^^^^^^^^^^^^^^^^^^^^^^^^^^^^^^^^^^^^^^^^^^^^^^^^
  6 | import { AccountMenuPlan } from "./components/AccountMenuPlan";
  7 | import {
  8 |   ACCOUNT_LABEL,

Import traces:
  Client Component Browser:
    ./components/Navbar/components/NavbarAccount/NavbarAccount.tsx [Client Component Browser]
    ./components/Navbar/Navbar.tsx [Client Component Browser]
    ./components/Navbar/Navbar.tsx [Server Component]
    ./app/layout.tsx [Server Component]

  Client Component SSR:
    ./components/Navbar/components/NavbarAccount/NavbarAccount.tsx [Client Component SSR]
    ./components/Navbar/Navbar.tsx [Client Component SSR]
    ./components/Navbar/Navbar.tsx [Server Component]
    ./app/layout.tsx [Server Component]

https://nextjs.org/docs/messages/module-not-found @ http://localhost:3000/_next/static/chunks/node_modules_next_dist_1e8vcs8._.js:1052
[  325733ms] [ERROR] ./components/Navbar/components/NavbarAccount/NavbarAccount.tsx:6:1
Error: Module not found: Can't resolve './components/AccountMenuPlan'
  4 | import { AccountMenuHeader } from "./components/AccountMenuHeader";
  5 | import { AccountMenuItem } from "./components/AccountMenuItem";
> 6 | import { AccountMenuPlan } from "./components/AccountMenuPlan";
    | ^^^^^^^^^^^^^^^^^^^^^^^^^^^^^^^^^^^^^^^^^^^^^^^^^^^^^^^^^^^^^^
  7 | import {
  8 |   ACCOUNT_LABEL,
  9 |   ACCOUNT_MENU_ENTRIES,

Import traces:
  Client Component Browser:
    ./components/Navbar/components/NavbarAccount/NavbarAccount.tsx [Client Component Browser]
    ./components/Navbar/Navbar.tsx [Client Component Browser]
    ./components/Navbar/Navbar.tsx [Server Component]
    ./app/layout.tsx [Server Component]

  Client Component SSR:
    ./components/Navbar/components/NavbarAccount/NavbarAccount.tsx [Client Component SSR]
    ./components/Navbar/Navbar.tsx [Client Component SSR]
    ./components/Navbar/Navbar.tsx [Server Component]
    ./app/layout.tsx [Server Component]

https://nextjs.org/docs/messages/module-not-found @ http://localhost:3000/_next/static/chunks/node_modules_next_dist_1e8vcs8._.js:1052
[  325782ms] [ERROR] ./components/Navbar/components/NavbarAccount/NavbarAccount.tsx:5:1
Error: Module not found: Can't resolve './components/AccountMenuItem'
  3 |
  4 | import { AccountMenuHeader } from "./components/AccountMenuHeader";
> 5 | import { AccountMenuItem } from "./components/AccountMenuItem";
    | ^^^^^^^^^^^^^^^^^^^^^^^^^^^^^^^^^^^^^^^^^^^^^^^^^^^^^^^^^^^^^^
  6 | import { AccountMenuPlan } from "./components/AccountMenuPlan";
  7 | import {
  8 |   ACCOUNT_LABEL,

Import traces:
  Client Component Browser:
    ./components/Navbar/components/NavbarAccount/NavbarAccount.tsx [Client Component Browser]
    ./components/Navbar/Navbar.tsx [Client Component Browser]
    ./components/Navbar/Navbar.tsx [Server Component]
    ./app/layout.tsx [Server Component]

  Client Component SSR:
    ./components/Navbar/components/NavbarAccount/NavbarAccount.tsx [Client Component SSR]
    ./components/Navbar/Navbar.tsx [Client Component SSR]
    ./components/Navbar/Navbar.tsx [Server Component]
    ./app/layout.tsx [Server Component]

https://nextjs.org/docs/messages/module-not-found @ http://localhost:3000/_next/static/chunks/node_modules_next_dist_1e8vcs8._.js:1052
[  325783ms] [ERROR] ./components/Navbar/components/NavbarAccount/NavbarAccount.tsx:6:1
Error: Module not found: Can't resolve './components/AccountMenuPlan'
  4 | import { AccountMenuHeader } from "./components/AccountMenuHeader";
  5 | import { AccountMenuItem } from "./components/AccountMenuItem";
> 6 | import { AccountMenuPlan } from "./components/AccountMenuPlan";
    | ^^^^^^^^^^^^^^^^^^^^^^^^^^^^^^^^^^^^^^^^^^^^^^^^^^^^^^^^^^^^^^
  7 | import {
  8 |   ACCOUNT_LABEL,
  9 |   ACCOUNT_MENU_ENTRIES,

Import traces:
  Client Component Browser:
    ./components/Navbar/components/NavbarAccount/NavbarAccount.tsx [Client Component Browser]
    ./components/Navbar/Navbar.tsx [Client Component Browser]
    ./components/Navbar/Navbar.tsx [Server Component]
    ./app/layout.tsx [Server Component]

  Client Component SSR:
    ./components/Navbar/components/NavbarAccount/NavbarAccount.tsx [Client Component SSR]
    ./components/Navbar/Navbar.tsx [Client Component SSR]
    ./components/Navbar/Navbar.tsx [Server Component]
    ./app/layout.tsx [Server Component]

https://nextjs.org/docs/messages/module-not-found @ http://localhost:3000/_next/static/chunks/node_modules_next_dist_1e8vcs8._.js:1052
[  325848ms] [ERROR] ./components/Navbar/components/NavbarAccount/NavbarAccount.tsx:5:1
Error: Module not found: Can't resolve './components/AccountMenuItem'
  3 |
  4 | import { AccountMenuHeader } from "./components/AccountMenuHeader";
> 5 | import { AccountMenuItem } from "./components/AccountMenuItem";
    | ^^^^^^^^^^^^^^^^^^^^^^^^^^^^^^^^^^^^^^^^^^^^^^^^^^^^^^^^^^^^^^
  6 | import { AccountMenuPlan } from "./components/AccountMenuPlan";
  7 | import {
  8 |   ACCOUNT_LABEL,

Import traces:
  Client Component Browser:
    ./components/Navbar/components/NavbarAccount/NavbarAccount.tsx [Client Component Browser]
    ./components/Navbar/Navbar.tsx [Client Component Browser]
    ./components/Navbar/Navbar.tsx [Server Component]
    ./app/layout.tsx [Server Component]

  Client Component SSR:
    ./components/Navbar/components/NavbarAccount/NavbarAccount.tsx [Client Component SSR]
    ./components/Navbar/Navbar.tsx [Client Component SSR]
    ./components/Navbar/Navbar.tsx [Server Component]
    ./app/layout.tsx [Server Component]

https://nextjs.org/docs/messages/module-not-found @ http://localhost:3000/_next/static/chunks/node_modules_next_dist_1e8vcs8._.js:1052
[  325848ms] [ERROR] ./components/Navbar/components/NavbarAccount/NavbarAccount.tsx:6:1
Error: Module not found: Can't resolve './components/AccountMenuPlan'
  4 | import { AccountMenuHeader } from "./components/AccountMenuHeader";
  5 | import { AccountMenuItem } from "./components/AccountMenuItem";
> 6 | import { AccountMenuPlan } from "./components/AccountMenuPlan";
    | ^^^^^^^^^^^^^^^^^^^^^^^^^^^^^^^^^^^^^^^^^^^^^^^^^^^^^^^^^^^^^^
  7 | import {
  8 |   ACCOUNT_LABEL,
  9 |   ACCOUNT_MENU_ENTRIES,

Import traces:
  Client Component Browser:
    ./components/Navbar/components/NavbarAccount/NavbarAccount.tsx [Client Component Browser]
    ./components/Navbar/Navbar.tsx [Client Component Browser]
    ./components/Navbar/Navbar.tsx [Server Component]
    ./app/layout.tsx [Server Component]

  Client Component SSR:
    ./components/Navbar/components/NavbarAccount/NavbarAccount.tsx [Client Component SSR]
    ./components/Navbar/Navbar.tsx [Client Component SSR]
    ./components/Navbar/Navbar.tsx [Server Component]
    ./app/layout.tsx [Server Component]

https://nextjs.org/docs/messages/module-not-found @ http://localhost:3000/_next/static/chunks/node_modules_next_dist_1e8vcs8._.js:1052
[  325901ms] [ERROR] ./components/Navbar/components/NavbarAccount/NavbarAccount.tsx:5:1
Error: Module not found: Can't resolve './components/AccountMenuItem'
  3 |
  4 | import { AccountMenuHeader } from "./components/AccountMenuHeader";
> 5 | import { AccountMenuItem } from "./components/AccountMenuItem";
    | ^^^^^^^^^^^^^^^^^^^^^^^^^^^^^^^^^^^^^^^^^^^^^^^^^^^^^^^^^^^^^^
  6 | import { AccountMenuPlan } from "./components/AccountMenuPlan";
  7 | import {
  8 |   ACCOUNT_LABEL,

Import traces:
  Client Component Browser:
    ./components/Navbar/components/NavbarAccount/NavbarAccount.tsx [Client Component Browser]
    ./components/Navbar/Navbar.tsx [Client Component Browser]
    ./components/Navbar/Navbar.tsx [Server Component]
    ./app/layout.tsx [Server Component]

  Client Component SSR:
    ./components/Navbar/components/NavbarAccount/NavbarAccount.tsx [Client Component SSR]
    ./components/Navbar/Navbar.tsx [Client Component SSR]
    ./components/Navbar/Navbar.tsx [Server Component]
    ./app/layout.tsx [Server Component]

https://nextjs.org/docs/messages/module-not-found @ http://localhost:3000/_next/static/chunks/node_modules_next_dist_1e8vcs8._.js:1052
[  325901ms] [ERROR] ./components/Navbar/components/NavbarAccount/NavbarAccount.tsx:6:1
Error: Module not found: Can't resolve './components/AccountMenuPlan'
  4 | import { AccountMenuHeader } from "./components/AccountMenuHeader";
  5 | import { AccountMenuItem } from "./components/AccountMenuItem";
> 6 | import { AccountMenuPlan } from "./components/AccountMenuPlan";
    | ^^^^^^^^^^^^^^^^^^^^^^^^^^^^^^^^^^^^^^^^^^^^^^^^^^^^^^^^^^^^^^
  7 | import {
  8 |   ACCOUNT_LABEL,
  9 |   ACCOUNT_MENU_ENTRIES,

Import traces:
  Client Component Browser:
    ./components/Navbar/components/NavbarAccount/NavbarAccount.tsx [Client Component Browser]
    ./components/Navbar/Navbar.tsx [Client Component Browser]
    ./components/Navbar/Navbar.tsx [Server Component]
    ./app/layout.tsx [Server Component]

  Client Component SSR:
    ./components/Navbar/components/NavbarAccount/NavbarAccount.tsx [Client Component SSR]
    ./components/Navbar/Navbar.tsx [Client Component SSR]
    ./components/Navbar/Navbar.tsx [Server Component]
    ./app/layout.tsx [Server Component]

https://nextjs.org/docs/messages/module-not-found @ http://localhost:3000/_next/static/chunks/node_modules_next_dist_1e8vcs8._.js:1052
[  325966ms] [ERROR] ./components/Navbar/components/NavbarAccount/NavbarAccount.tsx:5:1
Error: Module not found: Can't resolve './components/AccountMenuItem'
  3 |
  4 | import { AccountMenuHeader } from "./components/AccountMenuHeader";
> 5 | import { AccountMenuItem } from "./components/AccountMenuItem";
    | ^^^^^^^^^^^^^^^^^^^^^^^^^^^^^^^^^^^^^^^^^^^^^^^^^^^^^^^^^^^^^^
  6 | import { AccountMenuPlan } from "./components/AccountMenuPlan";
  7 | import {
  8 |   ACCOUNT_LABEL,

Import traces:
  Client Component Browser:
    ./components/Navbar/components/NavbarAccount/NavbarAccount.tsx [Client Component Browser]
    ./components/Navbar/Navbar.tsx [Client Component Browser]
    ./components/Navbar/Navbar.tsx [Server Component]
    ./app/layout.tsx [Server Component]

  Client Component SSR:
    ./components/Navbar/components/NavbarAccount/NavbarAccount.tsx [Client Component SSR]
    ./components/Navbar/Navbar.tsx [Client Component SSR]
    ./components/Navbar/Navbar.tsx [Server Component]
    ./app/layout.tsx [Server Component]

https://nextjs.org/docs/messages/module-not-found @ http://localhost:3000/_next/static/chunks/node_modules_next_dist_1e8vcs8._.js:1052
[  325967ms] [ERROR] ./components/Navbar/components/NavbarAccount/NavbarAccount.tsx:6:1
Error: Module not found: Can't resolve './components/AccountMenuPlan'
  4 | import { AccountMenuHeader } from "./components/AccountMenuHeader";
  5 | import { AccountMenuItem } from "./components/AccountMenuItem";
> 6 | import { AccountMenuPlan } from "./components/AccountMenuPlan";
    | ^^^^^^^^^^^^^^^^^^^^^^^^^^^^^^^^^^^^^^^^^^^^^^^^^^^^^^^^^^^^^^
  7 | import {
  8 |   ACCOUNT_LABEL,
  9 |   ACCOUNT_MENU_ENTRIES,

Import traces:
  Client Component Browser:
    ./components/Navbar/components/NavbarAccount/NavbarAccount.tsx [Client Component Browser]
    ./components/Navbar/Navbar.tsx [Client Component Browser]
    ./components/Navbar/Navbar.tsx [Server Component]
    ./app/layout.tsx [Server Component]

  Client Component SSR:
    ./components/Navbar/components/NavbarAccount/NavbarAccount.tsx [Client Component SSR]
    ./components/Navbar/Navbar.tsx [Client Component SSR]
    ./components/Navbar/Navbar.tsx [Server Component]
    ./app/layout.tsx [Server Component]

https://nextjs.org/docs/messages/module-not-found @ http://localhost:3000/_next/static/chunks/node_modules_next_dist_1e8vcs8._.js:1052
[  326016ms] [ERROR] ./components/Navbar/components/NavbarAccount/NavbarAccount.tsx:5:1
Error: Module not found: Can't resolve './components/AccountMenuItem'
  3 |
  4 | import { AccountMenuHeader } from "./components/AccountMenuHeader";
> 5 | import { AccountMenuItem } from "./components/AccountMenuItem";
    | ^^^^^^^^^^^^^^^^^^^^^^^^^^^^^^^^^^^^^^^^^^^^^^^^^^^^^^^^^^^^^^
  6 | import { AccountMenuPlan } from "./components/AccountMenuPlan";
  7 | import {
  8 |   ACCOUNT_LABEL,

Import traces:
  Client Component Browser:
    ./components/Navbar/components/NavbarAccount/NavbarAccount.tsx [Client Component Browser]
    ./components/Navbar/Navbar.tsx [Client Component Browser]
    ./components/Navbar/Navbar.tsx [Server Component]
    ./app/layout.tsx [Server Component]

  Client Component SSR:
    ./components/Navbar/components/NavbarAccount/NavbarAccount.tsx [Client Component SSR]
    ./components/Navbar/Navbar.tsx [Client Component SSR]
    ./components/Navbar/Navbar.tsx [Server Component]
    ./app/layout.tsx [Server Component]

https://nextjs.org/docs/messages/module-not-found @ http://localhost:3000/_next/static/chunks/node_modules_next_dist_1e8vcs8._.js:1052
[  326016ms] [ERROR] ./components/Navbar/components/NavbarAccount/NavbarAccount.tsx:6:1
Error: Module not found: Can't resolve './components/AccountMenuPlan'
  4 | import { AccountMenuHeader } from "./components/AccountMenuHeader";
  5 | import { AccountMenuItem } from "./components/AccountMenuItem";
> 6 | import { AccountMenuPlan } from "./components/AccountMenuPlan";
    | ^^^^^^^^^^^^^^^^^^^^^^^^^^^^^^^^^^^^^^^^^^^^^^^^^^^^^^^^^^^^^^
  7 | import {
  8 |   ACCOUNT_LABEL,
  9 |   ACCOUNT_MENU_ENTRIES,

Import traces:
  Client Component Browser:
    ./components/Navbar/components/NavbarAccount/NavbarAccount.tsx [Client Component Browser]
    ./components/Navbar/Navbar.tsx [Client Component Browser]
    ./components/Navbar/Navbar.tsx [Server Component]
    ./app/layout.tsx [Server Component]

  Client Component SSR:
    ./components/Navbar/components/NavbarAccount/NavbarAccount.tsx [Client Component SSR]
    ./components/Navbar/Navbar.tsx [Client Component SSR]
    ./components/Navbar/Navbar.tsx [Server Component]
    ./app/layout.tsx [Server Component]

https://nextjs.org/docs/messages/module-not-found @ http://localhost:3000/_next/static/chunks/node_modules_next_dist_1e8vcs8._.js:1052
[  326082ms] [ERROR] ./components/Navbar/components/NavbarAccount/NavbarAccount.tsx:5:1
Error: Module not found: Can't resolve './components/AccountMenuItem'
  3 |
  4 | import { AccountMenuHeader } from "./components/AccountMenuHeader";
> 5 | import { AccountMenuItem } from "./components/AccountMenuItem";
    | ^^^^^^^^^^^^^^^^^^^^^^^^^^^^^^^^^^^^^^^^^^^^^^^^^^^^^^^^^^^^^^
  6 | import { AccountMenuPlan } from "./components/AccountMenuPlan";
  7 | import {
  8 |   ACCOUNT_LABEL,

Import traces:
  Client Component Browser:
    ./components/Navbar/components/NavbarAccount/NavbarAccount.tsx [Client Component Browser]
    ./components/Navbar/Navbar.tsx [Client Component Browser]
    ./components/Navbar/Navbar.tsx [Server Component]
    ./app/layout.tsx [Server Component]

  Client Component SSR:
    ./components/Navbar/components/NavbarAccount/NavbarAccount.tsx [Client Component SSR]
    ./components/Navbar/Navbar.tsx [Client Component SSR]
    ./components/Navbar/Navbar.tsx [Server Component]
    ./app/layout.tsx [Server Component]

https://nextjs.org/docs/messages/module-not-found @ http://localhost:3000/_next/static/chunks/node_modules_next_dist_1e8vcs8._.js:1052
[  326082ms] [ERROR] ./components/Navbar/components/NavbarAccount/NavbarAccount.tsx:6:1
Error: Module not found: Can't resolve './components/AccountMenuPlan'
  4 | import { AccountMenuHeader } from "./components/AccountMenuHeader";
  5 | import { AccountMenuItem } from "./components/AccountMenuItem";
> 6 | import { AccountMenuPlan } from "./components/AccountMenuPlan";
    | ^^^^^^^^^^^^^^^^^^^^^^^^^^^^^^^^^^^^^^^^^^^^^^^^^^^^^^^^^^^^^^
  7 | import {
  8 |   ACCOUNT_LABEL,
  9 |   ACCOUNT_MENU_ENTRIES,

Import traces:
  Client Component Browser:
    ./components/Navbar/components/NavbarAccount/NavbarAccount.tsx [Client Component Browser]
    ./components/Navbar/Navbar.tsx [Client Component Browser]
    ./components/Navbar/Navbar.tsx [Server Component]
    ./app/layout.tsx [Server Component]

  Client Component SSR:
    ./components/Navbar/components/NavbarAccount/NavbarAccount.tsx [Client Component SSR]
    ./components/Navbar/Navbar.tsx [Client Component SSR]
    ./components/Navbar/Navbar.tsx [Server Component]
    ./app/layout.tsx [Server Component]

https://nextjs.org/docs/messages/module-not-found @ http://localhost:3000/_next/static/chunks/node_modules_next_dist_1e8vcs8._.js:1052
[  326132ms] [ERROR] ./components/Navbar/components/NavbarAccount/NavbarAccount.tsx:5:1
Error: Module not found: Can't resolve './components/AccountMenuItem'
  3 |
  4 | import { AccountMenuHeader } from "./components/AccountMenuHeader";
> 5 | import { AccountMenuItem } from "./components/AccountMenuItem";
    | ^^^^^^^^^^^^^^^^^^^^^^^^^^^^^^^^^^^^^^^^^^^^^^^^^^^^^^^^^^^^^^
  6 | import { AccountMenuPlan } from "./components/AccountMenuPlan";
  7 | import {
  8 |   ACCOUNT_LABEL,

Import traces:
  Client Component Browser:
    ./components/Navbar/components/NavbarAccount/NavbarAccount.tsx [Client Component Browser]
    ./components/Navbar/Navbar.tsx [Client Component Browser]
    ./components/Navbar/Navbar.tsx [Server Component]
    ./app/layout.tsx [Server Component]

  Client Component SSR:
    ./components/Navbar/components/NavbarAccount/NavbarAccount.tsx [Client Component SSR]
    ./components/Navbar/Navbar.tsx [Client Component SSR]
    ./components/Navbar/Navbar.tsx [Server Component]
    ./app/layout.tsx [Server Component]

https://nextjs.org/docs/messages/module-not-found @ http://localhost:3000/_next/static/chunks/node_modules_next_dist_1e8vcs8._.js:1052
[  326132ms] [ERROR] ./components/Navbar/components/NavbarAccount/NavbarAccount.tsx:6:1
Error: Module not found: Can't resolve './components/AccountMenuPlan'
  4 | import { AccountMenuHeader } from "./components/AccountMenuHeader";
  5 | import { AccountMenuItem } from "./components/AccountMenuItem";
> 6 | import { AccountMenuPlan } from "./components/AccountMenuPlan";
    | ^^^^^^^^^^^^^^^^^^^^^^^^^^^^^^^^^^^^^^^^^^^^^^^^^^^^^^^^^^^^^^
  7 | import {
  8 |   ACCOUNT_LABEL,
  9 |   ACCOUNT_MENU_ENTRIES,

Import traces:
  Client Component Browser:
    ./components/Navbar/components/NavbarAccount/NavbarAccount.tsx [Client Component Browser]
    ./components/Navbar/Navbar.tsx [Client Component Browser]
    ./components/Navbar/Navbar.tsx [Server Component]
    ./app/layout.tsx [Server Component]

  Client Component SSR:
    ./components/Navbar/components/NavbarAccount/NavbarAccount.tsx [Client Component SSR]
    ./components/Navbar/Navbar.tsx [Client Component SSR]
    ./components/Navbar/Navbar.tsx [Server Component]
    ./app/layout.tsx [Server Component]

https://nextjs.org/docs/messages/module-not-found @ http://localhost:3000/_next/static/chunks/node_modules_next_dist_1e8vcs8._.js:1052
[  326182ms] [ERROR] ./components/Navbar/components/NavbarAccount/NavbarAccount.tsx:5:1
Error: Module not found: Can't resolve './components/AccountMenuItem'
  3 |
  4 | import { AccountMenuHeader } from "./components/AccountMenuHeader";
> 5 | import { AccountMenuItem } from "./components/AccountMenuItem";
    | ^^^^^^^^^^^^^^^^^^^^^^^^^^^^^^^^^^^^^^^^^^^^^^^^^^^^^^^^^^^^^^
  6 | import { AccountMenuPlan } from "./components/AccountMenuPlan";
  7 | import {
  8 |   ACCOUNT_LABEL,

Import traces:
  Client Component Browser:
    ./components/Navbar/components/NavbarAccount/NavbarAccount.tsx [Client Component Browser]
    ./components/Navbar/Navbar.tsx [Client Component Browser]
    ./components/Navbar/Navbar.tsx [Server Component]
    ./app/layout.tsx [Server Component]

  Client Component SSR:
    ./components/Navbar/components/NavbarAccount/NavbarAccount.tsx [Client Component SSR]
    ./components/Navbar/Navbar.tsx [Client Component SSR]
    ./components/Navbar/Navbar.tsx [Server Component]
    ./app/layout.tsx [Server Component]

https://nextjs.org/docs/messages/module-not-found @ http://localhost:3000/_next/static/chunks/node_modules_next_dist_1e8vcs8._.js:1052
[  326183ms] [ERROR] ./components/Navbar/components/NavbarAccount/NavbarAccount.tsx:6:1
Error: Module not found: Can't resolve './components/AccountMenuPlan'
  4 | import { AccountMenuHeader } from "./components/AccountMenuHeader";
  5 | import { AccountMenuItem } from "./components/AccountMenuItem";
> 6 | import { AccountMenuPlan } from "./components/AccountMenuPlan";
    | ^^^^^^^^^^^^^^^^^^^^^^^^^^^^^^^^^^^^^^^^^^^^^^^^^^^^^^^^^^^^^^
  7 | import {
  8 |   ACCOUNT_LABEL,
  9 |   ACCOUNT_MENU_ENTRIES,

Import traces:
  Client Component Browser:
    ./components/Navbar/components/NavbarAccount/NavbarAccount.tsx [Client Component Browser]
    ./components/Navbar/Navbar.tsx [Client Component Browser]
    ./components/Navbar/Navbar.tsx [Server Component]
    ./app/layout.tsx [Server Component]

  Client Component SSR:
    ./components/Navbar/components/NavbarAccount/NavbarAccount.tsx [Client Component SSR]
    ./components/Navbar/Navbar.tsx [Client Component SSR]
    ./components/Navbar/Navbar.tsx [Server Component]
    ./app/layout.tsx [Server Component]

https://nextjs.org/docs/messages/module-not-found @ http://localhost:3000/_next/static/chunks/node_modules_next_dist_1e8vcs8._.js:1052
[  326233ms] [ERROR] ./components/Navbar/components/NavbarAccount/NavbarAccount.tsx:5:1
Error: Module not found: Can't resolve './components/AccountMenuItem'
  3 |
  4 | import { AccountMenuHeader } from "./components/AccountMenuHeader";
> 5 | import { AccountMenuItem } from "./components/AccountMenuItem";
    | ^^^^^^^^^^^^^^^^^^^^^^^^^^^^^^^^^^^^^^^^^^^^^^^^^^^^^^^^^^^^^^
  6 | import { AccountMenuPlan } from "./components/AccountMenuPlan";
  7 | import {
  8 |   ACCOUNT_LABEL,

Import traces:
  Client Component Browser:
    ./components/Navbar/components/NavbarAccount/NavbarAccount.tsx [Client Component Browser]
    ./components/Navbar/Navbar.tsx [Client Component Browser]
    ./components/Navbar/Navbar.tsx [Server Component]
    ./app/layout.tsx [Server Component]

  Client Component SSR:
    ./components/Navbar/components/NavbarAccount/NavbarAccount.tsx [Client Component SSR]
    ./components/Navbar/Navbar.tsx [Client Component SSR]
    ./components/Navbar/Navbar.tsx [Server Component]
    ./app/layout.tsx [Server Component]

https://nextjs.org/docs/messages/module-not-found @ http://localhost:3000/_next/static/chunks/node_modules_next_dist_1e8vcs8._.js:1052
[  326233ms] [ERROR] ./components/Navbar/components/NavbarAccount/NavbarAccount.tsx:6:1
Error: Module not found: Can't resolve './components/AccountMenuPlan'
  4 | import { AccountMenuHeader } from "./components/AccountMenuHeader";
  5 | import { AccountMenuItem } from "./components/AccountMenuItem";
> 6 | import { AccountMenuPlan } from "./components/AccountMenuPlan";
    | ^^^^^^^^^^^^^^^^^^^^^^^^^^^^^^^^^^^^^^^^^^^^^^^^^^^^^^^^^^^^^^
  7 | import {
  8 |   ACCOUNT_LABEL,
  9 |   ACCOUNT_MENU_ENTRIES,

Import traces:
  Client Component Browser:
    ./components/Navbar/components/NavbarAccount/NavbarAccount.tsx [Client Component Browser]
    ./components/Navbar/Navbar.tsx [Client Component Browser]
    ./components/Navbar/Navbar.tsx [Server Component]
    ./app/layout.tsx [Server Component]

  Client Component SSR:
    ./components/Navbar/components/NavbarAccount/NavbarAccount.tsx [Client Component SSR]
    ./components/Navbar/Navbar.tsx [Client Component SSR]
    ./components/Navbar/Navbar.tsx [Server Component]
    ./app/layout.tsx [Server Component]

https://nextjs.org/docs/messages/module-not-found @ http://localhost:3000/_next/static/chunks/node_modules_next_dist_1e8vcs8._.js:1052
[  326298ms] [ERROR] ./components/Navbar/components/NavbarAccount/NavbarAccount.tsx:5:1
Error: Module not found: Can't resolve './components/AccountMenuItem'
  3 |
  4 | import { AccountMenuHeader } from "./components/AccountMenuHeader";
> 5 | import { AccountMenuItem } from "./components/AccountMenuItem";
    | ^^^^^^^^^^^^^^^^^^^^^^^^^^^^^^^^^^^^^^^^^^^^^^^^^^^^^^^^^^^^^^
  6 | import { AccountMenuPlan } from "./components/AccountMenuPlan";
  7 | import {
  8 |   ACCOUNT_LABEL,

Import traces:
  Client Component Browser:
    ./components/Navbar/components/NavbarAccount/NavbarAccount.tsx [Client Component Browser]
    ./components/Navbar/Navbar.tsx [Client Component Browser]
    ./components/Navbar/Navbar.tsx [Server Component]
    ./app/layout.tsx [Server Component]

  Client Component SSR:
    ./components/Navbar/components/NavbarAccount/NavbarAccount.tsx [Client Component SSR]
    ./components/Navbar/Navbar.tsx [Client Component SSR]
    ./components/Navbar/Navbar.tsx [Server Component]
    ./app/layout.tsx [Server Component]

https://nextjs.org/docs/messages/module-not-found @ http://localhost:3000/_next/static/chunks/node_modules_next_dist_1e8vcs8._.js:1052
[  326299ms] [ERROR] ./components/Navbar/components/NavbarAccount/NavbarAccount.tsx:6:1
Error: Module not found: Can't resolve './components/AccountMenuPlan'
  4 | import { AccountMenuHeader } from "./components/AccountMenuHeader";
  5 | import { AccountMenuItem } from "./components/AccountMenuItem";
> 6 | import { AccountMenuPlan } from "./components/AccountMenuPlan";
    | ^^^^^^^^^^^^^^^^^^^^^^^^^^^^^^^^^^^^^^^^^^^^^^^^^^^^^^^^^^^^^^
  7 | import {
  8 |   ACCOUNT_LABEL,
  9 |   ACCOUNT_MENU_ENTRIES,

Import traces:
  Client Component Browser:
    ./components/Navbar/components/NavbarAccount/NavbarAccount.tsx [Client Component Browser]
    ./components/Navbar/Navbar.tsx [Client Component Browser]
    ./components/Navbar/Navbar.tsx [Server Component]
    ./app/layout.tsx [Server Component]

  Client Component SSR:
    ./components/Navbar/components/NavbarAccount/NavbarAccount.tsx [Client Component SSR]
    ./components/Navbar/Navbar.tsx [Client Component SSR]
    ./components/Navbar/Navbar.tsx [Server Component]
    ./app/layout.tsx [Server Component]

https://nextjs.org/docs/messages/module-not-found @ http://localhost:3000/_next/static/chunks/node_modules_next_dist_1e8vcs8._.js:1052
[  326348ms] [ERROR] ./components/Navbar/components/NavbarAccount/NavbarAccount.tsx:5:1
Error: Module not found: Can't resolve './components/AccountMenuItem'
  3 |
  4 | import { AccountMenuHeader } from "./components/AccountMenuHeader";
> 5 | import { AccountMenuItem } from "./components/AccountMenuItem";
    | ^^^^^^^^^^^^^^^^^^^^^^^^^^^^^^^^^^^^^^^^^^^^^^^^^^^^^^^^^^^^^^
  6 | import { AccountMenuPlan } from "./components/AccountMenuPlan";
  7 | import {
  8 |   ACCOUNT_LABEL,

Import traces:
  Client Component Browser:
    ./components/Navbar/components/NavbarAccount/NavbarAccount.tsx [Client Component Browser]
    ./components/Navbar/Navbar.tsx [Client Component Browser]
    ./components/Navbar/Navbar.tsx [Server Component]
    ./app/layout.tsx [Server Component]

  Client Component SSR:
    ./components/Navbar/components/NavbarAccount/NavbarAccount.tsx [Client Component SSR]
    ./components/Navbar/Navbar.tsx [Client Component SSR]
    ./components/Navbar/Navbar.tsx [Server Component]
    ./app/layout.tsx [Server Component]

https://nextjs.org/docs/messages/module-not-found @ http://localhost:3000/_next/static/chunks/node_modules_next_dist_1e8vcs8._.js:1052
[  326348ms] [ERROR] ./components/Navbar/components/NavbarAccount/NavbarAccount.tsx:6:1
Error: Module not found: Can't resolve './components/AccountMenuPlan'
  4 | import { AccountMenuHeader } from "./components/AccountMenuHeader";
  5 | import { AccountMenuItem } from "./components/AccountMenuItem";
> 6 | import { AccountMenuPlan } from "./components/AccountMenuPlan";
    | ^^^^^^^^^^^^^^^^^^^^^^^^^^^^^^^^^^^^^^^^^^^^^^^^^^^^^^^^^^^^^^
  7 | import {
  8 |   ACCOUNT_LABEL,
  9 |   ACCOUNT_MENU_ENTRIES,

Import traces:
  Client Component Browser:
    ./components/Navbar/components/NavbarAccount/NavbarAccount.tsx [Client Component Browser]
    ./components/Navbar/Navbar.tsx [Client Component Browser]
    ./components/Navbar/Navbar.tsx [Server Component]
    ./app/layout.tsx [Server Component]

  Client Component SSR:
    ./components/Navbar/components/NavbarAccount/NavbarAccount.tsx [Client Component SSR]
    ./components/Navbar/Navbar.tsx [Client Component SSR]
    ./components/Navbar/Navbar.tsx [Server Component]
    ./app/layout.tsx [Server Component]

https://nextjs.org/docs/messages/module-not-found @ http://localhost:3000/_next/static/chunks/node_modules_next_dist_1e8vcs8._.js:1052
[  326406ms] [ERROR] ./components/Navbar/components/NavbarAccount/NavbarAccount.tsx:5:1
Error: Module not found: Can't resolve './components/AccountMenuItem'
  3 |
  4 | import { AccountMenuHeader } from "./components/AccountMenuHeader";
> 5 | import { AccountMenuItem } from "./components/AccountMenuItem";
    | ^^^^^^^^^^^^^^^^^^^^^^^^^^^^^^^^^^^^^^^^^^^^^^^^^^^^^^^^^^^^^^
  6 | import { AccountMenuPlan } from "./components/AccountMenuPlan";
  7 | import {
  8 |   ACCOUNT_LABEL,

Import traces:
  Client Component Browser:
    ./components/Navbar/components/NavbarAccount/NavbarAccount.tsx [Client Component Browser]
    ./components/Navbar/Navbar.tsx [Client Component Browser]
    ./components/Navbar/Navbar.tsx [Server Component]
    ./app/layout.tsx [Server Component]

  Client Component SSR:
    ./components/Navbar/components/NavbarAccount/NavbarAccount.tsx [Client Component SSR]
    ./components/Navbar/Navbar.tsx [Client Component SSR]
    ./components/Navbar/Navbar.tsx [Server Component]
    ./app/layout.tsx [Server Component]

https://nextjs.org/docs/messages/module-not-found @ http://localhost:3000/_next/static/chunks/node_modules_next_dist_1e8vcs8._.js:1052
[  326407ms] [ERROR] ./components/Navbar/components/NavbarAccount/NavbarAccount.tsx:6:1
Error: Module not found: Can't resolve './components/AccountMenuPlan'
  4 | import { AccountMenuHeader } from "./components/AccountMenuHeader";
  5 | import { AccountMenuItem } from "./components/AccountMenuItem";
> 6 | import { AccountMenuPlan } from "./components/AccountMenuPlan";
    | ^^^^^^^^^^^^^^^^^^^^^^^^^^^^^^^^^^^^^^^^^^^^^^^^^^^^^^^^^^^^^^
  7 | import {
  8 |   ACCOUNT_LABEL,
  9 |   ACCOUNT_MENU_ENTRIES,

Import traces:
  Client Component Browser:
    ./components/Navbar/components/NavbarAccount/NavbarAccount.tsx [Client Component Browser]
    ./components/Navbar/Navbar.tsx [Client Component Browser]
    ./components/Navbar/Navbar.tsx [Server Component]
    ./app/layout.tsx [Server Component]

  Client Component SSR:
    ./components/Navbar/components/NavbarAccount/NavbarAccount.tsx [Client Component SSR]
    ./components/Navbar/Navbar.tsx [Client Component SSR]
    ./components/Navbar/Navbar.tsx [Server Component]
    ./app/layout.tsx [Server Component]

https://nextjs.org/docs/messages/module-not-found @ http://localhost:3000/_next/static/chunks/node_modules_next_dist_1e8vcs8._.js:1052
[  326465ms] [ERROR] ./components/Navbar/components/NavbarAccount/NavbarAccount.tsx:5:1
Error: Module not found: Can't resolve './components/AccountMenuItem'
  3 |
  4 | import { AccountMenuHeader } from "./components/AccountMenuHeader";
> 5 | import { AccountMenuItem } from "./components/AccountMenuItem";
    | ^^^^^^^^^^^^^^^^^^^^^^^^^^^^^^^^^^^^^^^^^^^^^^^^^^^^^^^^^^^^^^
  6 | import { AccountMenuPlan } from "./components/AccountMenuPlan";
  7 | import {
  8 |   ACCOUNT_LABEL,

Import traces:
  Client Component Browser:
    ./components/Navbar/components/NavbarAccount/NavbarAccount.tsx [Client Component Browser]
    ./components/Navbar/Navbar.tsx [Client Component Browser]
    ./components/Navbar/Navbar.tsx [Server Component]
    ./app/layout.tsx [Server Component]

  Client Component SSR:
    ./components/Navbar/components/NavbarAccount/NavbarAccount.tsx [Client Component SSR]
    ./components/Navbar/Navbar.tsx [Client Component SSR]
    ./components/Navbar/Navbar.tsx [Server Component]
    ./app/layout.tsx [Server Component]

https://nextjs.org/docs/messages/module-not-found @ http://localhost:3000/_next/static/chunks/node_modules_next_dist_1e8vcs8._.js:1052
[  326465ms] [ERROR] ./components/Navbar/components/NavbarAccount/NavbarAccount.tsx:6:1
Error: Module not found: Can't resolve './components/AccountMenuPlan'
  4 | import { AccountMenuHeader } from "./components/AccountMenuHeader";
  5 | import { AccountMenuItem } from "./components/AccountMenuItem";
> 6 | import { AccountMenuPlan } from "./components/AccountMenuPlan";
    | ^^^^^^^^^^^^^^^^^^^^^^^^^^^^^^^^^^^^^^^^^^^^^^^^^^^^^^^^^^^^^^
  7 | import {
  8 |   ACCOUNT_LABEL,
  9 |   ACCOUNT_MENU_ENTRIES,

Import traces:
  Client Component Browser:
    ./components/Navbar/components/NavbarAccount/NavbarAccount.tsx [Client Component Browser]
    ./components/Navbar/Navbar.tsx [Client Component Browser]
    ./components/Navbar/Navbar.tsx [Server Component]
    ./app/layout.tsx [Server Component]

  Client Component SSR:
    ./components/Navbar/components/NavbarAccount/NavbarAccount.tsx [Client Component SSR]
    ./components/Navbar/Navbar.tsx [Client Component SSR]
    ./components/Navbar/Navbar.tsx [Server Component]
    ./app/layout.tsx [Server Component]

https://nextjs.org/docs/messages/module-not-found @ http://localhost:3000/_next/static/chunks/node_modules_next_dist_1e8vcs8._.js:1052
[  326517ms] [ERROR] ./components/Navbar/components/NavbarAccount/NavbarAccount.tsx:5:1
Error: Module not found: Can't resolve './components/AccountMenuItem'
  3 |
  4 | import { AccountMenuHeader } from "./components/AccountMenuHeader";
> 5 | import { AccountMenuItem } from "./components/AccountMenuItem";
    | ^^^^^^^^^^^^^^^^^^^^^^^^^^^^^^^^^^^^^^^^^^^^^^^^^^^^^^^^^^^^^^
  6 | import { AccountMenuPlan } from "./components/AccountMenuPlan";
  7 | import {
  8 |   ACCOUNT_LABEL,

Import traces:
  Client Component Browser:
    ./components/Navbar/components/NavbarAccount/NavbarAccount.tsx [Client Component Browser]
    ./components/Navbar/Navbar.tsx [Client Component Browser]
    ./components/Navbar/Navbar.tsx [Server Component]
    ./app/layout.tsx [Server Component]

  Client Component SSR:
    ./components/Navbar/components/NavbarAccount/NavbarAccount.tsx [Client Component SSR]
    ./components/Navbar/Navbar.tsx [Client Component SSR]
    ./components/Navbar/Navbar.tsx [Server Component]
    ./app/layout.tsx [Server Component]

https://nextjs.org/docs/messages/module-not-found @ http://localhost:3000/_next/static/chunks/node_modules_next_dist_1e8vcs8._.js:1052
[  326517ms] [ERROR] ./components/Navbar/components/NavbarAccount/NavbarAccount.tsx:6:1
Error: Module not found: Can't resolve './components/AccountMenuPlan'
  4 | import { AccountMenuHeader } from "./components/AccountMenuHeader";
  5 | import { AccountMenuItem } from "./components/AccountMenuItem";
> 6 | import { AccountMenuPlan } from "./components/AccountMenuPlan";
    | ^^^^^^^^^^^^^^^^^^^^^^^^^^^^^^^^^^^^^^^^^^^^^^^^^^^^^^^^^^^^^^
  7 | import {
  8 |   ACCOUNT_LABEL,
  9 |   ACCOUNT_MENU_ENTRIES,

Import traces:
  Client Component Browser:
    ./components/Navbar/components/NavbarAccount/NavbarAccount.tsx [Client Component Browser]
    ./components/Navbar/Navbar.tsx [Client Component Browser]
    ./components/Navbar/Navbar.tsx [Server Component]
    ./app/layout.tsx [Server Component]

  Client Component SSR:
    ./components/Navbar/components/NavbarAccount/NavbarAccount.tsx [Client Component SSR]
    ./components/Navbar/Navbar.tsx [Client Component SSR]
    ./components/Navbar/Navbar.tsx [Server Component]
    ./app/layout.tsx [Server Component]

https://nextjs.org/docs/messages/module-not-found @ http://localhost:3000/_next/static/chunks/node_modules_next_dist_1e8vcs8._.js:1052
[  326677ms] [ERROR] ./components/Navbar/components/NavbarAccount/NavbarAccount.tsx:5:1
Error: Module not found: Can't resolve './components/AccountMenuItem'
  3 |
  4 | import { AccountMenuHeader } from "./components/AccountMenuHeader";
> 5 | import { AccountMenuItem } from "./components/AccountMenuItem";
    | ^^^^^^^^^^^^^^^^^^^^^^^^^^^^^^^^^^^^^^^^^^^^^^^^^^^^^^^^^^^^^^
  6 | import { AccountMenuPlan } from "./components/AccountMenuPlan";
  7 | import {
  8 |   ACCOUNT_LABEL,

Import traces:
  Client Component Browser:
    ./components/Navbar/components/NavbarAccount/NavbarAccount.tsx [Client Component Browser]
    ./components/Navbar/Navbar.tsx [Client Component Browser]
    ./components/Navbar/Navbar.tsx [Server Component]
    ./app/layout.tsx [Server Component]

  Client Component SSR:
    ./components/Navbar/components/NavbarAccount/NavbarAccount.tsx [Client Component SSR]
    ./components/Navbar/Navbar.tsx [Client Component SSR]
    ./components/Navbar/Navbar.tsx [Server Component]
    ./app/layout.tsx [Server Component]

https://nextjs.org/docs/messages/module-not-found @ http://localhost:3000/_next/static/chunks/node_modules_next_dist_1e8vcs8._.js:1052
[  326677ms] [ERROR] ./components/Navbar/components/NavbarAccount/NavbarAccount.tsx:6:1
Error: Module not found: Can't resolve './components/AccountMenuPlan'
  4 | import { AccountMenuHeader } from "./components/AccountMenuHeader";
  5 | import { AccountMenuItem } from "./components/AccountMenuItem";
> 6 | import { AccountMenuPlan } from "./components/AccountMenuPlan";
    | ^^^^^^^^^^^^^^^^^^^^^^^^^^^^^^^^^^^^^^^^^^^^^^^^^^^^^^^^^^^^^^
  7 | import {
  8 |   ACCOUNT_LABEL,
  9 |   ACCOUNT_MENU_ENTRIES,

Import traces:
  Client Component Browser:
    ./components/Navbar/components/NavbarAccount/NavbarAccount.tsx [Client Component Browser]
    ./components/Navbar/Navbar.tsx [Client Component Browser]
    ./components/Navbar/Navbar.tsx [Server Component]
    ./app/layout.tsx [Server Component]

  Client Component SSR:
    ./components/Navbar/components/NavbarAccount/NavbarAccount.tsx [Client Component SSR]
    ./components/Navbar/Navbar.tsx [Client Component SSR]
    ./components/Navbar/Navbar.tsx [Server Component]
    ./app/layout.tsx [Server Component]

https://nextjs.org/docs/messages/module-not-found @ http://localhost:3000/_next/static/chunks/node_modules_next_dist_1e8vcs8._.js:1052
[  326731ms] [LOG] [Fast Refresh] rebuilding @ http://localhost:3000/_next/static/chunks/node_modules_next_dist_1e8vcs8._.js:776
[  326732ms] [ERROR] ./components/Navbar/components/NavbarAccount/NavbarAccount.tsx:5:1
Error: Module not found: Can't resolve './components/AccountMenuItem'
  3 |
  4 | import { AccountMenuHeader } from "./components/AccountMenuHeader";
> 5 | import { AccountMenuItem } from "./components/AccountMenuItem";
    | ^^^^^^^^^^^^^^^^^^^^^^^^^^^^^^^^^^^^^^^^^^^^^^^^^^^^^^^^^^^^^^
  6 | import { AccountMenuPlan } from "./components/AccountMenuPlan";
  7 | import {
  8 |   ACCOUNT_LABEL,

Import traces:
  Client Component Browser:
    ./components/Navbar/components/NavbarAccount/NavbarAccount.tsx [Client Component Browser]
    ./components/Navbar/Navbar.tsx [Client Component Browser]
    ./components/Navbar/Navbar.tsx [Server Component]
    ./app/layout.tsx [Server Component]

  Client Component SSR:
    ./components/Navbar/components/NavbarAccount/NavbarAccount.tsx [Client Component SSR]
    ./components/Navbar/Navbar.tsx [Client Component SSR]
    ./components/Navbar/Navbar.tsx [Server Component]
    ./app/layout.tsx [Server Component]

https://nextjs.org/docs/messages/module-not-found @ http://localhost:3000/_next/static/chunks/node_modules_next_dist_1e8vcs8._.js:1052
[  326732ms] [ERROR] ./components/Navbar/components/NavbarAccount/NavbarAccount.tsx:6:1
Error: Module not found: Can't resolve './components/AccountMenuPlan'
  4 | import { AccountMenuHeader } from "./components/AccountMenuHeader";
  5 | import { AccountMenuItem } from "./components/AccountMenuItem";
> 6 | import { AccountMenuPlan } from "./components/AccountMenuPlan";
    | ^^^^^^^^^^^^^^^^^^^^^^^^^^^^^^^^^^^^^^^^^^^^^^^^^^^^^^^^^^^^^^
  7 | import {
  8 |   ACCOUNT_LABEL,
  9 |   ACCOUNT_MENU_ENTRIES,

Import traces:
  Client Component Browser:
    ./components/Navbar/components/NavbarAccount/NavbarAccount.tsx [Client Component Browser]
    ./components/Navbar/Navbar.tsx [Client Component Browser]
    ./components/Navbar/Navbar.tsx [Server Component]
    ./app/layout.tsx [Server Component]

  Client Component SSR:
    ./components/Navbar/components/NavbarAccount/NavbarAccount.tsx [Client Component SSR]
    ./components/Navbar/Navbar.tsx [Client Component SSR]
    ./components/Navbar/Navbar.tsx [Server Component]
    ./app/layout.tsx [Server Component]

https://nextjs.org/docs/messages/module-not-found @ http://localhost:3000/_next/static/chunks/node_modules_next_dist_1e8vcs8._.js:1052
[  326782ms] [ERROR] ./components/Navbar/components/NavbarAccount/NavbarAccount.tsx:5:1
Error: Module not found: Can't resolve './components/AccountMenuItem'
  3 |
  4 | import { AccountMenuHeader } from "./components/AccountMenuHeader";
> 5 | import { AccountMenuItem } from "./components/AccountMenuItem";
    | ^^^^^^^^^^^^^^^^^^^^^^^^^^^^^^^^^^^^^^^^^^^^^^^^^^^^^^^^^^^^^^
  6 | import { AccountMenuPlan } from "./components/AccountMenuPlan";
  7 | import {
  8 |   ACCOUNT_LABEL,

Import traces:
  Client Component Browser:
    ./components/Navbar/components/NavbarAccount/NavbarAccount.tsx [Client Component Browser]
    ./components/Navbar/Navbar.tsx [Client Component Browser]
    ./components/Navbar/Navbar.tsx [Server Component]
    ./app/layout.tsx [Server Component]

  Client Component SSR:
    ./components/Navbar/components/NavbarAccount/NavbarAccount.tsx [Client Component SSR]
    ./components/Navbar/Navbar.tsx [Client Component SSR]
    ./components/Navbar/Navbar.tsx [Server Component]
    ./app/layout.tsx [Server Component]

https://nextjs.org/docs/messages/module-not-found @ http://localhost:3000/_next/static/chunks/node_modules_next_dist_1e8vcs8._.js:1052
[  326782ms] [ERROR] ./components/Navbar/components/NavbarAccount/NavbarAccount.tsx:6:1
Error: Module not found: Can't resolve './components/AccountMenuPlan'
  4 | import { AccountMenuHeader } from "./components/AccountMenuHeader";
  5 | import { AccountMenuItem } from "./components/AccountMenuItem";
> 6 | import { AccountMenuPlan } from "./components/AccountMenuPlan";
    | ^^^^^^^^^^^^^^^^^^^^^^^^^^^^^^^^^^^^^^^^^^^^^^^^^^^^^^^^^^^^^^
  7 | import {
  8 |   ACCOUNT_LABEL,
  9 |   ACCOUNT_MENU_ENTRIES,

Import traces:
  Client Component Browser:
    ./components/Navbar/components/NavbarAccount/NavbarAccount.tsx [Client Component Browser]
    ./components/Navbar/Navbar.tsx [Client Component Browser]
    ./components/Navbar/Navbar.tsx [Server Component]
    ./app/layout.tsx [Server Component]

  Client Component SSR:
    ./components/Navbar/components/NavbarAccount/NavbarAccount.tsx [Client Component SSR]
    ./components/Navbar/Navbar.tsx [Client Component SSR]
    ./components/Navbar/Navbar.tsx [Server Component]
    ./app/layout.tsx [Server Component]

https://nextjs.org/docs/messages/module-not-found @ http://localhost:3000/_next/static/chunks/node_modules_next_dist_1e8vcs8._.js:1052
[  326833ms] [ERROR] ./components/Navbar/components/NavbarAccount/NavbarAccount.tsx:5:1
Error: Module not found: Can't resolve './components/AccountMenuItem'
  3 |
  4 | import { AccountMenuHeader } from "./components/AccountMenuHeader";
> 5 | import { AccountMenuItem } from "./components/AccountMenuItem";
    | ^^^^^^^^^^^^^^^^^^^^^^^^^^^^^^^^^^^^^^^^^^^^^^^^^^^^^^^^^^^^^^
  6 | import { AccountMenuPlan } from "./components/AccountMenuPlan";
  7 | import {
  8 |   ACCOUNT_LABEL,

Import traces:
  Client Component Browser:
    ./components/Navbar/components/NavbarAccount/NavbarAccount.tsx [Client Component Browser]
    ./components/Navbar/Navbar.tsx [Client Component Browser]
    ./components/Navbar/Navbar.tsx [Server Component]
    ./app/layout.tsx [Server Component]

  Client Component SSR:
    ./components/Navbar/components/NavbarAccount/NavbarAccount.tsx [Client Component SSR]
    ./components/Navbar/Navbar.tsx [Client Component SSR]
    ./components/Navbar/Navbar.tsx [Server Component]
    ./app/layout.tsx [Server Component]

https://nextjs.org/docs/messages/module-not-found @ http://localhost:3000/_next/static/chunks/node_modules_next_dist_1e8vcs8._.js:1052
[  326833ms] [ERROR] ./components/Navbar/components/NavbarAccount/NavbarAccount.tsx:6:1
Error: Module not found: Can't resolve './components/AccountMenuPlan'
  4 | import { AccountMenuHeader } from "./components/AccountMenuHeader";
  5 | import { AccountMenuItem } from "./components/AccountMenuItem";
> 6 | import { AccountMenuPlan } from "./components/AccountMenuPlan";
    | ^^^^^^^^^^^^^^^^^^^^^^^^^^^^^^^^^^^^^^^^^^^^^^^^^^^^^^^^^^^^^^
  7 | import {
  8 |   ACCOUNT_LABEL,
  9 |   ACCOUNT_MENU_ENTRIES,

Import traces:
  Client Component Browser:
    ./components/Navbar/components/NavbarAccount/NavbarAccount.tsx [Client Component Browser]
    ./components/Navbar/Navbar.tsx [Client Component Browser]
    ./components/Navbar/Navbar.tsx [Server Component]
    ./app/layout.tsx [Server Component]

  Client Component SSR:
    ./components/Navbar/components/NavbarAccount/NavbarAccount.tsx [Client Component SSR]
    ./components/Navbar/Navbar.tsx [Client Component SSR]
    ./components/Navbar/Navbar.tsx [Server Component]
    ./app/layout.tsx [Server Component]

https://nextjs.org/docs/messages/module-not-found @ http://localhost:3000/_next/static/chunks/node_modules_next_dist_1e8vcs8._.js:1052
[  326882ms] [ERROR] ./components/Navbar/components/NavbarAccount/NavbarAccount.tsx:5:1
Error: Module not found: Can't resolve './components/AccountMenuItem'
  3 |
  4 | import { AccountMenuHeader } from "./components/AccountMenuHeader";
> 5 | import { AccountMenuItem } from "./components/AccountMenuItem";
    | ^^^^^^^^^^^^^^^^^^^^^^^^^^^^^^^^^^^^^^^^^^^^^^^^^^^^^^^^^^^^^^
  6 | import { AccountMenuPlan } from "./components/AccountMenuPlan";
  7 | import {
  8 |   ACCOUNT_LABEL,

Import traces:
  Client Component Browser:
    ./components/Navbar/components/NavbarAccount/NavbarAccount.tsx [Client Component Browser]
    ./components/Navbar/Navbar.tsx [Client Component Browser]
    ./components/Navbar/Navbar.tsx [Server Component]
    ./app/layout.tsx [Server Component]

  Client Component SSR:
    ./components/Navbar/components/NavbarAccount/NavbarAccount.tsx [Client Component SSR]
    ./components/Navbar/Navbar.tsx [Client Component SSR]
    ./components/Navbar/Navbar.tsx [Server Component]
    ./app/layout.tsx [Server Component]

https://nextjs.org/docs/messages/module-not-found @ http://localhost:3000/_next/static/chunks/node_modules_next_dist_1e8vcs8._.js:1052
[  326883ms] [ERROR] ./components/Navbar/components/NavbarAccount/NavbarAccount.tsx:6:1
Error: Module not found: Can't resolve './components/AccountMenuPlan'
  4 | import { AccountMenuHeader } from "./components/AccountMenuHeader";
  5 | import { AccountMenuItem } from "./components/AccountMenuItem";
> 6 | import { AccountMenuPlan } from "./components/AccountMenuPlan";
    | ^^^^^^^^^^^^^^^^^^^^^^^^^^^^^^^^^^^^^^^^^^^^^^^^^^^^^^^^^^^^^^
  7 | import {
  8 |   ACCOUNT_LABEL,
  9 |   ACCOUNT_MENU_ENTRIES,

Import traces:
  Client Component Browser:
    ./components/Navbar/components/NavbarAccount/NavbarAccount.tsx [Client Component Browser]
    ./components/Navbar/Navbar.tsx [Client Component Browser]
    ./components/Navbar/Navbar.tsx [Server Component]
    ./app/layout.tsx [Server Component]

  Client Component SSR:
    ./components/Navbar/components/NavbarAccount/NavbarAccount.tsx [Client Component SSR]
    ./components/Navbar/Navbar.tsx [Client Component SSR]
    ./components/Navbar/Navbar.tsx [Server Component]
    ./app/layout.tsx [Server Component]

https://nextjs.org/docs/messages/module-not-found @ http://localhost:3000/_next/static/chunks/node_modules_next_dist_1e8vcs8._.js:1052
[  326933ms] [ERROR] ./components/Navbar/components/NavbarAccount/NavbarAccount.tsx:5:1
Error: Module not found: Can't resolve './components/AccountMenuItem'
  3 |
  4 | import { AccountMenuHeader } from "./components/AccountMenuHeader";
> 5 | import { AccountMenuItem } from "./components/AccountMenuItem";
    | ^^^^^^^^^^^^^^^^^^^^^^^^^^^^^^^^^^^^^^^^^^^^^^^^^^^^^^^^^^^^^^
  6 | import { AccountMenuPlan } from "./components/AccountMenuPlan";
  7 | import {
  8 |   ACCOUNT_LABEL,

Import traces:
  Client Component Browser:
    ./components/Navbar/components/NavbarAccount/NavbarAccount.tsx [Client Component Browser]
    ./components/Navbar/Navbar.tsx [Client Component Browser]
    ./components/Navbar/Navbar.tsx [Server Component]
    ./app/layout.tsx [Server Component]

  Client Component SSR:
    ./components/Navbar/components/NavbarAccount/NavbarAccount.tsx [Client Component SSR]
    ./components/Navbar/Navbar.tsx [Client Component SSR]
    ./components/Navbar/Navbar.tsx [Server Component]
    ./app/layout.tsx [Server Component]

https://nextjs.org/docs/messages/module-not-found @ http://localhost:3000/_next/static/chunks/node_modules_next_dist_1e8vcs8._.js:1052
[  326933ms] [ERROR] ./components/Navbar/components/NavbarAccount/NavbarAccount.tsx:6:1
Error: Module not found: Can't resolve './components/AccountMenuPlan'
  4 | import { AccountMenuHeader } from "./components/AccountMenuHeader";
  5 | import { AccountMenuItem } from "./components/AccountMenuItem";
> 6 | import { AccountMenuPlan } from "./components/AccountMenuPlan";
    | ^^^^^^^^^^^^^^^^^^^^^^^^^^^^^^^^^^^^^^^^^^^^^^^^^^^^^^^^^^^^^^
  7 | import {
  8 |   ACCOUNT_LABEL,
  9 |   ACCOUNT_MENU_ENTRIES,

Import traces:
  Client Component Browser:
    ./components/Navbar/components/NavbarAccount/NavbarAccount.tsx [Client Component Browser]
    ./components/Navbar/Navbar.tsx [Client Component Browser]
    ./components/Navbar/Navbar.tsx [Server Component]
    ./app/layout.tsx [Server Component]

  Client Component SSR:
    ./components/Navbar/components/NavbarAccount/NavbarAccount.tsx [Client Component SSR]
    ./components/Navbar/Navbar.tsx [Client Component SSR]
    ./components/Navbar/Navbar.tsx [Server Component]
    ./app/layout.tsx [Server Component]

https://nextjs.org/docs/messages/module-not-found @ http://localhost:3000/_next/static/chunks/node_modules_next_dist_1e8vcs8._.js:1052
[  326998ms] [ERROR] ./components/Navbar/components/NavbarAccount/NavbarAccount.tsx:5:1
Error: Module not found: Can't resolve './components/AccountMenuItem'
  3 |
  4 | import { AccountMenuHeader } from "./components/AccountMenuHeader";
> 5 | import { AccountMenuItem } from "./components/AccountMenuItem";
    | ^^^^^^^^^^^^^^^^^^^^^^^^^^^^^^^^^^^^^^^^^^^^^^^^^^^^^^^^^^^^^^
  6 | import { AccountMenuPlan } from "./components/AccountMenuPlan";
  7 | import {
  8 |   ACCOUNT_LABEL,

Import traces:
  Client Component Browser:
    ./components/Navbar/components/NavbarAccount/NavbarAccount.tsx [Client Component Browser]
    ./components/Navbar/Navbar.tsx [Client Component Browser]
    ./components/Navbar/Navbar.tsx [Server Component]
    ./app/layout.tsx [Server Component]

  Client Component SSR:
    ./components/Navbar/components/NavbarAccount/NavbarAccount.tsx [Client Component SSR]
    ./components/Navbar/Navbar.tsx [Client Component SSR]
    ./components/Navbar/Navbar.tsx [Server Component]
    ./app/layout.tsx [Server Component]

https://nextjs.org/docs/messages/module-not-found @ http://localhost:3000/_next/static/chunks/node_modules_next_dist_1e8vcs8._.js:1052
[  326998ms] [ERROR] ./components/Navbar/components/NavbarAccount/NavbarAccount.tsx:6:1
Error: Module not found: Can't resolve './components/AccountMenuPlan'
  4 | import { AccountMenuHeader } from "./components/AccountMenuHeader";
  5 | import { AccountMenuItem } from "./components/AccountMenuItem";
> 6 | import { AccountMenuPlan } from "./components/AccountMenuPlan";
    | ^^^^^^^^^^^^^^^^^^^^^^^^^^^^^^^^^^^^^^^^^^^^^^^^^^^^^^^^^^^^^^
  7 | import {
  8 |   ACCOUNT_LABEL,
  9 |   ACCOUNT_MENU_ENTRIES,

Import traces:
  Client Component Browser:
    ./components/Navbar/components/NavbarAccount/NavbarAccount.tsx [Client Component Browser]
    ./components/Navbar/Navbar.tsx [Client Component Browser]
    ./components/Navbar/Navbar.tsx [Server Component]
    ./app/layout.tsx [Server Component]

  Client Component SSR:
    ./components/Navbar/components/NavbarAccount/NavbarAccount.tsx [Client Component SSR]
    ./components/Navbar/Navbar.tsx [Client Component SSR]
    ./components/Navbar/Navbar.tsx [Server Component]
    ./app/layout.tsx [Server Component]

https://nextjs.org/docs/messages/module-not-found @ http://localhost:3000/_next/static/chunks/node_modules_next_dist_1e8vcs8._.js:1052
[  327045ms] [ERROR] ./components/Navbar/components/NavbarAccount/NavbarAccount.tsx:5:1
Error: Module not found: Can't resolve './components/AccountMenuItem'
  3 |
  4 | import { AccountMenuHeader } from "./components/AccountMenuHeader";
> 5 | import { AccountMenuItem } from "./components/AccountMenuItem";
    | ^^^^^^^^^^^^^^^^^^^^^^^^^^^^^^^^^^^^^^^^^^^^^^^^^^^^^^^^^^^^^^
  6 | import { AccountMenuPlan } from "./components/AccountMenuPlan";
  7 | import {
  8 |   ACCOUNT_LABEL,

Import traces:
  Client Component Browser:
    ./components/Navbar/components/NavbarAccount/NavbarAccount.tsx [Client Component Browser]
    ./components/Navbar/Navbar.tsx [Client Component Browser]
    ./components/Navbar/Navbar.tsx [Server Component]
    ./app/layout.tsx [Server Component]

  Client Component SSR:
    ./components/Navbar/components/NavbarAccount/NavbarAccount.tsx [Client Component SSR]
    ./components/Navbar/Navbar.tsx [Client Component SSR]
    ./components/Navbar/Navbar.tsx [Server Component]
    ./app/layout.tsx [Server Component]

https://nextjs.org/docs/messages/module-not-found @ http://localhost:3000/_next/static/chunks/node_modules_next_dist_1e8vcs8._.js:1052
[  327045ms] [ERROR] ./components/Navbar/components/NavbarAccount/NavbarAccount.tsx:6:1
Error: Module not found: Can't resolve './components/AccountMenuPlan'
  4 | import { AccountMenuHeader } from "./components/AccountMenuHeader";
  5 | import { AccountMenuItem } from "./components/AccountMenuItem";
> 6 | import { AccountMenuPlan } from "./components/AccountMenuPlan";
    | ^^^^^^^^^^^^^^^^^^^^^^^^^^^^^^^^^^^^^^^^^^^^^^^^^^^^^^^^^^^^^^
  7 | import {
  8 |   ACCOUNT_LABEL,
  9 |   ACCOUNT_MENU_ENTRIES,

Import traces:
  Client Component Browser:
    ./components/Navbar/components/NavbarAccount/NavbarAccount.tsx [Client Component Browser]
    ./components/Navbar/Navbar.tsx [Client Component Browser]
    ./components/Navbar/Navbar.tsx [Server Component]
    ./app/layout.tsx [Server Component]

  Client Component SSR:
    ./components/Navbar/components/NavbarAccount/NavbarAccount.tsx [Client Component SSR]
    ./components/Navbar/Navbar.tsx [Client Component SSR]
    ./components/Navbar/Navbar.tsx [Server Component]
    ./app/layout.tsx [Server Component]

https://nextjs.org/docs/messages/module-not-found @ http://localhost:3000/_next/static/chunks/node_modules_next_dist_1e8vcs8._.js:1052
[  327099ms] [ERROR] ./components/Navbar/components/NavbarAccount/NavbarAccount.tsx:5:1
Error: Module not found: Can't resolve './components/AccountMenuItem'
  3 |
  4 | import { AccountMenuHeader } from "./components/AccountMenuHeader";
> 5 | import { AccountMenuItem } from "./components/AccountMenuItem";
    | ^^^^^^^^^^^^^^^^^^^^^^^^^^^^^^^^^^^^^^^^^^^^^^^^^^^^^^^^^^^^^^
  6 | import { AccountMenuPlan } from "./components/AccountMenuPlan";
  7 | import {
  8 |   ACCOUNT_LABEL,

Import traces:
  Client Component Browser:
    ./components/Navbar/components/NavbarAccount/NavbarAccount.tsx [Client Component Browser]
    ./components/Navbar/Navbar.tsx [Client Component Browser]
    ./components/Navbar/Navbar.tsx [Server Component]
    ./app/layout.tsx [Server Component]

  Client Component SSR:
    ./components/Navbar/components/NavbarAccount/NavbarAccount.tsx [Client Component SSR]
    ./components/Navbar/Navbar.tsx [Client Component SSR]
    ./components/Navbar/Navbar.tsx [Server Component]
    ./app/layout.tsx [Server Component]

https://nextjs.org/docs/messages/module-not-found @ http://localhost:3000/_next/static/chunks/node_modules_next_dist_1e8vcs8._.js:1052
[  327100ms] [ERROR] ./components/Navbar/components/NavbarAccount/NavbarAccount.tsx:6:1
Error: Module not found: Can't resolve './components/AccountMenuPlan'
  4 | import { AccountMenuHeader } from "./components/AccountMenuHeader";
  5 | import { AccountMenuItem } from "./components/AccountMenuItem";
> 6 | import { AccountMenuPlan } from "./components/AccountMenuPlan";
    | ^^^^^^^^^^^^^^^^^^^^^^^^^^^^^^^^^^^^^^^^^^^^^^^^^^^^^^^^^^^^^^
  7 | import {
  8 |   ACCOUNT_LABEL,
  9 |   ACCOUNT_MENU_ENTRIES,

Import traces:
  Client Component Browser:
    ./components/Navbar/components/NavbarAccount/NavbarAccount.tsx [Client Component Browser]
    ./components/Navbar/Navbar.tsx [Client Component Browser]
    ./components/Navbar/Navbar.tsx [Server Component]
    ./app/layout.tsx [Server Component]

  Client Component SSR:
    ./components/Navbar/components/NavbarAccount/NavbarAccount.tsx [Client Component SSR]
    ./components/Navbar/Navbar.tsx [Client Component SSR]
    ./components/Navbar/Navbar.tsx [Server Component]
    ./app/layout.tsx [Server Component]

https://nextjs.org/docs/messages/module-not-found @ http://localhost:3000/_next/static/chunks/node_modules_next_dist_1e8vcs8._.js:1052
[  327164ms] [ERROR] ./components/Navbar/components/NavbarAccount/NavbarAccount.tsx:5:1
Error: Module not found: Can't resolve './components/AccountMenuItem'
  3 |
  4 | import { AccountMenuHeader } from "./components/AccountMenuHeader";
> 5 | import { AccountMenuItem } from "./components/AccountMenuItem";
    | ^^^^^^^^^^^^^^^^^^^^^^^^^^^^^^^^^^^^^^^^^^^^^^^^^^^^^^^^^^^^^^
  6 | import { AccountMenuPlan } from "./components/AccountMenuPlan";
  7 | import {
  8 |   ACCOUNT_LABEL,

Import traces:
  Client Component Browser:
    ./components/Navbar/components/NavbarAccount/NavbarAccount.tsx [Client Component Browser]
    ./components/Navbar/Navbar.tsx [Client Component Browser]
    ./components/Navbar/Navbar.tsx [Server Component]
    ./app/layout.tsx [Server Component]

  Client Component SSR:
    ./components/Navbar/components/NavbarAccount/NavbarAccount.tsx [Client Component SSR]
    ./components/Navbar/Navbar.tsx [Client Component SSR]
    ./components/Navbar/Navbar.tsx [Server Component]
    ./app/layout.tsx [Server Component]

https://nextjs.org/docs/messages/module-not-found @ http://localhost:3000/_next/static/chunks/node_modules_next_dist_1e8vcs8._.js:1052
[  327165ms] [ERROR] ./components/Navbar/components/NavbarAccount/NavbarAccount.tsx:6:1
Error: Module not found: Can't resolve './components/AccountMenuPlan'
  4 | import { AccountMenuHeader } from "./components/AccountMenuHeader";
  5 | import { AccountMenuItem } from "./components/AccountMenuItem";
> 6 | import { AccountMenuPlan } from "./components/AccountMenuPlan";
    | ^^^^^^^^^^^^^^^^^^^^^^^^^^^^^^^^^^^^^^^^^^^^^^^^^^^^^^^^^^^^^^
  7 | import {
  8 |   ACCOUNT_LABEL,
  9 |   ACCOUNT_MENU_ENTRIES,

Import traces:
  Client Component Browser:
    ./components/Navbar/components/NavbarAccount/NavbarAccount.tsx [Client Component Browser]
    ./components/Navbar/Navbar.tsx [Client Component Browser]
    ./components/Navbar/Navbar.tsx [Server Component]
    ./app/layout.tsx [Server Component]

  Client Component SSR:
    ./components/Navbar/components/NavbarAccount/NavbarAccount.tsx [Client Component SSR]
    ./components/Navbar/Navbar.tsx [Client Component SSR]
    ./components/Navbar/Navbar.tsx [Server Component]
    ./app/layout.tsx [Server Component]

https://nextjs.org/docs/messages/module-not-found @ http://localhost:3000/_next/static/chunks/node_modules_next_dist_1e8vcs8._.js:1052
[  327215ms] [ERROR] ./components/Navbar/components/NavbarAccount/NavbarAccount.tsx:5:1
Error: Module not found: Can't resolve './components/AccountMenuItem'
  3 |
  4 | import { AccountMenuHeader } from "./components/AccountMenuHeader";
> 5 | import { AccountMenuItem } from "./components/AccountMenuItem";
    | ^^^^^^^^^^^^^^^^^^^^^^^^^^^^^^^^^^^^^^^^^^^^^^^^^^^^^^^^^^^^^^
  6 | import { AccountMenuPlan } from "./components/AccountMenuPlan";
  7 | import {
  8 |   ACCOUNT_LABEL,

Import traces:
  Client Component Browser:
    ./components/Navbar/components/NavbarAccount/NavbarAccount.tsx [Client Component Browser]
    ./components/Navbar/Navbar.tsx [Client Component Browser]
    ./components/Navbar/Navbar.tsx [Server Component]
    ./app/layout.tsx [Server Component]

  Client Component SSR:
    ./components/Navbar/components/NavbarAccount/NavbarAccount.tsx [Client Component SSR]
    ./components/Navbar/Navbar.tsx [Client Component SSR]
    ./components/Navbar/Navbar.tsx [Server Component]
    ./app/layout.tsx [Server Component]

https://nextjs.org/docs/messages/module-not-found @ http://localhost:3000/_next/static/chunks/node_modules_next_dist_1e8vcs8._.js:1052
[  327215ms] [ERROR] ./components/Navbar/components/NavbarAccount/NavbarAccount.tsx:6:1
Error: Module not found: Can't resolve './components/AccountMenuPlan'
  4 | import { AccountMenuHeader } from "./components/AccountMenuHeader";
  5 | import { AccountMenuItem } from "./components/AccountMenuItem";
> 6 | import { AccountMenuPlan } from "./components/AccountMenuPlan";
    | ^^^^^^^^^^^^^^^^^^^^^^^^^^^^^^^^^^^^^^^^^^^^^^^^^^^^^^^^^^^^^^
  7 | import {
  8 |   ACCOUNT_LABEL,
  9 |   ACCOUNT_MENU_ENTRIES,

Import traces:
  Client Component Browser:
    ./components/Navbar/components/NavbarAccount/NavbarAccount.tsx [Client Component Browser]
    ./components/Navbar/Navbar.tsx [Client Component Browser]
    ./components/Navbar/Navbar.tsx [Server Component]
    ./app/layout.tsx [Server Component]

  Client Component SSR:
    ./components/Navbar/components/NavbarAccount/NavbarAccount.tsx [Client Component SSR]
    ./components/Navbar/Navbar.tsx [Client Component SSR]
    ./components/Navbar/Navbar.tsx [Server Component]
    ./app/layout.tsx [Server Component]

https://nextjs.org/docs/messages/module-not-found @ http://localhost:3000/_next/static/chunks/node_modules_next_dist_1e8vcs8._.js:1052
[  327268ms] [ERROR] ./components/Navbar/components/NavbarAccount/NavbarAccount.tsx:5:1
Error: Module not found: Can't resolve './components/AccountMenuItem'
  3 |
  4 | import { AccountMenuHeader } from "./components/AccountMenuHeader";
> 5 | import { AccountMenuItem } from "./components/AccountMenuItem";
    | ^^^^^^^^^^^^^^^^^^^^^^^^^^^^^^^^^^^^^^^^^^^^^^^^^^^^^^^^^^^^^^
  6 | import { AccountMenuPlan } from "./components/AccountMenuPlan";
  7 | import {
  8 |   ACCOUNT_LABEL,

Import traces:
  Client Component Browser:
    ./components/Navbar/components/NavbarAccount/NavbarAccount.tsx [Client Component Browser]
    ./components/Navbar/Navbar.tsx [Client Component Browser]
    ./components/Navbar/Navbar.tsx [Server Component]
    ./app/layout.tsx [Server Component]

  Client Component SSR:
    ./components/Navbar/components/NavbarAccount/NavbarAccount.tsx [Client Component SSR]
    ./components/Navbar/Navbar.tsx [Client Component SSR]
    ./components/Navbar/Navbar.tsx [Server Component]
    ./app/layout.tsx [Server Component]

https://nextjs.org/docs/messages/module-not-found @ http://localhost:3000/_next/static/chunks/node_modules_next_dist_1e8vcs8._.js:1052
[  327268ms] [ERROR] ./components/Navbar/components/NavbarAccount/NavbarAccount.tsx:6:1
Error: Module not found: Can't resolve './components/AccountMenuPlan'
  4 | import { AccountMenuHeader } from "./components/AccountMenuHeader";
  5 | import { AccountMenuItem } from "./components/AccountMenuItem";
> 6 | import { AccountMenuPlan } from "./components/AccountMenuPlan";
    | ^^^^^^^^^^^^^^^^^^^^^^^^^^^^^^^^^^^^^^^^^^^^^^^^^^^^^^^^^^^^^^
  7 | import {
  8 |   ACCOUNT_LABEL,
  9 |   ACCOUNT_MENU_ENTRIES,

Import traces:
  Client Component Browser:
    ./components/Navbar/components/NavbarAccount/NavbarAccount.tsx [Client Component Browser]
    ./components/Navbar/Navbar.tsx [Client Component Browser]
    ./components/Navbar/Navbar.tsx [Server Component]
    ./app/layout.tsx [Server Component]

  Client Component SSR:
    ./components/Navbar/components/NavbarAccount/NavbarAccount.tsx [Client Component SSR]
    ./components/Navbar/Navbar.tsx [Client Component SSR]
    ./components/Navbar/Navbar.tsx [Server Component]
    ./app/layout.tsx [Server Component]

https://nextjs.org/docs/messages/module-not-found @ http://localhost:3000/_next/static/chunks/node_modules_next_dist_1e8vcs8._.js:1052
[  327317ms] [ERROR] ./components/Navbar/components/NavbarAccount/NavbarAccount.tsx:5:1
Error: Module not found: Can't resolve './components/AccountMenuItem'
  3 |
  4 | import { AccountMenuHeader } from "./components/AccountMenuHeader";
> 5 | import { AccountMenuItem } from "./components/AccountMenuItem";
    | ^^^^^^^^^^^^^^^^^^^^^^^^^^^^^^^^^^^^^^^^^^^^^^^^^^^^^^^^^^^^^^
  6 | import { AccountMenuPlan } from "./components/AccountMenuPlan";
  7 | import {
  8 |   ACCOUNT_LABEL,

Import traces:
  Client Component Browser:
    ./components/Navbar/components/NavbarAccount/NavbarAccount.tsx [Client Component Browser]
    ./components/Navbar/Navbar.tsx [Client Component Browser]
    ./components/Navbar/Navbar.tsx [Server Component]
    ./app/layout.tsx [Server Component]

  Client Component SSR:
    ./components/Navbar/components/NavbarAccount/NavbarAccount.tsx [Client Component SSR]
    ./components/Navbar/Navbar.tsx [Client Component SSR]
    ./components/Navbar/Navbar.tsx [Server Component]
    ./app/layout.tsx [Server Component]

https://nextjs.org/docs/messages/module-not-found @ http://localhost:3000/_next/static/chunks/node_modules_next_dist_1e8vcs8._.js:1052
[  327317ms] [ERROR] ./components/Navbar/components/NavbarAccount/NavbarAccount.tsx:6:1
Error: Module not found: Can't resolve './components/AccountMenuPlan'
  4 | import { AccountMenuHeader } from "./components/AccountMenuHeader";
  5 | import { AccountMenuItem } from "./components/AccountMenuItem";
> 6 | import { AccountMenuPlan } from "./components/AccountMenuPlan";
    | ^^^^^^^^^^^^^^^^^^^^^^^^^^^^^^^^^^^^^^^^^^^^^^^^^^^^^^^^^^^^^^
  7 | import {
  8 |   ACCOUNT_LABEL,
  9 |   ACCOUNT_MENU_ENTRIES,

Import traces:
  Client Component Browser:
    ./components/Navbar/components/NavbarAccount/NavbarAccount.tsx [Client Component Browser]
    ./components/Navbar/Navbar.tsx [Client Component Browser]
    ./components/Navbar/Navbar.tsx [Server Component]
    ./app/layout.tsx [Server Component]

  Client Component SSR:
    ./components/Navbar/components/NavbarAccount/NavbarAccount.tsx [Client Component SSR]
    ./components/Navbar/Navbar.tsx [Client Component SSR]
    ./components/Navbar/Navbar.tsx [Server Component]
    ./app/layout.tsx [Server Component]

https://nextjs.org/docs/messages/module-not-found @ http://localhost:3000/_next/static/chunks/node_modules_next_dist_1e8vcs8._.js:1052
[  327367ms] [ERROR] ./components/Navbar/components/NavbarAccount/NavbarAccount.tsx:5:1
Error: Module not found: Can't resolve './components/AccountMenuItem'
  3 |
  4 | import { AccountMenuHeader } from "./components/AccountMenuHeader";
> 5 | import { AccountMenuItem } from "./components/AccountMenuItem";
    | ^^^^^^^^^^^^^^^^^^^^^^^^^^^^^^^^^^^^^^^^^^^^^^^^^^^^^^^^^^^^^^
  6 | import { AccountMenuPlan } from "./components/AccountMenuPlan";
  7 | import {
  8 |   ACCOUNT_LABEL,

Import traces:
  Client Component Browser:
    ./components/Navbar/components/NavbarAccount/NavbarAccount.tsx [Client Component Browser]
    ./components/Navbar/Navbar.tsx [Client Component Browser]
    ./components/Navbar/Navbar.tsx [Server Component]
    ./app/layout.tsx [Server Component]

  Client Component SSR:
    ./components/Navbar/components/NavbarAccount/NavbarAccount.tsx [Client Component SSR]
    ./components/Navbar/Navbar.tsx [Client Component SSR]
    ./components/Navbar/Navbar.tsx [Server Component]
    ./app/layout.tsx [Server Component]

https://nextjs.org/docs/messages/module-not-found @ http://localhost:3000/_next/static/chunks/node_modules_next_dist_1e8vcs8._.js:1052
[  327367ms] [ERROR] ./components/Navbar/components/NavbarAccount/NavbarAccount.tsx:6:1
Error: Module not found: Can't resolve './components/AccountMenuPlan'
  4 | import { AccountMenuHeader } from "./components/AccountMenuHeader";
  5 | import { AccountMenuItem } from "./components/AccountMenuItem";
> 6 | import { AccountMenuPlan } from "./components/AccountMenuPlan";
    | ^^^^^^^^^^^^^^^^^^^^^^^^^^^^^^^^^^^^^^^^^^^^^^^^^^^^^^^^^^^^^^
  7 | import {
  8 |   ACCOUNT_LABEL,
  9 |   ACCOUNT_MENU_ENTRIES,

Import traces:
  Client Component Browser:
    ./components/Navbar/components/NavbarAccount/NavbarAccount.tsx [Client Component Browser]
    ./components/Navbar/Navbar.tsx [Client Component Browser]
    ./components/Navbar/Navbar.tsx [Server Component]
    ./app/layout.tsx [Server Component]

  Client Component SSR:
    ./components/Navbar/components/NavbarAccount/NavbarAccount.tsx [Client Component SSR]
    ./components/Navbar/Navbar.tsx [Client Component SSR]
    ./components/Navbar/Navbar.tsx [Server Component]
    ./app/layout.tsx [Server Component]

https://nextjs.org/docs/messages/module-not-found @ http://localhost:3000/_next/static/chunks/node_modules_next_dist_1e8vcs8._.js:1052
[  327416ms] [ERROR] ./components/Navbar/components/NavbarAccount/NavbarAccount.tsx:5:1
Error: Module not found: Can't resolve './components/AccountMenuItem'
  3 |
  4 | import { AccountMenuHeader } from "./components/AccountMenuHeader";
> 5 | import { AccountMenuItem } from "./components/AccountMenuItem";
    | ^^^^^^^^^^^^^^^^^^^^^^^^^^^^^^^^^^^^^^^^^^^^^^^^^^^^^^^^^^^^^^
  6 | import { AccountMenuPlan } from "./components/AccountMenuPlan";
  7 | import {
  8 |   ACCOUNT_LABEL,

Import traces:
  Client Component Browser:
    ./components/Navbar/components/NavbarAccount/NavbarAccount.tsx [Client Component Browser]
    ./components/Navbar/Navbar.tsx [Client Component Browser]
    ./components/Navbar/Navbar.tsx [Server Component]
    ./app/layout.tsx [Server Component]

  Client Component SSR:
    ./components/Navbar/components/NavbarAccount/NavbarAccount.tsx [Client Component SSR]
    ./components/Navbar/Navbar.tsx [Client Component SSR]
    ./components/Navbar/Navbar.tsx [Server Component]
    ./app/layout.tsx [Server Component]

https://nextjs.org/docs/messages/module-not-found @ http://localhost:3000/_next/static/chunks/node_modules_next_dist_1e8vcs8._.js:1052
[  327416ms] [ERROR] ./components/Navbar/components/NavbarAccount/NavbarAccount.tsx:6:1
Error: Module not found: Can't resolve './components/AccountMenuPlan'
  4 | import { AccountMenuHeader } from "./components/AccountMenuHeader";
  5 | import { AccountMenuItem } from "./components/AccountMenuItem";
> 6 | import { AccountMenuPlan } from "./components/AccountMenuPlan";
    | ^^^^^^^^^^^^^^^^^^^^^^^^^^^^^^^^^^^^^^^^^^^^^^^^^^^^^^^^^^^^^^
  7 | import {
  8 |   ACCOUNT_LABEL,
  9 |   ACCOUNT_MENU_ENTRIES,

Import traces:
  Client Component Browser:
    ./components/Navbar/components/NavbarAccount/NavbarAccount.tsx [Client Component Browser]
    ./components/Navbar/Navbar.tsx [Client Component Browser]
    ./components/Navbar/Navbar.tsx [Server Component]
    ./app/layout.tsx [Server Component]

  Client Component SSR:
    ./components/Navbar/components/NavbarAccount/NavbarAccount.tsx [Client Component SSR]
    ./components/Navbar/Navbar.tsx [Client Component SSR]
    ./components/Navbar/Navbar.tsx [Server Component]
    ./app/layout.tsx [Server Component]

https://nextjs.org/docs/messages/module-not-found @ http://localhost:3000/_next/static/chunks/node_modules_next_dist_1e8vcs8._.js:1052
[  327481ms] [ERROR] ./components/Navbar/components/NavbarAccount/NavbarAccount.tsx:5:1
Error: Module not found: Can't resolve './components/AccountMenuItem'
  3 |
  4 | import { AccountMenuHeader } from "./components/AccountMenuHeader";
> 5 | import { AccountMenuItem } from "./components/AccountMenuItem";
    | ^^^^^^^^^^^^^^^^^^^^^^^^^^^^^^^^^^^^^^^^^^^^^^^^^^^^^^^^^^^^^^
  6 | import { AccountMenuPlan } from "./components/AccountMenuPlan";
  7 | import {
  8 |   ACCOUNT_LABEL,

Import traces:
  Client Component Browser:
    ./components/Navbar/components/NavbarAccount/NavbarAccount.tsx [Client Component Browser]
    ./components/Navbar/Navbar.tsx [Client Component Browser]
    ./components/Navbar/Navbar.tsx [Server Component]
    ./app/layout.tsx [Server Component]

  Client Component SSR:
    ./components/Navbar/components/NavbarAccount/NavbarAccount.tsx [Client Component SSR]
    ./components/Navbar/Navbar.tsx [Client Component SSR]
    ./components/Navbar/Navbar.tsx [Server Component]
    ./app/layout.tsx [Server Component]

https://nextjs.org/docs/messages/module-not-found @ http://localhost:3000/_next/static/chunks/node_modules_next_dist_1e8vcs8._.js:1052
[  327482ms] [ERROR] ./components/Navbar/components/NavbarAccount/NavbarAccount.tsx:6:1
Error: Module not found: Can't resolve './components/AccountMenuPlan'
  4 | import { AccountMenuHeader } from "./components/AccountMenuHeader";
  5 | import { AccountMenuItem } from "./components/AccountMenuItem";
> 6 | import { AccountMenuPlan } from "./components/AccountMenuPlan";
    | ^^^^^^^^^^^^^^^^^^^^^^^^^^^^^^^^^^^^^^^^^^^^^^^^^^^^^^^^^^^^^^
  7 | import {
  8 |   ACCOUNT_LABEL,
  9 |   ACCOUNT_MENU_ENTRIES,

Import traces:
  Client Component Browser:
    ./components/Navbar/components/NavbarAccount/NavbarAccount.tsx [Client Component Browser]
    ./components/Navbar/Navbar.tsx [Client Component Browser]
    ./components/Navbar/Navbar.tsx [Server Component]
    ./app/layout.tsx [Server Component]

  Client Component SSR:
    ./components/Navbar/components/NavbarAccount/NavbarAccount.tsx [Client Component SSR]
    ./components/Navbar/Navbar.tsx [Client Component SSR]
    ./components/Navbar/Navbar.tsx [Server Component]
    ./app/layout.tsx [Server Component]

https://nextjs.org/docs/messages/module-not-found @ http://localhost:3000/_next/static/chunks/node_modules_next_dist_1e8vcs8._.js:1052
[  327534ms] [ERROR] ./components/Navbar/components/NavbarAccount/NavbarAccount.tsx:5:1
Error: Module not found: Can't resolve './components/AccountMenuItem'
  3 |
  4 | import { AccountMenuHeader } from "./components/AccountMenuHeader";
> 5 | import { AccountMenuItem } from "./components/AccountMenuItem";
    | ^^^^^^^^^^^^^^^^^^^^^^^^^^^^^^^^^^^^^^^^^^^^^^^^^^^^^^^^^^^^^^
  6 | import { AccountMenuPlan } from "./components/AccountMenuPlan";
  7 | import {
  8 |   ACCOUNT_LABEL,

Import traces:
  Client Component Browser:
    ./components/Navbar/components/NavbarAccount/NavbarAccount.tsx [Client Component Browser]
    ./components/Navbar/Navbar.tsx [Client Component Browser]
    ./components/Navbar/Navbar.tsx [Server Component]
    ./app/layout.tsx [Server Component]

  Client Component SSR:
    ./components/Navbar/components/NavbarAccount/NavbarAccount.tsx [Client Component SSR]
    ./components/Navbar/Navbar.tsx [Client Component SSR]
    ./components/Navbar/Navbar.tsx [Server Component]
    ./app/layout.tsx [Server Component]

https://nextjs.org/docs/messages/module-not-found @ http://localhost:3000/_next/static/chunks/node_modules_next_dist_1e8vcs8._.js:1052
[  327534ms] [ERROR] ./components/Navbar/components/NavbarAccount/NavbarAccount.tsx:6:1
Error: Module not found: Can't resolve './components/AccountMenuPlan'
  4 | import { AccountMenuHeader } from "./components/AccountMenuHeader";
  5 | import { AccountMenuItem } from "./components/AccountMenuItem";
> 6 | import { AccountMenuPlan } from "./components/AccountMenuPlan";
    | ^^^^^^^^^^^^^^^^^^^^^^^^^^^^^^^^^^^^^^^^^^^^^^^^^^^^^^^^^^^^^^
  7 | import {
  8 |   ACCOUNT_LABEL,
  9 |   ACCOUNT_MENU_ENTRIES,

Import traces:
  Client Component Browser:
    ./components/Navbar/components/NavbarAccount/NavbarAccount.tsx [Client Component Browser]
    ./components/Navbar/Navbar.tsx [Client Component Browser]
    ./components/Navbar/Navbar.tsx [Server Component]
    ./app/layout.tsx [Server Component]

  Client Component SSR:
    ./components/Navbar/components/NavbarAccount/NavbarAccount.tsx [Client Component SSR]
    ./components/Navbar/Navbar.tsx [Client Component SSR]
    ./components/Navbar/Navbar.tsx [Server Component]
    ./app/layout.tsx [Server Component]

https://nextjs.org/docs/messages/module-not-found @ http://localhost:3000/_next/static/chunks/node_modules_next_dist_1e8vcs8._.js:1052
[  327582ms] [ERROR] ./components/Navbar/components/NavbarAccount/NavbarAccount.tsx:5:1
Error: Module not found: Can't resolve './components/AccountMenuItem'
  3 |
  4 | import { AccountMenuHeader } from "./components/AccountMenuHeader";
> 5 | import { AccountMenuItem } from "./components/AccountMenuItem";
    | ^^^^^^^^^^^^^^^^^^^^^^^^^^^^^^^^^^^^^^^^^^^^^^^^^^^^^^^^^^^^^^
  6 | import { AccountMenuPlan } from "./components/AccountMenuPlan";
  7 | import {
  8 |   ACCOUNT_LABEL,

Import traces:
  Client Component Browser:
    ./components/Navbar/components/NavbarAccount/NavbarAccount.tsx [Client Component Browser]
    ./components/Navbar/Navbar.tsx [Client Component Browser]
    ./components/Navbar/Navbar.tsx [Server Component]
    ./app/layout.tsx [Server Component]

  Client Component SSR:
    ./components/Navbar/components/NavbarAccount/NavbarAccount.tsx [Client Component SSR]
    ./components/Navbar/Navbar.tsx [Client Component SSR]
    ./components/Navbar/Navbar.tsx [Server Component]
    ./app/layout.tsx [Server Component]

https://nextjs.org/docs/messages/module-not-found @ http://localhost:3000/_next/static/chunks/node_modules_next_dist_1e8vcs8._.js:1052
[  327583ms] [ERROR] ./components/Navbar/components/NavbarAccount/NavbarAccount.tsx:6:1
Error: Module not found: Can't resolve './components/AccountMenuPlan'
  4 | import { AccountMenuHeader } from "./components/AccountMenuHeader";
  5 | import { AccountMenuItem } from "./components/AccountMenuItem";
> 6 | import { AccountMenuPlan } from "./components/AccountMenuPlan";
    | ^^^^^^^^^^^^^^^^^^^^^^^^^^^^^^^^^^^^^^^^^^^^^^^^^^^^^^^^^^^^^^
  7 | import {
  8 |   ACCOUNT_LABEL,
  9 |   ACCOUNT_MENU_ENTRIES,

Import traces:
  Client Component Browser:
    ./components/Navbar/components/NavbarAccount/NavbarAccount.tsx [Client Component Browser]
    ./components/Navbar/Navbar.tsx [Client Component Browser]
    ./components/Navbar/Navbar.tsx [Server Component]
    ./app/layout.tsx [Server Component]

  Client Component SSR:
    ./components/Navbar/components/NavbarAccount/NavbarAccount.tsx [Client Component SSR]
    ./components/Navbar/Navbar.tsx [Client Component SSR]
    ./components/Navbar/Navbar.tsx [Server Component]
    ./app/layout.tsx [Server Component]

https://nextjs.org/docs/messages/module-not-found @ http://localhost:3000/_next/static/chunks/node_modules_next_dist_1e8vcs8._.js:1052
[  327632ms] [ERROR] ./components/Navbar/components/NavbarAccount/NavbarAccount.tsx:5:1
Error: Module not found: Can't resolve './components/AccountMenuItem'
  3 |
  4 | import { AccountMenuHeader } from "./components/AccountMenuHeader";
> 5 | import { AccountMenuItem } from "./components/AccountMenuItem";
    | ^^^^^^^^^^^^^^^^^^^^^^^^^^^^^^^^^^^^^^^^^^^^^^^^^^^^^^^^^^^^^^
  6 | import { AccountMenuPlan } from "./components/AccountMenuPlan";
  7 | import {
  8 |   ACCOUNT_LABEL,

Import traces:
  Client Component Browser:
    ./components/Navbar/components/NavbarAccount/NavbarAccount.tsx [Client Component Browser]
    ./components/Navbar/Navbar.tsx [Client Component Browser]
    ./components/Navbar/Navbar.tsx [Server Component]
    ./app/layout.tsx [Server Component]

  Client Component SSR:
    ./components/Navbar/components/NavbarAccount/NavbarAccount.tsx [Client Component SSR]
    ./components/Navbar/Navbar.tsx [Client Component SSR]
    ./components/Navbar/Navbar.tsx [Server Component]
    ./app/layout.tsx [Server Component]

https://nextjs.org/docs/messages/module-not-found @ http://localhost:3000/_next/static/chunks/node_modules_next_dist_1e8vcs8._.js:1052
[  327632ms] [ERROR] ./components/Navbar/components/NavbarAccount/NavbarAccount.tsx:6:1
Error: Module not found: Can't resolve './components/AccountMenuPlan'
  4 | import { AccountMenuHeader } from "./components/AccountMenuHeader";
  5 | import { AccountMenuItem } from "./components/AccountMenuItem";
> 6 | import { AccountMenuPlan } from "./components/AccountMenuPlan";
    | ^^^^^^^^^^^^^^^^^^^^^^^^^^^^^^^^^^^^^^^^^^^^^^^^^^^^^^^^^^^^^^
  7 | import {
  8 |   ACCOUNT_LABEL,
  9 |   ACCOUNT_MENU_ENTRIES,

Import traces:
  Client Component Browser:
    ./components/Navbar/components/NavbarAccount/NavbarAccount.tsx [Client Component Browser]
    ./components/Navbar/Navbar.tsx [Client Component Browser]
    ./components/Navbar/Navbar.tsx [Server Component]
    ./app/layout.tsx [Server Component]

  Client Component SSR:
    ./components/Navbar/components/NavbarAccount/NavbarAccount.tsx [Client Component SSR]
    ./components/Navbar/Navbar.tsx [Client Component SSR]
    ./components/Navbar/Navbar.tsx [Server Component]
    ./app/layout.tsx [Server Component]

https://nextjs.org/docs/messages/module-not-found @ http://localhost:3000/_next/static/chunks/node_modules_next_dist_1e8vcs8._.js:1052
[  327696ms] [ERROR] ./components/Navbar/components/NavbarAccount/NavbarAccount.tsx:5:1
Error: Module not found: Can't resolve './components/AccountMenuItem'
  3 |
  4 | import { AccountMenuHeader } from "./components/AccountMenuHeader";
> 5 | import { AccountMenuItem } from "./components/AccountMenuItem";
    | ^^^^^^^^^^^^^^^^^^^^^^^^^^^^^^^^^^^^^^^^^^^^^^^^^^^^^^^^^^^^^^
  6 | import { AccountMenuPlan } from "./components/AccountMenuPlan";
  7 | import {
  8 |   ACCOUNT_LABEL,

Import traces:
  Client Component Browser:
    ./components/Navbar/components/NavbarAccount/NavbarAccount.tsx [Client Component Browser]
    ./components/Navbar/Navbar.tsx [Client Component Browser]
    ./components/Navbar/Navbar.tsx [Server Component]
    ./app/layout.tsx [Server Component]

  Client Component SSR:
    ./components/Navbar/components/NavbarAccount/NavbarAccount.tsx [Client Component SSR]
    ./components/Navbar/Navbar.tsx [Client Component SSR]
    ./components/Navbar/Navbar.tsx [Server Component]
    ./app/layout.tsx [Server Component]

https://nextjs.org/docs/messages/module-not-found @ http://localhost:3000/_next/static/chunks/node_modules_next_dist_1e8vcs8._.js:1052
[  327696ms] [ERROR] ./components/Navbar/components/NavbarAccount/NavbarAccount.tsx:6:1
Error: Module not found: Can't resolve './components/AccountMenuPlan'
  4 | import { AccountMenuHeader } from "./components/AccountMenuHeader";
  5 | import { AccountMenuItem } from "./components/AccountMenuItem";
> 6 | import { AccountMenuPlan } from "./components/AccountMenuPlan";
    | ^^^^^^^^^^^^^^^^^^^^^^^^^^^^^^^^^^^^^^^^^^^^^^^^^^^^^^^^^^^^^^
  7 | import {
  8 |   ACCOUNT_LABEL,
  9 |   ACCOUNT_MENU_ENTRIES,

Import traces:
  Client Component Browser:
    ./components/Navbar/components/NavbarAccount/NavbarAccount.tsx [Client Component Browser]
    ./components/Navbar/Navbar.tsx [Client Component Browser]
    ./components/Navbar/Navbar.tsx [Server Component]
    ./app/layout.tsx [Server Component]

  Client Component SSR:
    ./components/Navbar/components/NavbarAccount/NavbarAccount.tsx [Client Component SSR]
    ./components/Navbar/Navbar.tsx [Client Component SSR]
    ./components/Navbar/Navbar.tsx [Server Component]
    ./app/layout.tsx [Server Component]

https://nextjs.org/docs/messages/module-not-found @ http://localhost:3000/_next/static/chunks/node_modules_next_dist_1e8vcs8._.js:1052
[  327898ms] [LOG] [Fast Refresh] rebuilding @ http://localhost:3000/_next/static/chunks/node_modules_next_dist_1e8vcs8._.js:776
[  327916ms] [ERROR] ./components/Navbar/components/NavbarAccount/NavbarAccount.tsx:6:1
Error: Module not found: Can't resolve './components/AccountMenuPlan'
  4 | import { AccountMenuHeader } from "./components/AccountMenuHeader";
  5 | import { AccountMenuItem } from "./components/AccountMenuItem";
> 6 | import { AccountMenuPlan } from "./components/AccountMenuPlan";
    | ^^^^^^^^^^^^^^^^^^^^^^^^^^^^^^^^^^^^^^^^^^^^^^^^^^^^^^^^^^^^^^
  7 | import {
  8 |   ACCOUNT_LABEL,
  9 |   ACCOUNT_MENU_ENTRIES,

Import traces:
  Client Component Browser:
    ./components/Navbar/components/NavbarAccount/NavbarAccount.tsx [Client Component Browser]
    ./components/Navbar/Navbar.tsx [Client Component Browser]
    ./components/Navbar/Navbar.tsx [Server Component]
    ./app/layout.tsx [Server Component]

  Client Component SSR:
    ./components/Navbar/components/NavbarAccount/NavbarAccount.tsx [Client Component SSR]
    ./components/Navbar/Navbar.tsx [Client Component SSR]
    ./components/Navbar/Navbar.tsx [Server Component]
    ./app/layout.tsx [Server Component]

https://nextjs.org/docs/messages/module-not-found @ http://localhost:3000/_next/static/chunks/node_modules_next_dist_1e8vcs8._.js:1052
[  327966ms] [ERROR] ./components/Navbar/components/NavbarAccount/NavbarAccount.tsx:6:1
Error: Module not found: Can't resolve './components/AccountMenuPlan'
  4 | import { AccountMenuHeader } from "./components/AccountMenuHeader";
  5 | import { AccountMenuItem } from "./components/AccountMenuItem";
> 6 | import { AccountMenuPlan } from "./components/AccountMenuPlan";
    | ^^^^^^^^^^^^^^^^^^^^^^^^^^^^^^^^^^^^^^^^^^^^^^^^^^^^^^^^^^^^^^
  7 | import {
  8 |   ACCOUNT_LABEL,
  9 |   ACCOUNT_MENU_ENTRIES,

Import traces:
  Client Component Browser:
    ./components/Navbar/components/NavbarAccount/NavbarAccount.tsx [Client Component Browser]
    ./components/Navbar/Navbar.tsx [Client Component Browser]
    ./components/Navbar/Navbar.tsx [Server Component]
    ./app/layout.tsx [Server Component]

  Client Component SSR:
    ./components/Navbar/components/NavbarAccount/NavbarAccount.tsx [Client Component SSR]
    ./components/Navbar/Navbar.tsx [Client Component SSR]
    ./components/Navbar/Navbar.tsx [Server Component]
    ./app/layout.tsx [Server Component]

https://nextjs.org/docs/messages/module-not-found @ http://localhost:3000/_next/static/chunks/node_modules_next_dist_1e8vcs8._.js:1052
[  328016ms] [ERROR] ./components/Navbar/components/NavbarAccount/NavbarAccount.tsx:6:1
Error: Module not found: Can't resolve './components/AccountMenuPlan'
  4 | import { AccountMenuHeader } from "./components/AccountMenuHeader";
  5 | import { AccountMenuItem } from "./components/AccountMenuItem";
> 6 | import { AccountMenuPlan } from "./components/AccountMenuPlan";
    | ^^^^^^^^^^^^^^^^^^^^^^^^^^^^^^^^^^^^^^^^^^^^^^^^^^^^^^^^^^^^^^
  7 | import {
  8 |   ACCOUNT_LABEL,
  9 |   ACCOUNT_MENU_ENTRIES,

Import traces:
  Client Component Browser:
    ./components/Navbar/components/NavbarAccount/NavbarAccount.tsx [Client Component Browser]
    ./components/Navbar/Navbar.tsx [Client Component Browser]
    ./components/Navbar/Navbar.tsx [Server Component]
    ./app/layout.tsx [Server Component]

  Client Component SSR:
    ./components/Navbar/components/NavbarAccount/NavbarAccount.tsx [Client Component SSR]
    ./components/Navbar/Navbar.tsx [Client Component SSR]
    ./components/Navbar/Navbar.tsx [Server Component]
    ./app/layout.tsx [Server Component]

https://nextjs.org/docs/messages/module-not-found @ http://localhost:3000/_next/static/chunks/node_modules_next_dist_1e8vcs8._.js:1052
[  328066ms] [ERROR] ./components/Navbar/components/NavbarAccount/NavbarAccount.tsx:6:1
Error: Module not found: Can't resolve './components/AccountMenuPlan'
  4 | import { AccountMenuHeader } from "./components/AccountMenuHeader";
  5 | import { AccountMenuItem } from "./components/AccountMenuItem";
> 6 | import { AccountMenuPlan } from "./components/AccountMenuPlan";
    | ^^^^^^^^^^^^^^^^^^^^^^^^^^^^^^^^^^^^^^^^^^^^^^^^^^^^^^^^^^^^^^
  7 | import {
  8 |   ACCOUNT_LABEL,
  9 |   ACCOUNT_MENU_ENTRIES,

Import traces:
  Client Component Browser:
    ./components/Navbar/components/NavbarAccount/NavbarAccount.tsx [Client Component Browser]
    ./components/Navbar/Navbar.tsx [Client Component Browser]
    ./components/Navbar/Navbar.tsx [Server Component]
    ./app/layout.tsx [Server Component]

  Client Component SSR:
    ./components/Navbar/components/NavbarAccount/NavbarAccount.tsx [Client Component SSR]
    ./components/Navbar/Navbar.tsx [Client Component SSR]
    ./components/Navbar/Navbar.tsx [Server Component]
    ./app/layout.tsx [Server Component]

https://nextjs.org/docs/messages/module-not-found @ http://localhost:3000/_next/static/chunks/node_modules_next_dist_1e8vcs8._.js:1052
[  328128ms] [ERROR] ./components/Navbar/components/NavbarAccount/NavbarAccount.tsx:6:1
Error: Module not found: Can't resolve './components/AccountMenuPlan'
  4 | import { AccountMenuHeader } from "./components/AccountMenuHeader";
  5 | import { AccountMenuItem } from "./components/AccountMenuItem";
> 6 | import { AccountMenuPlan } from "./components/AccountMenuPlan";
    | ^^^^^^^^^^^^^^^^^^^^^^^^^^^^^^^^^^^^^^^^^^^^^^^^^^^^^^^^^^^^^^
  7 | import {
  8 |   ACCOUNT_LABEL,
  9 |   ACCOUNT_MENU_ENTRIES,

Import traces:
  Client Component Browser:
    ./components/Navbar/components/NavbarAccount/NavbarAccount.tsx [Client Component Browser]
    ./components/Navbar/Navbar.tsx [Client Component Browser]
    ./components/Navbar/Navbar.tsx [Server Component]
    ./app/layout.tsx [Server Component]

  Client Component SSR:
    ./components/Navbar/components/NavbarAccount/NavbarAccount.tsx [Client Component SSR]
    ./components/Navbar/Navbar.tsx [Client Component SSR]
    ./components/Navbar/Navbar.tsx [Server Component]
    ./app/layout.tsx [Server Component]

https://nextjs.org/docs/messages/module-not-found @ http://localhost:3000/_next/static/chunks/node_modules_next_dist_1e8vcs8._.js:1052
[  328180ms] [ERROR] ./components/Navbar/components/NavbarAccount/NavbarAccount.tsx:6:1
Error: Module not found: Can't resolve './components/AccountMenuPlan'
  4 | import { AccountMenuHeader } from "./components/AccountMenuHeader";
  5 | import { AccountMenuItem } from "./components/AccountMenuItem";
> 6 | import { AccountMenuPlan } from "./components/AccountMenuPlan";
    | ^^^^^^^^^^^^^^^^^^^^^^^^^^^^^^^^^^^^^^^^^^^^^^^^^^^^^^^^^^^^^^
  7 | import {
  8 |   ACCOUNT_LABEL,
  9 |   ACCOUNT_MENU_ENTRIES,

Import traces:
  Client Component Browser:
    ./components/Navbar/components/NavbarAccount/NavbarAccount.tsx [Client Component Browser]
    ./components/Navbar/Navbar.tsx [Client Component Browser]
    ./components/Navbar/Navbar.tsx [Server Component]
    ./app/layout.tsx [Server Component]

  Client Component SSR:
    ./components/Navbar/components/NavbarAccount/NavbarAccount.tsx [Client Component SSR]
    ./components/Navbar/Navbar.tsx [Client Component SSR]
    ./components/Navbar/Navbar.tsx [Server Component]
    ./app/layout.tsx [Server Component]

https://nextjs.org/docs/messages/module-not-found @ http://localhost:3000/_next/static/chunks/node_modules_next_dist_1e8vcs8._.js:1052
[  328235ms] [ERROR] ./components/Navbar/components/NavbarAccount/NavbarAccount.tsx:6:1
Error: Module not found: Can't resolve './components/AccountMenuPlan'
  4 | import { AccountMenuHeader } from "./components/AccountMenuHeader";
  5 | import { AccountMenuItem } from "./components/AccountMenuItem";
> 6 | import { AccountMenuPlan } from "./components/AccountMenuPlan";
    | ^^^^^^^^^^^^^^^^^^^^^^^^^^^^^^^^^^^^^^^^^^^^^^^^^^^^^^^^^^^^^^
  7 | import {
  8 |   ACCOUNT_LABEL,
  9 |   ACCOUNT_MENU_ENTRIES,

Import traces:
  Client Component Browser:
    ./components/Navbar/components/NavbarAccount/NavbarAccount.tsx [Client Component Browser]
    ./components/Navbar/Navbar.tsx [Client Component Browser]
    ./components/Navbar/Navbar.tsx [Server Component]
    ./app/layout.tsx [Server Component]

  Client Component SSR:
    ./components/Navbar/components/NavbarAccount/NavbarAccount.tsx [Client Component SSR]
    ./components/Navbar/Navbar.tsx [Client Component SSR]
    ./components/Navbar/Navbar.tsx [Server Component]
    ./app/layout.tsx [Server Component]

https://nextjs.org/docs/messages/module-not-found @ http://localhost:3000/_next/static/chunks/node_modules_next_dist_1e8vcs8._.js:1052
[  328299ms] [ERROR] ./components/Navbar/components/NavbarAccount/NavbarAccount.tsx:6:1
Error: Module not found: Can't resolve './components/AccountMenuPlan'
  4 | import { AccountMenuHeader } from "./components/AccountMenuHeader";
  5 | import { AccountMenuItem } from "./components/AccountMenuItem";
> 6 | import { AccountMenuPlan } from "./components/AccountMenuPlan";
    | ^^^^^^^^^^^^^^^^^^^^^^^^^^^^^^^^^^^^^^^^^^^^^^^^^^^^^^^^^^^^^^
  7 | import {
  8 |   ACCOUNT_LABEL,
  9 |   ACCOUNT_MENU_ENTRIES,

Import traces:
  Client Component Browser:
    ./components/Navbar/components/NavbarAccount/NavbarAccount.tsx [Client Component Browser]
    ./components/Navbar/Navbar.tsx [Client Component Browser]
    ./components/Navbar/Navbar.tsx [Server Component]
    ./app/layout.tsx [Server Component]

  Client Component SSR:
    ./components/Navbar/components/NavbarAccount/NavbarAccount.tsx [Client Component SSR]
    ./components/Navbar/Navbar.tsx [Client Component SSR]
    ./components/Navbar/Navbar.tsx [Server Component]
    ./app/layout.tsx [Server Component]

https://nextjs.org/docs/messages/module-not-found @ http://localhost:3000/_next/static/chunks/node_modules_next_dist_1e8vcs8._.js:1052
[  328349ms] [ERROR] ./components/Navbar/components/NavbarAccount/NavbarAccount.tsx:6:1
Error: Module not found: Can't resolve './components/AccountMenuPlan'
  4 | import { AccountMenuHeader } from "./components/AccountMenuHeader";
  5 | import { AccountMenuItem } from "./components/AccountMenuItem";
> 6 | import { AccountMenuPlan } from "./components/AccountMenuPlan";
    | ^^^^^^^^^^^^^^^^^^^^^^^^^^^^^^^^^^^^^^^^^^^^^^^^^^^^^^^^^^^^^^
  7 | import {
  8 |   ACCOUNT_LABEL,
  9 |   ACCOUNT_MENU_ENTRIES,

Import traces:
  Client Component Browser:
    ./components/Navbar/components/NavbarAccount/NavbarAccount.tsx [Client Component Browser]
    ./components/Navbar/Navbar.tsx [Client Component Browser]
    ./components/Navbar/Navbar.tsx [Server Component]
    ./app/layout.tsx [Server Component]

  Client Component SSR:
    ./components/Navbar/components/NavbarAccount/NavbarAccount.tsx [Client Component SSR]
    ./components/Navbar/Navbar.tsx [Client Component SSR]
    ./components/Navbar/Navbar.tsx [Server Component]
    ./app/layout.tsx [Server Component]

https://nextjs.org/docs/messages/module-not-found @ http://localhost:3000/_next/static/chunks/node_modules_next_dist_1e8vcs8._.js:1052
[  328399ms] [ERROR] ./components/Navbar/components/NavbarAccount/NavbarAccount.tsx:6:1
Error: Module not found: Can't resolve './components/AccountMenuPlan'
  4 | import { AccountMenuHeader } from "./components/AccountMenuHeader";
  5 | import { AccountMenuItem } from "./components/AccountMenuItem";
> 6 | import { AccountMenuPlan } from "./components/AccountMenuPlan";
    | ^^^^^^^^^^^^^^^^^^^^^^^^^^^^^^^^^^^^^^^^^^^^^^^^^^^^^^^^^^^^^^
  7 | import {
  8 |   ACCOUNT_LABEL,
  9 |   ACCOUNT_MENU_ENTRIES,

Import traces:
  Client Component Browser:
    ./components/Navbar/components/NavbarAccount/NavbarAccount.tsx [Client Component Browser]
    ./components/Navbar/Navbar.tsx [Client Component Browser]
    ./components/Navbar/Navbar.tsx [Server Component]
    ./app/layout.tsx [Server Component]

  Client Component SSR:
    ./components/Navbar/components/NavbarAccount/NavbarAccount.tsx [Client Component SSR]
    ./components/Navbar/Navbar.tsx [Client Component SSR]
    ./components/Navbar/Navbar.tsx [Server Component]
    ./app/layout.tsx [Server Component]

https://nextjs.org/docs/messages/module-not-found @ http://localhost:3000/_next/static/chunks/node_modules_next_dist_1e8vcs8._.js:1052
[  328450ms] [ERROR] ./components/Navbar/components/NavbarAccount/NavbarAccount.tsx:6:1
Error: Module not found: Can't resolve './components/AccountMenuPlan'
  4 | import { AccountMenuHeader } from "./components/AccountMenuHeader";
  5 | import { AccountMenuItem } from "./components/AccountMenuItem";
> 6 | import { AccountMenuPlan } from "./components/AccountMenuPlan";
    | ^^^^^^^^^^^^^^^^^^^^^^^^^^^^^^^^^^^^^^^^^^^^^^^^^^^^^^^^^^^^^^
  7 | import {
  8 |   ACCOUNT_LABEL,
  9 |   ACCOUNT_MENU_ENTRIES,

Import traces:
  Client Component Browser:
    ./components/Navbar/components/NavbarAccount/NavbarAccount.tsx [Client Component Browser]
    ./components/Navbar/Navbar.tsx [Client Component Browser]
    ./components/Navbar/Navbar.tsx [Server Component]
    ./app/layout.tsx [Server Component]

  Client Component SSR:
    ./components/Navbar/components/NavbarAccount/NavbarAccount.tsx [Client Component SSR]
    ./components/Navbar/Navbar.tsx [Client Component SSR]
    ./components/Navbar/Navbar.tsx [Server Component]
    ./app/layout.tsx [Server Component]

https://nextjs.org/docs/messages/module-not-found @ http://localhost:3000/_next/static/chunks/node_modules_next_dist_1e8vcs8._.js:1052
[  328517ms] [ERROR] ./components/Navbar/components/NavbarAccount/NavbarAccount.tsx:6:1
Error: Module not found: Can't resolve './components/AccountMenuPlan'
  4 | import { AccountMenuHeader } from "./components/AccountMenuHeader";
  5 | import { AccountMenuItem } from "./components/AccountMenuItem";
> 6 | import { AccountMenuPlan } from "./components/AccountMenuPlan";
    | ^^^^^^^^^^^^^^^^^^^^^^^^^^^^^^^^^^^^^^^^^^^^^^^^^^^^^^^^^^^^^^
  7 | import {
  8 |   ACCOUNT_LABEL,
  9 |   ACCOUNT_MENU_ENTRIES,

Import traces:
  Client Component Browser:
    ./components/Navbar/components/NavbarAccount/NavbarAccount.tsx [Client Component Browser]
    ./components/Navbar/Navbar.tsx [Client Component Browser]
    ./components/Navbar/Navbar.tsx [Server Component]
    ./app/layout.tsx [Server Component]

  Client Component SSR:
    ./components/Navbar/components/NavbarAccount/NavbarAccount.tsx [Client Component SSR]
    ./components/Navbar/Navbar.tsx [Client Component SSR]
    ./components/Navbar/Navbar.tsx [Server Component]
    ./app/layout.tsx [Server Component]

https://nextjs.org/docs/messages/module-not-found @ http://localhost:3000/_next/static/chunks/node_modules_next_dist_1e8vcs8._.js:1052
[  328566ms] [ERROR] ./components/Navbar/components/NavbarAccount/NavbarAccount.tsx:6:1
Error: Module not found: Can't resolve './components/AccountMenuPlan'
  4 | import { AccountMenuHeader } from "./components/AccountMenuHeader";
  5 | import { AccountMenuItem } from "./components/AccountMenuItem";
> 6 | import { AccountMenuPlan } from "./components/AccountMenuPlan";
    | ^^^^^^^^^^^^^^^^^^^^^^^^^^^^^^^^^^^^^^^^^^^^^^^^^^^^^^^^^^^^^^
  7 | import {
  8 |   ACCOUNT_LABEL,
  9 |   ACCOUNT_MENU_ENTRIES,

Import traces:
  Client Component Browser:
    ./components/Navbar/components/NavbarAccount/NavbarAccount.tsx [Client Component Browser]
    ./components/Navbar/Navbar.tsx [Client Component Browser]
    ./components/Navbar/Navbar.tsx [Server Component]
    ./app/layout.tsx [Server Component]

  Client Component SSR:
    ./components/Navbar/components/NavbarAccount/NavbarAccount.tsx [Client Component SSR]
    ./components/Navbar/Navbar.tsx [Client Component SSR]
    ./components/Navbar/Navbar.tsx [Server Component]
    ./app/layout.tsx [Server Component]

https://nextjs.org/docs/messages/module-not-found @ http://localhost:3000/_next/static/chunks/node_modules_next_dist_1e8vcs8._.js:1052
[  328617ms] [ERROR] ./components/Navbar/components/NavbarAccount/NavbarAccount.tsx:6:1
Error: Module not found: Can't resolve './components/AccountMenuPlan'
  4 | import { AccountMenuHeader } from "./components/AccountMenuHeader";
  5 | import { AccountMenuItem } from "./components/AccountMenuItem";
> 6 | import { AccountMenuPlan } from "./components/AccountMenuPlan";
    | ^^^^^^^^^^^^^^^^^^^^^^^^^^^^^^^^^^^^^^^^^^^^^^^^^^^^^^^^^^^^^^
  7 | import {
  8 |   ACCOUNT_LABEL,
  9 |   ACCOUNT_MENU_ENTRIES,

Import traces:
  Client Component Browser:
    ./components/Navbar/components/NavbarAccount/NavbarAccount.tsx [Client Component Browser]
    ./components/Navbar/Navbar.tsx [Client Component Browser]
    ./components/Navbar/Navbar.tsx [Server Component]
    ./app/layout.tsx [Server Component]

  Client Component SSR:
    ./components/Navbar/components/NavbarAccount/NavbarAccount.tsx [Client Component SSR]
    ./components/Navbar/Navbar.tsx [Client Component SSR]
    ./components/Navbar/Navbar.tsx [Server Component]
    ./app/layout.tsx [Server Component]

https://nextjs.org/docs/messages/module-not-found @ http://localhost:3000/_next/static/chunks/node_modules_next_dist_1e8vcs8._.js:1052
[  328666ms] [ERROR] ./components/Navbar/components/NavbarAccount/NavbarAccount.tsx:6:1
Error: Module not found: Can't resolve './components/AccountMenuPlan'
  4 | import { AccountMenuHeader } from "./components/AccountMenuHeader";
  5 | import { AccountMenuItem } from "./components/AccountMenuItem";
> 6 | import { AccountMenuPlan } from "./components/AccountMenuPlan";
    | ^^^^^^^^^^^^^^^^^^^^^^^^^^^^^^^^^^^^^^^^^^^^^^^^^^^^^^^^^^^^^^
  7 | import {
  8 |   ACCOUNT_LABEL,
  9 |   ACCOUNT_MENU_ENTRIES,

Import traces:
  Client Component Browser:
    ./components/Navbar/components/NavbarAccount/NavbarAccount.tsx [Client Component Browser]
    ./components/Navbar/Navbar.tsx [Client Component Browser]
    ./components/Navbar/Navbar.tsx [Server Component]
    ./app/layout.tsx [Server Component]

  Client Component SSR:
    ./components/Navbar/components/NavbarAccount/NavbarAccount.tsx [Client Component SSR]
    ./components/Navbar/Navbar.tsx [Client Component SSR]
    ./components/Navbar/Navbar.tsx [Server Component]
    ./app/layout.tsx [Server Component]

https://nextjs.org/docs/messages/module-not-found @ http://localhost:3000/_next/static/chunks/node_modules_next_dist_1e8vcs8._.js:1052
[  328716ms] [ERROR] ./components/Navbar/components/NavbarAccount/NavbarAccount.tsx:6:1
Error: Module not found: Can't resolve './components/AccountMenuPlan'
  4 | import { AccountMenuHeader } from "./components/AccountMenuHeader";
  5 | import { AccountMenuItem } from "./components/AccountMenuItem";
> 6 | import { AccountMenuPlan } from "./components/AccountMenuPlan";
    | ^^^^^^^^^^^^^^^^^^^^^^^^^^^^^^^^^^^^^^^^^^^^^^^^^^^^^^^^^^^^^^
  7 | import {
  8 |   ACCOUNT_LABEL,
  9 |   ACCOUNT_MENU_ENTRIES,

Import traces:
  Client Component Browser:
    ./components/Navbar/components/NavbarAccount/NavbarAccount.tsx [Client Component Browser]
    ./components/Navbar/Navbar.tsx [Client Component Browser]
    ./components/Navbar/Navbar.tsx [Server Component]
    ./app/layout.tsx [Server Component]

  Client Component SSR:
    ./components/Navbar/components/NavbarAccount/NavbarAccount.tsx [Client Component SSR]
    ./components/Navbar/Navbar.tsx [Client Component SSR]
    ./components/Navbar/Navbar.tsx [Server Component]
    ./app/layout.tsx [Server Component]

https://nextjs.org/docs/messages/module-not-found @ http://localhost:3000/_next/static/chunks/node_modules_next_dist_1e8vcs8._.js:1052
[  328783ms] [ERROR] ./components/Navbar/components/NavbarAccount/NavbarAccount.tsx:6:1
Error: Module not found: Can't resolve './components/AccountMenuPlan'
  4 | import { AccountMenuHeader } from "./components/AccountMenuHeader";
  5 | import { AccountMenuItem } from "./components/AccountMenuItem";
> 6 | import { AccountMenuPlan } from "./components/AccountMenuPlan";
    | ^^^^^^^^^^^^^^^^^^^^^^^^^^^^^^^^^^^^^^^^^^^^^^^^^^^^^^^^^^^^^^
  7 | import {
  8 |   ACCOUNT_LABEL,
  9 |   ACCOUNT_MENU_ENTRIES,

Import traces:
  Client Component Browser:
    ./components/Navbar/components/NavbarAccount/NavbarAccount.tsx [Client Component Browser]
    ./components/Navbar/Navbar.tsx [Client Component Browser]
    ./components/Navbar/Navbar.tsx [Server Component]
    ./app/layout.tsx [Server Component]

  Client Component SSR:
    ./components/Navbar/components/NavbarAccount/NavbarAccount.tsx [Client Component SSR]
    ./components/Navbar/Navbar.tsx [Client Component SSR]
    ./components/Navbar/Navbar.tsx [Server Component]
    ./app/layout.tsx [Server Component]

https://nextjs.org/docs/messages/module-not-found @ http://localhost:3000/_next/static/chunks/node_modules_next_dist_1e8vcs8._.js:1052
[  328833ms] [ERROR] ./components/Navbar/components/NavbarAccount/NavbarAccount.tsx:6:1
Error: Module not found: Can't resolve './components/AccountMenuPlan'
  4 | import { AccountMenuHeader } from "./components/AccountMenuHeader";
  5 | import { AccountMenuItem } from "./components/AccountMenuItem";
> 6 | import { AccountMenuPlan } from "./components/AccountMenuPlan";
    | ^^^^^^^^^^^^^^^^^^^^^^^^^^^^^^^^^^^^^^^^^^^^^^^^^^^^^^^^^^^^^^
  7 | import {
  8 |   ACCOUNT_LABEL,
  9 |   ACCOUNT_MENU_ENTRIES,

Import traces:
  Client Component Browser:
    ./components/Navbar/components/NavbarAccount/NavbarAccount.tsx [Client Component Browser]
    ./components/Navbar/Navbar.tsx [Client Component Browser]
    ./components/Navbar/Navbar.tsx [Server Component]
    ./app/layout.tsx [Server Component]

  Client Component SSR:
    ./components/Navbar/components/NavbarAccount/NavbarAccount.tsx [Client Component SSR]
    ./components/Navbar/Navbar.tsx [Client Component SSR]
    ./components/Navbar/Navbar.tsx [Server Component]
    ./app/layout.tsx [Server Component]

https://nextjs.org/docs/messages/module-not-found @ http://localhost:3000/_next/static/chunks/node_modules_next_dist_1e8vcs8._.js:1052
[  328885ms] [ERROR] ./components/Navbar/components/NavbarAccount/NavbarAccount.tsx:6:1
Error: Module not found: Can't resolve './components/AccountMenuPlan'
  4 | import { AccountMenuHeader } from "./components/AccountMenuHeader";
  5 | import { AccountMenuItem } from "./components/AccountMenuItem";
> 6 | import { AccountMenuPlan } from "./components/AccountMenuPlan";
    | ^^^^^^^^^^^^^^^^^^^^^^^^^^^^^^^^^^^^^^^^^^^^^^^^^^^^^^^^^^^^^^
  7 | import {
  8 |   ACCOUNT_LABEL,
  9 |   ACCOUNT_MENU_ENTRIES,

Import traces:
  Client Component Browser:
    ./components/Navbar/components/NavbarAccount/NavbarAccount.tsx [Client Component Browser]
    ./components/Navbar/Navbar.tsx [Client Component Browser]
    ./components/Navbar/Navbar.tsx [Server Component]
    ./app/layout.tsx [Server Component]

  Client Component SSR:
    ./components/Navbar/components/NavbarAccount/NavbarAccount.tsx [Client Component SSR]
    ./components/Navbar/Navbar.tsx [Client Component SSR]
    ./components/Navbar/Navbar.tsx [Server Component]
    ./app/layout.tsx [Server Component]

https://nextjs.org/docs/messages/module-not-found @ http://localhost:3000/_next/static/chunks/node_modules_next_dist_1e8vcs8._.js:1052
[  329012ms] [ERROR] ./components/Navbar/components/NavbarAccount/NavbarAccount.tsx:6:1
Error: Module not found: Can't resolve './components/AccountMenuPlan'
  4 | import { AccountMenuHeader } from "./components/AccountMenuHeader";
  5 | import { AccountMenuItem } from "./components/AccountMenuItem";
> 6 | import { AccountMenuPlan } from "./components/AccountMenuPlan";
    | ^^^^^^^^^^^^^^^^^^^^^^^^^^^^^^^^^^^^^^^^^^^^^^^^^^^^^^^^^^^^^^
  7 | import {
  8 |   ACCOUNT_LABEL,
  9 |   ACCOUNT_MENU_ENTRIES,

Import traces:
  Client Component Browser:
    ./components/Navbar/components/NavbarAccount/NavbarAccount.tsx [Client Component Browser]
    ./components/Navbar/Navbar.tsx [Client Component Browser]
    ./components/Navbar/Navbar.tsx [Server Component]
    ./app/layout.tsx [Server Component]

  Client Component SSR:
    ./components/Navbar/components/NavbarAccount/NavbarAccount.tsx [Client Component SSR]
    ./components/Navbar/Navbar.tsx [Client Component SSR]
    ./components/Navbar/Navbar.tsx [Server Component]
    ./app/layout.tsx [Server Component]

https://nextjs.org/docs/messages/module-not-found @ http://localhost:3000/_next/static/chunks/node_modules_next_dist_1e8vcs8._.js:1052
[  329050ms] [ERROR] ./components/Navbar/components/NavbarAccount/NavbarAccount.tsx:6:1
Error: Module not found: Can't resolve './components/AccountMenuPlan'
  4 | import { AccountMenuHeader } from "./components/AccountMenuHeader";
  5 | import { AccountMenuItem } from "./components/AccountMenuItem";
> 6 | import { AccountMenuPlan } from "./components/AccountMenuPlan";
    | ^^^^^^^^^^^^^^^^^^^^^^^^^^^^^^^^^^^^^^^^^^^^^^^^^^^^^^^^^^^^^^
  7 | import {
  8 |   ACCOUNT_LABEL,
  9 |   ACCOUNT_MENU_ENTRIES,

Import traces:
  Client Component Browser:
    ./components/Navbar/components/NavbarAccount/NavbarAccount.tsx [Client Component Browser]
    ./components/Navbar/Navbar.tsx [Client Component Browser]
    ./components/Navbar/Navbar.tsx [Server Component]
    ./app/layout.tsx [Server Component]

  Client Component SSR:
    ./components/Navbar/components/NavbarAccount/NavbarAccount.tsx [Client Component SSR]
    ./components/Navbar/Navbar.tsx [Client Component SSR]
    ./components/Navbar/Navbar.tsx [Server Component]
    ./app/layout.tsx [Server Component]

https://nextjs.org/docs/messages/module-not-found @ http://localhost:3000/_next/static/chunks/node_modules_next_dist_1e8vcs8._.js:1052
[  329099ms] [LOG] [Fast Refresh] rebuilding @ http://localhost:3000/_next/static/chunks/node_modules_next_dist_1e8vcs8._.js:776
[  329099ms] [ERROR] ./components/Navbar/components/NavbarAccount/NavbarAccount.tsx:6:1
Error: Module not found: Can't resolve './components/AccountMenuPlan'
  4 | import { AccountMenuHeader } from "./components/AccountMenuHeader";
  5 | import { AccountMenuItem } from "./components/AccountMenuItem";
> 6 | import { AccountMenuPlan } from "./components/AccountMenuPlan";
    | ^^^^^^^^^^^^^^^^^^^^^^^^^^^^^^^^^^^^^^^^^^^^^^^^^^^^^^^^^^^^^^
  7 | import {
  8 |   ACCOUNT_LABEL,
  9 |   ACCOUNT_MENU_ENTRIES,

Import traces:
  Client Component Browser:
    ./components/Navbar/components/NavbarAccount/NavbarAccount.tsx [Client Component Browser]
    ./components/Navbar/Navbar.tsx [Client Component Browser]
    ./components/Navbar/Navbar.tsx [Server Component]
    ./app/layout.tsx [Server Component]

  Client Component SSR:
    ./components/Navbar/components/NavbarAccount/NavbarAccount.tsx [Client Component SSR]
    ./components/Navbar/Navbar.tsx [Client Component SSR]
    ./components/Navbar/Navbar.tsx [Server Component]
    ./app/layout.tsx [Server Component]

https://nextjs.org/docs/messages/module-not-found @ http://localhost:3000/_next/static/chunks/node_modules_next_dist_1e8vcs8._.js:1052
[  329161ms] [ERROR] ./components/Navbar/components/NavbarAccount/NavbarAccount.tsx:6:1
Error: Module not found: Can't resolve './components/AccountMenuPlan'
  4 | import { AccountMenuHeader } from "./components/AccountMenuHeader";
  5 | import { AccountMenuItem } from "./components/AccountMenuItem";
> 6 | import { AccountMenuPlan } from "./components/AccountMenuPlan";
    | ^^^^^^^^^^^^^^^^^^^^^^^^^^^^^^^^^^^^^^^^^^^^^^^^^^^^^^^^^^^^^^
  7 | import {
  8 |   ACCOUNT_LABEL,
  9 |   ACCOUNT_MENU_ENTRIES,

Import traces:
  Client Component Browser:
    ./components/Navbar/components/NavbarAccount/NavbarAccount.tsx [Client Component Browser]
    ./components/Navbar/Navbar.tsx [Client Component Browser]
    ./components/Navbar/Navbar.tsx [Server Component]
    ./app/layout.tsx [Server Component]

  Client Component SSR:
    ./components/Navbar/components/NavbarAccount/NavbarAccount.tsx [Client Component SSR]
    ./components/Navbar/Navbar.tsx [Client Component SSR]
    ./components/Navbar/Navbar.tsx [Server Component]
    ./app/layout.tsx [Server Component]

https://nextjs.org/docs/messages/module-not-found @ http://localhost:3000/_next/static/chunks/node_modules_next_dist_1e8vcs8._.js:1052
[  329214ms] [ERROR] ./components/Navbar/components/NavbarAccount/NavbarAccount.tsx:6:1
Error: Module not found: Can't resolve './components/AccountMenuPlan'
  4 | import { AccountMenuHeader } from "./components/AccountMenuHeader";
  5 | import { AccountMenuItem } from "./components/AccountMenuItem";
> 6 | import { AccountMenuPlan } from "./components/AccountMenuPlan";
    | ^^^^^^^^^^^^^^^^^^^^^^^^^^^^^^^^^^^^^^^^^^^^^^^^^^^^^^^^^^^^^^
  7 | import {
  8 |   ACCOUNT_LABEL,
  9 |   ACCOUNT_MENU_ENTRIES,

Import traces:
  Client Component Browser:
    ./components/Navbar/components/NavbarAccount/NavbarAccount.tsx [Client Component Browser]
    ./components/Navbar/Navbar.tsx [Client Component Browser]
    ./components/Navbar/Navbar.tsx [Server Component]
    ./app/layout.tsx [Server Component]

  Client Component SSR:
    ./components/Navbar/components/NavbarAccount/NavbarAccount.tsx [Client Component SSR]
    ./components/Navbar/Navbar.tsx [Client Component SSR]
    ./components/Navbar/Navbar.tsx [Server Component]
    ./app/layout.tsx [Server Component]

https://nextjs.org/docs/messages/module-not-found @ http://localhost:3000/_next/static/chunks/node_modules_next_dist_1e8vcs8._.js:1052
[  329264ms] [ERROR] ./components/Navbar/components/NavbarAccount/NavbarAccount.tsx:6:1
Error: Module not found: Can't resolve './components/AccountMenuPlan'
  4 | import { AccountMenuHeader } from "./components/AccountMenuHeader";
  5 | import { AccountMenuItem } from "./components/AccountMenuItem";
> 6 | import { AccountMenuPlan } from "./components/AccountMenuPlan";
    | ^^^^^^^^^^^^^^^^^^^^^^^^^^^^^^^^^^^^^^^^^^^^^^^^^^^^^^^^^^^^^^
  7 | import {
  8 |   ACCOUNT_LABEL,
  9 |   ACCOUNT_MENU_ENTRIES,

Import traces:
  Client Component Browser:
    ./components/Navbar/components/NavbarAccount/NavbarAccount.tsx [Client Component Browser]
    ./components/Navbar/Navbar.tsx [Client Component Browser]
    ./components/Navbar/Navbar.tsx [Server Component]
    ./app/layout.tsx [Server Component]

  Client Component SSR:
    ./components/Navbar/components/NavbarAccount/NavbarAccount.tsx [Client Component SSR]
    ./components/Navbar/Navbar.tsx [Client Component SSR]
    ./components/Navbar/Navbar.tsx [Server Component]
    ./app/layout.tsx [Server Component]

https://nextjs.org/docs/messages/module-not-found @ http://localhost:3000/_next/static/chunks/node_modules_next_dist_1e8vcs8._.js:1052
[  329330ms] [ERROR] ./components/Navbar/components/NavbarAccount/NavbarAccount.tsx:6:1
Error: Module not found: Can't resolve './components/AccountMenuPlan'
  4 | import { AccountMenuHeader } from "./components/AccountMenuHeader";
  5 | import { AccountMenuItem } from "./components/AccountMenuItem";
> 6 | import { AccountMenuPlan } from "./components/AccountMenuPlan";
    | ^^^^^^^^^^^^^^^^^^^^^^^^^^^^^^^^^^^^^^^^^^^^^^^^^^^^^^^^^^^^^^
  7 | import {
  8 |   ACCOUNT_LABEL,
  9 |   ACCOUNT_MENU_ENTRIES,

Import traces:
  Client Component Browser:
    ./components/Navbar/components/NavbarAccount/NavbarAccount.tsx [Client Component Browser]
    ./components/Navbar/Navbar.tsx [Client Component Browser]
    ./components/Navbar/Navbar.tsx [Server Component]
    ./app/layout.tsx [Server Component]

  Client Component SSR:
    ./components/Navbar/components/NavbarAccount/NavbarAccount.tsx [Client Component SSR]
    ./components/Navbar/Navbar.tsx [Client Component SSR]
    ./components/Navbar/Navbar.tsx [Server Component]
    ./app/layout.tsx [Server Component]

https://nextjs.org/docs/messages/module-not-found @ http://localhost:3000/_next/static/chunks/node_modules_next_dist_1e8vcs8._.js:1052
[  329381ms] [ERROR] ./components/Navbar/components/NavbarAccount/NavbarAccount.tsx:6:1
Error: Module not found: Can't resolve './components/AccountMenuPlan'
  4 | import { AccountMenuHeader } from "./components/AccountMenuHeader";
  5 | import { AccountMenuItem } from "./components/AccountMenuItem";
> 6 | import { AccountMenuPlan } from "./components/AccountMenuPlan";
    | ^^^^^^^^^^^^^^^^^^^^^^^^^^^^^^^^^^^^^^^^^^^^^^^^^^^^^^^^^^^^^^
  7 | import {
  8 |   ACCOUNT_LABEL,
  9 |   ACCOUNT_MENU_ENTRIES,

Import traces:
  Client Component Browser:
    ./components/Navbar/components/NavbarAccount/NavbarAccount.tsx [Client Component Browser]
    ./components/Navbar/Navbar.tsx [Client Component Browser]
    ./components/Navbar/Navbar.tsx [Server Component]
    ./app/layout.tsx [Server Component]

  Client Component SSR:
    ./components/Navbar/components/NavbarAccount/NavbarAccount.tsx [Client Component SSR]
    ./components/Navbar/Navbar.tsx [Client Component SSR]
    ./components/Navbar/Navbar.tsx [Server Component]
    ./app/layout.tsx [Server Component]

https://nextjs.org/docs/messages/module-not-found @ http://localhost:3000/_next/static/chunks/node_modules_next_dist_1e8vcs8._.js:1052
[  329432ms] [ERROR] ./components/Navbar/components/NavbarAccount/NavbarAccount.tsx:6:1
Error: Module not found: Can't resolve './components/AccountMenuPlan'
  4 | import { AccountMenuHeader } from "./components/AccountMenuHeader";
  5 | import { AccountMenuItem } from "./components/AccountMenuItem";
> 6 | import { AccountMenuPlan } from "./components/AccountMenuPlan";
    | ^^^^^^^^^^^^^^^^^^^^^^^^^^^^^^^^^^^^^^^^^^^^^^^^^^^^^^^^^^^^^^
  7 | import {
  8 |   ACCOUNT_LABEL,
  9 |   ACCOUNT_MENU_ENTRIES,

Import traces:
  Client Component Browser:
    ./components/Navbar/components/NavbarAccount/NavbarAccount.tsx [Client Component Browser]
    ./components/Navbar/Navbar.tsx [Client Component Browser]
    ./components/Navbar/Navbar.tsx [Server Component]
    ./app/layout.tsx [Server Component]

  Client Component SSR:
    ./components/Navbar/components/NavbarAccount/NavbarAccount.tsx [Client Component SSR]
    ./components/Navbar/Navbar.tsx [Client Component SSR]
    ./components/Navbar/Navbar.tsx [Server Component]
    ./app/layout.tsx [Server Component]

https://nextjs.org/docs/messages/module-not-found @ http://localhost:3000/_next/static/chunks/node_modules_next_dist_1e8vcs8._.js:1052
[  329484ms] [ERROR] ./components/Navbar/components/NavbarAccount/NavbarAccount.tsx:6:1
Error: Module not found: Can't resolve './components/AccountMenuPlan'
  4 | import { AccountMenuHeader } from "./components/AccountMenuHeader";
  5 | import { AccountMenuItem } from "./components/AccountMenuItem";
> 6 | import { AccountMenuPlan } from "./components/AccountMenuPlan";
    | ^^^^^^^^^^^^^^^^^^^^^^^^^^^^^^^^^^^^^^^^^^^^^^^^^^^^^^^^^^^^^^
  7 | import {
  8 |   ACCOUNT_LABEL,
  9 |   ACCOUNT_MENU_ENTRIES,

Import traces:
  Client Component Browser:
    ./components/Navbar/components/NavbarAccount/NavbarAccount.tsx [Client Component Browser]
    ./components/Navbar/Navbar.tsx [Client Component Browser]
    ./components/Navbar/Navbar.tsx [Server Component]
    ./app/layout.tsx [Server Component]

  Client Component SSR:
    ./components/Navbar/components/NavbarAccount/NavbarAccount.tsx [Client Component SSR]
    ./components/Navbar/Navbar.tsx [Client Component SSR]
    ./components/Navbar/Navbar.tsx [Server Component]
    ./app/layout.tsx [Server Component]

https://nextjs.org/docs/messages/module-not-found @ http://localhost:3000/_next/static/chunks/node_modules_next_dist_1e8vcs8._.js:1052
[  329533ms] [ERROR] ./components/Navbar/components/NavbarAccount/NavbarAccount.tsx:6:1
Error: Module not found: Can't resolve './components/AccountMenuPlan'
  4 | import { AccountMenuHeader } from "./components/AccountMenuHeader";
  5 | import { AccountMenuItem } from "./components/AccountMenuItem";
> 6 | import { AccountMenuPlan } from "./components/AccountMenuPlan";
    | ^^^^^^^^^^^^^^^^^^^^^^^^^^^^^^^^^^^^^^^^^^^^^^^^^^^^^^^^^^^^^^
  7 | import {
  8 |   ACCOUNT_LABEL,
  9 |   ACCOUNT_MENU_ENTRIES,

Import traces:
  Client Component Browser:
    ./components/Navbar/components/NavbarAccount/NavbarAccount.tsx [Client Component Browser]
    ./components/Navbar/Navbar.tsx [Client Component Browser]
    ./components/Navbar/Navbar.tsx [Server Component]
    ./app/layout.tsx [Server Component]

  Client Component SSR:
    ./components/Navbar/components/NavbarAccount/NavbarAccount.tsx [Client Component SSR]
    ./components/Navbar/Navbar.tsx [Client Component SSR]
    ./components/Navbar/Navbar.tsx [Server Component]
    ./app/layout.tsx [Server Component]

https://nextjs.org/docs/messages/module-not-found @ http://localhost:3000/_next/static/chunks/node_modules_next_dist_1e8vcs8._.js:1052
[  329582ms] [ERROR] ./components/Navbar/components/NavbarAccount/NavbarAccount.tsx:6:1
Error: Module not found: Can't resolve './components/AccountMenuPlan'
  4 | import { AccountMenuHeader } from "./components/AccountMenuHeader";
  5 | import { AccountMenuItem } from "./components/AccountMenuItem";
> 6 | import { AccountMenuPlan } from "./components/AccountMenuPlan";
    | ^^^^^^^^^^^^^^^^^^^^^^^^^^^^^^^^^^^^^^^^^^^^^^^^^^^^^^^^^^^^^^
  7 | import {
  8 |   ACCOUNT_LABEL,
  9 |   ACCOUNT_MENU_ENTRIES,

Import traces:
  Client Component Browser:
    ./components/Navbar/components/NavbarAccount/NavbarAccount.tsx [Client Component Browser]
    ./components/Navbar/Navbar.tsx [Client Component Browser]
    ./components/Navbar/Navbar.tsx [Server Component]
    ./app/layout.tsx [Server Component]

  Client Component SSR:
    ./components/Navbar/components/NavbarAccount/NavbarAccount.tsx [Client Component SSR]
    ./components/Navbar/Navbar.tsx [Client Component SSR]
    ./components/Navbar/Navbar.tsx [Server Component]
    ./app/layout.tsx [Server Component]

https://nextjs.org/docs/messages/module-not-found @ http://localhost:3000/_next/static/chunks/node_modules_next_dist_1e8vcs8._.js:1052
[  329632ms] [ERROR] ./components/Navbar/components/NavbarAccount/NavbarAccount.tsx:6:1
Error: Module not found: Can't resolve './components/AccountMenuPlan'
  4 | import { AccountMenuHeader } from "./components/AccountMenuHeader";
  5 | import { AccountMenuItem } from "./components/AccountMenuItem";
> 6 | import { AccountMenuPlan } from "./components/AccountMenuPlan";
    | ^^^^^^^^^^^^^^^^^^^^^^^^^^^^^^^^^^^^^^^^^^^^^^^^^^^^^^^^^^^^^^
  7 | import {
  8 |   ACCOUNT_LABEL,
  9 |   ACCOUNT_MENU_ENTRIES,

Import traces:
  Client Component Browser:
    ./components/Navbar/components/NavbarAccount/NavbarAccount.tsx [Client Component Browser]
    ./components/Navbar/Navbar.tsx [Client Component Browser]
    ./components/Navbar/Navbar.tsx [Server Component]
    ./app/layout.tsx [Server Component]

  Client Component SSR:
    ./components/Navbar/components/NavbarAccount/NavbarAccount.tsx [Client Component SSR]
    ./components/Navbar/Navbar.tsx [Client Component SSR]
    ./components/Navbar/Navbar.tsx [Server Component]
    ./app/layout.tsx [Server Component]

https://nextjs.org/docs/messages/module-not-found @ http://localhost:3000/_next/static/chunks/node_modules_next_dist_1e8vcs8._.js:1052
[  329700ms] [ERROR] ./components/Navbar/components/NavbarAccount/NavbarAccount.tsx:6:1
Error: Module not found: Can't resolve './components/AccountMenuPlan'
  4 | import { AccountMenuHeader } from "./components/AccountMenuHeader";
  5 | import { AccountMenuItem } from "./components/AccountMenuItem";
> 6 | import { AccountMenuPlan } from "./components/AccountMenuPlan";
    | ^^^^^^^^^^^^^^^^^^^^^^^^^^^^^^^^^^^^^^^^^^^^^^^^^^^^^^^^^^^^^^
  7 | import {
  8 |   ACCOUNT_LABEL,
  9 |   ACCOUNT_MENU_ENTRIES,

Import traces:
  Client Component Browser:
    ./components/Navbar/components/NavbarAccount/NavbarAccount.tsx [Client Component Browser]
    ./components/Navbar/Navbar.tsx [Client Component Browser]
    ./components/Navbar/Navbar.tsx [Server Component]
    ./app/layout.tsx [Server Component]

  Client Component SSR:
    ./components/Navbar/components/NavbarAccount/NavbarAccount.tsx [Client Component SSR]
    ./components/Navbar/Navbar.tsx [Client Component SSR]
    ./components/Navbar/Navbar.tsx [Server Component]
    ./app/layout.tsx [Server Component]

https://nextjs.org/docs/messages/module-not-found @ http://localhost:3000/_next/static/chunks/node_modules_next_dist_1e8vcs8._.js:1052
[  329749ms] [ERROR] ./components/Navbar/components/NavbarAccount/NavbarAccount.tsx:6:1
Error: Module not found: Can't resolve './components/AccountMenuPlan'
  4 | import { AccountMenuHeader } from "./components/AccountMenuHeader";
  5 | import { AccountMenuItem } from "./components/AccountMenuItem";
> 6 | import { AccountMenuPlan } from "./components/AccountMenuPlan";
    | ^^^^^^^^^^^^^^^^^^^^^^^^^^^^^^^^^^^^^^^^^^^^^^^^^^^^^^^^^^^^^^
  7 | import {
  8 |   ACCOUNT_LABEL,
  9 |   ACCOUNT_MENU_ENTRIES,

Import traces:
  Client Component Browser:
    ./components/Navbar/components/NavbarAccount/NavbarAccount.tsx [Client Component Browser]
    ./components/Navbar/Navbar.tsx [Client Component Browser]
    ./components/Navbar/Navbar.tsx [Server Component]
    ./app/layout.tsx [Server Component]

  Client Component SSR:
    ./components/Navbar/components/NavbarAccount/NavbarAccount.tsx [Client Component SSR]
    ./components/Navbar/Navbar.tsx [Client Component SSR]
    ./components/Navbar/Navbar.tsx [Server Component]
    ./app/layout.tsx [Server Component]

https://nextjs.org/docs/messages/module-not-found @ http://localhost:3000/_next/static/chunks/node_modules_next_dist_1e8vcs8._.js:1052
[  329799ms] [ERROR] ./components/Navbar/components/NavbarAccount/NavbarAccount.tsx:6:1
Error: Module not found: Can't resolve './components/AccountMenuPlan'
  4 | import { AccountMenuHeader } from "./components/AccountMenuHeader";
  5 | import { AccountMenuItem } from "./components/AccountMenuItem";
> 6 | import { AccountMenuPlan } from "./components/AccountMenuPlan";
    | ^^^^^^^^^^^^^^^^^^^^^^^^^^^^^^^^^^^^^^^^^^^^^^^^^^^^^^^^^^^^^^
  7 | import {
  8 |   ACCOUNT_LABEL,
  9 |   ACCOUNT_MENU_ENTRIES,

Import traces:
  Client Component Browser:
    ./components/Navbar/components/NavbarAccount/NavbarAccount.tsx [Client Component Browser]
    ./components/Navbar/Navbar.tsx [Client Component Browser]
    ./components/Navbar/Navbar.tsx [Server Component]
    ./app/layout.tsx [Server Component]

  Client Component SSR:
    ./components/Navbar/components/NavbarAccount/NavbarAccount.tsx [Client Component SSR]
    ./components/Navbar/Navbar.tsx [Client Component SSR]
    ./components/Navbar/Navbar.tsx [Server Component]
    ./app/layout.tsx [Server Component]

https://nextjs.org/docs/messages/module-not-found @ http://localhost:3000/_next/static/chunks/node_modules_next_dist_1e8vcs8._.js:1052
[  329850ms] [ERROR] ./components/Navbar/components/NavbarAccount/NavbarAccount.tsx:6:1
Error: Module not found: Can't resolve './components/AccountMenuPlan'
  4 | import { AccountMenuHeader } from "./components/AccountMenuHeader";
  5 | import { AccountMenuItem } from "./components/AccountMenuItem";
> 6 | import { AccountMenuPlan } from "./components/AccountMenuPlan";
    | ^^^^^^^^^^^^^^^^^^^^^^^^^^^^^^^^^^^^^^^^^^^^^^^^^^^^^^^^^^^^^^
  7 | import {
  8 |   ACCOUNT_LABEL,
  9 |   ACCOUNT_MENU_ENTRIES,

Import traces:
  Client Component Browser:
    ./components/Navbar/components/NavbarAccount/NavbarAccount.tsx [Client Component Browser]
    ./components/Navbar/Navbar.tsx [Client Component Browser]
    ./components/Navbar/Navbar.tsx [Server Component]
    ./app/layout.tsx [Server Component]

  Client Component SSR:
    ./components/Navbar/components/NavbarAccount/NavbarAccount.tsx [Client Component SSR]
    ./components/Navbar/Navbar.tsx [Client Component SSR]
    ./components/Navbar/Navbar.tsx [Server Component]
    ./app/layout.tsx [Server Component]

https://nextjs.org/docs/messages/module-not-found @ http://localhost:3000/_next/static/chunks/node_modules_next_dist_1e8vcs8._.js:1052
[  329900ms] [ERROR] ./components/Navbar/components/NavbarAccount/NavbarAccount.tsx:6:1
Error: Module not found: Can't resolve './components/AccountMenuPlan'
  4 | import { AccountMenuHeader } from "./components/AccountMenuHeader";
  5 | import { AccountMenuItem } from "./components/AccountMenuItem";
> 6 | import { AccountMenuPlan } from "./components/AccountMenuPlan";
    | ^^^^^^^^^^^^^^^^^^^^^^^^^^^^^^^^^^^^^^^^^^^^^^^^^^^^^^^^^^^^^^
  7 | import {
  8 |   ACCOUNT_LABEL,
  9 |   ACCOUNT_MENU_ENTRIES,

Import traces:
  Client Component Browser:
    ./components/Navbar/components/NavbarAccount/NavbarAccount.tsx [Client Component Browser]
    ./components/Navbar/Navbar.tsx [Client Component Browser]
    ./components/Navbar/Navbar.tsx [Server Component]
    ./app/layout.tsx [Server Component]

  Client Component SSR:
    ./components/Navbar/components/NavbarAccount/NavbarAccount.tsx [Client Component SSR]
    ./components/Navbar/Navbar.tsx [Client Component SSR]
    ./components/Navbar/Navbar.tsx [Server Component]
    ./app/layout.tsx [Server Component]

https://nextjs.org/docs/messages/module-not-found @ http://localhost:3000/_next/static/chunks/node_modules_next_dist_1e8vcs8._.js:1052
[  329948ms] [ERROR] ./components/Navbar/components/NavbarAccount/NavbarAccount.tsx:6:1
Error: Module not found: Can't resolve './components/AccountMenuPlan'
  4 | import { AccountMenuHeader } from "./components/AccountMenuHeader";
  5 | import { AccountMenuItem } from "./components/AccountMenuItem";
> 6 | import { AccountMenuPlan } from "./components/AccountMenuPlan";
    | ^^^^^^^^^^^^^^^^^^^^^^^^^^^^^^^^^^^^^^^^^^^^^^^^^^^^^^^^^^^^^^
  7 | import {
  8 |   ACCOUNT_LABEL,
  9 |   ACCOUNT_MENU_ENTRIES,

Import traces:
  Client Component Browser:
    ./components/Navbar/components/NavbarAccount/NavbarAccount.tsx [Client Component Browser]
    ./components/Navbar/Navbar.tsx [Client Component Browser]
    ./components/Navbar/Navbar.tsx [Server Component]
    ./app/layout.tsx [Server Component]

  Client Component SSR:
    ./components/Navbar/components/NavbarAccount/NavbarAccount.tsx [Client Component SSR]
    ./components/Navbar/Navbar.tsx [Client Component SSR]
    ./components/Navbar/Navbar.tsx [Server Component]
    ./app/layout.tsx [Server Component]

https://nextjs.org/docs/messages/module-not-found @ http://localhost:3000/_next/static/chunks/node_modules_next_dist_1e8vcs8._.js:1052
[  329998ms] [ERROR] ./components/Navbar/components/NavbarAccount/NavbarAccount.tsx:6:1
Error: Module not found: Can't resolve './components/AccountMenuPlan'
  4 | import { AccountMenuHeader } from "./components/AccountMenuHeader";
  5 | import { AccountMenuItem } from "./components/AccountMenuItem";
> 6 | import { AccountMenuPlan } from "./components/AccountMenuPlan";
    | ^^^^^^^^^^^^^^^^^^^^^^^^^^^^^^^^^^^^^^^^^^^^^^^^^^^^^^^^^^^^^^
  7 | import {
  8 |   ACCOUNT_LABEL,
  9 |   ACCOUNT_MENU_ENTRIES,

Import traces:
  Client Component Browser:
    ./components/Navbar/components/NavbarAccount/NavbarAccount.tsx [Client Component Browser]
    ./components/Navbar/Navbar.tsx [Client Component Browser]
    ./components/Navbar/Navbar.tsx [Server Component]
    ./app/layout.tsx [Server Component]

  Client Component SSR:
    ./components/Navbar/components/NavbarAccount/NavbarAccount.tsx [Client Component SSR]
    ./components/Navbar/Navbar.tsx [Client Component SSR]
    ./components/Navbar/Navbar.tsx [Server Component]
    ./app/layout.tsx [Server Component]

https://nextjs.org/docs/messages/module-not-found @ http://localhost:3000/_next/static/chunks/node_modules_next_dist_1e8vcs8._.js:1052
[  330216ms] [ERROR] ./components/Navbar/components/NavbarAccount/NavbarAccount.tsx:6:1
Error: Module not found: Can't resolve './components/AccountMenuPlan'
  4 | import { AccountMenuHeader } from "./components/AccountMenuHeader";
  5 | import { AccountMenuItem } from "./components/AccountMenuItem";
> 6 | import { AccountMenuPlan } from "./components/AccountMenuPlan";
    | ^^^^^^^^^^^^^^^^^^^^^^^^^^^^^^^^^^^^^^^^^^^^^^^^^^^^^^^^^^^^^^
  7 | import {
  8 |   ACCOUNT_LABEL,
  9 |   ACCOUNT_MENU_ENTRIES,

Import traces:
  Client Component Browser:
    ./components/Navbar/components/NavbarAccount/NavbarAccount.tsx [Client Component Browser]
    ./components/Navbar/Navbar.tsx [Client Component Browser]
    ./components/Navbar/Navbar.tsx [Server Component]
    ./app/layout.tsx [Server Component]

  Client Component SSR:
    ./components/Navbar/components/NavbarAccount/NavbarAccount.tsx [Client Component SSR]
    ./components/Navbar/Navbar.tsx [Client Component SSR]
    ./components/Navbar/Navbar.tsx [Server Component]
    ./app/layout.tsx [Server Component]

https://nextjs.org/docs/messages/module-not-found @ http://localhost:3000/_next/static/chunks/node_modules_next_dist_1e8vcs8._.js:1052
[  330249ms] [LOG] [Fast Refresh] rebuilding @ http://localhost:3000/_next/static/chunks/node_modules_next_dist_1e8vcs8._.js:776
[  330267ms] [ERROR] ./components/Navbar/components/NavbarAccount/NavbarAccount.tsx:6:1
Error: Module not found: Can't resolve './components/AccountMenuPlan'
  4 | import { AccountMenuHeader } from "./components/AccountMenuHeader";
  5 | import { AccountMenuItem } from "./components/AccountMenuItem";
> 6 | import { AccountMenuPlan } from "./components/AccountMenuPlan";
    | ^^^^^^^^^^^^^^^^^^^^^^^^^^^^^^^^^^^^^^^^^^^^^^^^^^^^^^^^^^^^^^
  7 | import {
  8 |   ACCOUNT_LABEL,
  9 |   ACCOUNT_MENU_ENTRIES,

Import traces:
  Client Component Browser:
    ./components/Navbar/components/NavbarAccount/NavbarAccount.tsx [Client Component Browser]
    ./components/Navbar/Navbar.tsx [Client Component Browser]
    ./components/Navbar/Navbar.tsx [Server Component]
    ./app/layout.tsx [Server Component]

  Client Component SSR:
    ./components/Navbar/components/NavbarAccount/NavbarAccount.tsx [Client Component SSR]
    ./components/Navbar/Navbar.tsx [Client Component SSR]
    ./components/Navbar/Navbar.tsx [Server Component]
    ./app/layout.tsx [Server Component]

https://nextjs.org/docs/messages/module-not-found @ http://localhost:3000/_next/static/chunks/node_modules_next_dist_1e8vcs8._.js:1052
[  330316ms] [ERROR] ./components/Navbar/components/NavbarAccount/NavbarAccount.tsx:6:1
Error: Module not found: Can't resolve './components/AccountMenuPlan'
  4 | import { AccountMenuHeader } from "./components/AccountMenuHeader";
  5 | import { AccountMenuItem } from "./components/AccountMenuItem";
> 6 | import { AccountMenuPlan } from "./components/AccountMenuPlan";
    | ^^^^^^^^^^^^^^^^^^^^^^^^^^^^^^^^^^^^^^^^^^^^^^^^^^^^^^^^^^^^^^
  7 | import {
  8 |   ACCOUNT_LABEL,
  9 |   ACCOUNT_MENU_ENTRIES,

Import traces:
  Client Component Browser:
    ./components/Navbar/components/NavbarAccount/NavbarAccount.tsx [Client Component Browser]
    ./components/Navbar/Navbar.tsx [Client Component Browser]
    ./components/Navbar/Navbar.tsx [Server Component]
    ./app/layout.tsx [Server Component]

  Client Component SSR:
    ./components/Navbar/components/NavbarAccount/NavbarAccount.tsx [Client Component SSR]
    ./components/Navbar/Navbar.tsx [Client Component SSR]
    ./components/Navbar/Navbar.tsx [Server Component]
    ./app/layout.tsx [Server Component]

https://nextjs.org/docs/messages/module-not-found @ http://localhost:3000/_next/static/chunks/node_modules_next_dist_1e8vcs8._.js:1052
[  330366ms] [ERROR] ./components/Navbar/components/NavbarAccount/NavbarAccount.tsx:6:1
Error: Module not found: Can't resolve './components/AccountMenuPlan'
  4 | import { AccountMenuHeader } from "./components/AccountMenuHeader";
  5 | import { AccountMenuItem } from "./components/AccountMenuItem";
> 6 | import { AccountMenuPlan } from "./components/AccountMenuPlan";
    | ^^^^^^^^^^^^^^^^^^^^^^^^^^^^^^^^^^^^^^^^^^^^^^^^^^^^^^^^^^^^^^
  7 | import {
  8 |   ACCOUNT_LABEL,
  9 |   ACCOUNT_MENU_ENTRIES,

Import traces:
  Client Component Browser:
    ./components/Navbar/components/NavbarAccount/NavbarAccount.tsx [Client Component Browser]
    ./components/Navbar/Navbar.tsx [Client Component Browser]
    ./components/Navbar/Navbar.tsx [Server Component]
    ./app/layout.tsx [Server Component]

  Client Component SSR:
    ./components/Navbar/components/NavbarAccount/NavbarAccount.tsx [Client Component SSR]
    ./components/Navbar/Navbar.tsx [Client Component SSR]
    ./components/Navbar/Navbar.tsx [Server Component]
    ./app/layout.tsx [Server Component]

https://nextjs.org/docs/messages/module-not-found @ http://localhost:3000/_next/static/chunks/node_modules_next_dist_1e8vcs8._.js:1052
[  330415ms] [ERROR] ./components/Navbar/components/NavbarAccount/NavbarAccount.tsx:6:1
Error: Module not found: Can't resolve './components/AccountMenuPlan'
  4 | import { AccountMenuHeader } from "./components/AccountMenuHeader";
  5 | import { AccountMenuItem } from "./components/AccountMenuItem";
> 6 | import { AccountMenuPlan } from "./components/AccountMenuPlan";
    | ^^^^^^^^^^^^^^^^^^^^^^^^^^^^^^^^^^^^^^^^^^^^^^^^^^^^^^^^^^^^^^
  7 | import {
  8 |   ACCOUNT_LABEL,
  9 |   ACCOUNT_MENU_ENTRIES,

Import traces:
  Client Component Browser:
    ./components/Navbar/components/NavbarAccount/NavbarAccount.tsx [Client Component Browser]
    ./components/Navbar/Navbar.tsx [Client Component Browser]
    ./components/Navbar/Navbar.tsx [Server Component]
    ./app/layout.tsx [Server Component]

  Client Component SSR:
    ./components/Navbar/components/NavbarAccount/NavbarAccount.tsx [Client Component SSR]
    ./components/Navbar/Navbar.tsx [Client Component SSR]
    ./components/Navbar/Navbar.tsx [Server Component]
    ./app/layout.tsx [Server Component]

https://nextjs.org/docs/messages/module-not-found @ http://localhost:3000/_next/static/chunks/node_modules_next_dist_1e8vcs8._.js:1052
[  330467ms] [ERROR] ./components/Navbar/components/NavbarAccount/NavbarAccount.tsx:6:1
Error: Module not found: Can't resolve './components/AccountMenuPlan'
  4 | import { AccountMenuHeader } from "./components/AccountMenuHeader";
  5 | import { AccountMenuItem } from "./components/AccountMenuItem";
> 6 | import { AccountMenuPlan } from "./components/AccountMenuPlan";
    | ^^^^^^^^^^^^^^^^^^^^^^^^^^^^^^^^^^^^^^^^^^^^^^^^^^^^^^^^^^^^^^
  7 | import {
  8 |   ACCOUNT_LABEL,
  9 |   ACCOUNT_MENU_ENTRIES,

Import traces:
  Client Component Browser:
    ./components/Navbar/components/NavbarAccount/NavbarAccount.tsx [Client Component Browser]
    ./components/Navbar/Navbar.tsx [Client Component Browser]
    ./components/Navbar/Navbar.tsx [Server Component]
    ./app/layout.tsx [Server Component]

  Client Component SSR:
    ./components/Navbar/components/NavbarAccount/NavbarAccount.tsx [Client Component SSR]
    ./components/Navbar/Navbar.tsx [Client Component SSR]
    ./components/Navbar/Navbar.tsx [Server Component]
    ./app/layout.tsx [Server Component]

https://nextjs.org/docs/messages/module-not-found @ http://localhost:3000/_next/static/chunks/node_modules_next_dist_1e8vcs8._.js:1052
[  330516ms] [ERROR] ./components/Navbar/components/NavbarAccount/NavbarAccount.tsx:6:1
Error: Module not found: Can't resolve './components/AccountMenuPlan'
  4 | import { AccountMenuHeader } from "./components/AccountMenuHeader";
  5 | import { AccountMenuItem } from "./components/AccountMenuItem";
> 6 | import { AccountMenuPlan } from "./components/AccountMenuPlan";
    | ^^^^^^^^^^^^^^^^^^^^^^^^^^^^^^^^^^^^^^^^^^^^^^^^^^^^^^^^^^^^^^
  7 | import {
  8 |   ACCOUNT_LABEL,
  9 |   ACCOUNT_MENU_ENTRIES,

Import traces:
  Client Component Browser:
    ./components/Navbar/components/NavbarAccount/NavbarAccount.tsx [Client Component Browser]
    ./components/Navbar/Navbar.tsx [Client Component Browser]
    ./components/Navbar/Navbar.tsx [Server Component]
    ./app/layout.tsx [Server Component]

  Client Component SSR:
    ./components/Navbar/components/NavbarAccount/NavbarAccount.tsx [Client Component SSR]
    ./components/Navbar/Navbar.tsx [Client Component SSR]
    ./components/Navbar/Navbar.tsx [Server Component]
    ./app/layout.tsx [Server Component]

https://nextjs.org/docs/messages/module-not-found @ http://localhost:3000/_next/static/chunks/node_modules_next_dist_1e8vcs8._.js:1052
[  330566ms] [ERROR] ./components/Navbar/components/NavbarAccount/NavbarAccount.tsx:6:1
Error: Module not found: Can't resolve './components/AccountMenuPlan'
  4 | import { AccountMenuHeader } from "./components/AccountMenuHeader";
  5 | import { AccountMenuItem } from "./components/AccountMenuItem";
> 6 | import { AccountMenuPlan } from "./components/AccountMenuPlan";
    | ^^^^^^^^^^^^^^^^^^^^^^^^^^^^^^^^^^^^^^^^^^^^^^^^^^^^^^^^^^^^^^
  7 | import {
  8 |   ACCOUNT_LABEL,
  9 |   ACCOUNT_MENU_ENTRIES,

Import traces:
  Client Component Browser:
    ./components/Navbar/components/NavbarAccount/NavbarAccount.tsx [Client Component Browser]
    ./components/Navbar/Navbar.tsx [Client Component Browser]
    ./components/Navbar/Navbar.tsx [Server Component]
    ./app/layout.tsx [Server Component]

  Client Component SSR:
    ./components/Navbar/components/NavbarAccount/NavbarAccount.tsx [Client Component SSR]
    ./components/Navbar/Navbar.tsx [Client Component SSR]
    ./components/Navbar/Navbar.tsx [Server Component]
    ./app/layout.tsx [Server Component]

https://nextjs.org/docs/messages/module-not-found @ http://localhost:3000/_next/static/chunks/node_modules_next_dist_1e8vcs8._.js:1052
[  330631ms] [ERROR] ./components/Navbar/components/NavbarAccount/NavbarAccount.tsx:6:1
Error: Module not found: Can't resolve './components/AccountMenuPlan'
  4 | import { AccountMenuHeader } from "./components/AccountMenuHeader";
  5 | import { AccountMenuItem } from "./components/AccountMenuItem";
> 6 | import { AccountMenuPlan } from "./components/AccountMenuPlan";
    | ^^^^^^^^^^^^^^^^^^^^^^^^^^^^^^^^^^^^^^^^^^^^^^^^^^^^^^^^^^^^^^
  7 | import {
  8 |   ACCOUNT_LABEL,
  9 |   ACCOUNT_MENU_ENTRIES,

Import traces:
  Client Component Browser:
    ./components/Navbar/components/NavbarAccount/NavbarAccount.tsx [Client Component Browser]
    ./components/Navbar/Navbar.tsx [Client Component Browser]
    ./components/Navbar/Navbar.tsx [Server Component]
    ./app/layout.tsx [Server Component]

  Client Component SSR:
    ./components/Navbar/components/NavbarAccount/NavbarAccount.tsx [Client Component SSR]
    ./components/Navbar/Navbar.tsx [Client Component SSR]
    ./components/Navbar/Navbar.tsx [Server Component]
    ./app/layout.tsx [Server Component]

https://nextjs.org/docs/messages/module-not-found @ http://localhost:3000/_next/static/chunks/node_modules_next_dist_1e8vcs8._.js:1052
[  330684ms] [ERROR] ./components/Navbar/components/NavbarAccount/NavbarAccount.tsx:6:1
Error: Module not found: Can't resolve './components/AccountMenuPlan'
  4 | import { AccountMenuHeader } from "./components/AccountMenuHeader";
  5 | import { AccountMenuItem } from "./components/AccountMenuItem";
> 6 | import { AccountMenuPlan } from "./components/AccountMenuPlan";
    | ^^^^^^^^^^^^^^^^^^^^^^^^^^^^^^^^^^^^^^^^^^^^^^^^^^^^^^^^^^^^^^
  7 | import {
  8 |   ACCOUNT_LABEL,
  9 |   ACCOUNT_MENU_ENTRIES,

Import traces:
  Client Component Browser:
    ./components/Navbar/components/NavbarAccount/NavbarAccount.tsx [Client Component Browser]
    ./components/Navbar/Navbar.tsx [Client Component Browser]
    ./components/Navbar/Navbar.tsx [Server Component]
    ./app/layout.tsx [Server Component]

  Client Component SSR:
    ./components/Navbar/components/NavbarAccount/NavbarAccount.tsx [Client Component SSR]
    ./components/Navbar/Navbar.tsx [Client Component SSR]
    ./components/Navbar/Navbar.tsx [Server Component]
    ./app/layout.tsx [Server Component]

https://nextjs.org/docs/messages/module-not-found @ http://localhost:3000/_next/static/chunks/node_modules_next_dist_1e8vcs8._.js:1052
[  330732ms] [ERROR] ./components/Navbar/components/NavbarAccount/NavbarAccount.tsx:6:1
Error: Module not found: Can't resolve './components/AccountMenuPlan'
  4 | import { AccountMenuHeader } from "./components/AccountMenuHeader";
  5 | import { AccountMenuItem } from "./components/AccountMenuItem";
> 6 | import { AccountMenuPlan } from "./components/AccountMenuPlan";
    | ^^^^^^^^^^^^^^^^^^^^^^^^^^^^^^^^^^^^^^^^^^^^^^^^^^^^^^^^^^^^^^
  7 | import {
  8 |   ACCOUNT_LABEL,
  9 |   ACCOUNT_MENU_ENTRIES,

Import traces:
  Client Component Browser:
    ./components/Navbar/components/NavbarAccount/NavbarAccount.tsx [Client Component Browser]
    ./components/Navbar/Navbar.tsx [Client Component Browser]
    ./components/Navbar/Navbar.tsx [Server Component]
    ./app/layout.tsx [Server Component]

  Client Component SSR:
    ./components/Navbar/components/NavbarAccount/NavbarAccount.tsx [Client Component SSR]
    ./components/Navbar/Navbar.tsx [Client Component SSR]
    ./components/Navbar/Navbar.tsx [Server Component]
    ./app/layout.tsx [Server Component]

https://nextjs.org/docs/messages/module-not-found @ http://localhost:3000/_next/static/chunks/node_modules_next_dist_1e8vcs8._.js:1052
[  330782ms] [ERROR] ./components/Navbar/components/NavbarAccount/NavbarAccount.tsx:6:1
Error: Module not found: Can't resolve './components/AccountMenuPlan'
  4 | import { AccountMenuHeader } from "./components/AccountMenuHeader";
  5 | import { AccountMenuItem } from "./components/AccountMenuItem";
> 6 | import { AccountMenuPlan } from "./components/AccountMenuPlan";
    | ^^^^^^^^^^^^^^^^^^^^^^^^^^^^^^^^^^^^^^^^^^^^^^^^^^^^^^^^^^^^^^
  7 | import {
  8 |   ACCOUNT_LABEL,
  9 |   ACCOUNT_MENU_ENTRIES,

Import traces:
  Client Component Browser:
    ./components/Navbar/components/NavbarAccount/NavbarAccount.tsx [Client Component Browser]
    ./components/Navbar/Navbar.tsx [Client Component Browser]
    ./components/Navbar/Navbar.tsx [Server Component]
    ./app/layout.tsx [Server Component]

  Client Component SSR:
    ./components/Navbar/components/NavbarAccount/NavbarAccount.tsx [Client Component SSR]
    ./components/Navbar/Navbar.tsx [Client Component SSR]
    ./components/Navbar/Navbar.tsx [Server Component]
    ./app/layout.tsx [Server Component]

https://nextjs.org/docs/messages/module-not-found @ http://localhost:3000/_next/static/chunks/node_modules_next_dist_1e8vcs8._.js:1052
[  330832ms] [ERROR] ./components/Navbar/components/NavbarAccount/NavbarAccount.tsx:6:1
Error: Module not found: Can't resolve './components/AccountMenuPlan'
  4 | import { AccountMenuHeader } from "./components/AccountMenuHeader";
  5 | import { AccountMenuItem } from "./components/AccountMenuItem";
> 6 | import { AccountMenuPlan } from "./components/AccountMenuPlan";
    | ^^^^^^^^^^^^^^^^^^^^^^^^^^^^^^^^^^^^^^^^^^^^^^^^^^^^^^^^^^^^^^
  7 | import {
  8 |   ACCOUNT_LABEL,
  9 |   ACCOUNT_MENU_ENTRIES,

Import traces:
  Client Component Browser:
    ./components/Navbar/components/NavbarAccount/NavbarAccount.tsx [Client Component Browser]
    ./components/Navbar/Navbar.tsx [Client Component Browser]
    ./components/Navbar/Navbar.tsx [Server Component]
    ./app/layout.tsx [Server Component]

  Client Component SSR:
    ./components/Navbar/components/NavbarAccount/NavbarAccount.tsx [Client Component SSR]
    ./components/Navbar/Navbar.tsx [Client Component SSR]
    ./components/Navbar/Navbar.tsx [Server Component]
    ./app/layout.tsx [Server Component]

https://nextjs.org/docs/messages/module-not-found @ http://localhost:3000/_next/static/chunks/node_modules_next_dist_1e8vcs8._.js:1052
[  330884ms] [ERROR] ./components/Navbar/components/NavbarAccount/NavbarAccount.tsx:6:1
Error: Module not found: Can't resolve './components/AccountMenuPlan'
  4 | import { AccountMenuHeader } from "./components/AccountMenuHeader";
  5 | import { AccountMenuItem } from "./components/AccountMenuItem";
> 6 | import { AccountMenuPlan } from "./components/AccountMenuPlan";
    | ^^^^^^^^^^^^^^^^^^^^^^^^^^^^^^^^^^^^^^^^^^^^^^^^^^^^^^^^^^^^^^
  7 | import {
  8 |   ACCOUNT_LABEL,
  9 |   ACCOUNT_MENU_ENTRIES,

Import traces:
  Client Component Browser:
    ./components/Navbar/components/NavbarAccount/NavbarAccount.tsx [Client Component Browser]
    ./components/Navbar/Navbar.tsx [Client Component Browser]
    ./components/Navbar/Navbar.tsx [Server Component]
    ./app/layout.tsx [Server Component]

  Client Component SSR:
    ./components/Navbar/components/NavbarAccount/NavbarAccount.tsx [Client Component SSR]
    ./components/Navbar/Navbar.tsx [Client Component SSR]
    ./components/Navbar/Navbar.tsx [Server Component]
    ./app/layout.tsx [Server Component]

https://nextjs.org/docs/messages/module-not-found @ http://localhost:3000/_next/static/chunks/node_modules_next_dist_1e8vcs8._.js:1052
[  330948ms] [ERROR] ./components/Navbar/components/NavbarAccount/NavbarAccount.tsx:6:1
Error: Module not found: Can't resolve './components/AccountMenuPlan'
  4 | import { AccountMenuHeader } from "./components/AccountMenuHeader";
  5 | import { AccountMenuItem } from "./components/AccountMenuItem";
> 6 | import { AccountMenuPlan } from "./components/AccountMenuPlan";
    | ^^^^^^^^^^^^^^^^^^^^^^^^^^^^^^^^^^^^^^^^^^^^^^^^^^^^^^^^^^^^^^
  7 | import {
  8 |   ACCOUNT_LABEL,
  9 |   ACCOUNT_MENU_ENTRIES,

Import traces:
  Client Component Browser:
    ./components/Navbar/components/NavbarAccount/NavbarAccount.tsx [Client Component Browser]
    ./components/Navbar/Navbar.tsx [Client Component Browser]
    ./components/Navbar/Navbar.tsx [Server Component]
    ./app/layout.tsx [Server Component]

  Client Component SSR:
    ./components/Navbar/components/NavbarAccount/NavbarAccount.tsx [Client Component SSR]
    ./components/Navbar/Navbar.tsx [Client Component SSR]
    ./components/Navbar/Navbar.tsx [Server Component]
    ./app/layout.tsx [Server Component]

https://nextjs.org/docs/messages/module-not-found @ http://localhost:3000/_next/static/chunks/node_modules_next_dist_1e8vcs8._.js:1052
[  331000ms] [ERROR] ./components/Navbar/components/NavbarAccount/NavbarAccount.tsx:6:1
Error: Module not found: Can't resolve './components/AccountMenuPlan'
  4 | import { AccountMenuHeader } from "./components/AccountMenuHeader";
  5 | import { AccountMenuItem } from "./components/AccountMenuItem";
> 6 | import { AccountMenuPlan } from "./components/AccountMenuPlan";
    | ^^^^^^^^^^^^^^^^^^^^^^^^^^^^^^^^^^^^^^^^^^^^^^^^^^^^^^^^^^^^^^
  7 | import {
  8 |   ACCOUNT_LABEL,
  9 |   ACCOUNT_MENU_ENTRIES,

Import traces:
  Client Component Browser:
    ./components/Navbar/components/NavbarAccount/NavbarAccount.tsx [Client Component Browser]
    ./components/Navbar/Navbar.tsx [Client Component Browser]
    ./components/Navbar/Navbar.tsx [Server Component]
    ./app/layout.tsx [Server Component]

  Client Component SSR:
    ./components/Navbar/components/NavbarAccount/NavbarAccount.tsx [Client Component SSR]
    ./components/Navbar/Navbar.tsx [Client Component SSR]
    ./components/Navbar/Navbar.tsx [Server Component]
    ./app/layout.tsx [Server Component]

https://nextjs.org/docs/messages/module-not-found @ http://localhost:3000/_next/static/chunks/node_modules_next_dist_1e8vcs8._.js:1052
[  331057ms] [ERROR] ./components/Navbar/components/NavbarAccount/NavbarAccount.tsx:6:1
Error: Module not found: Can't resolve './components/AccountMenuPlan'
  4 | import { AccountMenuHeader } from "./components/AccountMenuHeader";
  5 | import { AccountMenuItem } from "./components/AccountMenuItem";
> 6 | import { AccountMenuPlan } from "./components/AccountMenuPlan";
    | ^^^^^^^^^^^^^^^^^^^^^^^^^^^^^^^^^^^^^^^^^^^^^^^^^^^^^^^^^^^^^^
  7 | import {
  8 |   ACCOUNT_LABEL,
  9 |   ACCOUNT_MENU_ENTRIES,

Import traces:
  Client Component Browser:
    ./components/Navbar/components/NavbarAccount/NavbarAccount.tsx [Client Component Browser]
    ./components/Navbar/Navbar.tsx [Client Component Browser]
    ./components/Navbar/Navbar.tsx [Server Component]
    ./app/layout.tsx [Server Component]

  Client Component SSR:
    ./components/Navbar/components/NavbarAccount/NavbarAccount.tsx [Client Component SSR]
    ./components/Navbar/Navbar.tsx [Client Component SSR]
    ./components/Navbar/Navbar.tsx [Server Component]
    ./app/layout.tsx [Server Component]

https://nextjs.org/docs/messages/module-not-found @ http://localhost:3000/_next/static/chunks/node_modules_next_dist_1e8vcs8._.js:1052
[  331115ms] [ERROR] ./components/Navbar/components/NavbarAccount/NavbarAccount.tsx:6:1
Error: Module not found: Can't resolve './components/AccountMenuPlan'
  4 | import { AccountMenuHeader } from "./components/AccountMenuHeader";
  5 | import { AccountMenuItem } from "./components/AccountMenuItem";
> 6 | import { AccountMenuPlan } from "./components/AccountMenuPlan";
    | ^^^^^^^^^^^^^^^^^^^^^^^^^^^^^^^^^^^^^^^^^^^^^^^^^^^^^^^^^^^^^^
  7 | import {
  8 |   ACCOUNT_LABEL,
  9 |   ACCOUNT_MENU_ENTRIES,

Import traces:
  Client Component Browser:
    ./components/Navbar/components/NavbarAccount/NavbarAccount.tsx [Client Component Browser]
    ./components/Navbar/Navbar.tsx [Client Component Browser]
    ./components/Navbar/Navbar.tsx [Server Component]
    ./app/layout.tsx [Server Component]

  Client Component SSR:
    ./components/Navbar/components/NavbarAccount/NavbarAccount.tsx [Client Component SSR]
    ./components/Navbar/Navbar.tsx [Client Component SSR]
    ./components/Navbar/Navbar.tsx [Server Component]
    ./app/layout.tsx [Server Component]

https://nextjs.org/docs/messages/module-not-found @ http://localhost:3000/_next/static/chunks/node_modules_next_dist_1e8vcs8._.js:1052
[  331166ms] [ERROR] ./components/Navbar/components/NavbarAccount/NavbarAccount.tsx:6:1
Error: Module not found: Can't resolve './components/AccountMenuPlan'
  4 | import { AccountMenuHeader } from "./components/AccountMenuHeader";
  5 | import { AccountMenuItem } from "./components/AccountMenuItem";
> 6 | import { AccountMenuPlan } from "./components/AccountMenuPlan";
    | ^^^^^^^^^^^^^^^^^^^^^^^^^^^^^^^^^^^^^^^^^^^^^^^^^^^^^^^^^^^^^^
  7 | import {
  8 |   ACCOUNT_LABEL,
  9 |   ACCOUNT_MENU_ENTRIES,

Import traces:
  Client Component Browser:
    ./components/Navbar/components/NavbarAccount/NavbarAccount.tsx [Client Component Browser]
    ./components/Navbar/Navbar.tsx [Client Component Browser]
    ./components/Navbar/Navbar.tsx [Server Component]
    ./app/layout.tsx [Server Component]

  Client Component SSR:
    ./components/Navbar/components/NavbarAccount/NavbarAccount.tsx [Client Component SSR]
    ./components/Navbar/Navbar.tsx [Client Component SSR]
    ./components/Navbar/Navbar.tsx [Server Component]
    ./app/layout.tsx [Server Component]

https://nextjs.org/docs/messages/module-not-found @ http://localhost:3000/_next/static/chunks/node_modules_next_dist_1e8vcs8._.js:1052
[  331315ms] [ERROR] ./components/Navbar/components/NavbarAccount/NavbarAccount.tsx:6:1
Error: Module not found: Can't resolve './components/AccountMenuPlan'
  4 | import { AccountMenuHeader } from "./components/AccountMenuHeader";
  5 | import { AccountMenuItem } from "./components/AccountMenuItem";
> 6 | import { AccountMenuPlan } from "./components/AccountMenuPlan";
    | ^^^^^^^^^^^^^^^^^^^^^^^^^^^^^^^^^^^^^^^^^^^^^^^^^^^^^^^^^^^^^^
  7 | import {
  8 |   ACCOUNT_LABEL,
  9 |   ACCOUNT_MENU_ENTRIES,

Import traces:
  Client Component Browser:
    ./components/Navbar/components/NavbarAccount/NavbarAccount.tsx [Client Component Browser]
    ./components/Navbar/Navbar.tsx [Client Component Browser]
    ./components/Navbar/Navbar.tsx [Server Component]
    ./app/layout.tsx [Server Component]

  Client Component SSR:
    ./components/Navbar/components/NavbarAccount/NavbarAccount.tsx [Client Component SSR]
    ./components/Navbar/Navbar.tsx [Client Component SSR]
    ./components/Navbar/Navbar.tsx [Server Component]
    ./app/layout.tsx [Server Component]

https://nextjs.org/docs/messages/module-not-found @ http://localhost:3000/_next/static/chunks/node_modules_next_dist_1e8vcs8._.js:1052
[  331368ms] [ERROR] ./components/Navbar/components/NavbarAccount/NavbarAccount.tsx:6:1
Error: Module not found: Can't resolve './components/AccountMenuPlan'
  4 | import { AccountMenuHeader } from "./components/AccountMenuHeader";
  5 | import { AccountMenuItem } from "./components/AccountMenuItem";
> 6 | import { AccountMenuPlan } from "./components/AccountMenuPlan";
    | ^^^^^^^^^^^^^^^^^^^^^^^^^^^^^^^^^^^^^^^^^^^^^^^^^^^^^^^^^^^^^^
  7 | import {
  8 |   ACCOUNT_LABEL,
  9 |   ACCOUNT_MENU_ENTRIES,

Import traces:
  Client Component Browser:
    ./components/Navbar/components/NavbarAccount/NavbarAccount.tsx [Client Component Browser]
    ./components/Navbar/Navbar.tsx [Client Component Browser]
    ./components/Navbar/Navbar.tsx [Server Component]
    ./app/layout.tsx [Server Component]

  Client Component SSR:
    ./components/Navbar/components/NavbarAccount/NavbarAccount.tsx [Client Component SSR]
    ./components/Navbar/Navbar.tsx [Client Component SSR]
    ./components/Navbar/Navbar.tsx [Server Component]
    ./app/layout.tsx [Server Component]

https://nextjs.org/docs/messages/module-not-found @ http://localhost:3000/_next/static/chunks/node_modules_next_dist_1e8vcs8._.js:1052
[  331415ms] [LOG] [Fast Refresh] rebuilding @ http://localhost:3000/_next/static/chunks/node_modules_next_dist_1e8vcs8._.js:776
[  331431ms] [ERROR] ./components/Navbar/components/NavbarAccount/NavbarAccount.tsx:6:1
Error: Module not found: Can't resolve './components/AccountMenuPlan'
  4 | import { AccountMenuHeader } from "./components/AccountMenuHeader";
  5 | import { AccountMenuItem } from "./components/AccountMenuItem";
> 6 | import { AccountMenuPlan } from "./components/AccountMenuPlan";
    | ^^^^^^^^^^^^^^^^^^^^^^^^^^^^^^^^^^^^^^^^^^^^^^^^^^^^^^^^^^^^^^
  7 | import {
  8 |   ACCOUNT_LABEL,
  9 |   ACCOUNT_MENU_ENTRIES,

Import traces:
  Client Component Browser:
    ./components/Navbar/components/NavbarAccount/NavbarAccount.tsx [Client Component Browser]
    ./components/Navbar/Navbar.tsx [Client Component Browser]
    ./components/Navbar/Navbar.tsx [Server Component]
    ./app/layout.tsx [Server Component]

  Client Component SSR:
    ./components/Navbar/components/NavbarAccount/NavbarAccount.tsx [Client Component SSR]
    ./components/Navbar/Navbar.tsx [Client Component SSR]
    ./components/Navbar/Navbar.tsx [Server Component]
    ./app/layout.tsx [Server Component]

https://nextjs.org/docs/messages/module-not-found @ http://localhost:3000/_next/static/chunks/node_modules_next_dist_1e8vcs8._.js:1052
[  331485ms] [ERROR] ./components/Navbar/components/NavbarAccount/NavbarAccount.tsx:6:1
Error: Module not found: Can't resolve './components/AccountMenuPlan'
  4 | import { AccountMenuHeader } from "./components/AccountMenuHeader";
  5 | import { AccountMenuItem } from "./components/AccountMenuItem";
> 6 | import { AccountMenuPlan } from "./components/AccountMenuPlan";
    | ^^^^^^^^^^^^^^^^^^^^^^^^^^^^^^^^^^^^^^^^^^^^^^^^^^^^^^^^^^^^^^
  7 | import {
  8 |   ACCOUNT_LABEL,
  9 |   ACCOUNT_MENU_ENTRIES,

Import traces:
  Client Component Browser:
    ./components/Navbar/components/NavbarAccount/NavbarAccount.tsx [Client Component Browser]
    ./components/Navbar/Navbar.tsx [Client Component Browser]
    ./components/Navbar/Navbar.tsx [Server Component]
    ./app/layout.tsx [Server Component]

  Client Component SSR:
    ./components/Navbar/components/NavbarAccount/NavbarAccount.tsx [Client Component SSR]
    ./components/Navbar/Navbar.tsx [Client Component SSR]
    ./components/Navbar/Navbar.tsx [Server Component]
    ./app/layout.tsx [Server Component]

https://nextjs.org/docs/messages/module-not-found @ http://localhost:3000/_next/static/chunks/node_modules_next_dist_1e8vcs8._.js:1052
[  331532ms] [ERROR] ./components/Navbar/components/NavbarAccount/NavbarAccount.tsx:6:1
Error: Module not found: Can't resolve './components/AccountMenuPlan'
  4 | import { AccountMenuHeader } from "./components/AccountMenuHeader";
  5 | import { AccountMenuItem } from "./components/AccountMenuItem";
> 6 | import { AccountMenuPlan } from "./components/AccountMenuPlan";
    | ^^^^^^^^^^^^^^^^^^^^^^^^^^^^^^^^^^^^^^^^^^^^^^^^^^^^^^^^^^^^^^
  7 | import {
  8 |   ACCOUNT_LABEL,
  9 |   ACCOUNT_MENU_ENTRIES,

Import traces:
  Client Component Browser:
    ./components/Navbar/components/NavbarAccount/NavbarAccount.tsx [Client Component Browser]
    ./components/Navbar/Navbar.tsx [Client Component Browser]
    ./components/Navbar/Navbar.tsx [Server Component]
    ./app/layout.tsx [Server Component]

  Client Component SSR:
    ./components/Navbar/components/NavbarAccount/NavbarAccount.tsx [Client Component SSR]
    ./components/Navbar/Navbar.tsx [Client Component SSR]
    ./components/Navbar/Navbar.tsx [Server Component]
    ./app/layout.tsx [Server Component]

https://nextjs.org/docs/messages/module-not-found @ http://localhost:3000/_next/static/chunks/node_modules_next_dist_1e8vcs8._.js:1052
[  331582ms] [ERROR] ./components/Navbar/components/NavbarAccount/NavbarAccount.tsx:6:1
Error: Module not found: Can't resolve './components/AccountMenuPlan'
  4 | import { AccountMenuHeader } from "./components/AccountMenuHeader";
  5 | import { AccountMenuItem } from "./components/AccountMenuItem";
> 6 | import { AccountMenuPlan } from "./components/AccountMenuPlan";
    | ^^^^^^^^^^^^^^^^^^^^^^^^^^^^^^^^^^^^^^^^^^^^^^^^^^^^^^^^^^^^^^
  7 | import {
  8 |   ACCOUNT_LABEL,
  9 |   ACCOUNT_MENU_ENTRIES,

Import traces:
  Client Component Browser:
    ./components/Navbar/components/NavbarAccount/NavbarAccount.tsx [Client Component Browser]
    ./components/Navbar/Navbar.tsx [Client Component Browser]
    ./components/Navbar/Navbar.tsx [Server Component]
    ./app/layout.tsx [Server Component]

  Client Component SSR:
    ./components/Navbar/components/NavbarAccount/NavbarAccount.tsx [Client Component SSR]
    ./components/Navbar/Navbar.tsx [Client Component SSR]
    ./components/Navbar/Navbar.tsx [Server Component]
    ./app/layout.tsx [Server Component]

https://nextjs.org/docs/messages/module-not-found @ http://localhost:3000/_next/static/chunks/node_modules_next_dist_1e8vcs8._.js:1052
[  331633ms] [ERROR] ./components/Navbar/components/NavbarAccount/NavbarAccount.tsx:6:1
Error: Module not found: Can't resolve './components/AccountMenuPlan'
  4 | import { AccountMenuHeader } from "./components/AccountMenuHeader";
  5 | import { AccountMenuItem } from "./components/AccountMenuItem";
> 6 | import { AccountMenuPlan } from "./components/AccountMenuPlan";
    | ^^^^^^^^^^^^^^^^^^^^^^^^^^^^^^^^^^^^^^^^^^^^^^^^^^^^^^^^^^^^^^
  7 | import {
  8 |   ACCOUNT_LABEL,
  9 |   ACCOUNT_MENU_ENTRIES,

Import traces:
  Client Component Browser:
    ./components/Navbar/components/NavbarAccount/NavbarAccount.tsx [Client Component Browser]
    ./components/Navbar/Navbar.tsx [Client Component Browser]
    ./components/Navbar/Navbar.tsx [Server Component]
    ./app/layout.tsx [Server Component]

  Client Component SSR:
    ./components/Navbar/components/NavbarAccount/NavbarAccount.tsx [Client Component SSR]
    ./components/Navbar/Navbar.tsx [Client Component SSR]
    ./components/Navbar/Navbar.tsx [Server Component]
    ./app/layout.tsx [Server Component]

https://nextjs.org/docs/messages/module-not-found @ http://localhost:3000/_next/static/chunks/node_modules_next_dist_1e8vcs8._.js:1052
[  331683ms] [ERROR] ./components/Navbar/components/NavbarAccount/NavbarAccount.tsx:6:1
Error: Module not found: Can't resolve './components/AccountMenuPlan'
  4 | import { AccountMenuHeader } from "./components/AccountMenuHeader";
  5 | import { AccountMenuItem } from "./components/AccountMenuItem";
> 6 | import { AccountMenuPlan } from "./components/AccountMenuPlan";
    | ^^^^^^^^^^^^^^^^^^^^^^^^^^^^^^^^^^^^^^^^^^^^^^^^^^^^^^^^^^^^^^
  7 | import {
  8 |   ACCOUNT_LABEL,
  9 |   ACCOUNT_MENU_ENTRIES,

Import traces:
  Client Component Browser:
    ./components/Navbar/components/NavbarAccount/NavbarAccount.tsx [Client Component Browser]
    ./components/Navbar/Navbar.tsx [Client Component Browser]
    ./components/Navbar/Navbar.tsx [Server Component]
    ./app/layout.tsx [Server Component]

  Client Component SSR:
    ./components/Navbar/components/NavbarAccount/NavbarAccount.tsx [Client Component SSR]
    ./components/Navbar/Navbar.tsx [Client Component SSR]
    ./components/Navbar/Navbar.tsx [Server Component]
    ./app/layout.tsx [Server Component]

https://nextjs.org/docs/messages/module-not-found @ http://localhost:3000/_next/static/chunks/node_modules_next_dist_1e8vcs8._.js:1052
[  331732ms] [ERROR] ./components/Navbar/components/NavbarAccount/NavbarAccount.tsx:6:1
Error: Module not found: Can't resolve './components/AccountMenuPlan'
  4 | import { AccountMenuHeader } from "./components/AccountMenuHeader";
  5 | import { AccountMenuItem } from "./components/AccountMenuItem";
> 6 | import { AccountMenuPlan } from "./components/AccountMenuPlan";
    | ^^^^^^^^^^^^^^^^^^^^^^^^^^^^^^^^^^^^^^^^^^^^^^^^^^^^^^^^^^^^^^
  7 | import {
  8 |   ACCOUNT_LABEL,
  9 |   ACCOUNT_MENU_ENTRIES,

Import traces:
  Client Component Browser:
    ./components/Navbar/components/NavbarAccount/NavbarAccount.tsx [Client Component Browser]
    ./components/Navbar/Navbar.tsx [Client Component Browser]
    ./components/Navbar/Navbar.tsx [Server Component]
    ./app/layout.tsx [Server Component]

  Client Component SSR:
    ./components/Navbar/components/NavbarAccount/NavbarAccount.tsx [Client Component SSR]
    ./components/Navbar/Navbar.tsx [Client Component SSR]
    ./components/Navbar/Navbar.tsx [Server Component]
    ./app/layout.tsx [Server Component]

https://nextjs.org/docs/messages/module-not-found @ http://localhost:3000/_next/static/chunks/node_modules_next_dist_1e8vcs8._.js:1052
[  331796ms] [ERROR] ./components/Navbar/components/NavbarAccount/NavbarAccount.tsx:6:1
Error: Module not found: Can't resolve './components/AccountMenuPlan'
  4 | import { AccountMenuHeader } from "./components/AccountMenuHeader";
  5 | import { AccountMenuItem } from "./components/AccountMenuItem";
> 6 | import { AccountMenuPlan } from "./components/AccountMenuPlan";
    | ^^^^^^^^^^^^^^^^^^^^^^^^^^^^^^^^^^^^^^^^^^^^^^^^^^^^^^^^^^^^^^
  7 | import {
  8 |   ACCOUNT_LABEL,
  9 |   ACCOUNT_MENU_ENTRIES,

Import traces:
  Client Component Browser:
    ./components/Navbar/components/NavbarAccount/NavbarAccount.tsx [Client Component Browser]
    ./components/Navbar/Navbar.tsx [Client Component Browser]
    ./components/Navbar/Navbar.tsx [Server Component]
    ./app/layout.tsx [Server Component]

  Client Component SSR:
    ./components/Navbar/components/NavbarAccount/NavbarAccount.tsx [Client Component SSR]
    ./components/Navbar/Navbar.tsx [Client Component SSR]
    ./components/Navbar/Navbar.tsx [Server Component]
    ./app/layout.tsx [Server Component]

https://nextjs.org/docs/messages/module-not-found @ http://localhost:3000/_next/static/chunks/node_modules_next_dist_1e8vcs8._.js:1052
[  331848ms] [ERROR] ./components/Navbar/components/NavbarAccount/NavbarAccount.tsx:6:1
Error: Module not found: Can't resolve './components/AccountMenuPlan'
  4 | import { AccountMenuHeader } from "./components/AccountMenuHeader";
  5 | import { AccountMenuItem } from "./components/AccountMenuItem";
> 6 | import { AccountMenuPlan } from "./components/AccountMenuPlan";
    | ^^^^^^^^^^^^^^^^^^^^^^^^^^^^^^^^^^^^^^^^^^^^^^^^^^^^^^^^^^^^^^
  7 | import {
  8 |   ACCOUNT_LABEL,
  9 |   ACCOUNT_MENU_ENTRIES,

Import traces:
  Client Component Browser:
    ./components/Navbar/components/NavbarAccount/NavbarAccount.tsx [Client Component Browser]
    ./components/Navbar/Navbar.tsx [Client Component Browser]
    ./components/Navbar/Navbar.tsx [Server Component]
    ./app/layout.tsx [Server Component]

  Client Component SSR:
    ./components/Navbar/components/NavbarAccount/NavbarAccount.tsx [Client Component SSR]
    ./components/Navbar/Navbar.tsx [Client Component SSR]
    ./components/Navbar/Navbar.tsx [Server Component]
    ./app/layout.tsx [Server Component]

https://nextjs.org/docs/messages/module-not-found @ http://localhost:3000/_next/static/chunks/node_modules_next_dist_1e8vcs8._.js:1052
[  331898ms] [ERROR] ./components/Navbar/components/NavbarAccount/NavbarAccount.tsx:6:1
Error: Module not found: Can't resolve './components/AccountMenuPlan'
  4 | import { AccountMenuHeader } from "./components/AccountMenuHeader";
  5 | import { AccountMenuItem } from "./components/AccountMenuItem";
> 6 | import { AccountMenuPlan } from "./components/AccountMenuPlan";
    | ^^^^^^^^^^^^^^^^^^^^^^^^^^^^^^^^^^^^^^^^^^^^^^^^^^^^^^^^^^^^^^
  7 | import {
  8 |   ACCOUNT_LABEL,
  9 |   ACCOUNT_MENU_ENTRIES,

Import traces:
  Client Component Browser:
    ./components/Navbar/components/NavbarAccount/NavbarAccount.tsx [Client Component Browser]
    ./components/Navbar/Navbar.tsx [Client Component Browser]
    ./components/Navbar/Navbar.tsx [Server Component]
    ./app/layout.tsx [Server Component]

  Client Component SSR:
    ./components/Navbar/components/NavbarAccount/NavbarAccount.tsx [Client Component SSR]
    ./components/Navbar/Navbar.tsx [Client Component SSR]
    ./components/Navbar/Navbar.tsx [Server Component]
    ./app/layout.tsx [Server Component]

https://nextjs.org/docs/messages/module-not-found @ http://localhost:3000/_next/static/chunks/node_modules_next_dist_1e8vcs8._.js:1052
[  331949ms] [ERROR] ./components/Navbar/components/NavbarAccount/NavbarAccount.tsx:6:1
Error: Module not found: Can't resolve './components/AccountMenuPlan'
  4 | import { AccountMenuHeader } from "./components/AccountMenuHeader";
  5 | import { AccountMenuItem } from "./components/AccountMenuItem";
> 6 | import { AccountMenuPlan } from "./components/AccountMenuPlan";
    | ^^^^^^^^^^^^^^^^^^^^^^^^^^^^^^^^^^^^^^^^^^^^^^^^^^^^^^^^^^^^^^
  7 | import {
  8 |   ACCOUNT_LABEL,
  9 |   ACCOUNT_MENU_ENTRIES,

Import traces:
  Client Component Browser:
    ./components/Navbar/components/NavbarAccount/NavbarAccount.tsx [Client Component Browser]
    ./components/Navbar/Navbar.tsx [Client Component Browser]
    ./components/Navbar/Navbar.tsx [Server Component]
    ./app/layout.tsx [Server Component]

  Client Component SSR:
    ./components/Navbar/components/NavbarAccount/NavbarAccount.tsx [Client Component SSR]
    ./components/Navbar/Navbar.tsx [Client Component SSR]
    ./components/Navbar/Navbar.tsx [Server Component]
    ./app/layout.tsx [Server Component]

https://nextjs.org/docs/messages/module-not-found @ http://localhost:3000/_next/static/chunks/node_modules_next_dist_1e8vcs8._.js:1052
[  332015ms] [ERROR] ./components/Navbar/components/NavbarAccount/NavbarAccount.tsx:6:1
Error: Module not found: Can't resolve './components/AccountMenuPlan'
  4 | import { AccountMenuHeader } from "./components/AccountMenuHeader";
  5 | import { AccountMenuItem } from "./components/AccountMenuItem";
> 6 | import { AccountMenuPlan } from "./components/AccountMenuPlan";
    | ^^^^^^^^^^^^^^^^^^^^^^^^^^^^^^^^^^^^^^^^^^^^^^^^^^^^^^^^^^^^^^
  7 | import {
  8 |   ACCOUNT_LABEL,
  9 |   ACCOUNT_MENU_ENTRIES,

Import traces:
  Client Component Browser:
    ./components/Navbar/components/NavbarAccount/NavbarAccount.tsx [Client Component Browser]
    ./components/Navbar/Navbar.tsx [Client Component Browser]
    ./components/Navbar/Navbar.tsx [Server Component]
    ./app/layout.tsx [Server Component]

  Client Component SSR:
    ./components/Navbar/components/NavbarAccount/NavbarAccount.tsx [Client Component SSR]
    ./components/Navbar/Navbar.tsx [Client Component SSR]
    ./components/Navbar/Navbar.tsx [Server Component]
    ./app/layout.tsx [Server Component]

https://nextjs.org/docs/messages/module-not-found @ http://localhost:3000/_next/static/chunks/node_modules_next_dist_1e8vcs8._.js:1052
[  332082ms] [ERROR] ./components/Navbar/components/NavbarAccount/NavbarAccount.tsx:6:1
Error: Module not found: Can't resolve './components/AccountMenuPlan'
  4 | import { AccountMenuHeader } from "./components/AccountMenuHeader";
  5 | import { AccountMenuItem } from "./components/AccountMenuItem";
> 6 | import { AccountMenuPlan } from "./components/AccountMenuPlan";
    | ^^^^^^^^^^^^^^^^^^^^^^^^^^^^^^^^^^^^^^^^^^^^^^^^^^^^^^^^^^^^^^
  7 | import {
  8 |   ACCOUNT_LABEL,
  9 |   ACCOUNT_MENU_ENTRIES,

Import traces:
  Client Component Browser:
    ./components/Navbar/components/NavbarAccount/NavbarAccount.tsx [Client Component Browser]
    ./components/Navbar/Navbar.tsx [Client Component Browser]
    ./components/Navbar/Navbar.tsx [Server Component]
    ./app/layout.tsx [Server Component]

  Client Component SSR:
    ./components/Navbar/components/NavbarAccount/NavbarAccount.tsx [Client Component SSR]
    ./components/Navbar/Navbar.tsx [Client Component SSR]
    ./components/Navbar/Navbar.tsx [Server Component]
    ./app/layout.tsx [Server Component]

https://nextjs.org/docs/messages/module-not-found @ http://localhost:3000/_next/static/chunks/node_modules_next_dist_1e8vcs8._.js:1052
[  332132ms] [ERROR] ./components/Navbar/components/NavbarAccount/NavbarAccount.tsx:6:1
Error: Module not found: Can't resolve './components/AccountMenuPlan'
  4 | import { AccountMenuHeader } from "./components/AccountMenuHeader";
  5 | import { AccountMenuItem } from "./components/AccountMenuItem";
> 6 | import { AccountMenuPlan } from "./components/AccountMenuPlan";
    | ^^^^^^^^^^^^^^^^^^^^^^^^^^^^^^^^^^^^^^^^^^^^^^^^^^^^^^^^^^^^^^
  7 | import {
  8 |   ACCOUNT_LABEL,
  9 |   ACCOUNT_MENU_ENTRIES,

Import traces:
  Client Component Browser:
    ./components/Navbar/components/NavbarAccount/NavbarAccount.tsx [Client Component Browser]
    ./components/Navbar/Navbar.tsx [Client Component Browser]
    ./components/Navbar/Navbar.tsx [Server Component]
    ./app/layout.tsx [Server Component]

  Client Component SSR:
    ./components/Navbar/components/NavbarAccount/NavbarAccount.tsx [Client Component SSR]
    ./components/Navbar/Navbar.tsx [Client Component SSR]
    ./components/Navbar/Navbar.tsx [Server Component]
    ./app/layout.tsx [Server Component]

https://nextjs.org/docs/messages/module-not-found @ http://localhost:3000/_next/static/chunks/node_modules_next_dist_1e8vcs8._.js:1052
[  332183ms] [ERROR] ./components/Navbar/components/NavbarAccount/NavbarAccount.tsx:6:1
Error: Module not found: Can't resolve './components/AccountMenuPlan'
  4 | import { AccountMenuHeader } from "./components/AccountMenuHeader";
  5 | import { AccountMenuItem } from "./components/AccountMenuItem";
> 6 | import { AccountMenuPlan } from "./components/AccountMenuPlan";
    | ^^^^^^^^^^^^^^^^^^^^^^^^^^^^^^^^^^^^^^^^^^^^^^^^^^^^^^^^^^^^^^
  7 | import {
  8 |   ACCOUNT_LABEL,
  9 |   ACCOUNT_MENU_ENTRIES,

Import traces:
  Client Component Browser:
    ./components/Navbar/components/NavbarAccount/NavbarAccount.tsx [Client Component Browser]
    ./components/Navbar/Navbar.tsx [Client Component Browser]
    ./components/Navbar/Navbar.tsx [Server Component]
    ./app/layout.tsx [Server Component]

  Client Component SSR:
    ./components/Navbar/components/NavbarAccount/NavbarAccount.tsx [Client Component SSR]
    ./components/Navbar/Navbar.tsx [Client Component SSR]
    ./components/Navbar/Navbar.tsx [Server Component]
    ./app/layout.tsx [Server Component]

https://nextjs.org/docs/messages/module-not-found @ http://localhost:3000/_next/static/chunks/node_modules_next_dist_1e8vcs8._.js:1052
[  332251ms] [ERROR] ./components/Navbar/components/NavbarAccount/NavbarAccount.tsx:6:1
Error: Module not found: Can't resolve './components/AccountMenuPlan'
  4 | import { AccountMenuHeader } from "./components/AccountMenuHeader";
  5 | import { AccountMenuItem } from "./components/AccountMenuItem";
> 6 | import { AccountMenuPlan } from "./components/AccountMenuPlan";
    | ^^^^^^^^^^^^^^^^^^^^^^^^^^^^^^^^^^^^^^^^^^^^^^^^^^^^^^^^^^^^^^
  7 | import {
  8 |   ACCOUNT_LABEL,
  9 |   ACCOUNT_MENU_ENTRIES,

Import traces:
  Client Component Browser:
    ./components/Navbar/components/NavbarAccount/NavbarAccount.tsx [Client Component Browser]
    ./components/Navbar/Navbar.tsx [Client Component Browser]
    ./components/Navbar/Navbar.tsx [Server Component]
    ./app/layout.tsx [Server Component]

  Client Component SSR:
    ./components/Navbar/components/NavbarAccount/NavbarAccount.tsx [Client Component SSR]
    ./components/Navbar/Navbar.tsx [Client Component SSR]
    ./components/Navbar/Navbar.tsx [Server Component]
    ./app/layout.tsx [Server Component]

https://nextjs.org/docs/messages/module-not-found @ http://localhost:3000/_next/static/chunks/node_modules_next_dist_1e8vcs8._.js:1052
[  332314ms] [ERROR] ./components/Navbar/components/NavbarAccount/NavbarAccount.tsx:6:1
Error: Module not found: Can't resolve './components/AccountMenuPlan'
  4 | import { AccountMenuHeader } from "./components/AccountMenuHeader";
  5 | import { AccountMenuItem } from "./components/AccountMenuItem";
> 6 | import { AccountMenuPlan } from "./components/AccountMenuPlan";
    | ^^^^^^^^^^^^^^^^^^^^^^^^^^^^^^^^^^^^^^^^^^^^^^^^^^^^^^^^^^^^^^
  7 | import {
  8 |   ACCOUNT_LABEL,
  9 |   ACCOUNT_MENU_ENTRIES,

Import traces:
  Client Component Browser:
    ./components/Navbar/components/NavbarAccount/NavbarAccount.tsx [Client Component Browser]
    ./components/Navbar/Navbar.tsx [Client Component Browser]
    ./components/Navbar/Navbar.tsx [Server Component]
    ./app/layout.tsx [Server Component]

  Client Component SSR:
    ./components/Navbar/components/NavbarAccount/NavbarAccount.tsx [Client Component SSR]
    ./components/Navbar/Navbar.tsx [Client Component SSR]
    ./components/Navbar/Navbar.tsx [Server Component]
    ./app/layout.tsx [Server Component]

https://nextjs.org/docs/messages/module-not-found @ http://localhost:3000/_next/static/chunks/node_modules_next_dist_1e8vcs8._.js:1052
[  332521ms] [LOG] [Fast Refresh] rebuilding @ http://localhost:3000/_next/static/chunks/node_modules_next_dist_1e8vcs8._.js:776
[  332651ms] [ERROR] Failed to load resource: the server responded with a status of 404 (Not Found) @ http://localhost:3000/billing?_rsc=7TmJZH1YHwSue7fr:0
[  332654ms] [LOG] [Fast Refresh] done in 137ms @ http://localhost:3000/_next/static/chunks/node_modules_next_dist_1e8vcs8._.js:776
[  332711ms] [LOG] [Fast Refresh] done in 137ms @ http://localhost:3000/_next/static/chunks/node_modules_next_dist_1e8vcs8._.js:776
[  332766ms] [LOG] [Fast Refresh] done in 137ms @ http://localhost:3000/_next/static/chunks/node_modules_next_dist_1e8vcs8._.js:776
[  332826ms] [ERROR] Failed to load resource: the server responded with a status of 404 (Not Found) @ http://localhost:3000/billing:0
[  332906ms] [INFO] %cDownload the React DevTools for a better development experience: https://react.dev/link/react-devtools font-weight:bold @ http://localhost:3000/_next/static/chunks/node_modules_next_dist_1e8vcs8._.js:776
[  332923ms] [LOG] [HMR] connected @ http://localhost:3000/_next/static/chunks/node_modules_next_dist_1e8vcs8._.js:776
