[      95ms] [INFO] %cDownload the React DevTools for a better development experience: https://react.dev/link/react-devtools font-weight:bold @ http://localhost:3000/_next/static/chunks/node_modules_next_dist_1e8vcs8._.js:776
[     107ms] [LOG] [HMR] connected @ http://localhost:3000/_next/static/chunks/node_modules_next_dist_1e8vcs8._.js:776
[    3175ms] [WARNING] The resource http://localhost:3000/_next/static/media/797e433ab948586e-s.p.0r6juujl39pe6.woff2 was preloaded using link preload but not used within a few seconds from the window's load event. Please make sure it has an appropriate `as` value and it is preloaded intentionally. @ http://localhost:3000/:0
[    3175ms] [WARNING] The resource http://localhost:3000/_next/static/media/caa3a2e1cccd8315-s.p.0wgildi0cnwt9.woff2 was preloaded using link preload but not used within a few seconds from the window's load event. Please make sure it has an appropriate `as` value and it is preloaded intentionally. @ http://localhost:3000/:0
[   44452ms] [LOG] [Fast Refresh] rebuilding @ http://localhost:3000/_next/static/chunks/node_modules_next_dist_1e8vcs8._.js:776
[   44509ms] [LOG] [Fast Refresh] done in 15ms @ http://localhost:3000/_next/static/chunks/node_modules_next_dist_1e8vcs8._.js:776
[   44559ms] [LOG] [Fast Refresh] done in 15ms @ http://localhost:3000/_next/static/chunks/node_modules_next_dist_1e8vcs8._.js:776
[   44608ms] [LOG] [Fast Refresh] done in 15ms @ http://localhost:3000/_next/static/chunks/node_modules_next_dist_1e8vcs8._.js:776
[   44659ms] [LOG] [Fast Refresh] done in 15ms @ http://localhost:3000/_next/static/chunks/node_modules_next_dist_1e8vcs8._.js:776
[   44725ms] [LOG] [Fast Refresh] done in 15ms @ http://localhost:3000/_next/static/chunks/node_modules_next_dist_1e8vcs8._.js:776
[   44775ms] [LOG] [Fast Refresh] done in 15ms @ http://localhost:3000/_next/static/chunks/node_modules_next_dist_1e8vcs8._.js:776
[   44826ms] [LOG] [Fast Refresh] done in 15ms @ http://localhost:3000/_next/static/chunks/node_modules_next_dist_1e8vcs8._.js:776
[   44876ms] [LOG] [Fast Refresh] done in 15ms @ http://localhost:3000/_next/static/chunks/node_modules_next_dist_1e8vcs8._.js:776
[   44925ms] [LOG] [Fast Refresh] done in 15ms @ http://localhost:3000/_next/static/chunks/node_modules_next_dist_1e8vcs8._.js:776
[   44974ms] [LOG] [Fast Refresh] done in 15ms @ http://localhost:3000/_next/static/chunks/node_modules_next_dist_1e8vcs8._.js:776
[   45024ms] [LOG] [Fast Refresh] done in 15ms @ http://localhost:3000/_next/static/chunks/node_modules_next_dist_1e8vcs8._.js:776
[   45074ms] [LOG] [Fast Refresh] done in 15ms @ http://localhost:3000/_next/static/chunks/node_modules_next_dist_1e8vcs8._.js:776
[   45124ms] [LOG] [Fast Refresh] done in 15ms @ http://localhost:3000/_next/static/chunks/node_modules_next_dist_1e8vcs8._.js:776
[   45174ms] [LOG] [Fast Refresh] done in 15ms @ http://localhost:3000/_next/static/chunks/node_modules_next_dist_1e8vcs8._.js:776
[   45225ms] [LOG] [Fast Refresh] done in 15ms @ http://localhost:3000/_next/static/chunks/node_modules_next_dist_1e8vcs8._.js:776
[   45274ms] [LOG] [Fast Refresh] done in 15ms @ http://localhost:3000/_next/static/chunks/node_modules_next_dist_1e8vcs8._.js:776
[   45327ms] [LOG] [Fast Refresh] done in 15ms @ http://localhost:3000/_next/static/chunks/node_modules_next_dist_1e8vcs8._.js:776
[   45390ms] [LOG] [Fast Refresh] done in 15ms @ http://localhost:3000/_next/static/chunks/node_modules_next_dist_1e8vcs8._.js:776
[   45442ms] [LOG] [Fast Refresh] done in 15ms @ http://localhost:3000/_next/static/chunks/node_modules_next_dist_1e8vcs8._.js:776
[   45491ms] [LOG] [Fast Refresh] done in 15ms @ http://localhost:3000/_next/static/chunks/node_modules_next_dist_1e8vcs8._.js:776
[   45541ms] [LOG] [Fast Refresh] done in 15ms @ http://localhost:3000/_next/static/chunks/node_modules_next_dist_1e8vcs8._.js:776
[   45592ms] [LOG] [Fast Refresh] done in 15ms @ http://localhost:3000/_next/static/chunks/node_modules_next_dist_1e8vcs8._.js:776
[   45641ms] [LOG] [Fast Refresh] done in 15ms @ http://localhost:3000/_next/static/chunks/node_modules_next_dist_1e8vcs8._.js:776
[   45693ms] [LOG] [Fast Refresh] done in 15ms @ http://localhost:3000/_next/static/chunks/node_modules_next_dist_1e8vcs8._.js:776
[   45742ms] [LOG] [Fast Refresh] done in 15ms @ http://localhost:3000/_next/static/chunks/node_modules_next_dist_1e8vcs8._.js:776
[   45792ms] [LOG] [Fast Refresh] done in 15ms @ http://localhost:3000/_next/static/chunks/node_modules_next_dist_1e8vcs8._.js:776
[   45842ms] [LOG] [Fast Refresh] done in 15ms @ http://localhost:3000/_next/static/chunks/node_modules_next_dist_1e8vcs8._.js:776
[   45893ms] [LOG] [Fast Refresh] done in 15ms @ http://localhost:3000/_next/static/chunks/node_modules_next_dist_1e8vcs8._.js:776
[   45943ms] [LOG] [Fast Refresh] done in 15ms @ http://localhost:3000/_next/static/chunks/node_modules_next_dist_1e8vcs8._.js:776
[   45992ms] [LOG] [Fast Refresh] done in 15ms @ http://localhost:3000/_next/static/chunks/node_modules_next_dist_1e8vcs8._.js:776
[   46042ms] [LOG] [Fast Refresh] done in 15ms @ http://localhost:3000/_next/static/chunks/node_modules_next_dist_1e8vcs8._.js:776
[   46094ms] [LOG] [Fast Refresh] done in 15ms @ http://localhost:3000/_next/static/chunks/node_modules_next_dist_1e8vcs8._.js:776
[   46142ms] [LOG] [Fast Refresh] done in 15ms @ http://localhost:3000/_next/static/chunks/node_modules_next_dist_1e8vcs8._.js:776
[   46192ms] [LOG] [Fast Refresh] done in 15ms @ http://localhost:3000/_next/static/chunks/node_modules_next_dist_1e8vcs8._.js:776
[   46242ms] [LOG] [Fast Refresh] done in 15ms @ http://localhost:3000/_next/static/chunks/node_modules_next_dist_1e8vcs8._.js:776
[   46292ms] [LOG] [Fast Refresh] done in 15ms @ http://localhost:3000/_next/static/chunks/node_modules_next_dist_1e8vcs8._.js:776
[   46342ms] [LOG] [Fast Refresh] done in 15ms @ http://localhost:3000/_next/static/chunks/node_modules_next_dist_1e8vcs8._.js:776
[   46396ms] [LOG] [Fast Refresh] done in 15ms @ http://localhost:3000/_next/static/chunks/node_modules_next_dist_1e8vcs8._.js:776
[   46443ms] [LOG] [Fast Refresh] done in 15ms @ http://localhost:3000/_next/static/chunks/node_modules_next_dist_1e8vcs8._.js:776
[   46492ms] [LOG] [Fast Refresh] done in 15ms @ http://localhost:3000/_next/static/chunks/node_modules_next_dist_1e8vcs8._.js:776
[   46542ms] [LOG] [Fast Refresh] done in 15ms @ http://localhost:3000/_next/static/chunks/node_modules_next_dist_1e8vcs8._.js:776
[   46593ms] [LOG] [Fast Refresh] done in 15ms @ http://localhost:3000/_next/static/chunks/node_modules_next_dist_1e8vcs8._.js:776
[   46643ms] [LOG] [Fast Refresh] done in 15ms @ http://localhost:3000/_next/static/chunks/node_modules_next_dist_1e8vcs8._.js:776
[   46692ms] [LOG] [Fast Refresh] done in 15ms @ http://localhost:3000/_next/static/chunks/node_modules_next_dist_1e8vcs8._.js:776
[   46741ms] [LOG] [Fast Refresh] done in 15ms @ http://localhost:3000/_next/static/chunks/node_modules_next_dist_1e8vcs8._.js:776
[   46792ms] [LOG] [Fast Refresh] done in 15ms @ http://localhost:3000/_next/static/chunks/node_modules_next_dist_1e8vcs8._.js:776
[   46842ms] [LOG] [Fast Refresh] done in 15ms @ http://localhost:3000/_next/static/chunks/node_modules_next_dist_1e8vcs8._.js:776
[   46891ms] [LOG] [Fast Refresh] done in 15ms @ http://localhost:3000/_next/static/chunks/node_modules_next_dist_1e8vcs8._.js:776
[   46941ms] [LOG] [Fast Refresh] done in 15ms @ http://localhost:3000/_next/static/chunks/node_modules_next_dist_1e8vcs8._.js:776
[   46996ms] [LOG] [Fast Refresh] done in 15ms @ http://localhost:3000/_next/static/chunks/node_modules_next_dist_1e8vcs8._.js:776
[   47058ms] [LOG] [Fast Refresh] done in 15ms @ http://localhost:3000/_next/static/chunks/node_modules_next_dist_1e8vcs8._.js:776
[   47109ms] [LOG] [Fast Refresh] done in 15ms @ http://localhost:3000/_next/static/chunks/node_modules_next_dist_1e8vcs8._.js:776
[   47158ms] [LOG] [Fast Refresh] done in 15ms @ http://localhost:3000/_next/static/chunks/node_modules_next_dist_1e8vcs8._.js:776
[   47209ms] [LOG] [Fast Refresh] done in 15ms @ http://localhost:3000/_next/static/chunks/node_modules_next_dist_1e8vcs8._.js:776
[   47259ms] [LOG] [Fast Refresh] done in 15ms @ http://localhost:3000/_next/static/chunks/node_modules_next_dist_1e8vcs8._.js:776
[   47308ms] [LOG] [Fast Refresh] done in 15ms @ http://localhost:3000/_next/static/chunks/node_modules_next_dist_1e8vcs8._.js:776
[   47360ms] [LOG] [Fast Refresh] done in 15ms @ http://localhost:3000/_next/static/chunks/node_modules_next_dist_1e8vcs8._.js:776
[   47409ms] [LOG] [Fast Refresh] done in 15ms @ http://localhost:3000/_next/static/chunks/node_modules_next_dist_1e8vcs8._.js:776
[   47459ms] [LOG] [Fast Refresh] done in 15ms @ http://localhost:3000/_next/static/chunks/node_modules_next_dist_1e8vcs8._.js:776
[   47508ms] [WARNING] The resource http://localhost:3000/_next/static/media/797e433ab948586e-s.p.0r6juujl39pe6.woff2 was preloaded using link preload but not used within a few seconds from the window's load event. Please make sure it has an appropriate `as` value and it is preloaded intentionally. @ http://localhost:3000/:0
[   47508ms] [WARNING] The resource http://localhost:3000/_next/static/media/caa3a2e1cccd8315-s.p.0wgildi0cnwt9.woff2 was preloaded using link preload but not used within a few seconds from the window's load event. Please make sure it has an appropriate `as` value and it is preloaded intentionally. @ http://localhost:3000/:0
[   47509ms] [LOG] [Fast Refresh] done in 15ms @ http://localhost:3000/_next/static/chunks/node_modules_next_dist_1e8vcs8._.js:776
[   47557ms] [LOG] [Fast Refresh] done in 15ms @ http://localhost:3000/_next/static/chunks/node_modules_next_dist_1e8vcs8._.js:776
[   47664ms] [LOG] [Fast Refresh] rebuilding @ http://localhost:3000/_next/static/chunks/node_modules_next_dist_1e8vcs8._.js:776
[   47721ms] [LOG] [Fast Refresh] done in 9ms @ http://localhost:3000/_next/static/chunks/node_modules_next_dist_1e8vcs8._.js:776
[   47776ms] [LOG] [Fast Refresh] done in 9ms @ http://localhost:3000/_next/static/chunks/node_modules_next_dist_1e8vcs8._.js:776
[   47825ms] [LOG] [Fast Refresh] done in 9ms @ http://localhost:3000/_next/static/chunks/node_modules_next_dist_1e8vcs8._.js:776
[   47874ms] [LOG] [Fast Refresh] done in 9ms @ http://localhost:3000/_next/static/chunks/node_modules_next_dist_1e8vcs8._.js:776
[   47925ms] [LOG] [Fast Refresh] done in 9ms @ http://localhost:3000/_next/static/chunks/node_modules_next_dist_1e8vcs8._.js:776
[   47975ms] [LOG] [Fast Refresh] done in 9ms @ http://localhost:3000/_next/static/chunks/node_modules_next_dist_1e8vcs8._.js:776
[   48026ms] [LOG] [Fast Refresh] done in 9ms @ http://localhost:3000/_next/static/chunks/node_modules_next_dist_1e8vcs8._.js:776
[   48075ms] [LOG] [Fast Refresh] done in 9ms @ http://localhost:3000/_next/static/chunks/node_modules_next_dist_1e8vcs8._.js:776
[   48126ms] [LOG] [Fast Refresh] done in 9ms @ http://localhost:3000/_next/static/chunks/node_modules_next_dist_1e8vcs8._.js:776
[   48175ms] [LOG] [Fast Refresh] done in 9ms @ http://localhost:3000/_next/static/chunks/node_modules_next_dist_1e8vcs8._.js:776
[   48225ms] [LOG] [Fast Refresh] done in 9ms @ http://localhost:3000/_next/static/chunks/node_modules_next_dist_1e8vcs8._.js:776
[   48274ms] [LOG] [Fast Refresh] done in 9ms @ http://localhost:3000/_next/static/chunks/node_modules_next_dist_1e8vcs8._.js:776
[   48324ms] [LOG] [Fast Refresh] done in 9ms @ http://localhost:3000/_next/static/chunks/node_modules_next_dist_1e8vcs8._.js:776
[   48375ms] [LOG] [Fast Refresh] done in 9ms @ http://localhost:3000/_next/static/chunks/node_modules_next_dist_1e8vcs8._.js:776
[   48424ms] [LOG] [Fast Refresh] done in 9ms @ http://localhost:3000/_next/static/chunks/node_modules_next_dist_1e8vcs8._.js:776
[   48475ms] [LOG] [Fast Refresh] done in 9ms @ http://localhost:3000/_next/static/chunks/node_modules_next_dist_1e8vcs8._.js:776
[   48525ms] [LOG] [Fast Refresh] done in 9ms @ http://localhost:3000/_next/static/chunks/node_modules_next_dist_1e8vcs8._.js:776
[   48575ms] [LOG] [Fast Refresh] done in 9ms @ http://localhost:3000/_next/static/chunks/node_modules_next_dist_1e8vcs8._.js:776
[   48626ms] [LOG] [Fast Refresh] done in 9ms @ http://localhost:3000/_next/static/chunks/node_modules_next_dist_1e8vcs8._.js:776
[   48674ms] [LOG] [Fast Refresh] done in 9ms @ http://localhost:3000/_next/static/chunks/node_modules_next_dist_1e8vcs8._.js:776
[   48725ms] [LOG] [Fast Refresh] done in 9ms @ http://localhost:3000/_next/static/chunks/node_modules_next_dist_1e8vcs8._.js:776
[   48774ms] [LOG] [Fast Refresh] done in 9ms @ http://localhost:3000/_next/static/chunks/node_modules_next_dist_1e8vcs8._.js:776
[   48826ms] [LOG] [Fast Refresh] done in 9ms @ http://localhost:3000/_next/static/chunks/node_modules_next_dist_1e8vcs8._.js:776
[   48879ms] [LOG] [Fast Refresh] done in 9ms @ http://localhost:3000/_next/static/chunks/node_modules_next_dist_1e8vcs8._.js:776
[   48926ms] [LOG] [Fast Refresh] done in 9ms @ http://localhost:3000/_next/static/chunks/node_modules_next_dist_1e8vcs8._.js:776
[   48974ms] [LOG] [Fast Refresh] done in 9ms @ http://localhost:3000/_next/static/chunks/node_modules_next_dist_1e8vcs8._.js:776
[   49024ms] [LOG] [Fast Refresh] done in 9ms @ http://localhost:3000/_next/static/chunks/node_modules_next_dist_1e8vcs8._.js:776
[   49063ms] [LOG] [Fast Refresh] done in 9ms @ http://localhost:3000/_next/static/chunks/node_modules_next_dist_1e8vcs8._.js:776
[   49103ms] [LOG] [Fast Refresh] done in 9ms @ http://localhost:3000/_next/static/chunks/node_modules_next_dist_1e8vcs8._.js:776
[   49140ms] [LOG] [Fast Refresh] done in 9ms @ http://localhost:3000/_next/static/chunks/node_modules_next_dist_1e8vcs8._.js:776
[   49177ms] [LOG] [Fast Refresh] done in 9ms @ http://localhost:3000/_next/static/chunks/node_modules_next_dist_1e8vcs8._.js:776
[   49213ms] [LOG] [Fast Refresh] done in 9ms @ http://localhost:3000/_next/static/chunks/node_modules_next_dist_1e8vcs8._.js:776
[   49252ms] [LOG] [Fast Refresh] done in 9ms @ http://localhost:3000/_next/static/chunks/node_modules_next_dist_1e8vcs8._.js:776
[   49290ms] [LOG] [Fast Refresh] done in 9ms @ http://localhost:3000/_next/static/chunks/node_modules_next_dist_1e8vcs8._.js:776
[   49342ms] [LOG] [Fast Refresh] done in 9ms @ http://localhost:3000/_next/static/chunks/node_modules_next_dist_1e8vcs8._.js:776
[   49394ms] [LOG] [Fast Refresh] done in 9ms @ http://localhost:3000/_next/static/chunks/node_modules_next_dist_1e8vcs8._.js:776
[   49443ms] [LOG] [Fast Refresh] done in 9ms @ http://localhost:3000/_next/static/chunks/node_modules_next_dist_1e8vcs8._.js:776
[   49493ms] [LOG] [Fast Refresh] done in 9ms @ http://localhost:3000/_next/static/chunks/node_modules_next_dist_1e8vcs8._.js:776
[   49544ms] [LOG] [Fast Refresh] done in 9ms @ http://localhost:3000/_next/static/chunks/node_modules_next_dist_1e8vcs8._.js:776
[   49590ms] [LOG] [Fast Refresh] done in 9ms @ http://localhost:3000/_next/static/chunks/node_modules_next_dist_1e8vcs8._.js:776
[   49643ms] [LOG] [Fast Refresh] done in 9ms @ http://localhost:3000/_next/static/chunks/node_modules_next_dist_1e8vcs8._.js:776
[   49693ms] [LOG] [Fast Refresh] done in 9ms @ http://localhost:3000/_next/static/chunks/node_modules_next_dist_1e8vcs8._.js:776
[   49744ms] [LOG] [Fast Refresh] done in 9ms @ http://localhost:3000/_next/static/chunks/node_modules_next_dist_1e8vcs8._.js:776
[   49794ms] [LOG] [Fast Refresh] done in 9ms @ http://localhost:3000/_next/static/chunks/node_modules_next_dist_1e8vcs8._.js:776
[   49845ms] [LOG] [Fast Refresh] done in 9ms @ http://localhost:3000/_next/static/chunks/node_modules_next_dist_1e8vcs8._.js:776
[   49894ms] [LOG] [Fast Refresh] done in 9ms @ http://localhost:3000/_next/static/chunks/node_modules_next_dist_1e8vcs8._.js:776
[   49941ms] [LOG] [Fast Refresh] done in 9ms @ http://localhost:3000/_next/static/chunks/node_modules_next_dist_1e8vcs8._.js:776
[   49994ms] [LOG] [Fast Refresh] done in 9ms @ http://localhost:3000/_next/static/chunks/node_modules_next_dist_1e8vcs8._.js:776
[   50031ms] [LOG] [Fast Refresh] done in 9ms @ http://localhost:3000/_next/static/chunks/node_modules_next_dist_1e8vcs8._.js:776
[   50074ms] [LOG] [Fast Refresh] done in 9ms @ http://localhost:3000/_next/static/chunks/node_modules_next_dist_1e8vcs8._.js:776
[   50111ms] [LOG] [Fast Refresh] done in 9ms @ http://localhost:3000/_next/static/chunks/node_modules_next_dist_1e8vcs8._.js:776
[   50151ms] [LOG] [Fast Refresh] done in 9ms @ http://localhost:3000/_next/static/chunks/node_modules_next_dist_1e8vcs8._.js:776
[   50192ms] [LOG] [Fast Refresh] done in 9ms @ http://localhost:3000/_next/static/chunks/node_modules_next_dist_1e8vcs8._.js:776
[   50242ms] [LOG] [Fast Refresh] done in 9ms @ http://localhost:3000/_next/static/chunks/node_modules_next_dist_1e8vcs8._.js:776
[   50292ms] [LOG] [Fast Refresh] done in 9ms @ http://localhost:3000/_next/static/chunks/node_modules_next_dist_1e8vcs8._.js:776
[   50343ms] [LOG] [Fast Refresh] done in 9ms @ http://localhost:3000/_next/static/chunks/node_modules_next_dist_1e8vcs8._.js:776
[   50406ms] [LOG] [Fast Refresh] done in 9ms @ http://localhost:3000/_next/static/chunks/node_modules_next_dist_1e8vcs8._.js:776
[   50470ms] [LOG] [Fast Refresh] done in 9ms @ http://localhost:3000/_next/static/chunks/node_modules_next_dist_1e8vcs8._.js:776
[   50526ms] [LOG] [Fast Refresh] done in 9ms @ http://localhost:3000/_next/static/chunks/node_modules_next_dist_1e8vcs8._.js:776
[   50576ms] [LOG] [Fast Refresh] done in 9ms @ http://localhost:3000/_next/static/chunks/node_modules_next_dist_1e8vcs8._.js:776
[   50632ms] [LOG] [Fast Refresh] done in 9ms @ http://localhost:3000/_next/static/chunks/node_modules_next_dist_1e8vcs8._.js:776
[   50675ms] [LOG] [Fast Refresh] done in 9ms @ http://localhost:3000/_next/static/chunks/node_modules_next_dist_1e8vcs8._.js:776
[   50725ms] [WARNING] The resource http://localhost:3000/_next/static/media/797e433ab948586e-s.p.0r6juujl39pe6.woff2 was preloaded using link preload but not used within a few seconds from the window's load event. Please make sure it has an appropriate `as` value and it is preloaded intentionally. @ http://localhost:3000/:0
[   50726ms] [WARNING] The resource http://localhost:3000/_next/static/media/caa3a2e1cccd8315-s.p.0wgildi0cnwt9.woff2 was preloaded using link preload but not used within a few seconds from the window's load event. Please make sure it has an appropriate `as` value and it is preloaded intentionally. @ http://localhost:3000/:0
[   50726ms] [LOG] [Fast Refresh] done in 9ms @ http://localhost:3000/_next/static/chunks/node_modules_next_dist_1e8vcs8._.js:776
[   50778ms] [LOG] [Fast Refresh] done in 9ms @ http://localhost:3000/_next/static/chunks/node_modules_next_dist_1e8vcs8._.js:776
[   50826ms] [LOG] [Fast Refresh] done in 9ms @ http://localhost:3000/_next/static/chunks/node_modules_next_dist_1e8vcs8._.js:776
[   50876ms] [LOG] [Fast Refresh] done in 9ms @ http://localhost:3000/_next/static/chunks/node_modules_next_dist_1e8vcs8._.js:776
[   50941ms] [LOG] [Fast Refresh] done in 9ms @ http://localhost:3000/_next/static/chunks/node_modules_next_dist_1e8vcs8._.js:776
[   50985ms] [LOG] [Fast Refresh] done in 9ms @ http://localhost:3000/_next/static/chunks/node_modules_next_dist_1e8vcs8._.js:776
[   51043ms] [LOG] [Fast Refresh] done in 9ms @ http://localhost:3000/_next/static/chunks/node_modules_next_dist_1e8vcs8._.js:776
[   51093ms] [LOG] [Fast Refresh] done in 9ms @ http://localhost:3000/_next/static/chunks/node_modules_next_dist_1e8vcs8._.js:776
[   51135ms] [LOG] [Fast Refresh] done in 9ms @ http://localhost:3000/_next/static/chunks/node_modules_next_dist_1e8vcs8._.js:776
[   51171ms] [LOG] [Fast Refresh] done in 9ms @ http://localhost:3000/_next/static/chunks/node_modules_next_dist_1e8vcs8._.js:776
[   51213ms] [LOG] [Fast Refresh] done in 9ms @ http://localhost:3000/_next/static/chunks/node_modules_next_dist_1e8vcs8._.js:776
[   51253ms] [LOG] [Fast Refresh] done in 9ms @ http://localhost:3000/_next/static/chunks/node_modules_next_dist_1e8vcs8._.js:776
[   51292ms] [LOG] [Fast Refresh] done in 9ms @ http://localhost:3000/_next/static/chunks/node_modules_next_dist_1e8vcs8._.js:776
[   51330ms] [LOG] [Fast Refresh] done in 9ms @ http://localhost:3000/_next/static/chunks/node_modules_next_dist_1e8vcs8._.js:776
[   51376ms] [LOG] [Fast Refresh] done in 9ms @ http://localhost:3000/_next/static/chunks/node_modules_next_dist_1e8vcs8._.js:776
[   51423ms] [LOG] [Fast Refresh] done in 9ms @ http://localhost:3000/_next/static/chunks/node_modules_next_dist_1e8vcs8._.js:776
[   51489ms] [LOG] [Fast Refresh] done in 9ms @ http://localhost:3000/_next/static/chunks/node_modules_next_dist_1e8vcs8._.js:776
[   51543ms] [LOG] [Fast Refresh] done in 9ms @ http://localhost:3000/_next/static/chunks/node_modules_next_dist_1e8vcs8._.js:776
[   51593ms] [LOG] [Fast Refresh] done in 9ms @ http://localhost:3000/_next/static/chunks/node_modules_next_dist_1e8vcs8._.js:776
[   51642ms] [LOG] [Fast Refresh] done in 9ms @ http://localhost:3000/_next/static/chunks/node_modules_next_dist_1e8vcs8._.js:776
[   51686ms] [LOG] [Fast Refresh] done in 9ms @ http://localhost:3000/_next/static/chunks/node_modules_next_dist_1e8vcs8._.js:776
[   51726ms] [LOG] [Fast Refresh] done in 9ms @ http://localhost:3000/_next/static/chunks/node_modules_next_dist_1e8vcs8._.js:776
[   51777ms] [LOG] [Fast Refresh] done in 9ms @ http://localhost:3000/_next/static/chunks/node_modules_next_dist_1e8vcs8._.js:776
[   51824ms] [LOG] [Fast Refresh] done in 9ms @ http://localhost:3000/_next/static/chunks/node_modules_next_dist_1e8vcs8._.js:776
[   51872ms] [LOG] [Fast Refresh] done in 9ms @ http://localhost:3000/_next/static/chunks/node_modules_next_dist_1e8vcs8._.js:776
[   51926ms] [LOG] [Fast Refresh] done in 9ms @ http://localhost:3000/_next/static/chunks/node_modules_next_dist_1e8vcs8._.js:776
[   51975ms] [LOG] [Fast Refresh] done in 9ms @ http://localhost:3000/_next/static/chunks/node_modules_next_dist_1e8vcs8._.js:776
[   52028ms] [LOG] [Fast Refresh] done in 9ms @ http://localhost:3000/_next/static/chunks/node_modules_next_dist_1e8vcs8._.js:776
[   52076ms] [LOG] [Fast Refresh] done in 9ms @ http://localhost:3000/_next/static/chunks/node_modules_next_dist_1e8vcs8._.js:776
[   52124ms] [LOG] [Fast Refresh] done in 9ms @ http://localhost:3000/_next/static/chunks/node_modules_next_dist_1e8vcs8._.js:776
[   52174ms] [LOG] [Fast Refresh] done in 9ms @ http://localhost:3000/_next/static/chunks/node_modules_next_dist_1e8vcs8._.js:776
[   52215ms] [LOG] [Fast Refresh] done in 9ms @ http://localhost:3000/_next/static/chunks/node_modules_next_dist_1e8vcs8._.js:776
[   52256ms] [LOG] [Fast Refresh] done in 9ms @ http://localhost:3000/_next/static/chunks/node_modules_next_dist_1e8vcs8._.js:776
[   52293ms] [LOG] [Fast Refresh] done in 9ms @ http://localhost:3000/_next/static/chunks/node_modules_next_dist_1e8vcs8._.js:776
[   52333ms] [LOG] [Fast Refresh] done in 9ms @ http://localhost:3000/_next/static/chunks/node_modules_next_dist_1e8vcs8._.js:776
[   52370ms] [LOG] [Fast Refresh] done in 9ms @ http://localhost:3000/_next/static/chunks/node_modules_next_dist_1e8vcs8._.js:776
[   52407ms] [LOG] [Fast Refresh] done in 9ms @ http://localhost:3000/_next/static/chunks/node_modules_next_dist_1e8vcs8._.js:776
[   52445ms] [LOG] [Fast Refresh] done in 9ms @ http://localhost:3000/_next/static/chunks/node_modules_next_dist_1e8vcs8._.js:776
[   52482ms] [LOG] [Fast Refresh] done in 9ms @ http://localhost:3000/_next/static/chunks/node_modules_next_dist_1e8vcs8._.js:776
[   52521ms] [LOG] [Fast Refresh] done in 9ms @ http://localhost:3000/_next/static/chunks/node_modules_next_dist_1e8vcs8._.js:776
[   52559ms] [LOG] [Fast Refresh] done in 9ms @ http://localhost:3000/_next/static/chunks/node_modules_next_dist_1e8vcs8._.js:776
[   52596ms] [LOG] [Fast Refresh] done in 9ms @ http://localhost:3000/_next/static/chunks/node_modules_next_dist_1e8vcs8._.js:776
[   52634ms] [LOG] [Fast Refresh] done in 9ms @ http://localhost:3000/_next/static/chunks/node_modules_next_dist_1e8vcs8._.js:776
[   52676ms] [LOG] [Fast Refresh] done in 9ms @ http://localhost:3000/_next/static/chunks/node_modules_next_dist_1e8vcs8._.js:776
[   52717ms] [LOG] [Fast Refresh] done in 9ms @ http://localhost:3000/_next/static/chunks/node_modules_next_dist_1e8vcs8._.js:776
[   52756ms] [LOG] [Fast Refresh] done in 9ms @ http://localhost:3000/_next/static/chunks/node_modules_next_dist_1e8vcs8._.js:776
[   52794ms] [LOG] [Fast Refresh] done in 9ms @ http://localhost:3000/_next/static/chunks/node_modules_next_dist_1e8vcs8._.js:776
[   52843ms] [LOG] [Fast Refresh] done in 9ms @ http://localhost:3000/_next/static/chunks/node_modules_next_dist_1e8vcs8._.js:776
[   52892ms] [LOG] [Fast Refresh] done in 9ms @ http://localhost:3000/_next/static/chunks/node_modules_next_dist_1e8vcs8._.js:776
[   52956ms] [LOG] [Fast Refresh] done in 9ms @ http://localhost:3000/_next/static/chunks/node_modules_next_dist_1e8vcs8._.js:776
[   53009ms] [LOG] [Fast Refresh] done in 9ms @ http://localhost:3000/_next/static/chunks/node_modules_next_dist_1e8vcs8._.js:776
[   53046ms] [LOG] [Fast Refresh] done in 9ms @ http://localhost:3000/_next/static/chunks/node_modules_next_dist_1e8vcs8._.js:776
[   53092ms] [LOG] [Fast Refresh] done in 9ms @ http://localhost:3000/_next/static/chunks/node_modules_next_dist_1e8vcs8._.js:776
[   53142ms] [LOG] [Fast Refresh] done in 9ms @ http://localhost:3000/_next/static/chunks/node_modules_next_dist_1e8vcs8._.js:776
[   53193ms] [LOG] [Fast Refresh] done in 9ms @ http://localhost:3000/_next/static/chunks/node_modules_next_dist_1e8vcs8._.js:776
[   53243ms] [LOG] [Fast Refresh] done in 9ms @ http://localhost:3000/_next/static/chunks/node_modules_next_dist_1e8vcs8._.js:776
[   53292ms] [LOG] [Fast Refresh] done in 9ms @ http://localhost:3000/_next/static/chunks/node_modules_next_dist_1e8vcs8._.js:776
[   53342ms] [LOG] [Fast Refresh] done in 9ms @ http://localhost:3000/_next/static/chunks/node_modules_next_dist_1e8vcs8._.js:776
[   53391ms] [LOG] [Fast Refresh] done in 9ms @ http://localhost:3000/_next/static/chunks/node_modules_next_dist_1e8vcs8._.js:776
[   53443ms] [LOG] [Fast Refresh] done in 9ms @ http://localhost:3000/_next/static/chunks/node_modules_next_dist_1e8vcs8._.js:776
[   53494ms] [LOG] [Fast Refresh] done in 9ms @ http://localhost:3000/_next/static/chunks/node_modules_next_dist_1e8vcs8._.js:776
[   53541ms] [LOG] [Fast Refresh] done in 9ms @ http://localhost:3000/_next/static/chunks/node_modules_next_dist_1e8vcs8._.js:776
[   53591ms] [LOG] [Fast Refresh] done in 9ms @ http://localhost:3000/_next/static/chunks/node_modules_next_dist_1e8vcs8._.js:776
[   53643ms] [LOG] [Fast Refresh] done in 9ms @ http://localhost:3000/_next/static/chunks/node_modules_next_dist_1e8vcs8._.js:776
[   53691ms] [LOG] [Fast Refresh] done in 9ms @ http://localhost:3000/_next/static/chunks/node_modules_next_dist_1e8vcs8._.js:776
[   53741ms] [LOG] [Fast Refresh] done in 9ms @ http://localhost:3000/_next/static/chunks/node_modules_next_dist_1e8vcs8._.js:776
[   53794ms] [LOG] [Fast Refresh] done in 9ms @ http://localhost:3000/_next/static/chunks/node_modules_next_dist_1e8vcs8._.js:776
[   53843ms] [LOG] [Fast Refresh] done in 9ms @ http://localhost:3000/_next/static/chunks/node_modules_next_dist_1e8vcs8._.js:776
[   53892ms] [LOG] [Fast Refresh] done in 9ms @ http://localhost:3000/_next/static/chunks/node_modules_next_dist_1e8vcs8._.js:776
[   53947ms] [LOG] [Fast Refresh] done in 9ms @ http://localhost:3000/_next/static/chunks/node_modules_next_dist_1e8vcs8._.js:776
[   53995ms] [LOG] [Fast Refresh] done in 9ms @ http://localhost:3000/_next/static/chunks/node_modules_next_dist_1e8vcs8._.js:776
[   54045ms] [LOG] [Fast Refresh] done in 9ms @ http://localhost:3000/_next/static/chunks/node_modules_next_dist_1e8vcs8._.js:776
[   54092ms] [LOG] [Fast Refresh] done in 9ms @ http://localhost:3000/_next/static/chunks/node_modules_next_dist_1e8vcs8._.js:776
[   54141ms] [LOG] [Fast Refresh] done in 9ms @ http://localhost:3000/_next/static/chunks/node_modules_next_dist_1e8vcs8._.js:776
[   54209ms] [LOG] [Fast Refresh] done in 9ms @ http://localhost:3000/_next/static/chunks/node_modules_next_dist_1e8vcs8._.js:776
[   54259ms] [LOG] [Fast Refresh] done in 9ms @ http://localhost:3000/_next/static/chunks/node_modules_next_dist_1e8vcs8._.js:776
[   54308ms] [LOG] [Fast Refresh] done in 9ms @ http://localhost:3000/_next/static/chunks/node_modules_next_dist_1e8vcs8._.js:776
[   54357ms] [LOG] [Fast Refresh] done in 9ms @ http://localhost:3000/_next/static/chunks/node_modules_next_dist_1e8vcs8._.js:776
[   54395ms] [LOG] [Fast Refresh] done in 9ms @ http://localhost:3000/_next/static/chunks/node_modules_next_dist_1e8vcs8._.js:776
[   54443ms] [LOG] [Fast Refresh] done in 9ms @ http://localhost:3000/_next/static/chunks/node_modules_next_dist_1e8vcs8._.js:776
[   54492ms] [LOG] [Fast Refresh] done in 9ms @ http://localhost:3000/_next/static/chunks/node_modules_next_dist_1e8vcs8._.js:776
[   54545ms] [LOG] [Fast Refresh] done in 9ms @ http://localhost:3000/_next/static/chunks/node_modules_next_dist_1e8vcs8._.js:776
[   54592ms] [LOG] [Fast Refresh] done in 9ms @ http://localhost:3000/_next/static/chunks/node_modules_next_dist_1e8vcs8._.js:776
[   54643ms] [LOG] [Fast Refresh] done in 9ms @ http://localhost:3000/_next/static/chunks/node_modules_next_dist_1e8vcs8._.js:776
[   54692ms] [LOG] [Fast Refresh] done in 9ms @ http://localhost:3000/_next/static/chunks/node_modules_next_dist_1e8vcs8._.js:776
[   54743ms] [LOG] [Fast Refresh] done in 9ms @ http://localhost:3000/_next/static/chunks/node_modules_next_dist_1e8vcs8._.js:776
[   54791ms] [LOG] [Fast Refresh] done in 9ms @ http://localhost:3000/_next/static/chunks/node_modules_next_dist_1e8vcs8._.js:776
[   54843ms] [LOG] [Fast Refresh] done in 9ms @ http://localhost:3000/_next/static/chunks/node_modules_next_dist_1e8vcs8._.js:776
[   54893ms] [LOG] [Fast Refresh] done in 9ms @ http://localhost:3000/_next/static/chunks/node_modules_next_dist_1e8vcs8._.js:776
[   54941ms] [LOG] [Fast Refresh] done in 9ms @ http://localhost:3000/_next/static/chunks/node_modules_next_dist_1e8vcs8._.js:776
[   54991ms] [LOG] [Fast Refresh] done in 9ms @ http://localhost:3000/_next/static/chunks/node_modules_next_dist_1e8vcs8._.js:776
[   55028ms] [LOG] [Fast Refresh] done in 9ms @ http://localhost:3000/_next/static/chunks/node_modules_next_dist_1e8vcs8._.js:776
[   55076ms] [LOG] [Fast Refresh] done in 9ms @ http://localhost:3000/_next/static/chunks/node_modules_next_dist_1e8vcs8._.js:776
[   55126ms] [LOG] [Fast Refresh] done in 9ms @ http://localhost:3000/_next/static/chunks/node_modules_next_dist_1e8vcs8._.js:776
[   55176ms] [LOG] [Fast Refresh] done in 9ms @ http://localhost:3000/_next/static/chunks/node_modules_next_dist_1e8vcs8._.js:776
[   55228ms] [LOG] [Fast Refresh] done in 9ms @ http://localhost:3000/_next/static/chunks/node_modules_next_dist_1e8vcs8._.js:776
[   55292ms] [LOG] [Fast Refresh] done in 9ms @ http://localhost:3000/_next/static/chunks/node_modules_next_dist_1e8vcs8._.js:776
[   55344ms] [LOG] [Fast Refresh] done in 9ms @ http://localhost:3000/_next/static/chunks/node_modules_next_dist_1e8vcs8._.js:776
[   55396ms] [LOG] [Fast Refresh] done in 9ms @ http://localhost:3000/_next/static/chunks/node_modules_next_dist_1e8vcs8._.js:776
[   55456ms] [LOG] [Fast Refresh] done in 9ms @ http://localhost:3000/_next/static/chunks/node_modules_next_dist_1e8vcs8._.js:776
[   55498ms] [LOG] [Fast Refresh] done in 9ms @ http://localhost:3000/_next/static/chunks/node_modules_next_dist_1e8vcs8._.js:776
[   55536ms] [LOG] [Fast Refresh] done in 9ms @ http://localhost:3000/_next/static/chunks/node_modules_next_dist_1e8vcs8._.js:776
[   55576ms] [LOG] [Fast Refresh] done in 9ms @ http://localhost:3000/_next/static/chunks/node_modules_next_dist_1e8vcs8._.js:776
[   55627ms] [LOG] [Fast Refresh] done in 9ms @ http://localhost:3000/_next/static/chunks/node_modules_next_dist_1e8vcs8._.js:776
[   55665ms] [LOG] [Fast Refresh] done in 9ms @ http://localhost:3000/_next/static/chunks/node_modules_next_dist_1e8vcs8._.js:776
[   55702ms] [LOG] [Fast Refresh] done in 9ms @ http://localhost:3000/_next/static/chunks/node_modules_next_dist_1e8vcs8._.js:776
[   55742ms] [LOG] [Fast Refresh] done in 9ms @ http://localhost:3000/_next/static/chunks/node_modules_next_dist_1e8vcs8._.js:776
[   55791ms] [LOG] [Fast Refresh] done in 9ms @ http://localhost:3000/_next/static/chunks/node_modules_next_dist_1e8vcs8._.js:776
[   55843ms] [LOG] [Fast Refresh] done in 9ms @ http://localhost:3000/_next/static/chunks/node_modules_next_dist_1e8vcs8._.js:776
[   55887ms] [LOG] [Fast Refresh] done in 9ms @ http://localhost:3000/_next/static/chunks/node_modules_next_dist_1e8vcs8._.js:776
[   55927ms] [LOG] [Fast Refresh] done in 9ms @ http://localhost:3000/_next/static/chunks/node_modules_next_dist_1e8vcs8._.js:776
[   55973ms] [LOG] [Fast Refresh] done in 9ms @ http://localhost:3000/_next/static/chunks/node_modules_next_dist_1e8vcs8._.js:776
[   56013ms] [LOG] [Fast Refresh] done in 9ms @ http://localhost:3000/_next/static/chunks/node_modules_next_dist_1e8vcs8._.js:776
[   56060ms] [LOG] [Fast Refresh] done in 9ms @ http://localhost:3000/_next/static/chunks/node_modules_next_dist_1e8vcs8._.js:776
[   56109ms] [LOG] [Fast Refresh] done in 9ms @ http://localhost:3000/_next/static/chunks/node_modules_next_dist_1e8vcs8._.js:776
[   56159ms] [LOG] [Fast Refresh] done in 9ms @ http://localhost:3000/_next/static/chunks/node_modules_next_dist_1e8vcs8._.js:776
[   56208ms] [LOG] [Fast Refresh] done in 9ms @ http://localhost:3000/_next/static/chunks/node_modules_next_dist_1e8vcs8._.js:776
[   56257ms] [LOG] [Fast Refresh] done in 9ms @ http://localhost:3000/_next/static/chunks/node_modules_next_dist_1e8vcs8._.js:776
[   56321ms] [LOG] [Fast Refresh] done in 9ms @ http://localhost:3000/_next/static/chunks/node_modules_next_dist_1e8vcs8._.js:776
[   56369ms] [LOG] [Fast Refresh] done in 9ms @ http://localhost:3000/_next/static/chunks/node_modules_next_dist_1e8vcs8._.js:776
[   56416ms] [LOG] [Fast Refresh] done in 9ms @ http://localhost:3000/_next/static/chunks/node_modules_next_dist_1e8vcs8._.js:776
[   56464ms] [LOG] [Fast Refresh] done in 9ms @ http://localhost:3000/_next/static/chunks/node_modules_next_dist_1e8vcs8._.js:776
[   56512ms] [LOG] [Fast Refresh] done in 9ms @ http://localhost:3000/_next/static/chunks/node_modules_next_dist_1e8vcs8._.js:776
[   56574ms] [LOG] [Fast Refresh] done in 9ms @ http://localhost:3000/_next/static/chunks/node_modules_next_dist_1e8vcs8._.js:776
[   56626ms] [LOG] [Fast Refresh] done in 9ms @ http://localhost:3000/_next/static/chunks/node_modules_next_dist_1e8vcs8._.js:776
[   56688ms] [LOG] [Fast Refresh] done in 9ms @ http://localhost:3000/_next/static/chunks/node_modules_next_dist_1e8vcs8._.js:776
[   56725ms] [LOG] [Fast Refresh] done in 9ms @ http://localhost:3000/_next/static/chunks/node_modules_next_dist_1e8vcs8._.js:776
[   56789ms] [LOG] [Fast Refresh] done in 9ms @ http://localhost:3000/_next/static/chunks/node_modules_next_dist_1e8vcs8._.js:776
[   56838ms] [LOG] [Fast Refresh] done in 9ms @ http://localhost:3000/_next/static/chunks/node_modules_next_dist_1e8vcs8._.js:776
[   56877ms] [LOG] [Fast Refresh] done in 9ms @ http://localhost:3000/_next/static/chunks/node_modules_next_dist_1e8vcs8._.js:776
[   56919ms] [LOG] [Fast Refresh] done in 9ms @ http://localhost:3000/_next/static/chunks/node_modules_next_dist_1e8vcs8._.js:776
[   56960ms] [LOG] [Fast Refresh] done in 9ms @ http://localhost:3000/_next/static/chunks/node_modules_next_dist_1e8vcs8._.js:776
[   57002ms] [LOG] [Fast Refresh] done in 9ms @ http://localhost:3000/_next/static/chunks/node_modules_next_dist_1e8vcs8._.js:776
[   57040ms] [LOG] [Fast Refresh] done in 9ms @ http://localhost:3000/_next/static/chunks/node_modules_next_dist_1e8vcs8._.js:776
[   57095ms] [LOG] [Fast Refresh] done in 9ms @ http://localhost:3000/_next/static/chunks/node_modules_next_dist_1e8vcs8._.js:776
[   57142ms] [LOG] [Fast Refresh] done in 9ms @ http://localhost:3000/_next/static/chunks/node_modules_next_dist_1e8vcs8._.js:776
[   57191ms] [LOG] [Fast Refresh] done in 9ms @ http://localhost:3000/_next/static/chunks/node_modules_next_dist_1e8vcs8._.js:776
[   57257ms] [LOG] [Fast Refresh] done in 9ms @ http://localhost:3000/_next/static/chunks/node_modules_next_dist_1e8vcs8._.js:776
[   57322ms] [LOG] [Fast Refresh] done in 9ms @ http://localhost:3000/_next/static/chunks/node_modules_next_dist_1e8vcs8._.js:776
[   57385ms] [LOG] [Fast Refresh] done in 9ms @ http://localhost:3000/_next/static/chunks/node_modules_next_dist_1e8vcs8._.js:776
[   57433ms] [LOG] [Fast Refresh] done in 9ms @ http://localhost:3000/_next/static/chunks/node_modules_next_dist_1e8vcs8._.js:776
[   57497ms] [LOG] [Fast Refresh] done in 9ms @ http://localhost:3000/_next/static/chunks/node_modules_next_dist_1e8vcs8._.js:776
[   57558ms] [LOG] [Fast Refresh] done in 9ms @ http://localhost:3000/_next/static/chunks/node_modules_next_dist_1e8vcs8._.js:776
[   57610ms] [LOG] [Fast Refresh] done in 9ms @ http://localhost:3000/_next/static/chunks/node_modules_next_dist_1e8vcs8._.js:776
[   57653ms] [LOG] [Fast Refresh] done in 9ms @ http://localhost:3000/_next/static/chunks/node_modules_next_dist_1e8vcs8._.js:776
[   57710ms] [LOG] [Fast Refresh] done in 9ms @ http://localhost:3000/_next/static/chunks/node_modules_next_dist_1e8vcs8._.js:776
[   57759ms] [LOG] [Fast Refresh] done in 9ms @ http://localhost:3000/_next/static/chunks/node_modules_next_dist_1e8vcs8._.js:776
[   57808ms] [LOG] [Fast Refresh] done in 9ms @ http://localhost:3000/_next/static/chunks/node_modules_next_dist_1e8vcs8._.js:776
[   57846ms] [LOG] [Fast Refresh] done in 9ms @ http://localhost:3000/_next/static/chunks/node_modules_next_dist_1e8vcs8._.js:776
[   57886ms] [LOG] [Fast Refresh] done in 9ms @ http://localhost:3000/_next/static/chunks/node_modules_next_dist_1e8vcs8._.js:776
[   57926ms] [LOG] [Fast Refresh] done in 9ms @ http://localhost:3000/_next/static/chunks/node_modules_next_dist_1e8vcs8._.js:776
[   57967ms] [LOG] [Fast Refresh] done in 9ms @ http://localhost:3000/_next/static/chunks/node_modules_next_dist_1e8vcs8._.js:776
[   58008ms] [LOG] [Fast Refresh] done in 9ms @ http://localhost:3000/_next/static/chunks/node_modules_next_dist_1e8vcs8._.js:776
[   58059ms] [LOG] [Fast Refresh] done in 9ms @ http://localhost:3000/_next/static/chunks/node_modules_next_dist_1e8vcs8._.js:776
[   58104ms] [LOG] [Fast Refresh] done in 9ms @ http://localhost:3000/_next/static/chunks/node_modules_next_dist_1e8vcs8._.js:776
[   58144ms] [LOG] [Fast Refresh] done in 9ms @ http://localhost:3000/_next/static/chunks/node_modules_next_dist_1e8vcs8._.js:776
[   58181ms] [LOG] [Fast Refresh] done in 9ms @ http://localhost:3000/_next/static/chunks/node_modules_next_dist_1e8vcs8._.js:776
[   58225ms] [LOG] [Fast Refresh] done in 9ms @ http://localhost:3000/_next/static/chunks/node_modules_next_dist_1e8vcs8._.js:776
[   58276ms] [LOG] [Fast Refresh] done in 9ms @ http://localhost:3000/_next/static/chunks/node_modules_next_dist_1e8vcs8._.js:776
[   58324ms] [LOG] [Fast Refresh] done in 9ms @ http://localhost:3000/_next/static/chunks/node_modules_next_dist_1e8vcs8._.js:776
[   58375ms] [LOG] [Fast Refresh] done in 9ms @ http://localhost:3000/_next/static/chunks/node_modules_next_dist_1e8vcs8._.js:776
[   58425ms] [LOG] [Fast Refresh] done in 9ms @ http://localhost:3000/_next/static/chunks/node_modules_next_dist_1e8vcs8._.js:776
[   58491ms] [LOG] [Fast Refresh] done in 9ms @ http://localhost:3000/_next/static/chunks/node_modules_next_dist_1e8vcs8._.js:776
[   58544ms] [LOG] [Fast Refresh] done in 9ms @ http://localhost:3000/_next/static/chunks/node_modules_next_dist_1e8vcs8._.js:776
[   58593ms] [LOG] [Fast Refresh] done in 9ms @ http://localhost:3000/_next/static/chunks/node_modules_next_dist_1e8vcs8._.js:776
[   58642ms] [LOG] [Fast Refresh] done in 9ms @ http://localhost:3000/_next/static/chunks/node_modules_next_dist_1e8vcs8._.js:776
[   58692ms] [LOG] [Fast Refresh] done in 9ms @ http://localhost:3000/_next/static/chunks/node_modules_next_dist_1e8vcs8._.js:776
[   58741ms] [LOG] [Fast Refresh] done in 9ms @ http://localhost:3000/_next/static/chunks/node_modules_next_dist_1e8vcs8._.js:776
[   58793ms] [LOG] [Fast Refresh] done in 9ms @ http://localhost:3000/_next/static/chunks/node_modules_next_dist_1e8vcs8._.js:776
[   58843ms] [LOG] [Fast Refresh] done in 9ms @ http://localhost:3000/_next/static/chunks/node_modules_next_dist_1e8vcs8._.js:776
[   58893ms] [LOG] [Fast Refresh] done in 9ms @ http://localhost:3000/_next/static/chunks/node_modules_next_dist_1e8vcs8._.js:776
[   58932ms] [LOG] [Fast Refresh] done in 9ms @ http://localhost:3000/_next/static/chunks/node_modules_next_dist_1e8vcs8._.js:776
[   58976ms] [LOG] [Fast Refresh] done in 9ms @ http://localhost:3000/_next/static/chunks/node_modules_next_dist_1e8vcs8._.js:776
[   59025ms] [LOG] [Fast Refresh] done in 9ms @ http://localhost:3000/_next/static/chunks/node_modules_next_dist_1e8vcs8._.js:776
[   59075ms] [LOG] [Fast Refresh] done in 9ms @ http://localhost:3000/_next/static/chunks/node_modules_next_dist_1e8vcs8._.js:776
[   59125ms] [LOG] [Fast Refresh] done in 9ms @ http://localhost:3000/_next/static/chunks/node_modules_next_dist_1e8vcs8._.js:776
[   59175ms] [LOG] [Fast Refresh] done in 9ms @ http://localhost:3000/_next/static/chunks/node_modules_next_dist_1e8vcs8._.js:776
[   59225ms] [LOG] [Fast Refresh] done in 9ms @ http://localhost:3000/_next/static/chunks/node_modules_next_dist_1e8vcs8._.js:776
[   59276ms] [LOG] [Fast Refresh] done in 9ms @ http://localhost:3000/_next/static/chunks/node_modules_next_dist_1e8vcs8._.js:776
[   59326ms] [LOG] [Fast Refresh] done in 9ms @ http://localhost:3000/_next/static/chunks/node_modules_next_dist_1e8vcs8._.js:776
[   59376ms] [LOG] [Fast Refresh] done in 9ms @ http://localhost:3000/_next/static/chunks/node_modules_next_dist_1e8vcs8._.js:776
[   59429ms] [LOG] [Fast Refresh] done in 9ms @ http://localhost:3000/_next/static/chunks/node_modules_next_dist_1e8vcs8._.js:776
[   59491ms] [LOG] [Fast Refresh] done in 9ms @ http://localhost:3000/_next/static/chunks/node_modules_next_dist_1e8vcs8._.js:776
[   59541ms] [LOG] [Fast Refresh] done in 9ms @ http://localhost:3000/_next/static/chunks/node_modules_next_dist_1e8vcs8._.js:776
[   59588ms] [LOG] [Fast Refresh] done in 9ms @ http://localhost:3000/_next/static/chunks/node_modules_next_dist_1e8vcs8._.js:776
[   59652ms] [LOG] [Fast Refresh] done in 9ms @ http://localhost:3000/_next/static/chunks/node_modules_next_dist_1e8vcs8._.js:776
[   59716ms] [LOG] [Fast Refresh] done in 9ms @ http://localhost:3000/_next/static/chunks/node_modules_next_dist_1e8vcs8._.js:776
[   59778ms] [LOG] [Fast Refresh] done in 9ms @ http://localhost:3000/_next/static/chunks/node_modules_next_dist_1e8vcs8._.js:776
[   59826ms] [LOG] [Fast Refresh] done in 9ms @ http://localhost:3000/_next/static/chunks/node_modules_next_dist_1e8vcs8._.js:776
[   59875ms] [LOG] [Fast Refresh] done in 9ms @ http://localhost:3000/_next/static/chunks/node_modules_next_dist_1e8vcs8._.js:776
[   59924ms] [LOG] [Fast Refresh] done in 9ms @ http://localhost:3000/_next/static/chunks/node_modules_next_dist_1e8vcs8._.js:776
[   59989ms] [LOG] [Fast Refresh] done in 9ms @ http://localhost:3000/_next/static/chunks/node_modules_next_dist_1e8vcs8._.js:776
[   60052ms] [LOG] [Fast Refresh] done in 9ms @ http://localhost:3000/_next/static/chunks/node_modules_next_dist_1e8vcs8._.js:776
[   60102ms] [LOG] [Fast Refresh] done in 9ms @ http://localhost:3000/_next/static/chunks/node_modules_next_dist_1e8vcs8._.js:776
[   60142ms] [LOG] [Fast Refresh] done in 9ms @ http://localhost:3000/_next/static/chunks/node_modules_next_dist_1e8vcs8._.js:776
[   60179ms] [LOG] [Fast Refresh] done in 9ms @ http://localhost:3000/_next/static/chunks/node_modules_next_dist_1e8vcs8._.js:776
[   60228ms] [LOG] [Fast Refresh] done in 9ms @ http://localhost:3000/_next/static/chunks/node_modules_next_dist_1e8vcs8._.js:776
[   60278ms] [LOG] [Fast Refresh] done in 9ms @ http://localhost:3000/_next/static/chunks/node_modules_next_dist_1e8vcs8._.js:776
[   60327ms] [LOG] [Fast Refresh] done in 9ms @ http://localhost:3000/_next/static/chunks/node_modules_next_dist_1e8vcs8._.js:776
[   60376ms] [LOG] [Fast Refresh] done in 9ms @ http://localhost:3000/_next/static/chunks/node_modules_next_dist_1e8vcs8._.js:776
[   60424ms] [LOG] [Fast Refresh] done in 9ms @ http://localhost:3000/_next/static/chunks/node_modules_next_dist_1e8vcs8._.js:776
[   60490ms] [LOG] [Fast Refresh] done in 9ms @ http://localhost:3000/_next/static/chunks/node_modules_next_dist_1e8vcs8._.js:776
[   60540ms] [LOG] [Fast Refresh] done in 9ms @ http://localhost:3000/_next/static/chunks/node_modules_next_dist_1e8vcs8._.js:776
[   60581ms] [LOG] [Fast Refresh] done in 9ms @ http://localhost:3000/_next/static/chunks/node_modules_next_dist_1e8vcs8._.js:776
[   60630ms] [LOG] [Fast Refresh] done in 9ms @ http://localhost:3000/_next/static/chunks/node_modules_next_dist_1e8vcs8._.js:776
[   60676ms] [LOG] [Fast Refresh] done in 9ms @ http://localhost:3000/_next/static/chunks/node_modules_next_dist_1e8vcs8._.js:776
[   60726ms] [LOG] [Fast Refresh] done in 9ms @ http://localhost:3000/_next/static/chunks/node_modules_next_dist_1e8vcs8._.js:776
[   60776ms] [LOG] [Fast Refresh] done in 9ms @ http://localhost:3000/_next/static/chunks/node_modules_next_dist_1e8vcs8._.js:776
[   60829ms] [LOG] [Fast Refresh] done in 9ms @ http://localhost:3000/_next/static/chunks/node_modules_next_dist_1e8vcs8._.js:776
[   60876ms] [LOG] [Fast Refresh] done in 9ms @ http://localhost:3000/_next/static/chunks/node_modules_next_dist_1e8vcs8._.js:776
[   60926ms] [LOG] [Fast Refresh] done in 9ms @ http://localhost:3000/_next/static/chunks/node_modules_next_dist_1e8vcs8._.js:776
[   60977ms] [LOG] [Fast Refresh] done in 9ms @ http://localhost:3000/_next/static/chunks/node_modules_next_dist_1e8vcs8._.js:776
[   61026ms] [LOG] [Fast Refresh] done in 9ms @ http://localhost:3000/_next/static/chunks/node_modules_next_dist_1e8vcs8._.js:776
[   61074ms] [LOG] [Fast Refresh] done in 9ms @ http://localhost:3000/_next/static/chunks/node_modules_next_dist_1e8vcs8._.js:776
[   61137ms] [LOG] [Fast Refresh] done in 9ms @ http://localhost:3000/_next/static/chunks/node_modules_next_dist_1e8vcs8._.js:776
[   61199ms] [LOG] [Fast Refresh] done in 9ms @ http://localhost:3000/_next/static/chunks/node_modules_next_dist_1e8vcs8._.js:776
[   61261ms] [LOG] [Fast Refresh] done in 9ms @ http://localhost:3000/_next/static/chunks/node_modules_next_dist_1e8vcs8._.js:776
[   61308ms] [LOG] [Fast Refresh] done in 9ms @ http://localhost:3000/_next/static/chunks/node_modules_next_dist_1e8vcs8._.js:776
[   61357ms] [LOG] [Fast Refresh] done in 9ms @ http://localhost:3000/_next/static/chunks/node_modules_next_dist_1e8vcs8._.js:776
[   61408ms] [LOG] [Fast Refresh] done in 9ms @ http://localhost:3000/_next/static/chunks/node_modules_next_dist_1e8vcs8._.js:776
[   61468ms] [LOG] [Fast Refresh] done in 9ms @ http://localhost:3000/_next/static/chunks/node_modules_next_dist_1e8vcs8._.js:776
[   61509ms] [LOG] [Fast Refresh] done in 9ms @ http://localhost:3000/_next/static/chunks/node_modules_next_dist_1e8vcs8._.js:776
[   61560ms] [LOG] [Fast Refresh] done in 9ms @ http://localhost:3000/_next/static/chunks/node_modules_next_dist_1e8vcs8._.js:776
[   61609ms] [LOG] [Fast Refresh] done in 9ms @ http://localhost:3000/_next/static/chunks/node_modules_next_dist_1e8vcs8._.js:776
[   61659ms] [LOG] [Fast Refresh] done in 9ms @ http://localhost:3000/_next/static/chunks/node_modules_next_dist_1e8vcs8._.js:776
[   61708ms] [LOG] [Fast Refresh] done in 9ms @ http://localhost:3000/_next/static/chunks/node_modules_next_dist_1e8vcs8._.js:776
[   61757ms] [LOG] [Fast Refresh] done in 9ms @ http://localhost:3000/_next/static/chunks/node_modules_next_dist_1e8vcs8._.js:776
[   61823ms] [LOG] [Fast Refresh] done in 9ms @ http://localhost:3000/_next/static/chunks/node_modules_next_dist_1e8vcs8._.js:776
[   61887ms] [LOG] [Fast Refresh] done in 9ms @ http://localhost:3000/_next/static/chunks/node_modules_next_dist_1e8vcs8._.js:776
[   61935ms] [LOG] [Fast Refresh] done in 9ms @ http://localhost:3000/_next/static/chunks/node_modules_next_dist_1e8vcs8._.js:776
[   61993ms] [LOG] [Fast Refresh] done in 9ms @ http://localhost:3000/_next/static/chunks/node_modules_next_dist_1e8vcs8._.js:776
[   62043ms] [LOG] [Fast Refresh] done in 9ms @ http://localhost:3000/_next/static/chunks/node_modules_next_dist_1e8vcs8._.js:776
[   62093ms] [LOG] [Fast Refresh] done in 9ms @ http://localhost:3000/_next/static/chunks/node_modules_next_dist_1e8vcs8._.js:776
[   62142ms] [LOG] [Fast Refresh] done in 9ms @ http://localhost:3000/_next/static/chunks/node_modules_next_dist_1e8vcs8._.js:776
[   62192ms] [LOG] [Fast Refresh] done in 9ms @ http://localhost:3000/_next/static/chunks/node_modules_next_dist_1e8vcs8._.js:776
[   62242ms] [LOG] [Fast Refresh] done in 9ms @ http://localhost:3000/_next/static/chunks/node_modules_next_dist_1e8vcs8._.js:776
[   62293ms] [LOG] [Fast Refresh] done in 9ms @ http://localhost:3000/_next/static/chunks/node_modules_next_dist_1e8vcs8._.js:776
[   62342ms] [LOG] [Fast Refresh] done in 9ms @ http://localhost:3000/_next/static/chunks/node_modules_next_dist_1e8vcs8._.js:776
[   62392ms] [LOG] [Fast Refresh] done in 9ms @ http://localhost:3000/_next/static/chunks/node_modules_next_dist_1e8vcs8._.js:776
[   62442ms] [LOG] [Fast Refresh] done in 9ms @ http://localhost:3000/_next/static/chunks/node_modules_next_dist_1e8vcs8._.js:776
[   62493ms] [LOG] [Fast Refresh] done in 9ms @ http://localhost:3000/_next/static/chunks/node_modules_next_dist_1e8vcs8._.js:776
[   62542ms] [LOG] [Fast Refresh] done in 9ms @ http://localhost:3000/_next/static/chunks/node_modules_next_dist_1e8vcs8._.js:776
[   62594ms] [LOG] [Fast Refresh] done in 9ms @ http://localhost:3000/_next/static/chunks/node_modules_next_dist_1e8vcs8._.js:776
[   62657ms] [LOG] [Fast Refresh] done in 9ms @ http://localhost:3000/_next/static/chunks/node_modules_next_dist_1e8vcs8._.js:776
[   62707ms] [LOG] [Fast Refresh] done in 9ms @ http://localhost:3000/_next/static/chunks/node_modules_next_dist_1e8vcs8._.js:776
[   62765ms] [LOG] [Fast Refresh] done in 9ms @ http://localhost:3000/_next/static/chunks/node_modules_next_dist_1e8vcs8._.js:776
[   62802ms] [LOG] [Fast Refresh] done in 9ms @ http://localhost:3000/_next/static/chunks/node_modules_next_dist_1e8vcs8._.js:776
[   62851ms] [LOG] [Fast Refresh] done in 9ms @ http://localhost:3000/_next/static/chunks/node_modules_next_dist_1e8vcs8._.js:776
[   62910ms] [LOG] [Fast Refresh] done in 9ms @ http://localhost:3000/_next/static/chunks/node_modules_next_dist_1e8vcs8._.js:776
[   62960ms] [LOG] [Fast Refresh] done in 9ms @ http://localhost:3000/_next/static/chunks/node_modules_next_dist_1e8vcs8._.js:776
[   63009ms] [LOG] [Fast Refresh] done in 9ms @ http://localhost:3000/_next/static/chunks/node_modules_next_dist_1e8vcs8._.js:776
[   63059ms] [LOG] [Fast Refresh] done in 9ms @ http://localhost:3000/_next/static/chunks/node_modules_next_dist_1e8vcs8._.js:776
[   63109ms] [LOG] [Fast Refresh] done in 9ms @ http://localhost:3000/_next/static/chunks/node_modules_next_dist_1e8vcs8._.js:776
[   63158ms] [LOG] [Fast Refresh] done in 9ms @ http://localhost:3000/_next/static/chunks/node_modules_next_dist_1e8vcs8._.js:776
[   63209ms] [LOG] [Fast Refresh] done in 9ms @ http://localhost:3000/_next/static/chunks/node_modules_next_dist_1e8vcs8._.js:776
[   63259ms] [LOG] [Fast Refresh] done in 9ms @ http://localhost:3000/_next/static/chunks/node_modules_next_dist_1e8vcs8._.js:776
[   63309ms] [LOG] [Fast Refresh] done in 9ms @ http://localhost:3000/_next/static/chunks/node_modules_next_dist_1e8vcs8._.js:776
[   63360ms] [LOG] [Fast Refresh] done in 9ms @ http://localhost:3000/_next/static/chunks/node_modules_next_dist_1e8vcs8._.js:776
[   63409ms] [LOG] [Fast Refresh] done in 9ms @ http://localhost:3000/_next/static/chunks/node_modules_next_dist_1e8vcs8._.js:776
[   63459ms] [LOG] [Fast Refresh] done in 9ms @ http://localhost:3000/_next/static/chunks/node_modules_next_dist_1e8vcs8._.js:776
[   63509ms] [LOG] [Fast Refresh] done in 9ms @ http://localhost:3000/_next/static/chunks/node_modules_next_dist_1e8vcs8._.js:776
[   63559ms] [LOG] [Fast Refresh] done in 9ms @ http://localhost:3000/_next/static/chunks/node_modules_next_dist_1e8vcs8._.js:776
[   63610ms] [LOG] [Fast Refresh] done in 9ms @ http://localhost:3000/_next/static/chunks/node_modules_next_dist_1e8vcs8._.js:776
[   63661ms] [LOG] [Fast Refresh] done in 9ms @ http://localhost:3000/_next/static/chunks/node_modules_next_dist_1e8vcs8._.js:776
[   63709ms] [LOG] [Fast Refresh] done in 9ms @ http://localhost:3000/_next/static/chunks/node_modules_next_dist_1e8vcs8._.js:776
[   63760ms] [LOG] [Fast Refresh] done in 9ms @ http://localhost:3000/_next/static/chunks/node_modules_next_dist_1e8vcs8._.js:776
[   63808ms] [LOG] [Fast Refresh] done in 9ms @ http://localhost:3000/_next/static/chunks/node_modules_next_dist_1e8vcs8._.js:776
[   63860ms] [LOG] [Fast Refresh] done in 9ms @ http://localhost:3000/_next/static/chunks/node_modules_next_dist_1e8vcs8._.js:776
[   63898ms] [LOG] [Fast Refresh] done in 9ms @ http://localhost:3000/_next/static/chunks/node_modules_next_dist_1e8vcs8._.js:776
[   63943ms] [LOG] [Fast Refresh] done in 9ms @ http://localhost:3000/_next/static/chunks/node_modules_next_dist_1e8vcs8._.js:776
[   63985ms] [LOG] [Fast Refresh] done in 9ms @ http://localhost:3000/_next/static/chunks/node_modules_next_dist_1e8vcs8._.js:776
[   64026ms] [LOG] [Fast Refresh] done in 9ms @ http://localhost:3000/_next/static/chunks/node_modules_next_dist_1e8vcs8._.js:776
[   64076ms] [LOG] [Fast Refresh] done in 9ms @ http://localhost:3000/_next/static/chunks/node_modules_next_dist_1e8vcs8._.js:776
[   64124ms] [LOG] [Fast Refresh] done in 9ms @ http://localhost:3000/_next/static/chunks/node_modules_next_dist_1e8vcs8._.js:776
[   64192ms] [LOG] [Fast Refresh] done in 9ms @ http://localhost:3000/_next/static/chunks/node_modules_next_dist_1e8vcs8._.js:776
[   64242ms] [LOG] [Fast Refresh] done in 9ms @ http://localhost:3000/_next/static/chunks/node_modules_next_dist_1e8vcs8._.js:776
[   64292ms] [LOG] [Fast Refresh] done in 9ms @ http://localhost:3000/_next/static/chunks/node_modules_next_dist_1e8vcs8._.js:776
[   64339ms] [LOG] [Fast Refresh] done in 9ms @ http://localhost:3000/_next/static/chunks/node_modules_next_dist_1e8vcs8._.js:776
[   64382ms] [LOG] [Fast Refresh] done in 9ms @ http://localhost:3000/_next/static/chunks/node_modules_next_dist_1e8vcs8._.js:776
[   64424ms] [LOG] [Fast Refresh] done in 9ms @ http://localhost:3000/_next/static/chunks/node_modules_next_dist_1e8vcs8._.js:776
[   64465ms] [LOG] [Fast Refresh] done in 9ms @ http://localhost:3000/_next/static/chunks/node_modules_next_dist_1e8vcs8._.js:776
[   64502ms] [LOG] [Fast Refresh] done in 9ms @ http://localhost:3000/_next/static/chunks/node_modules_next_dist_1e8vcs8._.js:776
[   64542ms] [LOG] [Fast Refresh] done in 9ms @ http://localhost:3000/_next/static/chunks/node_modules_next_dist_1e8vcs8._.js:776
[   64591ms] [LOG] [Fast Refresh] done in 9ms @ http://localhost:3000/_next/static/chunks/node_modules_next_dist_1e8vcs8._.js:776
[   64639ms] [LOG] [Fast Refresh] done in 9ms @ http://localhost:3000/_next/static/chunks/node_modules_next_dist_1e8vcs8._.js:776
[   64676ms] [LOG] [Fast Refresh] done in 9ms @ http://localhost:3000/_next/static/chunks/node_modules_next_dist_1e8vcs8._.js:776
[   64726ms] [LOG] [Fast Refresh] done in 9ms @ http://localhost:3000/_next/static/chunks/node_modules_next_dist_1e8vcs8._.js:776
[   64776ms] [LOG] [Fast Refresh] done in 9ms @ http://localhost:3000/_next/static/chunks/node_modules_next_dist_1e8vcs8._.js:776
[   64826ms] [LOG] [Fast Refresh] done in 9ms @ http://localhost:3000/_next/static/chunks/node_modules_next_dist_1e8vcs8._.js:776
[   64877ms] [LOG] [Fast Refresh] done in 9ms @ http://localhost:3000/_next/static/chunks/node_modules_next_dist_1e8vcs8._.js:776
[   64925ms] [LOG] [Fast Refresh] done in 9ms @ http://localhost:3000/_next/static/chunks/node_modules_next_dist_1e8vcs8._.js:776
[   64965ms] [LOG] [Fast Refresh] done in 9ms @ http://localhost:3000/_next/static/chunks/node_modules_next_dist_1e8vcs8._.js:776
[   65015ms] [LOG] [Fast Refresh] done in 9ms @ http://localhost:3000/_next/static/chunks/node_modules_next_dist_1e8vcs8._.js:776
[   65076ms] [LOG] [Fast Refresh] done in 9ms @ http://localhost:3000/_next/static/chunks/node_modules_next_dist_1e8vcs8._.js:776
[   65129ms] [LOG] [Fast Refresh] done in 9ms @ http://localhost:3000/_next/static/chunks/node_modules_next_dist_1e8vcs8._.js:776
[   65176ms] [LOG] [Fast Refresh] done in 9ms @ http://localhost:3000/_next/static/chunks/node_modules_next_dist_1e8vcs8._.js:776
[   65226ms] [LOG] [Fast Refresh] done in 9ms @ http://localhost:3000/_next/static/chunks/node_modules_next_dist_1e8vcs8._.js:776
[   65277ms] [LOG] [Fast Refresh] done in 9ms @ http://localhost:3000/_next/static/chunks/node_modules_next_dist_1e8vcs8._.js:776
[   65326ms] [LOG] [Fast Refresh] done in 9ms @ http://localhost:3000/_next/static/chunks/node_modules_next_dist_1e8vcs8._.js:776
[   65378ms] [LOG] [Fast Refresh] done in 9ms @ http://localhost:3000/_next/static/chunks/node_modules_next_dist_1e8vcs8._.js:776
[   65435ms] [LOG] [Fast Refresh] done in 9ms @ http://localhost:3000/_next/static/chunks/node_modules_next_dist_1e8vcs8._.js:776
[   65475ms] [LOG] [Fast Refresh] done in 9ms @ http://localhost:3000/_next/static/chunks/node_modules_next_dist_1e8vcs8._.js:776
[   65526ms] [LOG] [Fast Refresh] done in 9ms @ http://localhost:3000/_next/static/chunks/node_modules_next_dist_1e8vcs8._.js:776
[   65576ms] [LOG] [Fast Refresh] done in 9ms @ http://localhost:3000/_next/static/chunks/node_modules_next_dist_1e8vcs8._.js:776
[   65625ms] [LOG] [Fast Refresh] done in 9ms @ http://localhost:3000/_next/static/chunks/node_modules_next_dist_1e8vcs8._.js:776
[   65661ms] [LOG] [Fast Refresh] done in 9ms @ http://localhost:3000/_next/static/chunks/node_modules_next_dist_1e8vcs8._.js:776
[   65710ms] [LOG] [Fast Refresh] done in 9ms @ http://localhost:3000/_next/static/chunks/node_modules_next_dist_1e8vcs8._.js:776
[   65758ms] [LOG] [Fast Refresh] done in 9ms @ http://localhost:3000/_next/static/chunks/node_modules_next_dist_1e8vcs8._.js:776
[   65808ms] [LOG] [Fast Refresh] done in 9ms @ http://localhost:3000/_next/static/chunks/node_modules_next_dist_1e8vcs8._.js:776
[   65856ms] [LOG] [Fast Refresh] done in 9ms @ http://localhost:3000/_next/static/chunks/node_modules_next_dist_1e8vcs8._.js:776
[   65907ms] [LOG] [Fast Refresh] done in 9ms @ http://localhost:3000/_next/static/chunks/node_modules_next_dist_1e8vcs8._.js:776
[   65960ms] [LOG] [Fast Refresh] done in 9ms @ http://localhost:3000/_next/static/chunks/node_modules_next_dist_1e8vcs8._.js:776
[   66010ms] [LOG] [Fast Refresh] done in 9ms @ http://localhost:3000/_next/static/chunks/node_modules_next_dist_1e8vcs8._.js:776
[   66058ms] [LOG] [Fast Refresh] done in 9ms @ http://localhost:3000/_next/static/chunks/node_modules_next_dist_1e8vcs8._.js:776
[   66109ms] [LOG] [Fast Refresh] done in 9ms @ http://localhost:3000/_next/static/chunks/node_modules_next_dist_1e8vcs8._.js:776
[   66158ms] [LOG] [Fast Refresh] done in 9ms @ http://localhost:3000/_next/static/chunks/node_modules_next_dist_1e8vcs8._.js:776
[   66209ms] [LOG] [Fast Refresh] done in 9ms @ http://localhost:3000/_next/static/chunks/node_modules_next_dist_1e8vcs8._.js:776
[   66258ms] [LOG] [Fast Refresh] done in 9ms @ http://localhost:3000/_next/static/chunks/node_modules_next_dist_1e8vcs8._.js:776
[   66308ms] [LOG] [Fast Refresh] done in 9ms @ http://localhost:3000/_next/static/chunks/node_modules_next_dist_1e8vcs8._.js:776
[   66359ms] [LOG] [Fast Refresh] done in 9ms @ http://localhost:3000/_next/static/chunks/node_modules_next_dist_1e8vcs8._.js:776
[   66409ms] [LOG] [Fast Refresh] done in 9ms @ http://localhost:3000/_next/static/chunks/node_modules_next_dist_1e8vcs8._.js:776
[   66474ms] [LOG] [Fast Refresh] done in 9ms @ http://localhost:3000/_next/static/chunks/node_modules_next_dist_1e8vcs8._.js:776
[   66522ms] [LOG] [Fast Refresh] done in 9ms @ http://localhost:3000/_next/static/chunks/node_modules_next_dist_1e8vcs8._.js:776
[   66558ms] [LOG] [Fast Refresh] done in 9ms @ http://localhost:3000/_next/static/chunks/node_modules_next_dist_1e8vcs8._.js:776
[   66594ms] [LOG] [Fast Refresh] done in 9ms @ http://localhost:3000/_next/static/chunks/node_modules_next_dist_1e8vcs8._.js:776
[   66632ms] [LOG] [Fast Refresh] done in 9ms @ http://localhost:3000/_next/static/chunks/node_modules_next_dist_1e8vcs8._.js:776
[   66677ms] [LOG] [Fast Refresh] done in 9ms @ http://localhost:3000/_next/static/chunks/node_modules_next_dist_1e8vcs8._.js:776
[   66727ms] [LOG] [Fast Refresh] done in 9ms @ http://localhost:3000/_next/static/chunks/node_modules_next_dist_1e8vcs8._.js:776
[   66765ms] [LOG] [Fast Refresh] done in 9ms @ http://localhost:3000/_next/static/chunks/node_modules_next_dist_1e8vcs8._.js:776
[   66809ms] [LOG] [Fast Refresh] done in 9ms @ http://localhost:3000/_next/static/chunks/node_modules_next_dist_1e8vcs8._.js:776
[   66848ms] [LOG] [Fast Refresh] done in 9ms @ http://localhost:3000/_next/static/chunks/node_modules_next_dist_1e8vcs8._.js:776
[   66892ms] [LOG] [Fast Refresh] done in 9ms @ http://localhost:3000/_next/static/chunks/node_modules_next_dist_1e8vcs8._.js:776
[   66943ms] [LOG] [Fast Refresh] done in 9ms @ http://localhost:3000/_next/static/chunks/node_modules_next_dist_1e8vcs8._.js:776
[   66992ms] [LOG] [Fast Refresh] done in 9ms @ http://localhost:3000/_next/static/chunks/node_modules_next_dist_1e8vcs8._.js:776
[   67038ms] [LOG] [Fast Refresh] done in 9ms @ http://localhost:3000/_next/static/chunks/node_modules_next_dist_1e8vcs8._.js:776
[   67076ms] [LOG] [Fast Refresh] done in 9ms @ http://localhost:3000/_next/static/chunks/node_modules_next_dist_1e8vcs8._.js:776
[   67120ms] [LOG] [Fast Refresh] done in 9ms @ http://localhost:3000/_next/static/chunks/node_modules_next_dist_1e8vcs8._.js:776
[   67160ms] [LOG] [Fast Refresh] done in 9ms @ http://localhost:3000/_next/static/chunks/node_modules_next_dist_1e8vcs8._.js:776
[   67207ms] [LOG] [Fast Refresh] done in 9ms @ http://localhost:3000/_next/static/chunks/node_modules_next_dist_1e8vcs8._.js:776
[   67267ms] [LOG] [Fast Refresh] done in 9ms @ http://localhost:3000/_next/static/chunks/node_modules_next_dist_1e8vcs8._.js:776
[   67306ms] [LOG] [Fast Refresh] done in 9ms @ http://localhost:3000/_next/static/chunks/node_modules_next_dist_1e8vcs8._.js:776
[   67345ms] [LOG] [Fast Refresh] done in 9ms @ http://localhost:3000/_next/static/chunks/node_modules_next_dist_1e8vcs8._.js:776
[   67391ms] [LOG] [Fast Refresh] done in 9ms @ http://localhost:3000/_next/static/chunks/node_modules_next_dist_1e8vcs8._.js:776
[   67440ms] [LOG] [Fast Refresh] done in 9ms @ http://localhost:3000/_next/static/chunks/node_modules_next_dist_1e8vcs8._.js:776
[   67488ms] [LOG] [Fast Refresh] done in 9ms @ http://localhost:3000/_next/static/chunks/node_modules_next_dist_1e8vcs8._.js:776
[   67536ms] [LOG] [Fast Refresh] done in 9ms @ http://localhost:3000/_next/static/chunks/node_modules_next_dist_1e8vcs8._.js:776
[   67584ms] [LOG] [Fast Refresh] done in 9ms @ http://localhost:3000/_next/static/chunks/node_modules_next_dist_1e8vcs8._.js:776
[   67648ms] [LOG] [Fast Refresh] done in 9ms @ http://localhost:3000/_next/static/chunks/node_modules_next_dist_1e8vcs8._.js:776
[   67698ms] [LOG] [Fast Refresh] done in 9ms @ http://localhost:3000/_next/static/chunks/node_modules_next_dist_1e8vcs8._.js:776
[   67740ms] [LOG] [Fast Refresh] done in 9ms @ http://localhost:3000/_next/static/chunks/node_modules_next_dist_1e8vcs8._.js:776
[   67782ms] [LOG] [Fast Refresh] done in 9ms @ http://localhost:3000/_next/static/chunks/node_modules_next_dist_1e8vcs8._.js:776
[   67827ms] [LOG] [Fast Refresh] done in 9ms @ http://localhost:3000/_next/static/chunks/node_modules_next_dist_1e8vcs8._.js:776
[   67872ms] [LOG] [Fast Refresh] done in 9ms @ http://localhost:3000/_next/static/chunks/node_modules_next_dist_1e8vcs8._.js:776
[   67910ms] [LOG] [Fast Refresh] done in 9ms @ http://localhost:3000/_next/static/chunks/node_modules_next_dist_1e8vcs8._.js:776
[   67959ms] [LOG] [Fast Refresh] done in 9ms @ http://localhost:3000/_next/static/chunks/node_modules_next_dist_1e8vcs8._.js:776
[   68009ms] [LOG] [Fast Refresh] done in 9ms @ http://localhost:3000/_next/static/chunks/node_modules_next_dist_1e8vcs8._.js:776
[   68047ms] [LOG] [Fast Refresh] done in 9ms @ http://localhost:3000/_next/static/chunks/node_modules_next_dist_1e8vcs8._.js:776
[   68086ms] [LOG] [Fast Refresh] done in 9ms @ http://localhost:3000/_next/static/chunks/node_modules_next_dist_1e8vcs8._.js:776
[   68126ms] [LOG] [Fast Refresh] done in 9ms @ http://localhost:3000/_next/static/chunks/node_modules_next_dist_1e8vcs8._.js:776
[   68175ms] [LOG] [Fast Refresh] done in 9ms @ http://localhost:3000/_next/static/chunks/node_modules_next_dist_1e8vcs8._.js:776
[   68225ms] [LOG] [Fast Refresh] done in 9ms @ http://localhost:3000/_next/static/chunks/node_modules_next_dist_1e8vcs8._.js:776
[   68276ms] [LOG] [Fast Refresh] done in 9ms @ http://localhost:3000/_next/static/chunks/node_modules_next_dist_1e8vcs8._.js:776
[   68326ms] [LOG] [Fast Refresh] done in 9ms @ http://localhost:3000/_next/static/chunks/node_modules_next_dist_1e8vcs8._.js:776
[   68390ms] [LOG] [Fast Refresh] done in 9ms @ http://localhost:3000/_next/static/chunks/node_modules_next_dist_1e8vcs8._.js:776
[   68455ms] [LOG] [Fast Refresh] done in 9ms @ http://localhost:3000/_next/static/chunks/node_modules_next_dist_1e8vcs8._.js:776
[   68508ms] [LOG] [Fast Refresh] done in 9ms @ http://localhost:3000/_next/static/chunks/node_modules_next_dist_1e8vcs8._.js:776
[   68558ms] [LOG] [Fast Refresh] done in 9ms @ http://localhost:3000/_next/static/chunks/node_modules_next_dist_1e8vcs8._.js:776
[   68622ms] [LOG] [Fast Refresh] done in 9ms @ http://localhost:3000/_next/static/chunks/node_modules_next_dist_1e8vcs8._.js:776
[   68685ms] [LOG] [Fast Refresh] done in 9ms @ http://localhost:3000/_next/static/chunks/node_modules_next_dist_1e8vcs8._.js:776
[   68725ms] [LOG] [Fast Refresh] done in 9ms @ http://localhost:3000/_next/static/chunks/node_modules_next_dist_1e8vcs8._.js:776
[   68774ms] [LOG] [Fast Refresh] done in 9ms @ http://localhost:3000/_next/static/chunks/node_modules_next_dist_1e8vcs8._.js:776
[   68826ms] [LOG] [Fast Refresh] done in 9ms @ http://localhost:3000/_next/static/chunks/node_modules_next_dist_1e8vcs8._.js:776
[   68876ms] [LOG] [Fast Refresh] done in 9ms @ http://localhost:3000/_next/static/chunks/node_modules_next_dist_1e8vcs8._.js:776
[   68924ms] [LOG] [Fast Refresh] done in 9ms @ http://localhost:3000/_next/static/chunks/node_modules_next_dist_1e8vcs8._.js:776
[   68975ms] [LOG] [Fast Refresh] done in 9ms @ http://localhost:3000/_next/static/chunks/node_modules_next_dist_1e8vcs8._.js:776
[   69016ms] [LOG] [Fast Refresh] done in 9ms @ http://localhost:3000/_next/static/chunks/node_modules_next_dist_1e8vcs8._.js:776
[   69059ms] [LOG] [Fast Refresh] done in 9ms @ http://localhost:3000/_next/static/chunks/node_modules_next_dist_1e8vcs8._.js:776
[   69109ms] [LOG] [Fast Refresh] done in 9ms @ http://localhost:3000/_next/static/chunks/node_modules_next_dist_1e8vcs8._.js:776
[   69159ms] [LOG] [Fast Refresh] done in 9ms @ http://localhost:3000/_next/static/chunks/node_modules_next_dist_1e8vcs8._.js:776
[   69214ms] [LOG] [Fast Refresh] done in 9ms @ http://localhost:3000/_next/static/chunks/node_modules_next_dist_1e8vcs8._.js:776
[   69260ms] [LOG] [Fast Refresh] done in 9ms @ http://localhost:3000/_next/static/chunks/node_modules_next_dist_1e8vcs8._.js:776
[   69309ms] [LOG] [Fast Refresh] done in 9ms @ http://localhost:3000/_next/static/chunks/node_modules_next_dist_1e8vcs8._.js:776
[   69351ms] [LOG] [Fast Refresh] done in 9ms @ http://localhost:3000/_next/static/chunks/node_modules_next_dist_1e8vcs8._.js:776
[   69391ms] [LOG] [Fast Refresh] done in 9ms @ http://localhost:3000/_next/static/chunks/node_modules_next_dist_1e8vcs8._.js:776
[   69433ms] [LOG] [Fast Refresh] done in 9ms @ http://localhost:3000/_next/static/chunks/node_modules_next_dist_1e8vcs8._.js:776
[   69474ms] [LOG] [Fast Refresh] done in 9ms @ http://localhost:3000/_next/static/chunks/node_modules_next_dist_1e8vcs8._.js:776
[   69510ms] [LOG] [Fast Refresh] done in 9ms @ http://localhost:3000/_next/static/chunks/node_modules_next_dist_1e8vcs8._.js:776
[   69560ms] [LOG] [Fast Refresh] done in 9ms @ http://localhost:3000/_next/static/chunks/node_modules_next_dist_1e8vcs8._.js:776
[   69608ms] [LOG] [Fast Refresh] done in 9ms @ http://localhost:3000/_next/static/chunks/node_modules_next_dist_1e8vcs8._.js:776
[   69655ms] [LOG] [Fast Refresh] done in 9ms @ http://localhost:3000/_next/static/chunks/node_modules_next_dist_1e8vcs8._.js:776
[   69707ms] [LOG] [Fast Refresh] done in 9ms @ http://localhost:3000/_next/static/chunks/node_modules_next_dist_1e8vcs8._.js:776
[   69751ms] [LOG] [Fast Refresh] done in 9ms @ http://localhost:3000/_next/static/chunks/node_modules_next_dist_1e8vcs8._.js:776
[   69792ms] [LOG] [Fast Refresh] done in 9ms @ http://localhost:3000/_next/static/chunks/node_modules_next_dist_1e8vcs8._.js:776
[   69842ms] [LOG] [Fast Refresh] done in 9ms @ http://localhost:3000/_next/static/chunks/node_modules_next_dist_1e8vcs8._.js:776
[   69891ms] [LOG] [Fast Refresh] done in 9ms @ http://localhost:3000/_next/static/chunks/node_modules_next_dist_1e8vcs8._.js:776
[   69953ms] [LOG] [Fast Refresh] done in 9ms @ http://localhost:3000/_next/static/chunks/node_modules_next_dist_1e8vcs8._.js:776
[   70006ms] [LOG] [Fast Refresh] done in 9ms @ http://localhost:3000/_next/static/chunks/node_modules_next_dist_1e8vcs8._.js:776
[   70042ms] [LOG] [Fast Refresh] done in 9ms @ http://localhost:3000/_next/static/chunks/node_modules_next_dist_1e8vcs8._.js:776
[   70092ms] [LOG] [Fast Refresh] done in 9ms @ http://localhost:3000/_next/static/chunks/node_modules_next_dist_1e8vcs8._.js:776
[   70140ms] [LOG] [Fast Refresh] done in 9ms @ http://localhost:3000/_next/static/chunks/node_modules_next_dist_1e8vcs8._.js:776
[   70193ms] [LOG] [Fast Refresh] done in 9ms @ http://localhost:3000/_next/static/chunks/node_modules_next_dist_1e8vcs8._.js:776
[   70242ms] [LOG] [Fast Refresh] done in 9ms @ http://localhost:3000/_next/static/chunks/node_modules_next_dist_1e8vcs8._.js:776
[   70291ms] [LOG] [Fast Refresh] done in 9ms @ http://localhost:3000/_next/static/chunks/node_modules_next_dist_1e8vcs8._.js:776
[   70343ms] [LOG] [Fast Refresh] done in 9ms @ http://localhost:3000/_next/static/chunks/node_modules_next_dist_1e8vcs8._.js:776
[   70392ms] [LOG] [Fast Refresh] done in 9ms @ http://localhost:3000/_next/static/chunks/node_modules_next_dist_1e8vcs8._.js:776
[   70441ms] [LOG] [Fast Refresh] done in 9ms @ http://localhost:3000/_next/static/chunks/node_modules_next_dist_1e8vcs8._.js:776
[   70487ms] [LOG] [Fast Refresh] done in 9ms @ http://localhost:3000/_next/static/chunks/node_modules_next_dist_1e8vcs8._.js:776
[   70529ms] [LOG] [Fast Refresh] done in 9ms @ http://localhost:3000/_next/static/chunks/node_modules_next_dist_1e8vcs8._.js:776
[   70592ms] [LOG] [Fast Refresh] done in 9ms @ http://localhost:3000/_next/static/chunks/node_modules_next_dist_1e8vcs8._.js:776
[   70655ms] [LOG] [Fast Refresh] done in 9ms @ http://localhost:3000/_next/static/chunks/node_modules_next_dist_1e8vcs8._.js:776
[   70703ms] [LOG] [Fast Refresh] done in 9ms @ http://localhost:3000/_next/static/chunks/node_modules_next_dist_1e8vcs8._.js:776
[   70766ms] [LOG] [Fast Refresh] done in 9ms @ http://localhost:3000/_next/static/chunks/node_modules_next_dist_1e8vcs8._.js:776
[   70813ms] [LOG] [Fast Refresh] done in 9ms @ http://localhost:3000/_next/static/chunks/node_modules_next_dist_1e8vcs8._.js:776
[   70862ms] [LOG] [Fast Refresh] done in 9ms @ http://localhost:3000/_next/static/chunks/node_modules_next_dist_1e8vcs8._.js:776
[   70911ms] [LOG] [Fast Refresh] done in 9ms @ http://localhost:3000/_next/static/chunks/node_modules_next_dist_1e8vcs8._.js:776
[   70963ms] [LOG] [Fast Refresh] done in 9ms @ http://localhost:3000/_next/static/chunks/node_modules_next_dist_1e8vcs8._.js:776
[   71017ms] [LOG] [Fast Refresh] done in 9ms @ http://localhost:3000/_next/static/chunks/node_modules_next_dist_1e8vcs8._.js:776
[   71063ms] [LOG] [Fast Refresh] done in 9ms @ http://localhost:3000/_next/static/chunks/node_modules_next_dist_1e8vcs8._.js:776
[   71125ms] [LOG] [Fast Refresh] done in 9ms @ http://localhost:3000/_next/static/chunks/node_modules_next_dist_1e8vcs8._.js:776
[   71176ms] [LOG] [Fast Refresh] done in 9ms @ http://localhost:3000/_next/static/chunks/node_modules_next_dist_1e8vcs8._.js:776
[   71225ms] [LOG] [Fast Refresh] done in 9ms @ http://localhost:3000/_next/static/chunks/node_modules_next_dist_1e8vcs8._.js:776
[   71275ms] [LOG] [Fast Refresh] done in 9ms @ http://localhost:3000/_next/static/chunks/node_modules_next_dist_1e8vcs8._.js:776
[   71325ms] [LOG] [Fast Refresh] done in 9ms @ http://localhost:3000/_next/static/chunks/node_modules_next_dist_1e8vcs8._.js:776
[   71375ms] [LOG] [Fast Refresh] done in 9ms @ http://localhost:3000/_next/static/chunks/node_modules_next_dist_1e8vcs8._.js:776
[   71427ms] [LOG] [Fast Refresh] done in 9ms @ http://localhost:3000/_next/static/chunks/node_modules_next_dist_1e8vcs8._.js:776
[   71475ms] [LOG] [Fast Refresh] done in 9ms @ http://localhost:3000/_next/static/chunks/node_modules_next_dist_1e8vcs8._.js:776
[   71525ms] [LOG] [Fast Refresh] done in 9ms @ http://localhost:3000/_next/static/chunks/node_modules_next_dist_1e8vcs8._.js:776
[   71576ms] [LOG] [Fast Refresh] done in 9ms @ http://localhost:3000/_next/static/chunks/node_modules_next_dist_1e8vcs8._.js:776
[   71678ms] [LOG] [Fast Refresh] rebuilding @ http://localhost:3000/_next/static/chunks/node_modules_next_dist_1e8vcs8._.js:776
[   71734ms] [LOG] [Fast Refresh] done in 5ms @ http://localhost:3000/_next/static/chunks/node_modules_next_dist_1e8vcs8._.js:776
[   71792ms] [LOG] [Fast Refresh] done in 5ms @ http://localhost:3000/_next/static/chunks/node_modules_next_dist_1e8vcs8._.js:776
[   71842ms] [LOG] [Fast Refresh] done in 5ms @ http://localhost:3000/_next/static/chunks/node_modules_next_dist_1e8vcs8._.js:776
[   71892ms] [LOG] [Fast Refresh] done in 5ms @ http://localhost:3000/_next/static/chunks/node_modules_next_dist_1e8vcs8._.js:776
[   71941ms] [LOG] [Fast Refresh] done in 5ms @ http://localhost:3000/_next/static/chunks/node_modules_next_dist_1e8vcs8._.js:776
[   71992ms] [LOG] [Fast Refresh] done in 5ms @ http://localhost:3000/_next/static/chunks/node_modules_next_dist_1e8vcs8._.js:776
[   72042ms] [LOG] [Fast Refresh] done in 5ms @ http://localhost:3000/_next/static/chunks/node_modules_next_dist_1e8vcs8._.js:776
[   72087ms] [LOG] [Fast Refresh] done in 5ms @ http://localhost:3000/_next/static/chunks/node_modules_next_dist_1e8vcs8._.js:776
[   72125ms] [LOG] [Fast Refresh] done in 5ms @ http://localhost:3000/_next/static/chunks/node_modules_next_dist_1e8vcs8._.js:776
[   72175ms] [LOG] [Fast Refresh] done in 5ms @ http://localhost:3000/_next/static/chunks/node_modules_next_dist_1e8vcs8._.js:776
[   72227ms] [LOG] [Fast Refresh] done in 5ms @ http://localhost:3000/_next/static/chunks/node_modules_next_dist_1e8vcs8._.js:776
[   72274ms] [LOG] [Fast Refresh] done in 5ms @ http://localhost:3000/_next/static/chunks/node_modules_next_dist_1e8vcs8._.js:776
[   72324ms] [LOG] [Fast Refresh] done in 5ms @ http://localhost:3000/_next/static/chunks/node_modules_next_dist_1e8vcs8._.js:776
[   72374ms] [LOG] [Fast Refresh] done in 5ms @ http://localhost:3000/_next/static/chunks/node_modules_next_dist_1e8vcs8._.js:776
[   72425ms] [LOG] [Fast Refresh] done in 5ms @ http://localhost:3000/_next/static/chunks/node_modules_next_dist_1e8vcs8._.js:776
[   72475ms] [LOG] [Fast Refresh] done in 5ms @ http://localhost:3000/_next/static/chunks/node_modules_next_dist_1e8vcs8._.js:776
[   72524ms] [LOG] [Fast Refresh] done in 5ms @ http://localhost:3000/_next/static/chunks/node_modules_next_dist_1e8vcs8._.js:776
[   72575ms] [LOG] [Fast Refresh] done in 5ms @ http://localhost:3000/_next/static/chunks/node_modules_next_dist_1e8vcs8._.js:776
[   72624ms] [LOG] [Fast Refresh] done in 5ms @ http://localhost:3000/_next/static/chunks/node_modules_next_dist_1e8vcs8._.js:776
[   72675ms] [LOG] [Fast Refresh] done in 5ms @ http://localhost:3000/_next/static/chunks/node_modules_next_dist_1e8vcs8._.js:776
[   72724ms] [LOG] [Fast Refresh] done in 5ms @ http://localhost:3000/_next/static/chunks/node_modules_next_dist_1e8vcs8._.js:776
[   72774ms] [LOG] [Fast Refresh] done in 5ms @ http://localhost:3000/_next/static/chunks/node_modules_next_dist_1e8vcs8._.js:776
[   72825ms] [LOG] [Fast Refresh] done in 5ms @ http://localhost:3000/_next/static/chunks/node_modules_next_dist_1e8vcs8._.js:776
[   72872ms] [LOG] [Fast Refresh] done in 5ms @ http://localhost:3000/_next/static/chunks/node_modules_next_dist_1e8vcs8._.js:776
[   72924ms] [LOG] [Fast Refresh] done in 5ms @ http://localhost:3000/_next/static/chunks/node_modules_next_dist_1e8vcs8._.js:776
[   72974ms] [LOG] [Fast Refresh] done in 5ms @ http://localhost:3000/_next/static/chunks/node_modules_next_dist_1e8vcs8._.js:776
[   73024ms] [LOG] [Fast Refresh] done in 5ms @ http://localhost:3000/_next/static/chunks/node_modules_next_dist_1e8vcs8._.js:776
[   73076ms] [LOG] [Fast Refresh] done in 5ms @ http://localhost:3000/_next/static/chunks/node_modules_next_dist_1e8vcs8._.js:776
[   73125ms] [LOG] [Fast Refresh] done in 5ms @ http://localhost:3000/_next/static/chunks/node_modules_next_dist_1e8vcs8._.js:776
[   73175ms] [LOG] [Fast Refresh] done in 5ms @ http://localhost:3000/_next/static/chunks/node_modules_next_dist_1e8vcs8._.js:776
[   73225ms] [LOG] [Fast Refresh] done in 5ms @ http://localhost:3000/_next/static/chunks/node_modules_next_dist_1e8vcs8._.js:776
[   73274ms] [LOG] [Fast Refresh] done in 5ms @ http://localhost:3000/_next/static/chunks/node_modules_next_dist_1e8vcs8._.js:776
[   73325ms] [LOG] [Fast Refresh] done in 5ms @ http://localhost:3000/_next/static/chunks/node_modules_next_dist_1e8vcs8._.js:776
[   73374ms] [LOG] [Fast Refresh] done in 5ms @ http://localhost:3000/_next/static/chunks/node_modules_next_dist_1e8vcs8._.js:776
[   73425ms] [LOG] [Fast Refresh] done in 5ms @ http://localhost:3000/_next/static/chunks/node_modules_next_dist_1e8vcs8._.js:776
[   73474ms] [LOG] [Fast Refresh] done in 5ms @ http://localhost:3000/_next/static/chunks/node_modules_next_dist_1e8vcs8._.js:776
[   73523ms] [LOG] [Fast Refresh] done in 5ms @ http://localhost:3000/_next/static/chunks/node_modules_next_dist_1e8vcs8._.js:776
[   73612ms] [LOG] [Fast Refresh] rebuilding @ http://localhost:3000/_next/static/chunks/node_modules_next_dist_1e8vcs8._.js:776
[   73672ms] [LOG] [Fast Refresh] done in 4ms @ http://localhost:3000/_next/static/chunks/node_modules_next_dist_1e8vcs8._.js:776
[   73723ms] [LOG] [Fast Refresh] done in 4ms @ http://localhost:3000/_next/static/chunks/node_modules_next_dist_1e8vcs8._.js:776
[   73776ms] [LOG] [Fast Refresh] done in 4ms @ http://localhost:3000/_next/static/chunks/node_modules_next_dist_1e8vcs8._.js:776
[   73824ms] [LOG] [Fast Refresh] done in 4ms @ http://localhost:3000/_next/static/chunks/node_modules_next_dist_1e8vcs8._.js:776
[   73875ms] [LOG] [Fast Refresh] done in 4ms @ http://localhost:3000/_next/static/chunks/node_modules_next_dist_1e8vcs8._.js:776
[   73924ms] [LOG] [Fast Refresh] done in 4ms @ http://localhost:3000/_next/static/chunks/node_modules_next_dist_1e8vcs8._.js:776
[   73975ms] [LOG] [Fast Refresh] done in 4ms @ http://localhost:3000/_next/static/chunks/node_modules_next_dist_1e8vcs8._.js:776
[   74026ms] [LOG] [Fast Refresh] done in 4ms @ http://localhost:3000/_next/static/chunks/node_modules_next_dist_1e8vcs8._.js:776
[   74074ms] [LOG] [Fast Refresh] done in 4ms @ http://localhost:3000/_next/static/chunks/node_modules_next_dist_1e8vcs8._.js:776
[   74127ms] [LOG] [Fast Refresh] done in 4ms @ http://localhost:3000/_next/static/chunks/node_modules_next_dist_1e8vcs8._.js:776
[   74175ms] [LOG] [Fast Refresh] done in 4ms @ http://localhost:3000/_next/static/chunks/node_modules_next_dist_1e8vcs8._.js:776
[   74226ms] [LOG] [Fast Refresh] done in 4ms @ http://localhost:3000/_next/static/chunks/node_modules_next_dist_1e8vcs8._.js:776
[   74274ms] [LOG] [Fast Refresh] done in 4ms @ http://localhost:3000/_next/static/chunks/node_modules_next_dist_1e8vcs8._.js:776
[   74324ms] [LOG] [Fast Refresh] done in 4ms @ http://localhost:3000/_next/static/chunks/node_modules_next_dist_1e8vcs8._.js:776
[   74374ms] [LOG] [Fast Refresh] done in 4ms @ http://localhost:3000/_next/static/chunks/node_modules_next_dist_1e8vcs8._.js:776
[   74424ms] [LOG] [Fast Refresh] done in 4ms @ http://localhost:3000/_next/static/chunks/node_modules_next_dist_1e8vcs8._.js:776
[   74474ms] [LOG] [Fast Refresh] done in 4ms @ http://localhost:3000/_next/static/chunks/node_modules_next_dist_1e8vcs8._.js:776
[   74525ms] [LOG] [Fast Refresh] done in 4ms @ http://localhost:3000/_next/static/chunks/node_modules_next_dist_1e8vcs8._.js:776
[   74574ms] [LOG] [Fast Refresh] done in 4ms @ http://localhost:3000/_next/static/chunks/node_modules_next_dist_1e8vcs8._.js:776
[   74624ms] [LOG] [Fast Refresh] done in 4ms @ http://localhost:3000/_next/static/chunks/node_modules_next_dist_1e8vcs8._.js:776
[   74675ms] [LOG] [Fast Refresh] done in 4ms @ http://localhost:3000/_next/static/chunks/node_modules_next_dist_1e8vcs8._.js:776
[   74725ms] [LOG] [Fast Refresh] done in 4ms @ http://localhost:3000/_next/static/chunks/node_modules_next_dist_1e8vcs8._.js:776
[   74778ms] [LOG] [Fast Refresh] done in 4ms @ http://localhost:3000/_next/static/chunks/node_modules_next_dist_1e8vcs8._.js:776
[   74818ms] [LOG] [Fast Refresh] done in 4ms @ http://localhost:3000/_next/static/chunks/node_modules_next_dist_1e8vcs8._.js:776
[   74859ms] [LOG] [Fast Refresh] done in 4ms @ http://localhost:3000/_next/static/chunks/node_modules_next_dist_1e8vcs8._.js:776
[   74909ms] [LOG] [Fast Refresh] done in 4ms @ http://localhost:3000/_next/static/chunks/node_modules_next_dist_1e8vcs8._.js:776
[   74957ms] [LOG] [Fast Refresh] done in 4ms @ http://localhost:3000/_next/static/chunks/node_modules_next_dist_1e8vcs8._.js:776
[   74994ms] [LOG] [Fast Refresh] done in 4ms @ http://localhost:3000/_next/static/chunks/node_modules_next_dist_1e8vcs8._.js:776
[   75030ms] [LOG] [Fast Refresh] done in 4ms @ http://localhost:3000/_next/static/chunks/node_modules_next_dist_1e8vcs8._.js:776
[   75067ms] [LOG] [Fast Refresh] done in 4ms @ http://localhost:3000/_next/static/chunks/node_modules_next_dist_1e8vcs8._.js:776
[   75103ms] [LOG] [Fast Refresh] done in 4ms @ http://localhost:3000/_next/static/chunks/node_modules_next_dist_1e8vcs8._.js:776
[   75140ms] [LOG] [Fast Refresh] done in 4ms @ http://localhost:3000/_next/static/chunks/node_modules_next_dist_1e8vcs8._.js:776
[   75177ms] [LOG] [Fast Refresh] done in 4ms @ http://localhost:3000/_next/static/chunks/node_modules_next_dist_1e8vcs8._.js:776
[   75218ms] [LOG] [Fast Refresh] done in 4ms @ http://localhost:3000/_next/static/chunks/node_modules_next_dist_1e8vcs8._.js:776
[   75260ms] [LOG] [Fast Refresh] done in 4ms @ http://localhost:3000/_next/static/chunks/node_modules_next_dist_1e8vcs8._.js:776
[   75300ms] [LOG] [Fast Refresh] done in 4ms @ http://localhost:3000/_next/static/chunks/node_modules_next_dist_1e8vcs8._.js:776
[   75336ms] [LOG] [Fast Refresh] done in 4ms @ http://localhost:3000/_next/static/chunks/node_modules_next_dist_1e8vcs8._.js:776
[   75377ms] [LOG] [Fast Refresh] done in 4ms @ http://localhost:3000/_next/static/chunks/node_modules_next_dist_1e8vcs8._.js:776
[   75441ms] [LOG] [Fast Refresh] done in 4ms @ http://localhost:3000/_next/static/chunks/node_modules_next_dist_1e8vcs8._.js:776
[   75488ms] [LOG] [Fast Refresh] done in 4ms @ http://localhost:3000/_next/static/chunks/node_modules_next_dist_1e8vcs8._.js:776
[   75532ms] [LOG] [Fast Refresh] done in 4ms @ http://localhost:3000/_next/static/chunks/node_modules_next_dist_1e8vcs8._.js:776
[   75576ms] [LOG] [Fast Refresh] done in 4ms @ http://localhost:3000/_next/static/chunks/node_modules_next_dist_1e8vcs8._.js:776
[   75623ms] [LOG] [Fast Refresh] done in 4ms @ http://localhost:3000/_next/static/chunks/node_modules_next_dist_1e8vcs8._.js:776
[   75659ms] [LOG] [Fast Refresh] done in 4ms @ http://localhost:3000/_next/static/chunks/node_modules_next_dist_1e8vcs8._.js:776
[   75713ms] [LOG] [Fast Refresh] done in 4ms @ http://localhost:3000/_next/static/chunks/node_modules_next_dist_1e8vcs8._.js:776
[   75765ms] [LOG] [Fast Refresh] done in 4ms @ http://localhost:3000/_next/static/chunks/node_modules_next_dist_1e8vcs8._.js:776
[   75808ms] [LOG] [Fast Refresh] done in 4ms @ http://localhost:3000/_next/static/chunks/node_modules_next_dist_1e8vcs8._.js:776
[   75859ms] [LOG] [Fast Refresh] done in 4ms @ http://localhost:3000/_next/static/chunks/node_modules_next_dist_1e8vcs8._.js:776
[   75910ms] [LOG] [Fast Refresh] done in 4ms @ http://localhost:3000/_next/static/chunks/node_modules_next_dist_1e8vcs8._.js:776
[   75961ms] [LOG] [Fast Refresh] done in 4ms @ http://localhost:3000/_next/static/chunks/node_modules_next_dist_1e8vcs8._.js:776
[   76009ms] [LOG] [Fast Refresh] done in 4ms @ http://localhost:3000/_next/static/chunks/node_modules_next_dist_1e8vcs8._.js:776
[   76073ms] [LOG] [Fast Refresh] done in 4ms @ http://localhost:3000/_next/static/chunks/node_modules_next_dist_1e8vcs8._.js:776
[   76123ms] [LOG] [Fast Refresh] done in 4ms @ http://localhost:3000/_next/static/chunks/node_modules_next_dist_1e8vcs8._.js:776
[   76188ms] [LOG] [Fast Refresh] done in 4ms @ http://localhost:3000/_next/static/chunks/node_modules_next_dist_1e8vcs8._.js:776
[   76238ms] [LOG] [Fast Refresh] done in 4ms @ http://localhost:3000/_next/static/chunks/node_modules_next_dist_1e8vcs8._.js:776
[   76278ms] [LOG] [Fast Refresh] done in 4ms @ http://localhost:3000/_next/static/chunks/node_modules_next_dist_1e8vcs8._.js:776
[   76317ms] [LOG] [Fast Refresh] done in 4ms @ http://localhost:3000/_next/static/chunks/node_modules_next_dist_1e8vcs8._.js:776
[   76356ms] [LOG] [Fast Refresh] done in 4ms @ http://localhost:3000/_next/static/chunks/node_modules_next_dist_1e8vcs8._.js:776
[   76391ms] [LOG] [Fast Refresh] done in 4ms @ http://localhost:3000/_next/static/chunks/node_modules_next_dist_1e8vcs8._.js:776
[   76433ms] [LOG] [Fast Refresh] done in 4ms @ http://localhost:3000/_next/static/chunks/node_modules_next_dist_1e8vcs8._.js:776
[   76470ms] [LOG] [Fast Refresh] done in 4ms @ http://localhost:3000/_next/static/chunks/node_modules_next_dist_1e8vcs8._.js:776
[   76509ms] [LOG] [Fast Refresh] done in 4ms @ http://localhost:3000/_next/static/chunks/node_modules_next_dist_1e8vcs8._.js:776
[   76555ms] [LOG] [Fast Refresh] done in 4ms @ http://localhost:3000/_next/static/chunks/node_modules_next_dist_1e8vcs8._.js:776
[   76593ms] [LOG] [Fast Refresh] done in 4ms @ http://localhost:3000/_next/static/chunks/node_modules_next_dist_1e8vcs8._.js:776
[   76639ms] [LOG] [Fast Refresh] done in 4ms @ http://localhost:3000/_next/static/chunks/node_modules_next_dist_1e8vcs8._.js:776
[   76658ms] [WARNING] The resource http://localhost:3000/_next/static/media/797e433ab948586e-s.p.0r6juujl39pe6.woff2 was preloaded using link preload but not used within a few seconds from the window's load event. Please make sure it has an appropriate `as` value and it is preloaded intentionally. @ http://localhost:3000/:0
[   76658ms] [WARNING] The resource http://localhost:3000/_next/static/media/caa3a2e1cccd8315-s.p.0wgildi0cnwt9.woff2 was preloaded using link preload but not used within a few seconds from the window's load event. Please make sure it has an appropriate `as` value and it is preloaded intentionally. @ http://localhost:3000/:0
[   76709ms] [LOG] [Fast Refresh] done in 4ms @ http://localhost:3000/_next/static/chunks/node_modules_next_dist_1e8vcs8._.js:776
[   76760ms] [LOG] [Fast Refresh] done in 4ms @ http://localhost:3000/_next/static/chunks/node_modules_next_dist_1e8vcs8._.js:776
[   76809ms] [LOG] [Fast Refresh] done in 4ms @ http://localhost:3000/_next/static/chunks/node_modules_next_dist_1e8vcs8._.js:776
[   76858ms] [LOG] [Fast Refresh] done in 4ms @ http://localhost:3000/_next/static/chunks/node_modules_next_dist_1e8vcs8._.js:776
[   76909ms] [LOG] [Fast Refresh] done in 4ms @ http://localhost:3000/_next/static/chunks/node_modules_next_dist_1e8vcs8._.js:776
[   76959ms] [LOG] [Fast Refresh] done in 4ms @ http://localhost:3000/_next/static/chunks/node_modules_next_dist_1e8vcs8._.js:776
[   77009ms] [LOG] [Fast Refresh] done in 4ms @ http://localhost:3000/_next/static/chunks/node_modules_next_dist_1e8vcs8._.js:776
[   77059ms] [LOG] [Fast Refresh] done in 4ms @ http://localhost:3000/_next/static/chunks/node_modules_next_dist_1e8vcs8._.js:776
[   77109ms] [LOG] [Fast Refresh] done in 4ms @ http://localhost:3000/_next/static/chunks/node_modules_next_dist_1e8vcs8._.js:776
[   77157ms] [LOG] [Fast Refresh] done in 4ms @ http://localhost:3000/_next/static/chunks/node_modules_next_dist_1e8vcs8._.js:776
[   77205ms] [LOG] [Fast Refresh] done in 4ms @ http://localhost:3000/_next/static/chunks/node_modules_next_dist_1e8vcs8._.js:776
[   77253ms] [LOG] [Fast Refresh] done in 4ms @ http://localhost:3000/_next/static/chunks/node_modules_next_dist_1e8vcs8._.js:776
[   77293ms] [LOG] [Fast Refresh] done in 4ms @ http://localhost:3000/_next/static/chunks/node_modules_next_dist_1e8vcs8._.js:776
[   77334ms] [LOG] [Fast Refresh] done in 4ms @ http://localhost:3000/_next/static/chunks/node_modules_next_dist_1e8vcs8._.js:776
[   77372ms] [LOG] [Fast Refresh] done in 4ms @ http://localhost:3000/_next/static/chunks/node_modules_next_dist_1e8vcs8._.js:776
[   77411ms] [LOG] [Fast Refresh] done in 4ms @ http://localhost:3000/_next/static/chunks/node_modules_next_dist_1e8vcs8._.js:776
[   77450ms] [LOG] [Fast Refresh] done in 4ms @ http://localhost:3000/_next/static/chunks/node_modules_next_dist_1e8vcs8._.js:776
[   77487ms] [LOG] [Fast Refresh] done in 4ms @ http://localhost:3000/_next/static/chunks/node_modules_next_dist_1e8vcs8._.js:776
[   77526ms] [LOG] [Fast Refresh] done in 4ms @ http://localhost:3000/_next/static/chunks/node_modules_next_dist_1e8vcs8._.js:776
[   77568ms] [LOG] [Fast Refresh] done in 4ms @ http://localhost:3000/_next/static/chunks/node_modules_next_dist_1e8vcs8._.js:776
[   77606ms] [LOG] [Fast Refresh] done in 4ms @ http://localhost:3000/_next/static/chunks/node_modules_next_dist_1e8vcs8._.js:776
[   77643ms] [LOG] [Fast Refresh] done in 4ms @ http://localhost:3000/_next/static/chunks/node_modules_next_dist_1e8vcs8._.js:776
[   77692ms] [LOG] [Fast Refresh] done in 4ms @ http://localhost:3000/_next/static/chunks/node_modules_next_dist_1e8vcs8._.js:776
[   77760ms] [LOG] [Fast Refresh] done in 4ms @ http://localhost:3000/_next/static/chunks/node_modules_next_dist_1e8vcs8._.js:776
[   77808ms] [LOG] [Fast Refresh] done in 4ms @ http://localhost:3000/_next/static/chunks/node_modules_next_dist_1e8vcs8._.js:776
[   77862ms] [LOG] [Fast Refresh] done in 4ms @ http://localhost:3000/_next/static/chunks/node_modules_next_dist_1e8vcs8._.js:776
[   77914ms] [LOG] [Fast Refresh] done in 4ms @ http://localhost:3000/_next/static/chunks/node_modules_next_dist_1e8vcs8._.js:776
[   77973ms] [LOG] [Fast Refresh] done in 4ms @ http://localhost:3000/_next/static/chunks/node_modules_next_dist_1e8vcs8._.js:776
[   78022ms] [LOG] [Fast Refresh] done in 4ms @ http://localhost:3000/_next/static/chunks/node_modules_next_dist_1e8vcs8._.js:776
[   78074ms] [LOG] [Fast Refresh] done in 4ms @ http://localhost:3000/_next/static/chunks/node_modules_next_dist_1e8vcs8._.js:776
[   78125ms] [LOG] [Fast Refresh] done in 4ms @ http://localhost:3000/_next/static/chunks/node_modules_next_dist_1e8vcs8._.js:776
[   78176ms] [LOG] [Fast Refresh] done in 4ms @ http://localhost:3000/_next/static/chunks/node_modules_next_dist_1e8vcs8._.js:776
[   78225ms] [LOG] [Fast Refresh] done in 4ms @ http://localhost:3000/_next/static/chunks/node_modules_next_dist_1e8vcs8._.js:776
[   78274ms] [LOG] [Fast Refresh] done in 4ms @ http://localhost:3000/_next/static/chunks/node_modules_next_dist_1e8vcs8._.js:776
[   78327ms] [LOG] [Fast Refresh] done in 4ms @ http://localhost:3000/_next/static/chunks/node_modules_next_dist_1e8vcs8._.js:776
[   78375ms] [LOG] [Fast Refresh] done in 4ms @ http://localhost:3000/_next/static/chunks/node_modules_next_dist_1e8vcs8._.js:776
[   78425ms] [LOG] [Fast Refresh] done in 4ms @ http://localhost:3000/_next/static/chunks/node_modules_next_dist_1e8vcs8._.js:776
[   78475ms] [LOG] [Fast Refresh] done in 4ms @ http://localhost:3000/_next/static/chunks/node_modules_next_dist_1e8vcs8._.js:776
[   78515ms] [LOG] [Fast Refresh] done in 4ms @ http://localhost:3000/_next/static/chunks/node_modules_next_dist_1e8vcs8._.js:776
[   78552ms] [LOG] [Fast Refresh] done in 4ms @ http://localhost:3000/_next/static/chunks/node_modules_next_dist_1e8vcs8._.js:776
[   78589ms] [LOG] [Fast Refresh] done in 4ms @ http://localhost:3000/_next/static/chunks/node_modules_next_dist_1e8vcs8._.js:776
[   78629ms] [LOG] [Fast Refresh] done in 4ms @ http://localhost:3000/_next/static/chunks/node_modules_next_dist_1e8vcs8._.js:776
[   78665ms] [LOG] [Fast Refresh] done in 4ms @ http://localhost:3000/_next/static/chunks/node_modules_next_dist_1e8vcs8._.js:776
[   78704ms] [LOG] [Fast Refresh] done in 4ms @ http://localhost:3000/_next/static/chunks/node_modules_next_dist_1e8vcs8._.js:776
[   78742ms] [LOG] [Fast Refresh] done in 4ms @ http://localhost:3000/_next/static/chunks/node_modules_next_dist_1e8vcs8._.js:776
[   78781ms] [LOG] [Fast Refresh] done in 4ms @ http://localhost:3000/_next/static/chunks/node_modules_next_dist_1e8vcs8._.js:776
[   78821ms] [LOG] [Fast Refresh] done in 4ms @ http://localhost:3000/_next/static/chunks/node_modules_next_dist_1e8vcs8._.js:776
[   78860ms] [LOG] [Fast Refresh] done in 4ms @ http://localhost:3000/_next/static/chunks/node_modules_next_dist_1e8vcs8._.js:776
[   78908ms] [LOG] [Fast Refresh] done in 4ms @ http://localhost:3000/_next/static/chunks/node_modules_next_dist_1e8vcs8._.js:776
[   78958ms] [LOG] [Fast Refresh] done in 4ms @ http://localhost:3000/_next/static/chunks/node_modules_next_dist_1e8vcs8._.js:776
[   79009ms] [LOG] [Fast Refresh] done in 4ms @ http://localhost:3000/_next/static/chunks/node_modules_next_dist_1e8vcs8._.js:776
[   79055ms] [LOG] [Fast Refresh] done in 4ms @ http://localhost:3000/_next/static/chunks/node_modules_next_dist_1e8vcs8._.js:776
[   79092ms] [LOG] [Fast Refresh] done in 4ms @ http://localhost:3000/_next/static/chunks/node_modules_next_dist_1e8vcs8._.js:776
[   79142ms] [LOG] [Fast Refresh] done in 4ms @ http://localhost:3000/_next/static/chunks/node_modules_next_dist_1e8vcs8._.js:776
[   79191ms] [LOG] [Fast Refresh] done in 4ms @ http://localhost:3000/_next/static/chunks/node_modules_next_dist_1e8vcs8._.js:776
[   79239ms] [LOG] [Fast Refresh] done in 4ms @ http://localhost:3000/_next/static/chunks/node_modules_next_dist_1e8vcs8._.js:776
[   79292ms] [LOG] [Fast Refresh] done in 4ms @ http://localhost:3000/_next/static/chunks/node_modules_next_dist_1e8vcs8._.js:776
[   79356ms] [LOG] [Fast Refresh] done in 4ms @ http://localhost:3000/_next/static/chunks/node_modules_next_dist_1e8vcs8._.js:776
[   79420ms] [LOG] [Fast Refresh] done in 4ms @ http://localhost:3000/_next/static/chunks/node_modules_next_dist_1e8vcs8._.js:776
[   79483ms] [LOG] [Fast Refresh] done in 4ms @ http://localhost:3000/_next/static/chunks/node_modules_next_dist_1e8vcs8._.js:776
[   79519ms] [LOG] [Fast Refresh] done in 4ms @ http://localhost:3000/_next/static/chunks/node_modules_next_dist_1e8vcs8._.js:776
[   79560ms] [LOG] [Fast Refresh] done in 4ms @ http://localhost:3000/_next/static/chunks/node_modules_next_dist_1e8vcs8._.js:776
[   79625ms] [LOG] [Fast Refresh] done in 4ms @ http://localhost:3000/_next/static/chunks/node_modules_next_dist_1e8vcs8._.js:776
[   79675ms] [LOG] [Fast Refresh] done in 4ms @ http://localhost:3000/_next/static/chunks/node_modules_next_dist_1e8vcs8._.js:776
[   79726ms] [LOG] [Fast Refresh] done in 4ms @ http://localhost:3000/_next/static/chunks/node_modules_next_dist_1e8vcs8._.js:776
[   79775ms] [LOG] [Fast Refresh] done in 4ms @ http://localhost:3000/_next/static/chunks/node_modules_next_dist_1e8vcs8._.js:776
[   79826ms] [LOG] [Fast Refresh] done in 4ms @ http://localhost:3000/_next/static/chunks/node_modules_next_dist_1e8vcs8._.js:776
[   79889ms] [LOG] [Fast Refresh] done in 4ms @ http://localhost:3000/_next/static/chunks/node_modules_next_dist_1e8vcs8._.js:776
[   79956ms] [LOG] [Fast Refresh] done in 4ms @ http://localhost:3000/_next/static/chunks/node_modules_next_dist_1e8vcs8._.js:776
[   80004ms] [LOG] [Fast Refresh] done in 4ms @ http://localhost:3000/_next/static/chunks/node_modules_next_dist_1e8vcs8._.js:776
[   80042ms] [LOG] [Fast Refresh] done in 4ms @ http://localhost:3000/_next/static/chunks/node_modules_next_dist_1e8vcs8._.js:776
[   80080ms] [LOG] [Fast Refresh] done in 4ms @ http://localhost:3000/_next/static/chunks/node_modules_next_dist_1e8vcs8._.js:776
[   80125ms] [LOG] [Fast Refresh] done in 4ms @ http://localhost:3000/_next/static/chunks/node_modules_next_dist_1e8vcs8._.js:776
[   80176ms] [LOG] [Fast Refresh] done in 4ms @ http://localhost:3000/_next/static/chunks/node_modules_next_dist_1e8vcs8._.js:776
[   80227ms] [LOG] [Fast Refresh] done in 4ms @ http://localhost:3000/_next/static/chunks/node_modules_next_dist_1e8vcs8._.js:776
[   80277ms] [LOG] [Fast Refresh] done in 4ms @ http://localhost:3000/_next/static/chunks/node_modules_next_dist_1e8vcs8._.js:776
[   80326ms] [LOG] [Fast Refresh] done in 4ms @ http://localhost:3000/_next/static/chunks/node_modules_next_dist_1e8vcs8._.js:776
[   80376ms] [LOG] [Fast Refresh] done in 4ms @ http://localhost:3000/_next/static/chunks/node_modules_next_dist_1e8vcs8._.js:776
[   80426ms] [LOG] [Fast Refresh] done in 4ms @ http://localhost:3000/_next/static/chunks/node_modules_next_dist_1e8vcs8._.js:776
[   80476ms] [LOG] [Fast Refresh] done in 4ms @ http://localhost:3000/_next/static/chunks/node_modules_next_dist_1e8vcs8._.js:776
[   80526ms] [LOG] [Fast Refresh] done in 4ms @ http://localhost:3000/_next/static/chunks/node_modules_next_dist_1e8vcs8._.js:776
[   80576ms] [LOG] [Fast Refresh] done in 4ms @ http://localhost:3000/_next/static/chunks/node_modules_next_dist_1e8vcs8._.js:776
[   80621ms] [LOG] [Fast Refresh] done in 4ms @ http://localhost:3000/_next/static/chunks/node_modules_next_dist_1e8vcs8._.js:776
[   80675ms] [LOG] [Fast Refresh] done in 4ms @ http://localhost:3000/_next/static/chunks/node_modules_next_dist_1e8vcs8._.js:776
[   80726ms] [LOG] [Fast Refresh] done in 4ms @ http://localhost:3000/_next/static/chunks/node_modules_next_dist_1e8vcs8._.js:776
[   80774ms] [LOG] [Fast Refresh] done in 4ms @ http://localhost:3000/_next/static/chunks/node_modules_next_dist_1e8vcs8._.js:776
[   80825ms] [LOG] [Fast Refresh] done in 4ms @ http://localhost:3000/_next/static/chunks/node_modules_next_dist_1e8vcs8._.js:776
[   80894ms] [LOG] [Fast Refresh] done in 4ms @ http://localhost:3000/_next/static/chunks/node_modules_next_dist_1e8vcs8._.js:776
[   80940ms] [LOG] [Fast Refresh] done in 4ms @ http://localhost:3000/_next/static/chunks/node_modules_next_dist_1e8vcs8._.js:776
[   80989ms] [LOG] [Fast Refresh] done in 4ms @ http://localhost:3000/_next/static/chunks/node_modules_next_dist_1e8vcs8._.js:776
[   81041ms] [LOG] [Fast Refresh] done in 4ms @ http://localhost:3000/_next/static/chunks/node_modules_next_dist_1e8vcs8._.js:776
[   81093ms] [LOG] [Fast Refresh] done in 4ms @ http://localhost:3000/_next/static/chunks/node_modules_next_dist_1e8vcs8._.js:776
[   81143ms] [LOG] [Fast Refresh] done in 4ms @ http://localhost:3000/_next/static/chunks/node_modules_next_dist_1e8vcs8._.js:776
[   81192ms] [LOG] [Fast Refresh] done in 4ms @ http://localhost:3000/_next/static/chunks/node_modules_next_dist_1e8vcs8._.js:776
[   81242ms] [LOG] [Fast Refresh] done in 4ms @ http://localhost:3000/_next/static/chunks/node_modules_next_dist_1e8vcs8._.js:776
[   81292ms] [LOG] [Fast Refresh] done in 4ms @ http://localhost:3000/_next/static/chunks/node_modules_next_dist_1e8vcs8._.js:776
[   81342ms] [LOG] [Fast Refresh] done in 4ms @ http://localhost:3000/_next/static/chunks/node_modules_next_dist_1e8vcs8._.js:776
[   81394ms] [LOG] [Fast Refresh] done in 4ms @ http://localhost:3000/_next/static/chunks/node_modules_next_dist_1e8vcs8._.js:776
[   81442ms] [LOG] [Fast Refresh] done in 4ms @ http://localhost:3000/_next/static/chunks/node_modules_next_dist_1e8vcs8._.js:776
[   81507ms] [LOG] [Fast Refresh] done in 4ms @ http://localhost:3000/_next/static/chunks/node_modules_next_dist_1e8vcs8._.js:776
[   81557ms] [LOG] [Fast Refresh] done in 4ms @ http://localhost:3000/_next/static/chunks/node_modules_next_dist_1e8vcs8._.js:776
[   81610ms] [LOG] [Fast Refresh] done in 4ms @ http://localhost:3000/_next/static/chunks/node_modules_next_dist_1e8vcs8._.js:776
[   81659ms] [LOG] [Fast Refresh] done in 4ms @ http://localhost:3000/_next/static/chunks/node_modules_next_dist_1e8vcs8._.js:776
[   81724ms] [LOG] [Fast Refresh] done in 4ms @ http://localhost:3000/_next/static/chunks/node_modules_next_dist_1e8vcs8._.js:776
[   81774ms] [LOG] [Fast Refresh] done in 4ms @ http://localhost:3000/_next/static/chunks/node_modules_next_dist_1e8vcs8._.js:776
[   81837ms] [LOG] [Fast Refresh] done in 4ms @ http://localhost:3000/_next/static/chunks/node_modules_next_dist_1e8vcs8._.js:776
[   81884ms] [LOG] [Fast Refresh] done in 4ms @ http://localhost:3000/_next/static/chunks/node_modules_next_dist_1e8vcs8._.js:776
[   81933ms] [LOG] [Fast Refresh] done in 4ms @ http://localhost:3000/_next/static/chunks/node_modules_next_dist_1e8vcs8._.js:776
[   81977ms] [LOG] [Fast Refresh] done in 4ms @ http://localhost:3000/_next/static/chunks/node_modules_next_dist_1e8vcs8._.js:776
[   82024ms] [LOG] [Fast Refresh] done in 4ms @ http://localhost:3000/_next/static/chunks/node_modules_next_dist_1e8vcs8._.js:776
[   82075ms] [LOG] [Fast Refresh] done in 4ms @ http://localhost:3000/_next/static/chunks/node_modules_next_dist_1e8vcs8._.js:776
[   82131ms] [LOG] [Fast Refresh] done in 4ms @ http://localhost:3000/_next/static/chunks/node_modules_next_dist_1e8vcs8._.js:776
[   82191ms] [LOG] [Fast Refresh] done in 4ms @ http://localhost:3000/_next/static/chunks/node_modules_next_dist_1e8vcs8._.js:776
[   82243ms] [LOG] [Fast Refresh] done in 4ms @ http://localhost:3000/_next/static/chunks/node_modules_next_dist_1e8vcs8._.js:776
[   82292ms] [LOG] [Fast Refresh] done in 4ms @ http://localhost:3000/_next/static/chunks/node_modules_next_dist_1e8vcs8._.js:776
[   82342ms] [LOG] [Fast Refresh] done in 4ms @ http://localhost:3000/_next/static/chunks/node_modules_next_dist_1e8vcs8._.js:776
[   82392ms] [LOG] [Fast Refresh] done in 4ms @ http://localhost:3000/_next/static/chunks/node_modules_next_dist_1e8vcs8._.js:776
[   82441ms] [LOG] [Fast Refresh] done in 4ms @ http://localhost:3000/_next/static/chunks/node_modules_next_dist_1e8vcs8._.js:776
[   82493ms] [LOG] [Fast Refresh] done in 4ms @ http://localhost:3000/_next/static/chunks/node_modules_next_dist_1e8vcs8._.js:776
[   82541ms] [LOG] [Fast Refresh] done in 4ms @ http://localhost:3000/_next/static/chunks/node_modules_next_dist_1e8vcs8._.js:776
[   82593ms] [LOG] [Fast Refresh] done in 4ms @ http://localhost:3000/_next/static/chunks/node_modules_next_dist_1e8vcs8._.js:776
[   82642ms] [LOG] [Fast Refresh] done in 4ms @ http://localhost:3000/_next/static/chunks/node_modules_next_dist_1e8vcs8._.js:776
[   82691ms] [LOG] [Fast Refresh] done in 4ms @ http://localhost:3000/_next/static/chunks/node_modules_next_dist_1e8vcs8._.js:776
[   82741ms] [LOG] [Fast Refresh] done in 4ms @ http://localhost:3000/_next/static/chunks/node_modules_next_dist_1e8vcs8._.js:776
[   82792ms] [LOG] [Fast Refresh] done in 4ms @ http://localhost:3000/_next/static/chunks/node_modules_next_dist_1e8vcs8._.js:776
[   82841ms] [LOG] [Fast Refresh] done in 4ms @ http://localhost:3000/_next/static/chunks/node_modules_next_dist_1e8vcs8._.js:776
[   82892ms] [LOG] [Fast Refresh] done in 4ms @ http://localhost:3000/_next/static/chunks/node_modules_next_dist_1e8vcs8._.js:776
[   82929ms] [LOG] [Fast Refresh] done in 4ms @ http://localhost:3000/_next/static/chunks/node_modules_next_dist_1e8vcs8._.js:776
[   82975ms] [LOG] [Fast Refresh] done in 4ms @ http://localhost:3000/_next/static/chunks/node_modules_next_dist_1e8vcs8._.js:776
[   83025ms] [LOG] [Fast Refresh] done in 4ms @ http://localhost:3000/_next/static/chunks/node_modules_next_dist_1e8vcs8._.js:776
[   83077ms] [LOG] [Fast Refresh] done in 4ms @ http://localhost:3000/_next/static/chunks/node_modules_next_dist_1e8vcs8._.js:776
[   83125ms] [LOG] [Fast Refresh] done in 4ms @ http://localhost:3000/_next/static/chunks/node_modules_next_dist_1e8vcs8._.js:776
[   83174ms] [LOG] [Fast Refresh] done in 4ms @ http://localhost:3000/_next/static/chunks/node_modules_next_dist_1e8vcs8._.js:776
[   83225ms] [LOG] [Fast Refresh] done in 4ms @ http://localhost:3000/_next/static/chunks/node_modules_next_dist_1e8vcs8._.js:776
[   83276ms] [LOG] [Fast Refresh] done in 4ms @ http://localhost:3000/_next/static/chunks/node_modules_next_dist_1e8vcs8._.js:776
[   83326ms] [LOG] [Fast Refresh] done in 4ms @ http://localhost:3000/_next/static/chunks/node_modules_next_dist_1e8vcs8._.js:776
[   83375ms] [LOG] [Fast Refresh] done in 4ms @ http://localhost:3000/_next/static/chunks/node_modules_next_dist_1e8vcs8._.js:776
[   83424ms] [LOG] [Fast Refresh] done in 4ms @ http://localhost:3000/_next/static/chunks/node_modules_next_dist_1e8vcs8._.js:776
[   83475ms] [LOG] [Fast Refresh] done in 4ms @ http://localhost:3000/_next/static/chunks/node_modules_next_dist_1e8vcs8._.js:776
[   83526ms] [LOG] [Fast Refresh] done in 4ms @ http://localhost:3000/_next/static/chunks/node_modules_next_dist_1e8vcs8._.js:776
[   83576ms] [LOG] [Fast Refresh] done in 4ms @ http://localhost:3000/_next/static/chunks/node_modules_next_dist_1e8vcs8._.js:776
[   83626ms] [LOG] [Fast Refresh] done in 4ms @ http://localhost:3000/_next/static/chunks/node_modules_next_dist_1e8vcs8._.js:776
[   83676ms] [LOG] [Fast Refresh] done in 4ms @ http://localhost:3000/_next/static/chunks/node_modules_next_dist_1e8vcs8._.js:776
[   83742ms] [LOG] [Fast Refresh] done in 4ms @ http://localhost:3000/_next/static/chunks/node_modules_next_dist_1e8vcs8._.js:776
[   83796ms] [LOG] [Fast Refresh] done in 4ms @ http://localhost:3000/_next/static/chunks/node_modules_next_dist_1e8vcs8._.js:776
[   83842ms] [LOG] [Fast Refresh] done in 4ms @ http://localhost:3000/_next/static/chunks/node_modules_next_dist_1e8vcs8._.js:776
[   83891ms] [LOG] [Fast Refresh] done in 4ms @ http://localhost:3000/_next/static/chunks/node_modules_next_dist_1e8vcs8._.js:776
[   83942ms] [LOG] [Fast Refresh] done in 4ms @ http://localhost:3000/_next/static/chunks/node_modules_next_dist_1e8vcs8._.js:776
[   83990ms] [LOG] [Fast Refresh] done in 4ms @ http://localhost:3000/_next/static/chunks/node_modules_next_dist_1e8vcs8._.js:776
[   84040ms] [LOG] [Fast Refresh] done in 4ms @ http://localhost:3000/_next/static/chunks/node_modules_next_dist_1e8vcs8._.js:776
[   84091ms] [LOG] [Fast Refresh] done in 4ms @ http://localhost:3000/_next/static/chunks/node_modules_next_dist_1e8vcs8._.js:776
[   84143ms] [LOG] [Fast Refresh] done in 4ms @ http://localhost:3000/_next/static/chunks/node_modules_next_dist_1e8vcs8._.js:776
[   84193ms] [LOG] [Fast Refresh] done in 4ms @ http://localhost:3000/_next/static/chunks/node_modules_next_dist_1e8vcs8._.js:776
[   84241ms] [LOG] [Fast Refresh] done in 4ms @ http://localhost:3000/_next/static/chunks/node_modules_next_dist_1e8vcs8._.js:776
[   84292ms] [LOG] [Fast Refresh] done in 4ms @ http://localhost:3000/_next/static/chunks/node_modules_next_dist_1e8vcs8._.js:776
[   84344ms] [LOG] [Fast Refresh] done in 4ms @ http://localhost:3000/_next/static/chunks/node_modules_next_dist_1e8vcs8._.js:776
[   84391ms] [LOG] [Fast Refresh] done in 4ms @ http://localhost:3000/_next/static/chunks/node_modules_next_dist_1e8vcs8._.js:776
[   84446ms] [LOG] [Fast Refresh] done in 4ms @ http://localhost:3000/_next/static/chunks/node_modules_next_dist_1e8vcs8._.js:776
[   84494ms] [LOG] [Fast Refresh] done in 4ms @ http://localhost:3000/_next/static/chunks/node_modules_next_dist_1e8vcs8._.js:776
[   84545ms] [LOG] [Fast Refresh] done in 4ms @ http://localhost:3000/_next/static/chunks/node_modules_next_dist_1e8vcs8._.js:776
[   84594ms] [LOG] [Fast Refresh] done in 4ms @ http://localhost:3000/_next/static/chunks/node_modules_next_dist_1e8vcs8._.js:776
[   84641ms] [LOG] [Fast Refresh] done in 4ms @ http://localhost:3000/_next/static/chunks/node_modules_next_dist_1e8vcs8._.js:776
[   84692ms] [LOG] [Fast Refresh] done in 4ms @ http://localhost:3000/_next/static/chunks/node_modules_next_dist_1e8vcs8._.js:776
[   84742ms] [LOG] [Fast Refresh] done in 4ms @ http://localhost:3000/_next/static/chunks/node_modules_next_dist_1e8vcs8._.js:776
[   84792ms] [LOG] [Fast Refresh] done in 4ms @ http://localhost:3000/_next/static/chunks/node_modules_next_dist_1e8vcs8._.js:776
[   84842ms] [LOG] [Fast Refresh] done in 4ms @ http://localhost:3000/_next/static/chunks/node_modules_next_dist_1e8vcs8._.js:776
[   84892ms] [LOG] [Fast Refresh] done in 4ms @ http://localhost:3000/_next/static/chunks/node_modules_next_dist_1e8vcs8._.js:776
[   84944ms] [LOG] [Fast Refresh] done in 4ms @ http://localhost:3000/_next/static/chunks/node_modules_next_dist_1e8vcs8._.js:776
[   85008ms] [LOG] [Fast Refresh] done in 4ms @ http://localhost:3000/_next/static/chunks/node_modules_next_dist_1e8vcs8._.js:776
[   85059ms] [LOG] [Fast Refresh] done in 4ms @ http://localhost:3000/_next/static/chunks/node_modules_next_dist_1e8vcs8._.js:776
[   85119ms] [LOG] [Fast Refresh] done in 4ms @ http://localhost:3000/_next/static/chunks/node_modules_next_dist_1e8vcs8._.js:776
[   85158ms] [LOG] [Fast Refresh] done in 4ms @ http://localhost:3000/_next/static/chunks/node_modules_next_dist_1e8vcs8._.js:776
[   85197ms] [LOG] [Fast Refresh] done in 4ms @ http://localhost:3000/_next/static/chunks/node_modules_next_dist_1e8vcs8._.js:776
[   85240ms] [LOG] [Fast Refresh] done in 4ms @ http://localhost:3000/_next/static/chunks/node_modules_next_dist_1e8vcs8._.js:776
[   85280ms] [LOG] [Fast Refresh] done in 4ms @ http://localhost:3000/_next/static/chunks/node_modules_next_dist_1e8vcs8._.js:776
[   85326ms] [LOG] [Fast Refresh] done in 4ms @ http://localhost:3000/_next/static/chunks/node_modules_next_dist_1e8vcs8._.js:776
[   85364ms] [LOG] [Fast Refresh] done in 4ms @ http://localhost:3000/_next/static/chunks/node_modules_next_dist_1e8vcs8._.js:776
[   85407ms] [LOG] [Fast Refresh] done in 4ms @ http://localhost:3000/_next/static/chunks/node_modules_next_dist_1e8vcs8._.js:776
[   85443ms] [LOG] [Fast Refresh] done in 4ms @ http://localhost:3000/_next/static/chunks/node_modules_next_dist_1e8vcs8._.js:776
[   85483ms] [LOG] [Fast Refresh] done in 4ms @ http://localhost:3000/_next/static/chunks/node_modules_next_dist_1e8vcs8._.js:776
[   85523ms] [LOG] [Fast Refresh] done in 4ms @ http://localhost:3000/_next/static/chunks/node_modules_next_dist_1e8vcs8._.js:776
[   85561ms] [LOG] [Fast Refresh] done in 4ms @ http://localhost:3000/_next/static/chunks/node_modules_next_dist_1e8vcs8._.js:776
[   85614ms] [LOG] [Fast Refresh] done in 4ms @ http://localhost:3000/_next/static/chunks/node_modules_next_dist_1e8vcs8._.js:776
[   85655ms] [LOG] [Fast Refresh] done in 4ms @ http://localhost:3000/_next/static/chunks/node_modules_next_dist_1e8vcs8._.js:776
[   85692ms] [LOG] [Fast Refresh] done in 4ms @ http://localhost:3000/_next/static/chunks/node_modules_next_dist_1e8vcs8._.js:776
[   85741ms] [LOG] [Fast Refresh] done in 4ms @ http://localhost:3000/_next/static/chunks/node_modules_next_dist_1e8vcs8._.js:776
[   85793ms] [LOG] [Fast Refresh] done in 4ms @ http://localhost:3000/_next/static/chunks/node_modules_next_dist_1e8vcs8._.js:776
[   85842ms] [LOG] [Fast Refresh] done in 4ms @ http://localhost:3000/_next/static/chunks/node_modules_next_dist_1e8vcs8._.js:776
[   85889ms] [LOG] [Fast Refresh] done in 4ms @ http://localhost:3000/_next/static/chunks/node_modules_next_dist_1e8vcs8._.js:776
[   85951ms] [LOG] [Fast Refresh] done in 4ms @ http://localhost:3000/_next/static/chunks/node_modules_next_dist_1e8vcs8._.js:776
[   86002ms] [LOG] [Fast Refresh] done in 4ms @ http://localhost:3000/_next/static/chunks/node_modules_next_dist_1e8vcs8._.js:776
[   86056ms] [LOG] [Fast Refresh] done in 4ms @ http://localhost:3000/_next/static/chunks/node_modules_next_dist_1e8vcs8._.js:776
[   86108ms] [LOG] [Fast Refresh] done in 4ms @ http://localhost:3000/_next/static/chunks/node_modules_next_dist_1e8vcs8._.js:776
[   86157ms] [LOG] [Fast Refresh] done in 4ms @ http://localhost:3000/_next/static/chunks/node_modules_next_dist_1e8vcs8._.js:776
[   86209ms] [LOG] [Fast Refresh] done in 4ms @ http://localhost:3000/_next/static/chunks/node_modules_next_dist_1e8vcs8._.js:776
[   86309ms] [LOG] [Fast Refresh] rebuilding @ http://localhost:3000/_next/static/chunks/node_modules_next_dist_1e8vcs8._.js:776
[   86365ms] [LOG] [Fast Refresh] done in 4ms @ http://localhost:3000/_next/static/chunks/node_modules_next_dist_1e8vcs8._.js:776
[   86425ms] [LOG] [Fast Refresh] done in 4ms @ http://localhost:3000/_next/static/chunks/node_modules_next_dist_1e8vcs8._.js:776
[   86473ms] [LOG] [Fast Refresh] done in 4ms @ http://localhost:3000/_next/static/chunks/node_modules_next_dist_1e8vcs8._.js:776
[   86517ms] [LOG] [Fast Refresh] done in 4ms @ http://localhost:3000/_next/static/chunks/node_modules_next_dist_1e8vcs8._.js:776
[   86558ms] [LOG] [Fast Refresh] done in 4ms @ http://localhost:3000/_next/static/chunks/node_modules_next_dist_1e8vcs8._.js:776
[   86606ms] [LOG] [Fast Refresh] done in 4ms @ http://localhost:3000/_next/static/chunks/node_modules_next_dist_1e8vcs8._.js:776
[   86656ms] [LOG] [Fast Refresh] done in 4ms @ http://localhost:3000/_next/static/chunks/node_modules_next_dist_1e8vcs8._.js:776
[   86704ms] [LOG] [Fast Refresh] done in 4ms @ http://localhost:3000/_next/static/chunks/node_modules_next_dist_1e8vcs8._.js:776
[   86753ms] [LOG] [Fast Refresh] done in 4ms @ http://localhost:3000/_next/static/chunks/node_modules_next_dist_1e8vcs8._.js:776
[   86816ms] [LOG] [Fast Refresh] done in 4ms @ http://localhost:3000/_next/static/chunks/node_modules_next_dist_1e8vcs8._.js:776
[   86880ms] [LOG] [Fast Refresh] done in 4ms @ http://localhost:3000/_next/static/chunks/node_modules_next_dist_1e8vcs8._.js:776
[   86943ms] [LOG] [Fast Refresh] done in 4ms @ http://localhost:3000/_next/static/chunks/node_modules_next_dist_1e8vcs8._.js:776
[   86990ms] [LOG] [Fast Refresh] done in 4ms @ http://localhost:3000/_next/static/chunks/node_modules_next_dist_1e8vcs8._.js:776
[   87053ms] [LOG] [Fast Refresh] done in 4ms @ http://localhost:3000/_next/static/chunks/node_modules_next_dist_1e8vcs8._.js:776
[   87107ms] [LOG] [Fast Refresh] done in 4ms @ http://localhost:3000/_next/static/chunks/node_modules_next_dist_1e8vcs8._.js:776
[   87157ms] [LOG] [Fast Refresh] done in 4ms @ http://localhost:3000/_next/static/chunks/node_modules_next_dist_1e8vcs8._.js:776
[   87206ms] [LOG] [Fast Refresh] done in 4ms @ http://localhost:3000/_next/static/chunks/node_modules_next_dist_1e8vcs8._.js:776
[   87258ms] [LOG] [Fast Refresh] done in 4ms @ http://localhost:3000/_next/static/chunks/node_modules_next_dist_1e8vcs8._.js:776
[   87321ms] [LOG] [Fast Refresh] done in 4ms @ http://localhost:3000/_next/static/chunks/node_modules_next_dist_1e8vcs8._.js:776
[   87369ms] [LOG] [Fast Refresh] done in 4ms @ http://localhost:3000/_next/static/chunks/node_modules_next_dist_1e8vcs8._.js:776
[   87417ms] [LOG] [Fast Refresh] done in 4ms @ http://localhost:3000/_next/static/chunks/node_modules_next_dist_1e8vcs8._.js:776
[   87465ms] [LOG] [Fast Refresh] done in 4ms @ http://localhost:3000/_next/static/chunks/node_modules_next_dist_1e8vcs8._.js:776
[   87513ms] [LOG] [Fast Refresh] done in 4ms @ http://localhost:3000/_next/static/chunks/node_modules_next_dist_1e8vcs8._.js:776
[   87576ms] [LOG] [Fast Refresh] done in 4ms @ http://localhost:3000/_next/static/chunks/node_modules_next_dist_1e8vcs8._.js:776
[   87626ms] [LOG] [Fast Refresh] done in 4ms @ http://localhost:3000/_next/static/chunks/node_modules_next_dist_1e8vcs8._.js:776
[   87674ms] [LOG] [Fast Refresh] done in 4ms @ http://localhost:3000/_next/static/chunks/node_modules_next_dist_1e8vcs8._.js:776
[   87726ms] [LOG] [Fast Refresh] done in 4ms @ http://localhost:3000/_next/static/chunks/node_modules_next_dist_1e8vcs8._.js:776
[   87774ms] [LOG] [Fast Refresh] done in 4ms @ http://localhost:3000/_next/static/chunks/node_modules_next_dist_1e8vcs8._.js:776
[   87825ms] [LOG] [Fast Refresh] done in 4ms @ http://localhost:3000/_next/static/chunks/node_modules_next_dist_1e8vcs8._.js:776
[   87874ms] [LOG] [Fast Refresh] done in 4ms @ http://localhost:3000/_next/static/chunks/node_modules_next_dist_1e8vcs8._.js:776
[   87926ms] [LOG] [Fast Refresh] done in 4ms @ http://localhost:3000/_next/static/chunks/node_modules_next_dist_1e8vcs8._.js:776
[   87976ms] [LOG] [Fast Refresh] done in 4ms @ http://localhost:3000/_next/static/chunks/node_modules_next_dist_1e8vcs8._.js:776
[   88017ms] [LOG] [Fast Refresh] done in 4ms @ http://localhost:3000/_next/static/chunks/node_modules_next_dist_1e8vcs8._.js:776
[   88055ms] [LOG] [Fast Refresh] done in 4ms @ http://localhost:3000/_next/static/chunks/node_modules_next_dist_1e8vcs8._.js:776
[   88108ms] [LOG] [Fast Refresh] done in 4ms @ http://localhost:3000/_next/static/chunks/node_modules_next_dist_1e8vcs8._.js:776
[   88159ms] [LOG] [Fast Refresh] done in 4ms @ http://localhost:3000/_next/static/chunks/node_modules_next_dist_1e8vcs8._.js:776
[   88206ms] [LOG] [Fast Refresh] done in 4ms @ http://localhost:3000/_next/static/chunks/node_modules_next_dist_1e8vcs8._.js:776
[   88258ms] [LOG] [Fast Refresh] done in 4ms @ http://localhost:3000/_next/static/chunks/node_modules_next_dist_1e8vcs8._.js:776
[   88306ms] [LOG] [Fast Refresh] done in 4ms @ http://localhost:3000/_next/static/chunks/node_modules_next_dist_1e8vcs8._.js:776
[   88370ms] [LOG] [Fast Refresh] done in 4ms @ http://localhost:3000/_next/static/chunks/node_modules_next_dist_1e8vcs8._.js:776
[   88418ms] [LOG] [Fast Refresh] done in 4ms @ http://localhost:3000/_next/static/chunks/node_modules_next_dist_1e8vcs8._.js:776
[   88481ms] [LOG] [Fast Refresh] done in 4ms @ http://localhost:3000/_next/static/chunks/node_modules_next_dist_1e8vcs8._.js:776
[   88544ms] [LOG] [Fast Refresh] done in 4ms @ http://localhost:3000/_next/static/chunks/node_modules_next_dist_1e8vcs8._.js:776
[   88607ms] [LOG] [Fast Refresh] done in 4ms @ http://localhost:3000/_next/static/chunks/node_modules_next_dist_1e8vcs8._.js:776
[   88658ms] [LOG] [Fast Refresh] done in 4ms @ http://localhost:3000/_next/static/chunks/node_modules_next_dist_1e8vcs8._.js:776
[   88707ms] [LOG] [Fast Refresh] done in 4ms @ http://localhost:3000/_next/static/chunks/node_modules_next_dist_1e8vcs8._.js:776
[   88759ms] [LOG] [Fast Refresh] done in 4ms @ http://localhost:3000/_next/static/chunks/node_modules_next_dist_1e8vcs8._.js:776
[   88807ms] [LOG] [Fast Refresh] done in 4ms @ http://localhost:3000/_next/static/chunks/node_modules_next_dist_1e8vcs8._.js:776
[   88848ms] [LOG] [Fast Refresh] done in 4ms @ http://localhost:3000/_next/static/chunks/node_modules_next_dist_1e8vcs8._.js:776
[   88885ms] [LOG] [Fast Refresh] done in 4ms @ http://localhost:3000/_next/static/chunks/node_modules_next_dist_1e8vcs8._.js:776
[   88921ms] [LOG] [Fast Refresh] done in 4ms @ http://localhost:3000/_next/static/chunks/node_modules_next_dist_1e8vcs8._.js:776
[   88961ms] [LOG] [Fast Refresh] done in 4ms @ http://localhost:3000/_next/static/chunks/node_modules_next_dist_1e8vcs8._.js:776
[   88998ms] [LOG] [Fast Refresh] done in 4ms @ http://localhost:3000/_next/static/chunks/node_modules_next_dist_1e8vcs8._.js:776
[   89038ms] [LOG] [Fast Refresh] done in 4ms @ http://localhost:3000/_next/static/chunks/node_modules_next_dist_1e8vcs8._.js:776
[   89075ms] [LOG] [Fast Refresh] done in 4ms @ http://localhost:3000/_next/static/chunks/node_modules_next_dist_1e8vcs8._.js:776
[   89117ms] [LOG] [Fast Refresh] done in 4ms @ http://localhost:3000/_next/static/chunks/node_modules_next_dist_1e8vcs8._.js:776
[   89154ms] [LOG] [Fast Refresh] done in 4ms @ http://localhost:3000/_next/static/chunks/node_modules_next_dist_1e8vcs8._.js:776
[   89191ms] [LOG] [Fast Refresh] done in 4ms @ http://localhost:3000/_next/static/chunks/node_modules_next_dist_1e8vcs8._.js:776
[   89244ms] [LOG] [Fast Refresh] done in 4ms @ http://localhost:3000/_next/static/chunks/node_modules_next_dist_1e8vcs8._.js:776
[   89293ms] [LOG] [Fast Refresh] done in 4ms @ http://localhost:3000/_next/static/chunks/node_modules_next_dist_1e8vcs8._.js:776
[   89343ms] [LOG] [Fast Refresh] done in 4ms @ http://localhost:3000/_next/static/chunks/node_modules_next_dist_1e8vcs8._.js:776
[   89360ms] [WARNING] The resource http://localhost:3000/_next/static/media/797e433ab948586e-s.p.0r6juujl39pe6.woff2 was preloaded using link preload but not used within a few seconds from the window's load event. Please make sure it has an appropriate `as` value and it is preloaded intentionally. @ http://localhost:3000/:0
[   89360ms] [WARNING] The resource http://localhost:3000/_next/static/media/caa3a2e1cccd8315-s.p.0wgildi0cnwt9.woff2 was preloaded using link preload but not used within a few seconds from the window's load event. Please make sure it has an appropriate `as` value and it is preloaded intentionally. @ http://localhost:3000/:0
[   89409ms] [LOG] [Fast Refresh] done in 4ms @ http://localhost:3000/_next/static/chunks/node_modules_next_dist_1e8vcs8._.js:776
[   89449ms] [LOG] [Fast Refresh] done in 4ms @ http://localhost:3000/_next/static/chunks/node_modules_next_dist_1e8vcs8._.js:776
[   89491ms] [LOG] [Fast Refresh] done in 4ms @ http://localhost:3000/_next/static/chunks/node_modules_next_dist_1e8vcs8._.js:776
[   89539ms] [LOG] [Fast Refresh] done in 4ms @ http://localhost:3000/_next/static/chunks/node_modules_next_dist_1e8vcs8._.js:776
[   89579ms] [LOG] [Fast Refresh] done in 4ms @ http://localhost:3000/_next/static/chunks/node_modules_next_dist_1e8vcs8._.js:776
[   89627ms] [LOG] [Fast Refresh] done in 4ms @ http://localhost:3000/_next/static/chunks/node_modules_next_dist_1e8vcs8._.js:776
[   89674ms] [LOG] [Fast Refresh] done in 4ms @ http://localhost:3000/_next/static/chunks/node_modules_next_dist_1e8vcs8._.js:776
[   89725ms] [LOG] [Fast Refresh] done in 4ms @ http://localhost:3000/_next/static/chunks/node_modules_next_dist_1e8vcs8._.js:776
[   89777ms] [LOG] [Fast Refresh] done in 4ms @ http://localhost:3000/_next/static/chunks/node_modules_next_dist_1e8vcs8._.js:776
[   89843ms] [LOG] [Fast Refresh] done in 4ms @ http://localhost:3000/_next/static/chunks/node_modules_next_dist_1e8vcs8._.js:776
[   89892ms] [LOG] [Fast Refresh] done in 4ms @ http://localhost:3000/_next/static/chunks/node_modules_next_dist_1e8vcs8._.js:776
[   89942ms] [LOG] [Fast Refresh] done in 4ms @ http://localhost:3000/_next/static/chunks/node_modules_next_dist_1e8vcs8._.js:776
[   89992ms] [LOG] [Fast Refresh] done in 4ms @ http://localhost:3000/_next/static/chunks/node_modules_next_dist_1e8vcs8._.js:776
[   90042ms] [LOG] [Fast Refresh] done in 4ms @ http://localhost:3000/_next/static/chunks/node_modules_next_dist_1e8vcs8._.js:776
[   90092ms] [LOG] [Fast Refresh] done in 4ms @ http://localhost:3000/_next/static/chunks/node_modules_next_dist_1e8vcs8._.js:776
[   90142ms] [LOG] [Fast Refresh] done in 4ms @ http://localhost:3000/_next/static/chunks/node_modules_next_dist_1e8vcs8._.js:776
[   90193ms] [LOG] [Fast Refresh] done in 4ms @ http://localhost:3000/_next/static/chunks/node_modules_next_dist_1e8vcs8._.js:776
[   90257ms] [LOG] [Fast Refresh] done in 4ms @ http://localhost:3000/_next/static/chunks/node_modules_next_dist_1e8vcs8._.js:776
[   90306ms] [LOG] [Fast Refresh] done in 4ms @ http://localhost:3000/_next/static/chunks/node_modules_next_dist_1e8vcs8._.js:776
[   90360ms] [LOG] [Fast Refresh] done in 4ms @ http://localhost:3000/_next/static/chunks/node_modules_next_dist_1e8vcs8._.js:776
[   90409ms] [LOG] [Fast Refresh] done in 4ms @ http://localhost:3000/_next/static/chunks/node_modules_next_dist_1e8vcs8._.js:776
[   90460ms] [LOG] [Fast Refresh] done in 4ms @ http://localhost:3000/_next/static/chunks/node_modules_next_dist_1e8vcs8._.js:776
[   90513ms] [LOG] [Fast Refresh] done in 4ms @ http://localhost:3000/_next/static/chunks/node_modules_next_dist_1e8vcs8._.js:776
[   90573ms] [LOG] [Fast Refresh] done in 4ms @ http://localhost:3000/_next/static/chunks/node_modules_next_dist_1e8vcs8._.js:776
[   90635ms] [LOG] [Fast Refresh] done in 4ms @ http://localhost:3000/_next/static/chunks/node_modules_next_dist_1e8vcs8._.js:776
[   90685ms] [LOG] [Fast Refresh] done in 4ms @ http://localhost:3000/_next/static/chunks/node_modules_next_dist_1e8vcs8._.js:776
[   90726ms] [LOG] [Fast Refresh] done in 4ms @ http://localhost:3000/_next/static/chunks/node_modules_next_dist_1e8vcs8._.js:776
[   90790ms] [LOG] [Fast Refresh] done in 4ms @ http://localhost:3000/_next/static/chunks/node_modules_next_dist_1e8vcs8._.js:776
[   90841ms] [LOG] [Fast Refresh] done in 4ms @ http://localhost:3000/_next/static/chunks/node_modules_next_dist_1e8vcs8._.js:776
[   90892ms] [LOG] [Fast Refresh] done in 4ms @ http://localhost:3000/_next/static/chunks/node_modules_next_dist_1e8vcs8._.js:776
[   90955ms] [LOG] [Fast Refresh] done in 4ms @ http://localhost:3000/_next/static/chunks/node_modules_next_dist_1e8vcs8._.js:776
[   91019ms] [LOG] [Fast Refresh] done in 4ms @ http://localhost:3000/_next/static/chunks/node_modules_next_dist_1e8vcs8._.js:776
[   91084ms] [LOG] [Fast Refresh] done in 4ms @ http://localhost:3000/_next/static/chunks/node_modules_next_dist_1e8vcs8._.js:776
[   91157ms] [LOG] [Fast Refresh] done in 4ms @ http://localhost:3000/_next/static/chunks/node_modules_next_dist_1e8vcs8._.js:776
[   91209ms] [LOG] [Fast Refresh] done in 4ms @ http://localhost:3000/_next/static/chunks/node_modules_next_dist_1e8vcs8._.js:776
[   91261ms] [LOG] [Fast Refresh] done in 4ms @ http://localhost:3000/_next/static/chunks/node_modules_next_dist_1e8vcs8._.js:776
[   91311ms] [LOG] [Fast Refresh] done in 4ms @ http://localhost:3000/_next/static/chunks/node_modules_next_dist_1e8vcs8._.js:776
[   91375ms] [LOG] [Fast Refresh] done in 4ms @ http://localhost:3000/_next/static/chunks/node_modules_next_dist_1e8vcs8._.js:776
[   91424ms] [LOG] [Fast Refresh] done in 4ms @ http://localhost:3000/_next/static/chunks/node_modules_next_dist_1e8vcs8._.js:776
[   91473ms] [LOG] [Fast Refresh] done in 4ms @ http://localhost:3000/_next/static/chunks/node_modules_next_dist_1e8vcs8._.js:776
[   91536ms] [LOG] [Fast Refresh] done in 4ms @ http://localhost:3000/_next/static/chunks/node_modules_next_dist_1e8vcs8._.js:776
[   91594ms] [LOG] [Fast Refresh] done in 4ms @ http://localhost:3000/_next/static/chunks/node_modules_next_dist_1e8vcs8._.js:776
[   91656ms] [LOG] [Fast Refresh] done in 4ms @ http://localhost:3000/_next/static/chunks/node_modules_next_dist_1e8vcs8._.js:776
[   91717ms] [LOG] [Fast Refresh] done in 4ms @ http://localhost:3000/_next/static/chunks/node_modules_next_dist_1e8vcs8._.js:776
[   91774ms] [LOG] [Fast Refresh] done in 4ms @ http://localhost:3000/_next/static/chunks/node_modules_next_dist_1e8vcs8._.js:776
[   91825ms] [LOG] [Fast Refresh] done in 4ms @ http://localhost:3000/_next/static/chunks/node_modules_next_dist_1e8vcs8._.js:776
[   91874ms] [LOG] [Fast Refresh] done in 4ms @ http://localhost:3000/_next/static/chunks/node_modules_next_dist_1e8vcs8._.js:776
[   91925ms] [LOG] [Fast Refresh] done in 4ms @ http://localhost:3000/_next/static/chunks/node_modules_next_dist_1e8vcs8._.js:776
[   91973ms] [LOG] [Fast Refresh] done in 4ms @ http://localhost:3000/_next/static/chunks/node_modules_next_dist_1e8vcs8._.js:776
[   92042ms] [LOG] [Fast Refresh] done in 4ms @ http://localhost:3000/_next/static/chunks/node_modules_next_dist_1e8vcs8._.js:776
[   92090ms] [LOG] [Fast Refresh] done in 4ms @ http://localhost:3000/_next/static/chunks/node_modules_next_dist_1e8vcs8._.js:776
[   92141ms] [LOG] [Fast Refresh] done in 4ms @ http://localhost:3000/_next/static/chunks/node_modules_next_dist_1e8vcs8._.js:776
[   92192ms] [LOG] [Fast Refresh] done in 4ms @ http://localhost:3000/_next/static/chunks/node_modules_next_dist_1e8vcs8._.js:776
[   92240ms] [LOG] [Fast Refresh] done in 4ms @ http://localhost:3000/_next/static/chunks/node_modules_next_dist_1e8vcs8._.js:776
[   92291ms] [LOG] [Fast Refresh] done in 4ms @ http://localhost:3000/_next/static/chunks/node_modules_next_dist_1e8vcs8._.js:776
[   92342ms] [LOG] [Fast Refresh] done in 4ms @ http://localhost:3000/_next/static/chunks/node_modules_next_dist_1e8vcs8._.js:776
[   92397ms] [LOG] [Fast Refresh] done in 4ms @ http://localhost:3000/_next/static/chunks/node_modules_next_dist_1e8vcs8._.js:776
[   92442ms] [LOG] [Fast Refresh] done in 4ms @ http://localhost:3000/_next/static/chunks/node_modules_next_dist_1e8vcs8._.js:776
[   92492ms] [LOG] [Fast Refresh] done in 4ms @ http://localhost:3000/_next/static/chunks/node_modules_next_dist_1e8vcs8._.js:776
[   92542ms] [LOG] [Fast Refresh] done in 4ms @ http://localhost:3000/_next/static/chunks/node_modules_next_dist_1e8vcs8._.js:776
[   92596ms] [LOG] [Fast Refresh] done in 4ms @ http://localhost:3000/_next/static/chunks/node_modules_next_dist_1e8vcs8._.js:776
[   92646ms] [LOG] [Fast Refresh] done in 4ms @ http://localhost:3000/_next/static/chunks/node_modules_next_dist_1e8vcs8._.js:776
[   92692ms] [LOG] [Fast Refresh] done in 4ms @ http://localhost:3000/_next/static/chunks/node_modules_next_dist_1e8vcs8._.js:776
[   92741ms] [LOG] [Fast Refresh] done in 4ms @ http://localhost:3000/_next/static/chunks/node_modules_next_dist_1e8vcs8._.js:776
[   92791ms] [LOG] [Fast Refresh] done in 4ms @ http://localhost:3000/_next/static/chunks/node_modules_next_dist_1e8vcs8._.js:776
[   92840ms] [LOG] [Fast Refresh] done in 4ms @ http://localhost:3000/_next/static/chunks/node_modules_next_dist_1e8vcs8._.js:776
[   92892ms] [LOG] [Fast Refresh] done in 4ms @ http://localhost:3000/_next/static/chunks/node_modules_next_dist_1e8vcs8._.js:776
[   92944ms] [LOG] [Fast Refresh] done in 4ms @ http://localhost:3000/_next/static/chunks/node_modules_next_dist_1e8vcs8._.js:776
[   93008ms] [LOG] [Fast Refresh] done in 4ms @ http://localhost:3000/_next/static/chunks/node_modules_next_dist_1e8vcs8._.js:776
[   93058ms] [LOG] [Fast Refresh] done in 4ms @ http://localhost:3000/_next/static/chunks/node_modules_next_dist_1e8vcs8._.js:776
[   93108ms] [LOG] [Fast Refresh] done in 4ms @ http://localhost:3000/_next/static/chunks/node_modules_next_dist_1e8vcs8._.js:776
[   93158ms] [LOG] [Fast Refresh] done in 4ms @ http://localhost:3000/_next/static/chunks/node_modules_next_dist_1e8vcs8._.js:776
[   93208ms] [LOG] [Fast Refresh] done in 4ms @ http://localhost:3000/_next/static/chunks/node_modules_next_dist_1e8vcs8._.js:776
[   93258ms] [LOG] [Fast Refresh] done in 4ms @ http://localhost:3000/_next/static/chunks/node_modules_next_dist_1e8vcs8._.js:776
[   93309ms] [LOG] [Fast Refresh] done in 4ms @ http://localhost:3000/_next/static/chunks/node_modules_next_dist_1e8vcs8._.js:776
[   93362ms] [LOG] [Fast Refresh] done in 4ms @ http://localhost:3000/_next/static/chunks/node_modules_next_dist_1e8vcs8._.js:776
[   93425ms] [LOG] [Fast Refresh] done in 4ms @ http://localhost:3000/_next/static/chunks/node_modules_next_dist_1e8vcs8._.js:776
[   93473ms] [LOG] [Fast Refresh] done in 4ms @ http://localhost:3000/_next/static/chunks/node_modules_next_dist_1e8vcs8._.js:776
[   93596ms] [LOG] [Fast Refresh] rebuilding @ http://localhost:3000/_next/static/chunks/node_modules_next_dist_1e8vcs8._.js:776
[   93653ms] [LOG] [Fast Refresh] done in 8ms @ http://localhost:3000/_next/static/chunks/node_modules_next_dist_1e8vcs8._.js:776
[   93705ms] [LOG] [Fast Refresh] done in 8ms @ http://localhost:3000/_next/static/chunks/node_modules_next_dist_1e8vcs8._.js:776
[   93759ms] [LOG] [Fast Refresh] done in 8ms @ http://localhost:3000/_next/static/chunks/node_modules_next_dist_1e8vcs8._.js:776
[   93808ms] [LOG] [Fast Refresh] done in 8ms @ http://localhost:3000/_next/static/chunks/node_modules_next_dist_1e8vcs8._.js:776
[   93857ms] [LOG] [Fast Refresh] done in 8ms @ http://localhost:3000/_next/static/chunks/node_modules_next_dist_1e8vcs8._.js:776
[   93906ms] [LOG] [Fast Refresh] done in 8ms @ http://localhost:3000/_next/static/chunks/node_modules_next_dist_1e8vcs8._.js:776
[   93953ms] [LOG] [Fast Refresh] done in 8ms @ http://localhost:3000/_next/static/chunks/node_modules_next_dist_1e8vcs8._.js:776
[   94001ms] [LOG] [Fast Refresh] done in 8ms @ http://localhost:3000/_next/static/chunks/node_modules_next_dist_1e8vcs8._.js:776
[   94065ms] [LOG] [Fast Refresh] done in 8ms @ http://localhost:3000/_next/static/chunks/node_modules_next_dist_1e8vcs8._.js:776
[   94124ms] [LOG] [Fast Refresh] done in 8ms @ http://localhost:3000/_next/static/chunks/node_modules_next_dist_1e8vcs8._.js:776
[   94175ms] [LOG] [Fast Refresh] done in 8ms @ http://localhost:3000/_next/static/chunks/node_modules_next_dist_1e8vcs8._.js:776
[   94226ms] [LOG] [Fast Refresh] done in 8ms @ http://localhost:3000/_next/static/chunks/node_modules_next_dist_1e8vcs8._.js:776
[   94274ms] [LOG] [Fast Refresh] done in 8ms @ http://localhost:3000/_next/static/chunks/node_modules_next_dist_1e8vcs8._.js:776
[   94325ms] [LOG] [Fast Refresh] done in 8ms @ http://localhost:3000/_next/static/chunks/node_modules_next_dist_1e8vcs8._.js:776
[   94375ms] [LOG] [Fast Refresh] done in 8ms @ http://localhost:3000/_next/static/chunks/node_modules_next_dist_1e8vcs8._.js:776
[   94414ms] [LOG] [Fast Refresh] done in 8ms @ http://localhost:3000/_next/static/chunks/node_modules_next_dist_1e8vcs8._.js:776
[   94452ms] [LOG] [Fast Refresh] done in 8ms @ http://localhost:3000/_next/static/chunks/node_modules_next_dist_1e8vcs8._.js:776
[   94493ms] [LOG] [Fast Refresh] done in 8ms @ http://localhost:3000/_next/static/chunks/node_modules_next_dist_1e8vcs8._.js:776
[   94543ms] [LOG] [Fast Refresh] done in 8ms @ http://localhost:3000/_next/static/chunks/node_modules_next_dist_1e8vcs8._.js:776
[   94592ms] [LOG] [Fast Refresh] done in 8ms @ http://localhost:3000/_next/static/chunks/node_modules_next_dist_1e8vcs8._.js:776
[   94642ms] [LOG] [Fast Refresh] done in 8ms @ http://localhost:3000/_next/static/chunks/node_modules_next_dist_1e8vcs8._.js:776
[   94692ms] [LOG] [Fast Refresh] done in 8ms @ http://localhost:3000/_next/static/chunks/node_modules_next_dist_1e8vcs8._.js:776
[   94744ms] [LOG] [Fast Refresh] done in 8ms @ http://localhost:3000/_next/static/chunks/node_modules_next_dist_1e8vcs8._.js:776
[   94793ms] [LOG] [Fast Refresh] done in 8ms @ http://localhost:3000/_next/static/chunks/node_modules_next_dist_1e8vcs8._.js:776
[   94845ms] [LOG] [Fast Refresh] done in 8ms @ http://localhost:3000/_next/static/chunks/node_modules_next_dist_1e8vcs8._.js:776
[   94894ms] [LOG] [Fast Refresh] done in 8ms @ http://localhost:3000/_next/static/chunks/node_modules_next_dist_1e8vcs8._.js:776
[   94931ms] [LOG] [Fast Refresh] done in 8ms @ http://localhost:3000/_next/static/chunks/node_modules_next_dist_1e8vcs8._.js:776
[   94971ms] [LOG] [Fast Refresh] done in 8ms @ http://localhost:3000/_next/static/chunks/node_modules_next_dist_1e8vcs8._.js:776
[   95009ms] [LOG] [Fast Refresh] done in 8ms @ http://localhost:3000/_next/static/chunks/node_modules_next_dist_1e8vcs8._.js:776
[   95045ms] [LOG] [Fast Refresh] done in 8ms @ http://localhost:3000/_next/static/chunks/node_modules_next_dist_1e8vcs8._.js:776
[   95083ms] [LOG] [Fast Refresh] done in 8ms @ http://localhost:3000/_next/static/chunks/node_modules_next_dist_1e8vcs8._.js:776
[   95126ms] [LOG] [Fast Refresh] done in 8ms @ http://localhost:3000/_next/static/chunks/node_modules_next_dist_1e8vcs8._.js:776
[   95167ms] [LOG] [Fast Refresh] done in 8ms @ http://localhost:3000/_next/static/chunks/node_modules_next_dist_1e8vcs8._.js:776
[   95208ms] [LOG] [Fast Refresh] done in 8ms @ http://localhost:3000/_next/static/chunks/node_modules_next_dist_1e8vcs8._.js:776
[   95259ms] [LOG] [Fast Refresh] done in 8ms @ http://localhost:3000/_next/static/chunks/node_modules_next_dist_1e8vcs8._.js:776
[   95307ms] [LOG] [Fast Refresh] done in 8ms @ http://localhost:3000/_next/static/chunks/node_modules_next_dist_1e8vcs8._.js:776
[   95355ms] [LOG] [Fast Refresh] done in 8ms @ http://localhost:3000/_next/static/chunks/node_modules_next_dist_1e8vcs8._.js:776
[   95403ms] [LOG] [Fast Refresh] done in 8ms @ http://localhost:3000/_next/static/chunks/node_modules_next_dist_1e8vcs8._.js:776
[   95452ms] [LOG] [Fast Refresh] done in 8ms @ http://localhost:3000/_next/static/chunks/node_modules_next_dist_1e8vcs8._.js:776
[   95500ms] [LOG] [Fast Refresh] done in 8ms @ http://localhost:3000/_next/static/chunks/node_modules_next_dist_1e8vcs8._.js:776
[   95547ms] [LOG] [Fast Refresh] done in 8ms @ http://localhost:3000/_next/static/chunks/node_modules_next_dist_1e8vcs8._.js:776
[   95608ms] [LOG] [Fast Refresh] done in 8ms @ http://localhost:3000/_next/static/chunks/node_modules_next_dist_1e8vcs8._.js:776
[   95658ms] [LOG] [Fast Refresh] done in 8ms @ http://localhost:3000/_next/static/chunks/node_modules_next_dist_1e8vcs8._.js:776
[   95708ms] [LOG] [Fast Refresh] done in 8ms @ http://localhost:3000/_next/static/chunks/node_modules_next_dist_1e8vcs8._.js:776
[   95758ms] [LOG] [Fast Refresh] done in 8ms @ http://localhost:3000/_next/static/chunks/node_modules_next_dist_1e8vcs8._.js:776
[   95808ms] [LOG] [Fast Refresh] done in 8ms @ http://localhost:3000/_next/static/chunks/node_modules_next_dist_1e8vcs8._.js:776
[   95859ms] [LOG] [Fast Refresh] done in 8ms @ http://localhost:3000/_next/static/chunks/node_modules_next_dist_1e8vcs8._.js:776
[   95909ms] [LOG] [Fast Refresh] done in 8ms @ http://localhost:3000/_next/static/chunks/node_modules_next_dist_1e8vcs8._.js:776
[   95958ms] [LOG] [Fast Refresh] done in 8ms @ http://localhost:3000/_next/static/chunks/node_modules_next_dist_1e8vcs8._.js:776
[   96009ms] [LOG] [Fast Refresh] done in 8ms @ http://localhost:3000/_next/static/chunks/node_modules_next_dist_1e8vcs8._.js:776
[   96059ms] [LOG] [Fast Refresh] done in 8ms @ http://localhost:3000/_next/static/chunks/node_modules_next_dist_1e8vcs8._.js:776
[   96107ms] [LOG] [Fast Refresh] done in 8ms @ http://localhost:3000/_next/static/chunks/node_modules_next_dist_1e8vcs8._.js:776
[   96157ms] [LOG] [Fast Refresh] done in 8ms @ http://localhost:3000/_next/static/chunks/node_modules_next_dist_1e8vcs8._.js:776
[   96208ms] [LOG] [Fast Refresh] done in 8ms @ http://localhost:3000/_next/static/chunks/node_modules_next_dist_1e8vcs8._.js:776
[   96258ms] [LOG] [Fast Refresh] done in 8ms @ http://localhost:3000/_next/static/chunks/node_modules_next_dist_1e8vcs8._.js:776
[   96309ms] [LOG] [Fast Refresh] done in 8ms @ http://localhost:3000/_next/static/chunks/node_modules_next_dist_1e8vcs8._.js:776
[   96357ms] [LOG] [Fast Refresh] done in 8ms @ http://localhost:3000/_next/static/chunks/node_modules_next_dist_1e8vcs8._.js:776
[   96407ms] [LOG] [Fast Refresh] done in 8ms @ http://localhost:3000/_next/static/chunks/node_modules_next_dist_1e8vcs8._.js:776
[   96459ms] [LOG] [Fast Refresh] done in 8ms @ http://localhost:3000/_next/static/chunks/node_modules_next_dist_1e8vcs8._.js:776
[   96525ms] [LOG] [Fast Refresh] done in 8ms @ http://localhost:3000/_next/static/chunks/node_modules_next_dist_1e8vcs8._.js:776
[   96576ms] [LOG] [Fast Refresh] done in 8ms @ http://localhost:3000/_next/static/chunks/node_modules_next_dist_1e8vcs8._.js:776
[   96624ms] [LOG] [Fast Refresh] done in 8ms @ http://localhost:3000/_next/static/chunks/node_modules_next_dist_1e8vcs8._.js:776
[   96657ms] [WARNING] The resource http://localhost:3000/_next/static/media/797e433ab948586e-s.p.0r6juujl39pe6.woff2 was preloaded using link preload but not used within a few seconds from the window's load event. Please make sure it has an appropriate `as` value and it is preloaded intentionally. @ http://localhost:3000/:0
[   96657ms] [WARNING] The resource http://localhost:3000/_next/static/media/caa3a2e1cccd8315-s.p.0wgildi0cnwt9.woff2 was preloaded using link preload but not used within a few seconds from the window's load event. Please make sure it has an appropriate `as` value and it is preloaded intentionally. @ http://localhost:3000/:0
[   96675ms] [LOG] [Fast Refresh] done in 8ms @ http://localhost:3000/_next/static/chunks/node_modules_next_dist_1e8vcs8._.js:776
[   96724ms] [LOG] [Fast Refresh] done in 8ms @ http://localhost:3000/_next/static/chunks/node_modules_next_dist_1e8vcs8._.js:776
[   96774ms] [LOG] [Fast Refresh] done in 8ms @ http://localhost:3000/_next/static/chunks/node_modules_next_dist_1e8vcs8._.js:776
[   96824ms] [LOG] [Fast Refresh] done in 8ms @ http://localhost:3000/_next/static/chunks/node_modules_next_dist_1e8vcs8._.js:776
[   96874ms] [LOG] [Fast Refresh] done in 8ms @ http://localhost:3000/_next/static/chunks/node_modules_next_dist_1e8vcs8._.js:776
[   96926ms] [LOG] [Fast Refresh] done in 8ms @ http://localhost:3000/_next/static/chunks/node_modules_next_dist_1e8vcs8._.js:776
[   96976ms] [LOG] [Fast Refresh] done in 8ms @ http://localhost:3000/_next/static/chunks/node_modules_next_dist_1e8vcs8._.js:776
[   97026ms] [LOG] [Fast Refresh] done in 8ms @ http://localhost:3000/_next/static/chunks/node_modules_next_dist_1e8vcs8._.js:776
[   97075ms] [LOG] [Fast Refresh] done in 8ms @ http://localhost:3000/_next/static/chunks/node_modules_next_dist_1e8vcs8._.js:776
[   97125ms] [LOG] [Fast Refresh] done in 8ms @ http://localhost:3000/_next/static/chunks/node_modules_next_dist_1e8vcs8._.js:776
[   97174ms] [LOG] [Fast Refresh] done in 8ms @ http://localhost:3000/_next/static/chunks/node_modules_next_dist_1e8vcs8._.js:776
[   97224ms] [LOG] [Fast Refresh] done in 8ms @ http://localhost:3000/_next/static/chunks/node_modules_next_dist_1e8vcs8._.js:776
[   97275ms] [LOG] [Fast Refresh] done in 8ms @ http://localhost:3000/_next/static/chunks/node_modules_next_dist_1e8vcs8._.js:776
[   97326ms] [LOG] [Fast Refresh] done in 8ms @ http://localhost:3000/_next/static/chunks/node_modules_next_dist_1e8vcs8._.js:776
[   97376ms] [LOG] [Fast Refresh] done in 8ms @ http://localhost:3000/_next/static/chunks/node_modules_next_dist_1e8vcs8._.js:776
[   97426ms] [LOG] [Fast Refresh] done in 8ms @ http://localhost:3000/_next/static/chunks/node_modules_next_dist_1e8vcs8._.js:776
[   97475ms] [LOG] [Fast Refresh] done in 8ms @ http://localhost:3000/_next/static/chunks/node_modules_next_dist_1e8vcs8._.js:776
[   97526ms] [LOG] [Fast Refresh] done in 8ms @ http://localhost:3000/_next/static/chunks/node_modules_next_dist_1e8vcs8._.js:776
[   97574ms] [LOG] [Fast Refresh] done in 8ms @ http://localhost:3000/_next/static/chunks/node_modules_next_dist_1e8vcs8._.js:776
[   97626ms] [LOG] [Fast Refresh] done in 8ms @ http://localhost:3000/_next/static/chunks/node_modules_next_dist_1e8vcs8._.js:776
[   97675ms] [LOG] [Fast Refresh] done in 8ms @ http://localhost:3000/_next/static/chunks/node_modules_next_dist_1e8vcs8._.js:776
[   97742ms] [LOG] [Fast Refresh] done in 8ms @ http://localhost:3000/_next/static/chunks/node_modules_next_dist_1e8vcs8._.js:776
[   97791ms] [LOG] [Fast Refresh] done in 8ms @ http://localhost:3000/_next/static/chunks/node_modules_next_dist_1e8vcs8._.js:776
[   97842ms] [LOG] [Fast Refresh] done in 8ms @ http://localhost:3000/_next/static/chunks/node_modules_next_dist_1e8vcs8._.js:776
[   97891ms] [LOG] [Fast Refresh] done in 8ms @ http://localhost:3000/_next/static/chunks/node_modules_next_dist_1e8vcs8._.js:776
[   97942ms] [LOG] [Fast Refresh] done in 8ms @ http://localhost:3000/_next/static/chunks/node_modules_next_dist_1e8vcs8._.js:776
[   97992ms] [LOG] [Fast Refresh] done in 8ms @ http://localhost:3000/_next/static/chunks/node_modules_next_dist_1e8vcs8._.js:776
[   98042ms] [LOG] [Fast Refresh] done in 8ms @ http://localhost:3000/_next/static/chunks/node_modules_next_dist_1e8vcs8._.js:776
[   98094ms] [LOG] [Fast Refresh] done in 8ms @ http://localhost:3000/_next/static/chunks/node_modules_next_dist_1e8vcs8._.js:776
[   98143ms] [LOG] [Fast Refresh] done in 8ms @ http://localhost:3000/_next/static/chunks/node_modules_next_dist_1e8vcs8._.js:776
[   98193ms] [LOG] [Fast Refresh] done in 8ms @ http://localhost:3000/_next/static/chunks/node_modules_next_dist_1e8vcs8._.js:776
[   98242ms] [LOG] [Fast Refresh] done in 8ms @ http://localhost:3000/_next/static/chunks/node_modules_next_dist_1e8vcs8._.js:776
[   98292ms] [LOG] [Fast Refresh] done in 8ms @ http://localhost:3000/_next/static/chunks/node_modules_next_dist_1e8vcs8._.js:776
[   98341ms] [LOG] [Fast Refresh] done in 8ms @ http://localhost:3000/_next/static/chunks/node_modules_next_dist_1e8vcs8._.js:776
[   98390ms] [LOG] [Fast Refresh] done in 8ms @ http://localhost:3000/_next/static/chunks/node_modules_next_dist_1e8vcs8._.js:776
[   98442ms] [LOG] [Fast Refresh] done in 8ms @ http://localhost:3000/_next/static/chunks/node_modules_next_dist_1e8vcs8._.js:776
[   98490ms] [LOG] [Fast Refresh] done in 8ms @ http://localhost:3000/_next/static/chunks/node_modules_next_dist_1e8vcs8._.js:776
[   98538ms] [LOG] [Fast Refresh] done in 8ms @ http://localhost:3000/_next/static/chunks/node_modules_next_dist_1e8vcs8._.js:776
[   98586ms] [LOG] [Fast Refresh] done in 8ms @ http://localhost:3000/_next/static/chunks/node_modules_next_dist_1e8vcs8._.js:776
[   98625ms] [LOG] [Fast Refresh] done in 8ms @ http://localhost:3000/_next/static/chunks/node_modules_next_dist_1e8vcs8._.js:776
[   98691ms] [LOG] [Fast Refresh] done in 8ms @ http://localhost:3000/_next/static/chunks/node_modules_next_dist_1e8vcs8._.js:776
[   98754ms] [LOG] [Fast Refresh] done in 8ms @ http://localhost:3000/_next/static/chunks/node_modules_next_dist_1e8vcs8._.js:776
[   98800ms] [LOG] [Fast Refresh] done in 8ms @ http://localhost:3000/_next/static/chunks/node_modules_next_dist_1e8vcs8._.js:776
[   98839ms] [LOG] [Fast Refresh] done in 8ms @ http://localhost:3000/_next/static/chunks/node_modules_next_dist_1e8vcs8._.js:776
[   98876ms] [LOG] [Fast Refresh] done in 8ms @ http://localhost:3000/_next/static/chunks/node_modules_next_dist_1e8vcs8._.js:776
[   98926ms] [LOG] [Fast Refresh] done in 8ms @ http://localhost:3000/_next/static/chunks/node_modules_next_dist_1e8vcs8._.js:776
[   98975ms] [LOG] [Fast Refresh] done in 8ms @ http://localhost:3000/_next/static/chunks/node_modules_next_dist_1e8vcs8._.js:776
[   99020ms] [LOG] [Fast Refresh] done in 8ms @ http://localhost:3000/_next/static/chunks/node_modules_next_dist_1e8vcs8._.js:776
[   99059ms] [LOG] [Fast Refresh] done in 8ms @ http://localhost:3000/_next/static/chunks/node_modules_next_dist_1e8vcs8._.js:776
[   99098ms] [LOG] [Fast Refresh] done in 8ms @ http://localhost:3000/_next/static/chunks/node_modules_next_dist_1e8vcs8._.js:776
[   99145ms] [LOG] [Fast Refresh] done in 8ms @ http://localhost:3000/_next/static/chunks/node_modules_next_dist_1e8vcs8._.js:776
[   99180ms] [LOG] [Fast Refresh] done in 8ms @ http://localhost:3000/_next/static/chunks/node_modules_next_dist_1e8vcs8._.js:776
[   99226ms] [LOG] [Fast Refresh] done in 8ms @ http://localhost:3000/_next/static/chunks/node_modules_next_dist_1e8vcs8._.js:776
[   99274ms] [LOG] [Fast Refresh] done in 8ms @ http://localhost:3000/_next/static/chunks/node_modules_next_dist_1e8vcs8._.js:776
[   99326ms] [LOG] [Fast Refresh] done in 8ms @ http://localhost:3000/_next/static/chunks/node_modules_next_dist_1e8vcs8._.js:776
[   99371ms] [LOG] [Fast Refresh] done in 8ms @ http://localhost:3000/_next/static/chunks/node_modules_next_dist_1e8vcs8._.js:776
[   99409ms] [LOG] [Fast Refresh] done in 8ms @ http://localhost:3000/_next/static/chunks/node_modules_next_dist_1e8vcs8._.js:776
[   99459ms] [LOG] [Fast Refresh] done in 8ms @ http://localhost:3000/_next/static/chunks/node_modules_next_dist_1e8vcs8._.js:776
[   99516ms] [LOG] [Fast Refresh] done in 8ms @ http://localhost:3000/_next/static/chunks/node_modules_next_dist_1e8vcs8._.js:776
[   99575ms] [LOG] [Fast Refresh] done in 8ms @ http://localhost:3000/_next/static/chunks/node_modules_next_dist_1e8vcs8._.js:776
[   99611ms] [LOG] [Fast Refresh] done in 8ms @ http://localhost:3000/_next/static/chunks/node_modules_next_dist_1e8vcs8._.js:776
[   99658ms] [LOG] [Fast Refresh] done in 8ms @ http://localhost:3000/_next/static/chunks/node_modules_next_dist_1e8vcs8._.js:776
[   99709ms] [LOG] [Fast Refresh] done in 8ms @ http://localhost:3000/_next/static/chunks/node_modules_next_dist_1e8vcs8._.js:776
[   99763ms] [LOG] [Fast Refresh] done in 8ms @ http://localhost:3000/_next/static/chunks/node_modules_next_dist_1e8vcs8._.js:776
[   99809ms] [LOG] [Fast Refresh] done in 8ms @ http://localhost:3000/_next/static/chunks/node_modules_next_dist_1e8vcs8._.js:776
[   99860ms] [LOG] [Fast Refresh] done in 8ms @ http://localhost:3000/_next/static/chunks/node_modules_next_dist_1e8vcs8._.js:776
[   99908ms] [LOG] [Fast Refresh] done in 8ms @ http://localhost:3000/_next/static/chunks/node_modules_next_dist_1e8vcs8._.js:776
[   99959ms] [LOG] [Fast Refresh] done in 8ms @ http://localhost:3000/_next/static/chunks/node_modules_next_dist_1e8vcs8._.js:776
[  100008ms] [LOG] [Fast Refresh] done in 8ms @ http://localhost:3000/_next/static/chunks/node_modules_next_dist_1e8vcs8._.js:776
[  100057ms] [LOG] [Fast Refresh] done in 8ms @ http://localhost:3000/_next/static/chunks/node_modules_next_dist_1e8vcs8._.js:776
[  100109ms] [LOG] [Fast Refresh] done in 8ms @ http://localhost:3000/_next/static/chunks/node_modules_next_dist_1e8vcs8._.js:776
[  100158ms] [LOG] [Fast Refresh] done in 8ms @ http://localhost:3000/_next/static/chunks/node_modules_next_dist_1e8vcs8._.js:776
[  100208ms] [LOG] [Fast Refresh] done in 8ms @ http://localhost:3000/_next/static/chunks/node_modules_next_dist_1e8vcs8._.js:776
[  100258ms] [LOG] [Fast Refresh] done in 8ms @ http://localhost:3000/_next/static/chunks/node_modules_next_dist_1e8vcs8._.js:776
[  100318ms] [LOG] [Fast Refresh] done in 8ms @ http://localhost:3000/_next/static/chunks/node_modules_next_dist_1e8vcs8._.js:776
[  100376ms] [LOG] [Fast Refresh] done in 8ms @ http://localhost:3000/_next/static/chunks/node_modules_next_dist_1e8vcs8._.js:776
[  100427ms] [LOG] [Fast Refresh] done in 8ms @ http://localhost:3000/_next/static/chunks/node_modules_next_dist_1e8vcs8._.js:776
[  100491ms] [LOG] [Fast Refresh] done in 8ms @ http://localhost:3000/_next/static/chunks/node_modules_next_dist_1e8vcs8._.js:776
[  100542ms] [LOG] [Fast Refresh] done in 8ms @ http://localhost:3000/_next/static/chunks/node_modules_next_dist_1e8vcs8._.js:776
[  100596ms] [LOG] [Fast Refresh] done in 8ms @ http://localhost:3000/_next/static/chunks/node_modules_next_dist_1e8vcs8._.js:776
[  100643ms] [LOG] [Fast Refresh] done in 8ms @ http://localhost:3000/_next/static/chunks/node_modules_next_dist_1e8vcs8._.js:776
[  100693ms] [LOG] [Fast Refresh] done in 8ms @ http://localhost:3000/_next/static/chunks/node_modules_next_dist_1e8vcs8._.js:776
[  100742ms] [LOG] [Fast Refresh] done in 8ms @ http://localhost:3000/_next/static/chunks/node_modules_next_dist_1e8vcs8._.js:776
[  100791ms] [LOG] [Fast Refresh] done in 8ms @ http://localhost:3000/_next/static/chunks/node_modules_next_dist_1e8vcs8._.js:776
[  100841ms] [LOG] [Fast Refresh] done in 8ms @ http://localhost:3000/_next/static/chunks/node_modules_next_dist_1e8vcs8._.js:776
[  100891ms] [LOG] [Fast Refresh] done in 8ms @ http://localhost:3000/_next/static/chunks/node_modules_next_dist_1e8vcs8._.js:776
[  100941ms] [LOG] [Fast Refresh] done in 8ms @ http://localhost:3000/_next/static/chunks/node_modules_next_dist_1e8vcs8._.js:776
[  100991ms] [LOG] [Fast Refresh] done in 8ms @ http://localhost:3000/_next/static/chunks/node_modules_next_dist_1e8vcs8._.js:776
[  101041ms] [LOG] [Fast Refresh] done in 8ms @ http://localhost:3000/_next/static/chunks/node_modules_next_dist_1e8vcs8._.js:776
[  101093ms] [LOG] [Fast Refresh] done in 8ms @ http://localhost:3000/_next/static/chunks/node_modules_next_dist_1e8vcs8._.js:776
[  101143ms] [LOG] [Fast Refresh] done in 8ms @ http://localhost:3000/_next/static/chunks/node_modules_next_dist_1e8vcs8._.js:776
[  101191ms] [LOG] [Fast Refresh] done in 8ms @ http://localhost:3000/_next/static/chunks/node_modules_next_dist_1e8vcs8._.js:776
[  101242ms] [LOG] [Fast Refresh] done in 8ms @ http://localhost:3000/_next/static/chunks/node_modules_next_dist_1e8vcs8._.js:776
[  101291ms] [LOG] [Fast Refresh] done in 8ms @ http://localhost:3000/_next/static/chunks/node_modules_next_dist_1e8vcs8._.js:776
[  101343ms] [LOG] [Fast Refresh] done in 8ms @ http://localhost:3000/_next/static/chunks/node_modules_next_dist_1e8vcs8._.js:776
[  101390ms] [LOG] [Fast Refresh] done in 8ms @ http://localhost:3000/_next/static/chunks/node_modules_next_dist_1e8vcs8._.js:776
[  101443ms] [LOG] [Fast Refresh] done in 8ms @ http://localhost:3000/_next/static/chunks/node_modules_next_dist_1e8vcs8._.js:776
[  101492ms] [LOG] [Fast Refresh] done in 8ms @ http://localhost:3000/_next/static/chunks/node_modules_next_dist_1e8vcs8._.js:776
[  101541ms] [LOG] [Fast Refresh] done in 8ms @ http://localhost:3000/_next/static/chunks/node_modules_next_dist_1e8vcs8._.js:776
[  101591ms] [LOG] [Fast Refresh] done in 8ms @ http://localhost:3000/_next/static/chunks/node_modules_next_dist_1e8vcs8._.js:776
[  101641ms] [LOG] [Fast Refresh] done in 8ms @ http://localhost:3000/_next/static/chunks/node_modules_next_dist_1e8vcs8._.js:776
[  101692ms] [LOG] [Fast Refresh] done in 8ms @ http://localhost:3000/_next/static/chunks/node_modules_next_dist_1e8vcs8._.js:776
[  101756ms] [LOG] [Fast Refresh] done in 8ms @ http://localhost:3000/_next/static/chunks/node_modules_next_dist_1e8vcs8._.js:776
[  101804ms] [LOG] [Fast Refresh] done in 8ms @ http://localhost:3000/_next/static/chunks/node_modules_next_dist_1e8vcs8._.js:776
[  101849ms] [LOG] [Fast Refresh] done in 8ms @ http://localhost:3000/_next/static/chunks/node_modules_next_dist_1e8vcs8._.js:776
[  101907ms] [LOG] [Fast Refresh] done in 8ms @ http://localhost:3000/_next/static/chunks/node_modules_next_dist_1e8vcs8._.js:776
[  101960ms] [LOG] [Fast Refresh] done in 8ms @ http://localhost:3000/_next/static/chunks/node_modules_next_dist_1e8vcs8._.js:776
[  102008ms] [LOG] [Fast Refresh] done in 8ms @ http://localhost:3000/_next/static/chunks/node_modules_next_dist_1e8vcs8._.js:776
[  102058ms] [LOG] [Fast Refresh] done in 8ms @ http://localhost:3000/_next/static/chunks/node_modules_next_dist_1e8vcs8._.js:776
[  102107ms] [LOG] [Fast Refresh] done in 8ms @ http://localhost:3000/_next/static/chunks/node_modules_next_dist_1e8vcs8._.js:776
[  102158ms] [LOG] [Fast Refresh] done in 8ms @ http://localhost:3000/_next/static/chunks/node_modules_next_dist_1e8vcs8._.js:776
[  102212ms] [LOG] [Fast Refresh] done in 8ms @ http://localhost:3000/_next/static/chunks/node_modules_next_dist_1e8vcs8._.js:776
[  102257ms] [LOG] [Fast Refresh] done in 8ms @ http://localhost:3000/_next/static/chunks/node_modules_next_dist_1e8vcs8._.js:776
[  102308ms] [LOG] [Fast Refresh] done in 8ms @ http://localhost:3000/_next/static/chunks/node_modules_next_dist_1e8vcs8._.js:776
[  102358ms] [LOG] [Fast Refresh] done in 8ms @ http://localhost:3000/_next/static/chunks/node_modules_next_dist_1e8vcs8._.js:776
[  102406ms] [LOG] [Fast Refresh] done in 8ms @ http://localhost:3000/_next/static/chunks/node_modules_next_dist_1e8vcs8._.js:776
[  102458ms] [LOG] [Fast Refresh] done in 8ms @ http://localhost:3000/_next/static/chunks/node_modules_next_dist_1e8vcs8._.js:776
[  102507ms] [LOG] [Fast Refresh] done in 8ms @ http://localhost:3000/_next/static/chunks/node_modules_next_dist_1e8vcs8._.js:776
[  102557ms] [LOG] [Fast Refresh] done in 8ms @ http://localhost:3000/_next/static/chunks/node_modules_next_dist_1e8vcs8._.js:776
[  102607ms] [LOG] [Fast Refresh] done in 8ms @ http://localhost:3000/_next/static/chunks/node_modules_next_dist_1e8vcs8._.js:776
[  102657ms] [LOG] [Fast Refresh] done in 8ms @ http://localhost:3000/_next/static/chunks/node_modules_next_dist_1e8vcs8._.js:776
[  102708ms] [LOG] [Fast Refresh] done in 8ms @ http://localhost:3000/_next/static/chunks/node_modules_next_dist_1e8vcs8._.js:776
[  102759ms] [LOG] [Fast Refresh] done in 8ms @ http://localhost:3000/_next/static/chunks/node_modules_next_dist_1e8vcs8._.js:776
[  102809ms] [LOG] [Fast Refresh] done in 8ms @ http://localhost:3000/_next/static/chunks/node_modules_next_dist_1e8vcs8._.js:776
[  102859ms] [LOG] [Fast Refresh] done in 8ms @ http://localhost:3000/_next/static/chunks/node_modules_next_dist_1e8vcs8._.js:776
[  102907ms] [LOG] [Fast Refresh] done in 8ms @ http://localhost:3000/_next/static/chunks/node_modules_next_dist_1e8vcs8._.js:776
[  102958ms] [LOG] [Fast Refresh] done in 8ms @ http://localhost:3000/_next/static/chunks/node_modules_next_dist_1e8vcs8._.js:776
[  103008ms] [LOG] [Fast Refresh] done in 8ms @ http://localhost:3000/_next/static/chunks/node_modules_next_dist_1e8vcs8._.js:776
[  103058ms] [LOG] [Fast Refresh] done in 8ms @ http://localhost:3000/_next/static/chunks/node_modules_next_dist_1e8vcs8._.js:776
[  103095ms] [LOG] [Fast Refresh] done in 8ms @ http://localhost:3000/_next/static/chunks/node_modules_next_dist_1e8vcs8._.js:776
[  103159ms] [LOG] [Fast Refresh] done in 8ms @ http://localhost:3000/_next/static/chunks/node_modules_next_dist_1e8vcs8._.js:776
[  103208ms] [LOG] [Fast Refresh] done in 8ms @ http://localhost:3000/_next/static/chunks/node_modules_next_dist_1e8vcs8._.js:776
[  103259ms] [LOG] [Fast Refresh] done in 8ms @ http://localhost:3000/_next/static/chunks/node_modules_next_dist_1e8vcs8._.js:776
[  103308ms] [LOG] [Fast Refresh] done in 8ms @ http://localhost:3000/_next/static/chunks/node_modules_next_dist_1e8vcs8._.js:776
[  103360ms] [LOG] [Fast Refresh] done in 8ms @ http://localhost:3000/_next/static/chunks/node_modules_next_dist_1e8vcs8._.js:776
[  103410ms] [LOG] [Fast Refresh] done in 8ms @ http://localhost:3000/_next/static/chunks/node_modules_next_dist_1e8vcs8._.js:776
[  103458ms] [LOG] [Fast Refresh] done in 8ms @ http://localhost:3000/_next/static/chunks/node_modules_next_dist_1e8vcs8._.js:776
[  103509ms] [LOG] [Fast Refresh] done in 8ms @ http://localhost:3000/_next/static/chunks/node_modules_next_dist_1e8vcs8._.js:776
[  103559ms] [LOG] [Fast Refresh] done in 8ms @ http://localhost:3000/_next/static/chunks/node_modules_next_dist_1e8vcs8._.js:776
[  103609ms] [LOG] [Fast Refresh] done in 8ms @ http://localhost:3000/_next/static/chunks/node_modules_next_dist_1e8vcs8._.js:776
[  103658ms] [LOG] [Fast Refresh] done in 8ms @ http://localhost:3000/_next/static/chunks/node_modules_next_dist_1e8vcs8._.js:776
[  103708ms] [LOG] [Fast Refresh] done in 8ms @ http://localhost:3000/_next/static/chunks/node_modules_next_dist_1e8vcs8._.js:776
[  103759ms] [LOG] [Fast Refresh] done in 8ms @ http://localhost:3000/_next/static/chunks/node_modules_next_dist_1e8vcs8._.js:776
[  103809ms] [LOG] [Fast Refresh] done in 8ms @ http://localhost:3000/_next/static/chunks/node_modules_next_dist_1e8vcs8._.js:776
[  103858ms] [LOG] [Fast Refresh] done in 8ms @ http://localhost:3000/_next/static/chunks/node_modules_next_dist_1e8vcs8._.js:776
[  103907ms] [LOG] [Fast Refresh] done in 8ms @ http://localhost:3000/_next/static/chunks/node_modules_next_dist_1e8vcs8._.js:776
[  103972ms] [LOG] [Fast Refresh] done in 8ms @ http://localhost:3000/_next/static/chunks/node_modules_next_dist_1e8vcs8._.js:776
[  104008ms] [LOG] [Fast Refresh] done in 8ms @ http://localhost:3000/_next/static/chunks/node_modules_next_dist_1e8vcs8._.js:776
[  104057ms] [LOG] [Fast Refresh] done in 8ms @ http://localhost:3000/_next/static/chunks/node_modules_next_dist_1e8vcs8._.js:776
[  104108ms] [LOG] [Fast Refresh] done in 8ms @ http://localhost:3000/_next/static/chunks/node_modules_next_dist_1e8vcs8._.js:776
[  104158ms] [LOG] [Fast Refresh] done in 8ms @ http://localhost:3000/_next/static/chunks/node_modules_next_dist_1e8vcs8._.js:776
[  104209ms] [LOG] [Fast Refresh] done in 8ms @ http://localhost:3000/_next/static/chunks/node_modules_next_dist_1e8vcs8._.js:776
[  104258ms] [LOG] [Fast Refresh] done in 8ms @ http://localhost:3000/_next/static/chunks/node_modules_next_dist_1e8vcs8._.js:776
[  104308ms] [LOG] [Fast Refresh] done in 8ms @ http://localhost:3000/_next/static/chunks/node_modules_next_dist_1e8vcs8._.js:776
[  104358ms] [LOG] [Fast Refresh] done in 8ms @ http://localhost:3000/_next/static/chunks/node_modules_next_dist_1e8vcs8._.js:776
[  104408ms] [LOG] [Fast Refresh] done in 8ms @ http://localhost:3000/_next/static/chunks/node_modules_next_dist_1e8vcs8._.js:776
[  104457ms] [LOG] [Fast Refresh] done in 8ms @ http://localhost:3000/_next/static/chunks/node_modules_next_dist_1e8vcs8._.js:776
[  104507ms] [LOG] [Fast Refresh] done in 8ms @ http://localhost:3000/_next/static/chunks/node_modules_next_dist_1e8vcs8._.js:776
[  104557ms] [LOG] [Fast Refresh] done in 8ms @ http://localhost:3000/_next/static/chunks/node_modules_next_dist_1e8vcs8._.js:776
[  104608ms] [LOG] [Fast Refresh] done in 8ms @ http://localhost:3000/_next/static/chunks/node_modules_next_dist_1e8vcs8._.js:776
[  104657ms] [LOG] [Fast Refresh] done in 8ms @ http://localhost:3000/_next/static/chunks/node_modules_next_dist_1e8vcs8._.js:776
[  104708ms] [LOG] [Fast Refresh] done in 8ms @ http://localhost:3000/_next/static/chunks/node_modules_next_dist_1e8vcs8._.js:776
[  104757ms] [LOG] [Fast Refresh] done in 8ms @ http://localhost:3000/_next/static/chunks/node_modules_next_dist_1e8vcs8._.js:776
[  104809ms] [LOG] [Fast Refresh] done in 8ms @ http://localhost:3000/_next/static/chunks/node_modules_next_dist_1e8vcs8._.js:776
[  104857ms] [LOG] [Fast Refresh] done in 8ms @ http://localhost:3000/_next/static/chunks/node_modules_next_dist_1e8vcs8._.js:776
[  104908ms] [LOG] [Fast Refresh] done in 8ms @ http://localhost:3000/_next/static/chunks/node_modules_next_dist_1e8vcs8._.js:776
[  104958ms] [LOG] [Fast Refresh] done in 8ms @ http://localhost:3000/_next/static/chunks/node_modules_next_dist_1e8vcs8._.js:776
[  105007ms] [LOG] [Fast Refresh] done in 8ms @ http://localhost:3000/_next/static/chunks/node_modules_next_dist_1e8vcs8._.js:776
[  105058ms] [LOG] [Fast Refresh] done in 8ms @ http://localhost:3000/_next/static/chunks/node_modules_next_dist_1e8vcs8._.js:776
[  105100ms] [LOG] [Fast Refresh] done in 8ms @ http://localhost:3000/_next/static/chunks/node_modules_next_dist_1e8vcs8._.js:776
[  105158ms] [LOG] [Fast Refresh] done in 8ms @ http://localhost:3000/_next/static/chunks/node_modules_next_dist_1e8vcs8._.js:776
[  105208ms] [LOG] [Fast Refresh] done in 8ms @ http://localhost:3000/_next/static/chunks/node_modules_next_dist_1e8vcs8._.js:776
[  105258ms] [LOG] [Fast Refresh] done in 8ms @ http://localhost:3000/_next/static/chunks/node_modules_next_dist_1e8vcs8._.js:776
[  105309ms] [LOG] [Fast Refresh] done in 8ms @ http://localhost:3000/_next/static/chunks/node_modules_next_dist_1e8vcs8._.js:776
[  105358ms] [LOG] [Fast Refresh] done in 8ms @ http://localhost:3000/_next/static/chunks/node_modules_next_dist_1e8vcs8._.js:776
[  105409ms] [LOG] [Fast Refresh] done in 8ms @ http://localhost:3000/_next/static/chunks/node_modules_next_dist_1e8vcs8._.js:776
[  105459ms] [LOG] [Fast Refresh] done in 8ms @ http://localhost:3000/_next/static/chunks/node_modules_next_dist_1e8vcs8._.js:776
[  105508ms] [LOG] [Fast Refresh] done in 8ms @ http://localhost:3000/_next/static/chunks/node_modules_next_dist_1e8vcs8._.js:776
[  105560ms] [LOG] [Fast Refresh] done in 8ms @ http://localhost:3000/_next/static/chunks/node_modules_next_dist_1e8vcs8._.js:776
[  105608ms] [LOG] [Fast Refresh] done in 8ms @ http://localhost:3000/_next/static/chunks/node_modules_next_dist_1e8vcs8._.js:776
[  105659ms] [LOG] [Fast Refresh] done in 8ms @ http://localhost:3000/_next/static/chunks/node_modules_next_dist_1e8vcs8._.js:776
[  105710ms] [LOG] [Fast Refresh] done in 8ms @ http://localhost:3000/_next/static/chunks/node_modules_next_dist_1e8vcs8._.js:776
[  105761ms] [LOG] [Fast Refresh] done in 8ms @ http://localhost:3000/_next/static/chunks/node_modules_next_dist_1e8vcs8._.js:776
[  105809ms] [LOG] [Fast Refresh] done in 8ms @ http://localhost:3000/_next/static/chunks/node_modules_next_dist_1e8vcs8._.js:776
[  105857ms] [LOG] [Fast Refresh] done in 8ms @ http://localhost:3000/_next/static/chunks/node_modules_next_dist_1e8vcs8._.js:776
[  105909ms] [LOG] [Fast Refresh] done in 8ms @ http://localhost:3000/_next/static/chunks/node_modules_next_dist_1e8vcs8._.js:776
[  105958ms] [LOG] [Fast Refresh] done in 8ms @ http://localhost:3000/_next/static/chunks/node_modules_next_dist_1e8vcs8._.js:776
[  106009ms] [LOG] [Fast Refresh] done in 8ms @ http://localhost:3000/_next/static/chunks/node_modules_next_dist_1e8vcs8._.js:776
[  106057ms] [LOG] [Fast Refresh] done in 8ms @ http://localhost:3000/_next/static/chunks/node_modules_next_dist_1e8vcs8._.js:776
[  106109ms] [LOG] [Fast Refresh] done in 8ms @ http://localhost:3000/_next/static/chunks/node_modules_next_dist_1e8vcs8._.js:776
[  106160ms] [LOG] [Fast Refresh] done in 8ms @ http://localhost:3000/_next/static/chunks/node_modules_next_dist_1e8vcs8._.js:776
[  106210ms] [LOG] [Fast Refresh] done in 8ms @ http://localhost:3000/_next/static/chunks/node_modules_next_dist_1e8vcs8._.js:776
[  106261ms] [LOG] [Fast Refresh] done in 8ms @ http://localhost:3000/_next/static/chunks/node_modules_next_dist_1e8vcs8._.js:776
[  106309ms] [LOG] [Fast Refresh] done in 8ms @ http://localhost:3000/_next/static/chunks/node_modules_next_dist_1e8vcs8._.js:776
[  106360ms] [LOG] [Fast Refresh] done in 8ms @ http://localhost:3000/_next/static/chunks/node_modules_next_dist_1e8vcs8._.js:776
[  106410ms] [LOG] [Fast Refresh] done in 8ms @ http://localhost:3000/_next/static/chunks/node_modules_next_dist_1e8vcs8._.js:776
[  106459ms] [LOG] [Fast Refresh] done in 8ms @ http://localhost:3000/_next/static/chunks/node_modules_next_dist_1e8vcs8._.js:776
[  106509ms] [LOG] [Fast Refresh] done in 8ms @ http://localhost:3000/_next/static/chunks/node_modules_next_dist_1e8vcs8._.js:776
[  106558ms] [LOG] [Fast Refresh] done in 8ms @ http://localhost:3000/_next/static/chunks/node_modules_next_dist_1e8vcs8._.js:776
[  106608ms] [LOG] [Fast Refresh] done in 8ms @ http://localhost:3000/_next/static/chunks/node_modules_next_dist_1e8vcs8._.js:776
[  106657ms] [LOG] [Fast Refresh] done in 8ms @ http://localhost:3000/_next/static/chunks/node_modules_next_dist_1e8vcs8._.js:776
[  106710ms] [LOG] [Fast Refresh] done in 8ms @ http://localhost:3000/_next/static/chunks/node_modules_next_dist_1e8vcs8._.js:776
[  106771ms] [LOG] [Fast Refresh] done in 8ms @ http://localhost:3000/_next/static/chunks/node_modules_next_dist_1e8vcs8._.js:776
[  106825ms] [LOG] [Fast Refresh] done in 8ms @ http://localhost:3000/_next/static/chunks/node_modules_next_dist_1e8vcs8._.js:776
[  106874ms] [LOG] [Fast Refresh] done in 8ms @ http://localhost:3000/_next/static/chunks/node_modules_next_dist_1e8vcs8._.js:776
[  106925ms] [LOG] [Fast Refresh] done in 8ms @ http://localhost:3000/_next/static/chunks/node_modules_next_dist_1e8vcs8._.js:776
[  106975ms] [LOG] [Fast Refresh] done in 8ms @ http://localhost:3000/_next/static/chunks/node_modules_next_dist_1e8vcs8._.js:776
[  107024ms] [LOG] [Fast Refresh] done in 8ms @ http://localhost:3000/_next/static/chunks/node_modules_next_dist_1e8vcs8._.js:776
[  107074ms] [LOG] [Fast Refresh] done in 8ms @ http://localhost:3000/_next/static/chunks/node_modules_next_dist_1e8vcs8._.js:776
[  107125ms] [LOG] [Fast Refresh] done in 8ms @ http://localhost:3000/_next/static/chunks/node_modules_next_dist_1e8vcs8._.js:776
[  107188ms] [LOG] [Fast Refresh] done in 8ms @ http://localhost:3000/_next/static/chunks/node_modules_next_dist_1e8vcs8._.js:776
[  107241ms] [LOG] [Fast Refresh] done in 8ms @ http://localhost:3000/_next/static/chunks/node_modules_next_dist_1e8vcs8._.js:776
[  107303ms] [LOG] [Fast Refresh] done in 8ms @ http://localhost:3000/_next/static/chunks/node_modules_next_dist_1e8vcs8._.js:776
[  107357ms] [LOG] [Fast Refresh] done in 8ms @ http://localhost:3000/_next/static/chunks/node_modules_next_dist_1e8vcs8._.js:776
[  107410ms] [LOG] [Fast Refresh] done in 8ms @ http://localhost:3000/_next/static/chunks/node_modules_next_dist_1e8vcs8._.js:776
[  107459ms] [LOG] [Fast Refresh] done in 8ms @ http://localhost:3000/_next/static/chunks/node_modules_next_dist_1e8vcs8._.js:776
[  107509ms] [LOG] [Fast Refresh] done in 8ms @ http://localhost:3000/_next/static/chunks/node_modules_next_dist_1e8vcs8._.js:776
[  107558ms] [LOG] [Fast Refresh] done in 8ms @ http://localhost:3000/_next/static/chunks/node_modules_next_dist_1e8vcs8._.js:776
[  107607ms] [LOG] [Fast Refresh] done in 8ms @ http://localhost:3000/_next/static/chunks/node_modules_next_dist_1e8vcs8._.js:776
[  107656ms] [LOG] [Fast Refresh] done in 8ms @ http://localhost:3000/_next/static/chunks/node_modules_next_dist_1e8vcs8._.js:776
[  107718ms] [LOG] [Fast Refresh] done in 8ms @ http://localhost:3000/_next/static/chunks/node_modules_next_dist_1e8vcs8._.js:776
[  107781ms] [LOG] [Fast Refresh] done in 8ms @ http://localhost:3000/_next/static/chunks/node_modules_next_dist_1e8vcs8._.js:776
[  107844ms] [LOG] [Fast Refresh] done in 8ms @ http://localhost:3000/_next/static/chunks/node_modules_next_dist_1e8vcs8._.js:776
[  107911ms] [LOG] [Fast Refresh] done in 8ms @ http://localhost:3000/_next/static/chunks/node_modules_next_dist_1e8vcs8._.js:776
[  107974ms] [LOG] [Fast Refresh] done in 8ms @ http://localhost:3000/_next/static/chunks/node_modules_next_dist_1e8vcs8._.js:776
[  108024ms] [LOG] [Fast Refresh] done in 8ms @ http://localhost:3000/_next/static/chunks/node_modules_next_dist_1e8vcs8._.js:776
[  108074ms] [LOG] [Fast Refresh] done in 8ms @ http://localhost:3000/_next/static/chunks/node_modules_next_dist_1e8vcs8._.js:776
[  108123ms] [LOG] [Fast Refresh] done in 8ms @ http://localhost:3000/_next/static/chunks/node_modules_next_dist_1e8vcs8._.js:776
[  108175ms] [LOG] [Fast Refresh] done in 8ms @ http://localhost:3000/_next/static/chunks/node_modules_next_dist_1e8vcs8._.js:776
[  108224ms] [LOG] [Fast Refresh] done in 8ms @ http://localhost:3000/_next/static/chunks/node_modules_next_dist_1e8vcs8._.js:776
[  108275ms] [LOG] [Fast Refresh] done in 8ms @ http://localhost:3000/_next/static/chunks/node_modules_next_dist_1e8vcs8._.js:776
[  108324ms] [LOG] [Fast Refresh] done in 8ms @ http://localhost:3000/_next/static/chunks/node_modules_next_dist_1e8vcs8._.js:776
[  108375ms] [LOG] [Fast Refresh] done in 8ms @ http://localhost:3000/_next/static/chunks/node_modules_next_dist_1e8vcs8._.js:776
[  108424ms] [LOG] [Fast Refresh] done in 8ms @ http://localhost:3000/_next/static/chunks/node_modules_next_dist_1e8vcs8._.js:776
[  108475ms] [LOG] [Fast Refresh] done in 8ms @ http://localhost:3000/_next/static/chunks/node_modules_next_dist_1e8vcs8._.js:776
[  108525ms] [LOG] [Fast Refresh] done in 8ms @ http://localhost:3000/_next/static/chunks/node_modules_next_dist_1e8vcs8._.js:776
[  108578ms] [LOG] [Fast Refresh] done in 8ms @ http://localhost:3000/_next/static/chunks/node_modules_next_dist_1e8vcs8._.js:776
[  108632ms] [LOG] [Fast Refresh] done in 8ms @ http://localhost:3000/_next/static/chunks/node_modules_next_dist_1e8vcs8._.js:776
[  108685ms] [LOG] [Fast Refresh] done in 8ms @ http://localhost:3000/_next/static/chunks/node_modules_next_dist_1e8vcs8._.js:776
[  108740ms] [LOG] [Fast Refresh] done in 8ms @ http://localhost:3000/_next/static/chunks/node_modules_next_dist_1e8vcs8._.js:776
[  108776ms] [LOG] [Fast Refresh] done in 8ms @ http://localhost:3000/_next/static/chunks/node_modules_next_dist_1e8vcs8._.js:776
[  108826ms] [LOG] [Fast Refresh] done in 8ms @ http://localhost:3000/_next/static/chunks/node_modules_next_dist_1e8vcs8._.js:776
[  108874ms] [LOG] [Fast Refresh] done in 8ms @ http://localhost:3000/_next/static/chunks/node_modules_next_dist_1e8vcs8._.js:776
[  108939ms] [LOG] [Fast Refresh] done in 8ms @ http://localhost:3000/_next/static/chunks/node_modules_next_dist_1e8vcs8._.js:776
[  108992ms] [LOG] [Fast Refresh] done in 8ms @ http://localhost:3000/_next/static/chunks/node_modules_next_dist_1e8vcs8._.js:776
[  109042ms] [LOG] [Fast Refresh] done in 8ms @ http://localhost:3000/_next/static/chunks/node_modules_next_dist_1e8vcs8._.js:776
[  109092ms] [LOG] [Fast Refresh] done in 8ms @ http://localhost:3000/_next/static/chunks/node_modules_next_dist_1e8vcs8._.js:776
[  109142ms] [LOG] [Fast Refresh] done in 8ms @ http://localhost:3000/_next/static/chunks/node_modules_next_dist_1e8vcs8._.js:776
[  109192ms] [LOG] [Fast Refresh] done in 8ms @ http://localhost:3000/_next/static/chunks/node_modules_next_dist_1e8vcs8._.js:776
[  109254ms] [LOG] [Fast Refresh] done in 8ms @ http://localhost:3000/_next/static/chunks/node_modules_next_dist_1e8vcs8._.js:776
[  109304ms] [LOG] [Fast Refresh] done in 8ms @ http://localhost:3000/_next/static/chunks/node_modules_next_dist_1e8vcs8._.js:776
[  109361ms] [LOG] [Fast Refresh] done in 8ms @ http://localhost:3000/_next/static/chunks/node_modules_next_dist_1e8vcs8._.js:776
[  109408ms] [LOG] [Fast Refresh] done in 8ms @ http://localhost:3000/_next/static/chunks/node_modules_next_dist_1e8vcs8._.js:776
[  109459ms] [LOG] [Fast Refresh] done in 8ms @ http://localhost:3000/_next/static/chunks/node_modules_next_dist_1e8vcs8._.js:776
[  109507ms] [LOG] [Fast Refresh] done in 8ms @ http://localhost:3000/_next/static/chunks/node_modules_next_dist_1e8vcs8._.js:776
[  109560ms] [LOG] [Fast Refresh] done in 8ms @ http://localhost:3000/_next/static/chunks/node_modules_next_dist_1e8vcs8._.js:776
[  109609ms] [LOG] [Fast Refresh] done in 8ms @ http://localhost:3000/_next/static/chunks/node_modules_next_dist_1e8vcs8._.js:776
[  109659ms] [LOG] [Fast Refresh] done in 8ms @ http://localhost:3000/_next/static/chunks/node_modules_next_dist_1e8vcs8._.js:776
[  109710ms] [LOG] [Fast Refresh] done in 8ms @ http://localhost:3000/_next/static/chunks/node_modules_next_dist_1e8vcs8._.js:776
[  109760ms] [LOG] [Fast Refresh] done in 8ms @ http://localhost:3000/_next/static/chunks/node_modules_next_dist_1e8vcs8._.js:776
[  109808ms] [LOG] [Fast Refresh] done in 8ms @ http://localhost:3000/_next/static/chunks/node_modules_next_dist_1e8vcs8._.js:776
[  109860ms] [LOG] [Fast Refresh] done in 8ms @ http://localhost:3000/_next/static/chunks/node_modules_next_dist_1e8vcs8._.js:776
[  109910ms] [LOG] [Fast Refresh] done in 8ms @ http://localhost:3000/_next/static/chunks/node_modules_next_dist_1e8vcs8._.js:776
[  109959ms] [LOG] [Fast Refresh] done in 8ms @ http://localhost:3000/_next/static/chunks/node_modules_next_dist_1e8vcs8._.js:776
[  110008ms] [LOG] [Fast Refresh] done in 8ms @ http://localhost:3000/_next/static/chunks/node_modules_next_dist_1e8vcs8._.js:776
[  110059ms] [LOG] [Fast Refresh] done in 8ms @ http://localhost:3000/_next/static/chunks/node_modules_next_dist_1e8vcs8._.js:776
[  110106ms] [LOG] [Fast Refresh] done in 8ms @ http://localhost:3000/_next/static/chunks/node_modules_next_dist_1e8vcs8._.js:776
[  110158ms] [LOG] [Fast Refresh] done in 8ms @ http://localhost:3000/_next/static/chunks/node_modules_next_dist_1e8vcs8._.js:776
[  110199ms] [LOG] [Fast Refresh] done in 8ms @ http://localhost:3000/_next/static/chunks/node_modules_next_dist_1e8vcs8._.js:776
[  110259ms] [LOG] [Fast Refresh] done in 8ms @ http://localhost:3000/_next/static/chunks/node_modules_next_dist_1e8vcs8._.js:776
[  110305ms] [LOG] [Fast Refresh] done in 8ms @ http://localhost:3000/_next/static/chunks/node_modules_next_dist_1e8vcs8._.js:776
[  110359ms] [LOG] [Fast Refresh] done in 8ms @ http://localhost:3000/_next/static/chunks/node_modules_next_dist_1e8vcs8._.js:776
[  110409ms] [LOG] [Fast Refresh] done in 8ms @ http://localhost:3000/_next/static/chunks/node_modules_next_dist_1e8vcs8._.js:776
[  110459ms] [LOG] [Fast Refresh] done in 8ms @ http://localhost:3000/_next/static/chunks/node_modules_next_dist_1e8vcs8._.js:776
[  110509ms] [LOG] [Fast Refresh] done in 8ms @ http://localhost:3000/_next/static/chunks/node_modules_next_dist_1e8vcs8._.js:776
[  110557ms] [LOG] [Fast Refresh] done in 8ms @ http://localhost:3000/_next/static/chunks/node_modules_next_dist_1e8vcs8._.js:776
[  110626ms] [LOG] [Fast Refresh] done in 8ms @ http://localhost:3000/_next/static/chunks/node_modules_next_dist_1e8vcs8._.js:776
[  110674ms] [LOG] [Fast Refresh] done in 8ms @ http://localhost:3000/_next/static/chunks/node_modules_next_dist_1e8vcs8._.js:776
[  110724ms] [LOG] [Fast Refresh] done in 8ms @ http://localhost:3000/_next/static/chunks/node_modules_next_dist_1e8vcs8._.js:776
[  110777ms] [LOG] [Fast Refresh] done in 8ms @ http://localhost:3000/_next/static/chunks/node_modules_next_dist_1e8vcs8._.js:776
[  110825ms] [LOG] [Fast Refresh] done in 8ms @ http://localhost:3000/_next/static/chunks/node_modules_next_dist_1e8vcs8._.js:776
[  110873ms] [LOG] [Fast Refresh] done in 8ms @ http://localhost:3000/_next/static/chunks/node_modules_next_dist_1e8vcs8._.js:776
[  110925ms] [LOG] [Fast Refresh] done in 8ms @ http://localhost:3000/_next/static/chunks/node_modules_next_dist_1e8vcs8._.js:776
[  110972ms] [LOG] [Fast Refresh] done in 8ms @ http://localhost:3000/_next/static/chunks/node_modules_next_dist_1e8vcs8._.js:776
[  111034ms] [LOG] [Fast Refresh] done in 8ms @ http://localhost:3000/_next/static/chunks/node_modules_next_dist_1e8vcs8._.js:776
[  111084ms] [LOG] [Fast Refresh] done in 8ms @ http://localhost:3000/_next/static/chunks/node_modules_next_dist_1e8vcs8._.js:776
[  111132ms] [LOG] [Fast Refresh] done in 8ms @ http://localhost:3000/_next/static/chunks/node_modules_next_dist_1e8vcs8._.js:776
[  111192ms] [LOG] [Fast Refresh] done in 8ms @ http://localhost:3000/_next/static/chunks/node_modules_next_dist_1e8vcs8._.js:776
[  111232ms] [LOG] [Fast Refresh] done in 8ms @ http://localhost:3000/_next/static/chunks/node_modules_next_dist_1e8vcs8._.js:776
[  111287ms] [LOG] [Fast Refresh] done in 8ms @ http://localhost:3000/_next/static/chunks/node_modules_next_dist_1e8vcs8._.js:776
[  111340ms] [LOG] [Fast Refresh] done in 8ms @ http://localhost:3000/_next/static/chunks/node_modules_next_dist_1e8vcs8._.js:776
[  111390ms] [LOG] [Fast Refresh] done in 8ms @ http://localhost:3000/_next/static/chunks/node_modules_next_dist_1e8vcs8._.js:776
[  111442ms] [LOG] [Fast Refresh] done in 8ms @ http://localhost:3000/_next/static/chunks/node_modules_next_dist_1e8vcs8._.js:776
[  111492ms] [LOG] [Fast Refresh] done in 8ms @ http://localhost:3000/_next/static/chunks/node_modules_next_dist_1e8vcs8._.js:776
[  111542ms] [LOG] [Fast Refresh] done in 8ms @ http://localhost:3000/_next/static/chunks/node_modules_next_dist_1e8vcs8._.js:776
[  111590ms] [LOG] [Fast Refresh] done in 8ms @ http://localhost:3000/_next/static/chunks/node_modules_next_dist_1e8vcs8._.js:776
[  111641ms] [LOG] [Fast Refresh] done in 8ms @ http://localhost:3000/_next/static/chunks/node_modules_next_dist_1e8vcs8._.js:776
[  111692ms] [LOG] [Fast Refresh] done in 8ms @ http://localhost:3000/_next/static/chunks/node_modules_next_dist_1e8vcs8._.js:776
[  111743ms] [LOG] [Fast Refresh] done in 8ms @ http://localhost:3000/_next/static/chunks/node_modules_next_dist_1e8vcs8._.js:776
[  111809ms] [LOG] [Fast Refresh] done in 8ms @ http://localhost:3000/_next/static/chunks/node_modules_next_dist_1e8vcs8._.js:776
[  111856ms] [LOG] [Fast Refresh] done in 8ms @ http://localhost:3000/_next/static/chunks/node_modules_next_dist_1e8vcs8._.js:776
[  111920ms] [LOG] [Fast Refresh] done in 8ms @ http://localhost:3000/_next/static/chunks/node_modules_next_dist_1e8vcs8._.js:776
[  111968ms] [LOG] [Fast Refresh] done in 8ms @ http://localhost:3000/_next/static/chunks/node_modules_next_dist_1e8vcs8._.js:776
[  112023ms] [LOG] [Fast Refresh] done in 8ms @ http://localhost:3000/_next/static/chunks/node_modules_next_dist_1e8vcs8._.js:776
[  112073ms] [LOG] [Fast Refresh] done in 8ms @ http://localhost:3000/_next/static/chunks/node_modules_next_dist_1e8vcs8._.js:776
[  112124ms] [LOG] [Fast Refresh] done in 8ms @ http://localhost:3000/_next/static/chunks/node_modules_next_dist_1e8vcs8._.js:776
[  112187ms] [LOG] [Fast Refresh] done in 8ms @ http://localhost:3000/_next/static/chunks/node_modules_next_dist_1e8vcs8._.js:776
[  112241ms] [LOG] [Fast Refresh] done in 8ms @ http://localhost:3000/_next/static/chunks/node_modules_next_dist_1e8vcs8._.js:776
[  112293ms] [LOG] [Fast Refresh] done in 8ms @ http://localhost:3000/_next/static/chunks/node_modules_next_dist_1e8vcs8._.js:776
[  112341ms] [LOG] [Fast Refresh] done in 8ms @ http://localhost:3000/_next/static/chunks/node_modules_next_dist_1e8vcs8._.js:776
[  112392ms] [LOG] [Fast Refresh] done in 8ms @ http://localhost:3000/_next/static/chunks/node_modules_next_dist_1e8vcs8._.js:776
[  112458ms] [LOG] [Fast Refresh] done in 8ms @ http://localhost:3000/_next/static/chunks/node_modules_next_dist_1e8vcs8._.js:776
[  112508ms] [LOG] [Fast Refresh] done in 8ms @ http://localhost:3000/_next/static/chunks/node_modules_next_dist_1e8vcs8._.js:776
[  112571ms] [LOG] [Fast Refresh] done in 8ms @ http://localhost:3000/_next/static/chunks/node_modules_next_dist_1e8vcs8._.js:776
[  112635ms] [LOG] [Fast Refresh] done in 8ms @ http://localhost:3000/_next/static/chunks/node_modules_next_dist_1e8vcs8._.js:776
[  112698ms] [LOG] [Fast Refresh] done in 8ms @ http://localhost:3000/_next/static/chunks/node_modules_next_dist_1e8vcs8._.js:776
[  112748ms] [LOG] [Fast Refresh] done in 8ms @ http://localhost:3000/_next/static/chunks/node_modules_next_dist_1e8vcs8._.js:776
[  112795ms] [LOG] [Fast Refresh] done in 8ms @ http://localhost:3000/_next/static/chunks/node_modules_next_dist_1e8vcs8._.js:776
[  112858ms] [LOG] [Fast Refresh] done in 8ms @ http://localhost:3000/_next/static/chunks/node_modules_next_dist_1e8vcs8._.js:776
[  112910ms] [LOG] [Fast Refresh] done in 8ms @ http://localhost:3000/_next/static/chunks/node_modules_next_dist_1e8vcs8._.js:776
[  112958ms] [LOG] [Fast Refresh] done in 8ms @ http://localhost:3000/_next/static/chunks/node_modules_next_dist_1e8vcs8._.js:776
[  113009ms] [LOG] [Fast Refresh] done in 8ms @ http://localhost:3000/_next/static/chunks/node_modules_next_dist_1e8vcs8._.js:776
[  113059ms] [LOG] [Fast Refresh] done in 8ms @ http://localhost:3000/_next/static/chunks/node_modules_next_dist_1e8vcs8._.js:776
[  113109ms] [LOG] [Fast Refresh] done in 8ms @ http://localhost:3000/_next/static/chunks/node_modules_next_dist_1e8vcs8._.js:776
[  113158ms] [LOG] [Fast Refresh] done in 8ms @ http://localhost:3000/_next/static/chunks/node_modules_next_dist_1e8vcs8._.js:776
[  113208ms] [LOG] [Fast Refresh] done in 8ms @ http://localhost:3000/_next/static/chunks/node_modules_next_dist_1e8vcs8._.js:776
[  113258ms] [LOG] [Fast Refresh] done in 8ms @ http://localhost:3000/_next/static/chunks/node_modules_next_dist_1e8vcs8._.js:776
[  113307ms] [LOG] [Fast Refresh] done in 8ms @ http://localhost:3000/_next/static/chunks/node_modules_next_dist_1e8vcs8._.js:776
[  113357ms] [LOG] [Fast Refresh] done in 8ms @ http://localhost:3000/_next/static/chunks/node_modules_next_dist_1e8vcs8._.js:776
[  113407ms] [LOG] [Fast Refresh] done in 8ms @ http://localhost:3000/_next/static/chunks/node_modules_next_dist_1e8vcs8._.js:776
[  113458ms] [LOG] [Fast Refresh] done in 8ms @ http://localhost:3000/_next/static/chunks/node_modules_next_dist_1e8vcs8._.js:776
[  113508ms] [LOG] [Fast Refresh] done in 8ms @ http://localhost:3000/_next/static/chunks/node_modules_next_dist_1e8vcs8._.js:776
[  113559ms] [LOG] [Fast Refresh] done in 8ms @ http://localhost:3000/_next/static/chunks/node_modules_next_dist_1e8vcs8._.js:776
[  113606ms] [LOG] [Fast Refresh] done in 8ms @ http://localhost:3000/_next/static/chunks/node_modules_next_dist_1e8vcs8._.js:776
[  113669ms] [LOG] [Fast Refresh] done in 8ms @ http://localhost:3000/_next/static/chunks/node_modules_next_dist_1e8vcs8._.js:776
[  113732ms] [LOG] [Fast Refresh] done in 8ms @ http://localhost:3000/_next/static/chunks/node_modules_next_dist_1e8vcs8._.js:776
[  113781ms] [LOG] [Fast Refresh] done in 8ms @ http://localhost:3000/_next/static/chunks/node_modules_next_dist_1e8vcs8._.js:776
[  113829ms] [LOG] [Fast Refresh] done in 8ms @ http://localhost:3000/_next/static/chunks/node_modules_next_dist_1e8vcs8._.js:776
[  113892ms] [LOG] [Fast Refresh] done in 8ms @ http://localhost:3000/_next/static/chunks/node_modules_next_dist_1e8vcs8._.js:776
[  113940ms] [LOG] [Fast Refresh] done in 8ms @ http://localhost:3000/_next/static/chunks/node_modules_next_dist_1e8vcs8._.js:776
[  113988ms] [LOG] [Fast Refresh] done in 8ms @ http://localhost:3000/_next/static/chunks/node_modules_next_dist_1e8vcs8._.js:776
[  114036ms] [LOG] [Fast Refresh] done in 8ms @ http://localhost:3000/_next/static/chunks/node_modules_next_dist_1e8vcs8._.js:776
[  114084ms] [LOG] [Fast Refresh] done in 8ms @ http://localhost:3000/_next/static/chunks/node_modules_next_dist_1e8vcs8._.js:776
[  114143ms] [LOG] [Fast Refresh] done in 8ms @ http://localhost:3000/_next/static/chunks/node_modules_next_dist_1e8vcs8._.js:776
[  114193ms] [LOG] [Fast Refresh] done in 8ms @ http://localhost:3000/_next/static/chunks/node_modules_next_dist_1e8vcs8._.js:776
[  114242ms] [LOG] [Fast Refresh] done in 8ms @ http://localhost:3000/_next/static/chunks/node_modules_next_dist_1e8vcs8._.js:776
[  114293ms] [LOG] [Fast Refresh] done in 8ms @ http://localhost:3000/_next/static/chunks/node_modules_next_dist_1e8vcs8._.js:776
[  114343ms] [LOG] [Fast Refresh] done in 8ms @ http://localhost:3000/_next/static/chunks/node_modules_next_dist_1e8vcs8._.js:776
[  114394ms] [LOG] [Fast Refresh] done in 8ms @ http://localhost:3000/_next/static/chunks/node_modules_next_dist_1e8vcs8._.js:776
[  114441ms] [LOG] [Fast Refresh] done in 8ms @ http://localhost:3000/_next/static/chunks/node_modules_next_dist_1e8vcs8._.js:776
[  114491ms] [LOG] [Fast Refresh] done in 8ms @ http://localhost:3000/_next/static/chunks/node_modules_next_dist_1e8vcs8._.js:776
[  114543ms] [LOG] [Fast Refresh] done in 8ms @ http://localhost:3000/_next/static/chunks/node_modules_next_dist_1e8vcs8._.js:776
[  114590ms] [LOG] [Fast Refresh] done in 8ms @ http://localhost:3000/_next/static/chunks/node_modules_next_dist_1e8vcs8._.js:776
[  114642ms] [LOG] [Fast Refresh] done in 8ms @ http://localhost:3000/_next/static/chunks/node_modules_next_dist_1e8vcs8._.js:776
[  114691ms] [LOG] [Fast Refresh] done in 8ms @ http://localhost:3000/_next/static/chunks/node_modules_next_dist_1e8vcs8._.js:776
[  114742ms] [LOG] [Fast Refresh] done in 8ms @ http://localhost:3000/_next/static/chunks/node_modules_next_dist_1e8vcs8._.js:776
[  114793ms] [LOG] [Fast Refresh] done in 8ms @ http://localhost:3000/_next/static/chunks/node_modules_next_dist_1e8vcs8._.js:776
[  114844ms] [LOG] [Fast Refresh] done in 8ms @ http://localhost:3000/_next/static/chunks/node_modules_next_dist_1e8vcs8._.js:776
[  114893ms] [LOG] [Fast Refresh] done in 8ms @ http://localhost:3000/_next/static/chunks/node_modules_next_dist_1e8vcs8._.js:776
[  114942ms] [LOG] [Fast Refresh] done in 8ms @ http://localhost:3000/_next/static/chunks/node_modules_next_dist_1e8vcs8._.js:776
[  114991ms] [LOG] [Fast Refresh] done in 8ms @ http://localhost:3000/_next/static/chunks/node_modules_next_dist_1e8vcs8._.js:776
[  115044ms] [LOG] [Fast Refresh] done in 8ms @ http://localhost:3000/_next/static/chunks/node_modules_next_dist_1e8vcs8._.js:776
[  115082ms] [LOG] [Fast Refresh] done in 8ms @ http://localhost:3000/_next/static/chunks/node_modules_next_dist_1e8vcs8._.js:776
[  115119ms] [LOG] [Fast Refresh] done in 8ms @ http://localhost:3000/_next/static/chunks/node_modules_next_dist_1e8vcs8._.js:776
[  115154ms] [LOG] [Fast Refresh] done in 8ms @ http://localhost:3000/_next/static/chunks/node_modules_next_dist_1e8vcs8._.js:776
[  115191ms] [LOG] [Fast Refresh] done in 8ms @ http://localhost:3000/_next/static/chunks/node_modules_next_dist_1e8vcs8._.js:776
[  115227ms] [LOG] [Fast Refresh] done in 8ms @ http://localhost:3000/_next/static/chunks/node_modules_next_dist_1e8vcs8._.js:776
[  115273ms] [LOG] [Fast Refresh] done in 8ms @ http://localhost:3000/_next/static/chunks/node_modules_next_dist_1e8vcs8._.js:776
[  115310ms] [LOG] [Fast Refresh] done in 8ms @ http://localhost:3000/_next/static/chunks/node_modules_next_dist_1e8vcs8._.js:776
[  115346ms] [LOG] [Fast Refresh] done in 8ms @ http://localhost:3000/_next/static/chunks/node_modules_next_dist_1e8vcs8._.js:776
[  115392ms] [LOG] [Fast Refresh] done in 8ms @ http://localhost:3000/_next/static/chunks/node_modules_next_dist_1e8vcs8._.js:776
[  115458ms] [LOG] [Fast Refresh] done in 8ms @ http://localhost:3000/_next/static/chunks/node_modules_next_dist_1e8vcs8._.js:776
[  115509ms] [LOG] [Fast Refresh] done in 8ms @ http://localhost:3000/_next/static/chunks/node_modules_next_dist_1e8vcs8._.js:776
[  115557ms] [LOG] [Fast Refresh] done in 8ms @ http://localhost:3000/_next/static/chunks/node_modules_next_dist_1e8vcs8._.js:776
[  115607ms] [LOG] [Fast Refresh] done in 8ms @ http://localhost:3000/_next/static/chunks/node_modules_next_dist_1e8vcs8._.js:776
[  115662ms] [LOG] [Fast Refresh] done in 8ms @ http://localhost:3000/_next/static/chunks/node_modules_next_dist_1e8vcs8._.js:776
[  115724ms] [LOG] [Fast Refresh] done in 8ms @ http://localhost:3000/_next/static/chunks/node_modules_next_dist_1e8vcs8._.js:776
[  115773ms] [LOG] [Fast Refresh] done in 8ms @ http://localhost:3000/_next/static/chunks/node_modules_next_dist_1e8vcs8._.js:776
[  115826ms] [LOG] [Fast Refresh] done in 8ms @ http://localhost:3000/_next/static/chunks/node_modules_next_dist_1e8vcs8._.js:776
[  115876ms] [LOG] [Fast Refresh] done in 8ms @ http://localhost:3000/_next/static/chunks/node_modules_next_dist_1e8vcs8._.js:776
[  115927ms] [LOG] [Fast Refresh] done in 8ms @ http://localhost:3000/_next/static/chunks/node_modules_next_dist_1e8vcs8._.js:776
[  115974ms] [LOG] [Fast Refresh] done in 8ms @ http://localhost:3000/_next/static/chunks/node_modules_next_dist_1e8vcs8._.js:776
[  116024ms] [LOG] [Fast Refresh] done in 8ms @ http://localhost:3000/_next/static/chunks/node_modules_next_dist_1e8vcs8._.js:776
[  116075ms] [LOG] [Fast Refresh] done in 8ms @ http://localhost:3000/_next/static/chunks/node_modules_next_dist_1e8vcs8._.js:776
[  116125ms] [LOG] [Fast Refresh] done in 8ms @ http://localhost:3000/_next/static/chunks/node_modules_next_dist_1e8vcs8._.js:776
[  116176ms] [LOG] [Fast Refresh] done in 8ms @ http://localhost:3000/_next/static/chunks/node_modules_next_dist_1e8vcs8._.js:776
[  116225ms] [LOG] [Fast Refresh] done in 8ms @ http://localhost:3000/_next/static/chunks/node_modules_next_dist_1e8vcs8._.js:776
[  116290ms] [LOG] [Fast Refresh] done in 8ms @ http://localhost:3000/_next/static/chunks/node_modules_next_dist_1e8vcs8._.js:776
[  116347ms] [LOG] [Fast Refresh] done in 8ms @ http://localhost:3000/_next/static/chunks/node_modules_next_dist_1e8vcs8._.js:776
[  116392ms] [LOG] [Fast Refresh] done in 8ms @ http://localhost:3000/_next/static/chunks/node_modules_next_dist_1e8vcs8._.js:776
[  116443ms] [LOG] [Fast Refresh] done in 8ms @ http://localhost:3000/_next/static/chunks/node_modules_next_dist_1e8vcs8._.js:776
[  116491ms] [LOG] [Fast Refresh] done in 8ms @ http://localhost:3000/_next/static/chunks/node_modules_next_dist_1e8vcs8._.js:776
[  116540ms] [LOG] [Fast Refresh] done in 8ms @ http://localhost:3000/_next/static/chunks/node_modules_next_dist_1e8vcs8._.js:776
[  116589ms] [LOG] [Fast Refresh] done in 8ms @ http://localhost:3000/_next/static/chunks/node_modules_next_dist_1e8vcs8._.js:776
[  116639ms] [LOG] [Fast Refresh] done in 8ms @ http://localhost:3000/_next/static/chunks/node_modules_next_dist_1e8vcs8._.js:776
[  116703ms] [LOG] [Fast Refresh] done in 8ms @ http://localhost:3000/_next/static/chunks/node_modules_next_dist_1e8vcs8._.js:776
[  116750ms] [LOG] [Fast Refresh] done in 8ms @ http://localhost:3000/_next/static/chunks/node_modules_next_dist_1e8vcs8._.js:776
[  116798ms] [LOG] [Fast Refresh] done in 8ms @ http://localhost:3000/_next/static/chunks/node_modules_next_dist_1e8vcs8._.js:776
[  116862ms] [LOG] [Fast Refresh] done in 8ms @ http://localhost:3000/_next/static/chunks/node_modules_next_dist_1e8vcs8._.js:776
[  116910ms] [LOG] [Fast Refresh] done in 8ms @ http://localhost:3000/_next/static/chunks/node_modules_next_dist_1e8vcs8._.js:776
[  116958ms] [LOG] [Fast Refresh] done in 8ms @ http://localhost:3000/_next/static/chunks/node_modules_next_dist_1e8vcs8._.js:776
[  117006ms] [LOG] [Fast Refresh] done in 8ms @ http://localhost:3000/_next/static/chunks/node_modules_next_dist_1e8vcs8._.js:776
[  117053ms] [LOG] [Fast Refresh] done in 8ms @ http://localhost:3000/_next/static/chunks/node_modules_next_dist_1e8vcs8._.js:776
[  117117ms] [LOG] [Fast Refresh] done in 8ms @ http://localhost:3000/_next/static/chunks/node_modules_next_dist_1e8vcs8._.js:776
[  117181ms] [LOG] [Fast Refresh] done in 8ms @ http://localhost:3000/_next/static/chunks/node_modules_next_dist_1e8vcs8._.js:776
[  117229ms] [LOG] [Fast Refresh] done in 8ms @ http://localhost:3000/_next/static/chunks/node_modules_next_dist_1e8vcs8._.js:776
[  117276ms] [LOG] [Fast Refresh] done in 8ms @ http://localhost:3000/_next/static/chunks/node_modules_next_dist_1e8vcs8._.js:776
[  117324ms] [LOG] [Fast Refresh] done in 8ms @ http://localhost:3000/_next/static/chunks/node_modules_next_dist_1e8vcs8._.js:776
[  117372ms] [LOG] [Fast Refresh] done in 8ms @ http://localhost:3000/_next/static/chunks/node_modules_next_dist_1e8vcs8._.js:776
[  117420ms] [LOG] [Fast Refresh] done in 8ms @ http://localhost:3000/_next/static/chunks/node_modules_next_dist_1e8vcs8._.js:776
[  117484ms] [LOG] [Fast Refresh] done in 8ms @ http://localhost:3000/_next/static/chunks/node_modules_next_dist_1e8vcs8._.js:776
[  117533ms] [LOG] [Fast Refresh] done in 8ms @ http://localhost:3000/_next/static/chunks/node_modules_next_dist_1e8vcs8._.js:776
[  117574ms] [LOG] [Fast Refresh] done in 8ms @ http://localhost:3000/_next/static/chunks/node_modules_next_dist_1e8vcs8._.js:776
[  117622ms] [LOG] [Fast Refresh] done in 8ms @ http://localhost:3000/_next/static/chunks/node_modules_next_dist_1e8vcs8._.js:776
[  117674ms] [LOG] [Fast Refresh] done in 8ms @ http://localhost:3000/_next/static/chunks/node_modules_next_dist_1e8vcs8._.js:776
[  117726ms] [LOG] [Fast Refresh] done in 8ms @ http://localhost:3000/_next/static/chunks/node_modules_next_dist_1e8vcs8._.js:776
[  117775ms] [LOG] [Fast Refresh] done in 8ms @ http://localhost:3000/_next/static/chunks/node_modules_next_dist_1e8vcs8._.js:776
[  117824ms] [LOG] [Fast Refresh] done in 8ms @ http://localhost:3000/_next/static/chunks/node_modules_next_dist_1e8vcs8._.js:776
[  117888ms] [LOG] [Fast Refresh] done in 8ms @ http://localhost:3000/_next/static/chunks/node_modules_next_dist_1e8vcs8._.js:776
[  117940ms] [LOG] [Fast Refresh] done in 8ms @ http://localhost:3000/_next/static/chunks/node_modules_next_dist_1e8vcs8._.js:776
[  118004ms] [LOG] [Fast Refresh] done in 8ms @ http://localhost:3000/_next/static/chunks/node_modules_next_dist_1e8vcs8._.js:776
[  118051ms] [LOG] [Fast Refresh] done in 8ms @ http://localhost:3000/_next/static/chunks/node_modules_next_dist_1e8vcs8._.js:776
[  118099ms] [LOG] [Fast Refresh] done in 8ms @ http://localhost:3000/_next/static/chunks/node_modules_next_dist_1e8vcs8._.js:776
[  118163ms] [LOG] [Fast Refresh] done in 8ms @ http://localhost:3000/_next/static/chunks/node_modules_next_dist_1e8vcs8._.js:776
[  118211ms] [LOG] [Fast Refresh] done in 8ms @ http://localhost:3000/_next/static/chunks/node_modules_next_dist_1e8vcs8._.js:776
[  118275ms] [LOG] [Fast Refresh] done in 8ms @ http://localhost:3000/_next/static/chunks/node_modules_next_dist_1e8vcs8._.js:776
[  118323ms] [LOG] [Fast Refresh] done in 8ms @ http://localhost:3000/_next/static/chunks/node_modules_next_dist_1e8vcs8._.js:776
[  118379ms] [LOG] [Fast Refresh] done in 8ms @ http://localhost:3000/_next/static/chunks/node_modules_next_dist_1e8vcs8._.js:776
[  118427ms] [LOG] [Fast Refresh] done in 8ms @ http://localhost:3000/_next/static/chunks/node_modules_next_dist_1e8vcs8._.js:776
[  118475ms] [LOG] [Fast Refresh] done in 8ms @ http://localhost:3000/_next/static/chunks/node_modules_next_dist_1e8vcs8._.js:776
[  118525ms] [LOG] [Fast Refresh] done in 8ms @ http://localhost:3000/_next/static/chunks/node_modules_next_dist_1e8vcs8._.js:776
[  118576ms] [LOG] [Fast Refresh] done in 8ms @ http://localhost:3000/_next/static/chunks/node_modules_next_dist_1e8vcs8._.js:776
[  118628ms] [LOG] [Fast Refresh] done in 8ms @ http://localhost:3000/_next/static/chunks/node_modules_next_dist_1e8vcs8._.js:776
[  118689ms] [LOG] [Fast Refresh] done in 8ms @ http://localhost:3000/_next/static/chunks/node_modules_next_dist_1e8vcs8._.js:776
[  118752ms] [LOG] [Fast Refresh] done in 8ms @ http://localhost:3000/_next/static/chunks/node_modules_next_dist_1e8vcs8._.js:776
[  118814ms] [LOG] [Fast Refresh] done in 8ms @ http://localhost:3000/_next/static/chunks/node_modules_next_dist_1e8vcs8._.js:776
[  118876ms] [LOG] [Fast Refresh] done in 8ms @ http://localhost:3000/_next/static/chunks/node_modules_next_dist_1e8vcs8._.js:776
[  118927ms] [LOG] [Fast Refresh] done in 8ms @ http://localhost:3000/_next/static/chunks/node_modules_next_dist_1e8vcs8._.js:776
[  118976ms] [LOG] [Fast Refresh] done in 8ms @ http://localhost:3000/_next/static/chunks/node_modules_next_dist_1e8vcs8._.js:776
[  119016ms] [LOG] [Fast Refresh] done in 8ms @ http://localhost:3000/_next/static/chunks/node_modules_next_dist_1e8vcs8._.js:776
[  119055ms] [LOG] [Fast Refresh] done in 8ms @ http://localhost:3000/_next/static/chunks/node_modules_next_dist_1e8vcs8._.js:776
[  119092ms] [LOG] [Fast Refresh] done in 8ms @ http://localhost:3000/_next/static/chunks/node_modules_next_dist_1e8vcs8._.js:776
[  119142ms] [LOG] [Fast Refresh] done in 8ms @ http://localhost:3000/_next/static/chunks/node_modules_next_dist_1e8vcs8._.js:776
[  119179ms] [LOG] [Fast Refresh] done in 8ms @ http://localhost:3000/_next/static/chunks/node_modules_next_dist_1e8vcs8._.js:776
[  119219ms] [LOG] [Fast Refresh] done in 8ms @ http://localhost:3000/_next/static/chunks/node_modules_next_dist_1e8vcs8._.js:776
[  119259ms] [LOG] [Fast Refresh] done in 8ms @ http://localhost:3000/_next/static/chunks/node_modules_next_dist_1e8vcs8._.js:776
[  119309ms] [LOG] [Fast Refresh] done in 8ms @ http://localhost:3000/_next/static/chunks/node_modules_next_dist_1e8vcs8._.js:776
[  119358ms] [LOG] [Fast Refresh] done in 8ms @ http://localhost:3000/_next/static/chunks/node_modules_next_dist_1e8vcs8._.js:776
[  119421ms] [LOG] [Fast Refresh] done in 8ms @ http://localhost:3000/_next/static/chunks/node_modules_next_dist_1e8vcs8._.js:776
[  119484ms] [LOG] [Fast Refresh] done in 8ms @ http://localhost:3000/_next/static/chunks/node_modules_next_dist_1e8vcs8._.js:776
[  119527ms] [LOG] [Fast Refresh] done in 8ms @ http://localhost:3000/_next/static/chunks/node_modules_next_dist_1e8vcs8._.js:776
[  119575ms] [LOG] [Fast Refresh] done in 8ms @ http://localhost:3000/_next/static/chunks/node_modules_next_dist_1e8vcs8._.js:776
[  119617ms] [LOG] [Fast Refresh] done in 8ms @ http://localhost:3000/_next/static/chunks/node_modules_next_dist_1e8vcs8._.js:776
[  119658ms] [LOG] [Fast Refresh] done in 8ms @ http://localhost:3000/_next/static/chunks/node_modules_next_dist_1e8vcs8._.js:776
[  119713ms] [LOG] [Fast Refresh] done in 8ms @ http://localhost:3000/_next/static/chunks/node_modules_next_dist_1e8vcs8._.js:776
[  119762ms] [LOG] [Fast Refresh] done in 8ms @ http://localhost:3000/_next/static/chunks/node_modules_next_dist_1e8vcs8._.js:776
[  119823ms] [LOG] [Fast Refresh] done in 8ms @ http://localhost:3000/_next/static/chunks/node_modules_next_dist_1e8vcs8._.js:776
[  119859ms] [LOG] [Fast Refresh] done in 8ms @ http://localhost:3000/_next/static/chunks/node_modules_next_dist_1e8vcs8._.js:776
[  119912ms] [LOG] [Fast Refresh] done in 8ms @ http://localhost:3000/_next/static/chunks/node_modules_next_dist_1e8vcs8._.js:776
[  119962ms] [LOG] [Fast Refresh] done in 8ms @ http://localhost:3000/_next/static/chunks/node_modules_next_dist_1e8vcs8._.js:776
[  120012ms] [LOG] [Fast Refresh] done in 8ms @ http://localhost:3000/_next/static/chunks/node_modules_next_dist_1e8vcs8._.js:776
[  120059ms] [LOG] [Fast Refresh] done in 8ms @ http://localhost:3000/_next/static/chunks/node_modules_next_dist_1e8vcs8._.js:776
[  120107ms] [LOG] [Fast Refresh] done in 8ms @ http://localhost:3000/_next/static/chunks/node_modules_next_dist_1e8vcs8._.js:776
[  120155ms] [LOG] [Fast Refresh] done in 8ms @ http://localhost:3000/_next/static/chunks/node_modules_next_dist_1e8vcs8._.js:776
[  120218ms] [LOG] [Fast Refresh] done in 8ms @ http://localhost:3000/_next/static/chunks/node_modules_next_dist_1e8vcs8._.js:776
[  120268ms] [LOG] [Fast Refresh] done in 8ms @ http://localhost:3000/_next/static/chunks/node_modules_next_dist_1e8vcs8._.js:776
[  120327ms] [LOG] [Fast Refresh] done in 8ms @ http://localhost:3000/_next/static/chunks/node_modules_next_dist_1e8vcs8._.js:776
[  120388ms] [LOG] [Fast Refresh] done in 8ms @ http://localhost:3000/_next/static/chunks/node_modules_next_dist_1e8vcs8._.js:776
[  120451ms] [LOG] [Fast Refresh] done in 8ms @ http://localhost:3000/_next/static/chunks/node_modules_next_dist_1e8vcs8._.js:776
[  120499ms] [LOG] [Fast Refresh] done in 8ms @ http://localhost:3000/_next/static/chunks/node_modules_next_dist_1e8vcs8._.js:776
[  120553ms] [LOG] [Fast Refresh] done in 8ms @ http://localhost:3000/_next/static/chunks/node_modules_next_dist_1e8vcs8._.js:776
[  120601ms] [LOG] [Fast Refresh] done in 8ms @ http://localhost:3000/_next/static/chunks/node_modules_next_dist_1e8vcs8._.js:776
[  120649ms] [LOG] [Fast Refresh] done in 8ms @ http://localhost:3000/_next/static/chunks/node_modules_next_dist_1e8vcs8._.js:776
[  120697ms] [LOG] [Fast Refresh] done in 8ms @ http://localhost:3000/_next/static/chunks/node_modules_next_dist_1e8vcs8._.js:776
[  120745ms] [LOG] [Fast Refresh] done in 8ms @ http://localhost:3000/_next/static/chunks/node_modules_next_dist_1e8vcs8._.js:776
[  120791ms] [LOG] [Fast Refresh] done in 8ms @ http://localhost:3000/_next/static/chunks/node_modules_next_dist_1e8vcs8._.js:776
[  120828ms] [LOG] [Fast Refresh] done in 8ms @ http://localhost:3000/_next/static/chunks/node_modules_next_dist_1e8vcs8._.js:776
[  120890ms] [LOG] [Fast Refresh] done in 8ms @ http://localhost:3000/_next/static/chunks/node_modules_next_dist_1e8vcs8._.js:776
[  120954ms] [LOG] [Fast Refresh] done in 8ms @ http://localhost:3000/_next/static/chunks/node_modules_next_dist_1e8vcs8._.js:776
[  121007ms] [LOG] [Fast Refresh] done in 8ms @ http://localhost:3000/_next/static/chunks/node_modules_next_dist_1e8vcs8._.js:776
[  121058ms] [LOG] [Fast Refresh] done in 8ms @ http://localhost:3000/_next/static/chunks/node_modules_next_dist_1e8vcs8._.js:776
[  121121ms] [LOG] [Fast Refresh] done in 8ms @ http://localhost:3000/_next/static/chunks/node_modules_next_dist_1e8vcs8._.js:776
[  121159ms] [LOG] [Fast Refresh] done in 8ms @ http://localhost:3000/_next/static/chunks/node_modules_next_dist_1e8vcs8._.js:776
[  121221ms] [LOG] [Fast Refresh] done in 8ms @ http://localhost:3000/_next/static/chunks/node_modules_next_dist_1e8vcs8._.js:776
[  121284ms] [LOG] [Fast Refresh] done in 8ms @ http://localhost:3000/_next/static/chunks/node_modules_next_dist_1e8vcs8._.js:776
[  121326ms] [LOG] [Fast Refresh] done in 8ms @ http://localhost:3000/_next/static/chunks/node_modules_next_dist_1e8vcs8._.js:776
[  121375ms] [LOG] [Fast Refresh] done in 8ms @ http://localhost:3000/_next/static/chunks/node_modules_next_dist_1e8vcs8._.js:776
[  121423ms] [LOG] [Fast Refresh] done in 8ms @ http://localhost:3000/_next/static/chunks/node_modules_next_dist_1e8vcs8._.js:776
[  121471ms] [LOG] [Fast Refresh] done in 8ms @ http://localhost:3000/_next/static/chunks/node_modules_next_dist_1e8vcs8._.js:776
[  121508ms] [LOG] [Fast Refresh] done in 8ms @ http://localhost:3000/_next/static/chunks/node_modules_next_dist_1e8vcs8._.js:776
[  121556ms] [LOG] [Fast Refresh] done in 8ms @ http://localhost:3000/_next/static/chunks/node_modules_next_dist_1e8vcs8._.js:776
[  121608ms] [LOG] [Fast Refresh] done in 8ms @ http://localhost:3000/_next/static/chunks/node_modules_next_dist_1e8vcs8._.js:776
[  121659ms] [LOG] [Fast Refresh] done in 8ms @ http://localhost:3000/_next/static/chunks/node_modules_next_dist_1e8vcs8._.js:776
[  121709ms] [LOG] [Fast Refresh] done in 8ms @ http://localhost:3000/_next/static/chunks/node_modules_next_dist_1e8vcs8._.js:776
[  121759ms] [LOG] [Fast Refresh] done in 8ms @ http://localhost:3000/_next/static/chunks/node_modules_next_dist_1e8vcs8._.js:776
[  121809ms] [LOG] [Fast Refresh] done in 8ms @ http://localhost:3000/_next/static/chunks/node_modules_next_dist_1e8vcs8._.js:776
[  121874ms] [LOG] [Fast Refresh] done in 8ms @ http://localhost:3000/_next/static/chunks/node_modules_next_dist_1e8vcs8._.js:776
[  121926ms] [LOG] [Fast Refresh] done in 8ms @ http://localhost:3000/_next/static/chunks/node_modules_next_dist_1e8vcs8._.js:776
[  121977ms] [LOG] [Fast Refresh] done in 8ms @ http://localhost:3000/_next/static/chunks/node_modules_next_dist_1e8vcs8._.js:776
[  122041ms] [LOG] [Fast Refresh] done in 8ms @ http://localhost:3000/_next/static/chunks/node_modules_next_dist_1e8vcs8._.js:776
[  122091ms] [LOG] [Fast Refresh] done in 8ms @ http://localhost:3000/_next/static/chunks/node_modules_next_dist_1e8vcs8._.js:776
[  122142ms] [LOG] [Fast Refresh] done in 8ms @ http://localhost:3000/_next/static/chunks/node_modules_next_dist_1e8vcs8._.js:776
[  122193ms] [LOG] [Fast Refresh] done in 8ms @ http://localhost:3000/_next/static/chunks/node_modules_next_dist_1e8vcs8._.js:776
[  122296ms] [LOG] [Fast Refresh] rebuilding @ http://localhost:3000/_next/static/chunks/node_modules_next_dist_1e8vcs8._.js:776
[  122355ms] [LOG] [Fast Refresh] done in 5ms @ http://localhost:3000/_next/static/chunks/node_modules_next_dist_1e8vcs8._.js:776
[  122408ms] [LOG] [Fast Refresh] done in 5ms @ http://localhost:3000/_next/static/chunks/node_modules_next_dist_1e8vcs8._.js:776
[  122458ms] [LOG] [Fast Refresh] done in 5ms @ http://localhost:3000/_next/static/chunks/node_modules_next_dist_1e8vcs8._.js:776
[  122508ms] [LOG] [Fast Refresh] done in 5ms @ http://localhost:3000/_next/static/chunks/node_modules_next_dist_1e8vcs8._.js:776
[  122558ms] [LOG] [Fast Refresh] done in 5ms @ http://localhost:3000/_next/static/chunks/node_modules_next_dist_1e8vcs8._.js:776
[  122607ms] [LOG] [Fast Refresh] done in 5ms @ http://localhost:3000/_next/static/chunks/node_modules_next_dist_1e8vcs8._.js:776
[  122657ms] [LOG] [Fast Refresh] done in 5ms @ http://localhost:3000/_next/static/chunks/node_modules_next_dist_1e8vcs8._.js:776
[  122708ms] [LOG] [Fast Refresh] done in 5ms @ http://localhost:3000/_next/static/chunks/node_modules_next_dist_1e8vcs8._.js:776
[  122757ms] [LOG] [Fast Refresh] done in 5ms @ http://localhost:3000/_next/static/chunks/node_modules_next_dist_1e8vcs8._.js:776
[  122808ms] [LOG] [Fast Refresh] done in 5ms @ http://localhost:3000/_next/static/chunks/node_modules_next_dist_1e8vcs8._.js:776
[  122857ms] [LOG] [Fast Refresh] done in 5ms @ http://localhost:3000/_next/static/chunks/node_modules_next_dist_1e8vcs8._.js:776
[  122911ms] [LOG] [Fast Refresh] done in 5ms @ http://localhost:3000/_next/static/chunks/node_modules_next_dist_1e8vcs8._.js:776
[  122958ms] [LOG] [Fast Refresh] done in 5ms @ http://localhost:3000/_next/static/chunks/node_modules_next_dist_1e8vcs8._.js:776
[  123008ms] [LOG] [Fast Refresh] done in 5ms @ http://localhost:3000/_next/static/chunks/node_modules_next_dist_1e8vcs8._.js:776
[  123058ms] [LOG] [Fast Refresh] done in 5ms @ http://localhost:3000/_next/static/chunks/node_modules_next_dist_1e8vcs8._.js:776
[  123108ms] [LOG] [Fast Refresh] done in 5ms @ http://localhost:3000/_next/static/chunks/node_modules_next_dist_1e8vcs8._.js:776
[  123158ms] [LOG] [Fast Refresh] done in 5ms @ http://localhost:3000/_next/static/chunks/node_modules_next_dist_1e8vcs8._.js:776
[  123211ms] [LOG] [Fast Refresh] done in 5ms @ http://localhost:3000/_next/static/chunks/node_modules_next_dist_1e8vcs8._.js:776
[  123260ms] [LOG] [Fast Refresh] done in 5ms @ http://localhost:3000/_next/static/chunks/node_modules_next_dist_1e8vcs8._.js:776
[  123310ms] [LOG] [Fast Refresh] done in 5ms @ http://localhost:3000/_next/static/chunks/node_modules_next_dist_1e8vcs8._.js:776
[  123360ms] [LOG] [Fast Refresh] done in 5ms @ http://localhost:3000/_next/static/chunks/node_modules_next_dist_1e8vcs8._.js:776
[  123410ms] [LOG] [Fast Refresh] done in 5ms @ http://localhost:3000/_next/static/chunks/node_modules_next_dist_1e8vcs8._.js:776
[  123458ms] [LOG] [Fast Refresh] done in 5ms @ http://localhost:3000/_next/static/chunks/node_modules_next_dist_1e8vcs8._.js:776
[  123508ms] [LOG] [Fast Refresh] done in 5ms @ http://localhost:3000/_next/static/chunks/node_modules_next_dist_1e8vcs8._.js:776
[  123546ms] [LOG] [Fast Refresh] done in 5ms @ http://localhost:3000/_next/static/chunks/node_modules_next_dist_1e8vcs8._.js:776
[  123585ms] [LOG] [Fast Refresh] done in 5ms @ http://localhost:3000/_next/static/chunks/node_modules_next_dist_1e8vcs8._.js:776
[  123628ms] [LOG] [Fast Refresh] done in 5ms @ http://localhost:3000/_next/static/chunks/node_modules_next_dist_1e8vcs8._.js:776
[  123693ms] [LOG] [Fast Refresh] done in 5ms @ http://localhost:3000/_next/static/chunks/node_modules_next_dist_1e8vcs8._.js:776
[  123746ms] [LOG] [Fast Refresh] done in 5ms @ http://localhost:3000/_next/static/chunks/node_modules_next_dist_1e8vcs8._.js:776
[  123807ms] [LOG] [Fast Refresh] done in 5ms @ http://localhost:3000/_next/static/chunks/node_modules_next_dist_1e8vcs8._.js:776
[  123858ms] [LOG] [Fast Refresh] done in 5ms @ http://localhost:3000/_next/static/chunks/node_modules_next_dist_1e8vcs8._.js:776
[  123907ms] [LOG] [Fast Refresh] done in 5ms @ http://localhost:3000/_next/static/chunks/node_modules_next_dist_1e8vcs8._.js:776
[  123959ms] [LOG] [Fast Refresh] done in 5ms @ http://localhost:3000/_next/static/chunks/node_modules_next_dist_1e8vcs8._.js:776
[  124010ms] [LOG] [Fast Refresh] done in 5ms @ http://localhost:3000/_next/static/chunks/node_modules_next_dist_1e8vcs8._.js:776
[  124059ms] [LOG] [Fast Refresh] done in 5ms @ http://localhost:3000/_next/static/chunks/node_modules_next_dist_1e8vcs8._.js:776
[  124108ms] [LOG] [Fast Refresh] done in 5ms @ http://localhost:3000/_next/static/chunks/node_modules_next_dist_1e8vcs8._.js:776
[  124158ms] [LOG] [Fast Refresh] done in 5ms @ http://localhost:3000/_next/static/chunks/node_modules_next_dist_1e8vcs8._.js:776
[  124210ms] [LOG] [Fast Refresh] done in 5ms @ http://localhost:3000/_next/static/chunks/node_modules_next_dist_1e8vcs8._.js:776
[  124259ms] [LOG] [Fast Refresh] done in 5ms @ http://localhost:3000/_next/static/chunks/node_modules_next_dist_1e8vcs8._.js:776
[  124309ms] [LOG] [Fast Refresh] done in 5ms @ http://localhost:3000/_next/static/chunks/node_modules_next_dist_1e8vcs8._.js:776
[  124373ms] [LOG] [Fast Refresh] done in 5ms @ http://localhost:3000/_next/static/chunks/node_modules_next_dist_1e8vcs8._.js:776
[  124413ms] [LOG] [Fast Refresh] done in 5ms @ http://localhost:3000/_next/static/chunks/node_modules_next_dist_1e8vcs8._.js:776
[  124449ms] [LOG] [Fast Refresh] done in 5ms @ http://localhost:3000/_next/static/chunks/node_modules_next_dist_1e8vcs8._.js:776
[  124491ms] [LOG] [Fast Refresh] done in 5ms @ http://localhost:3000/_next/static/chunks/node_modules_next_dist_1e8vcs8._.js:776
[  124534ms] [LOG] [Fast Refresh] done in 5ms @ http://localhost:3000/_next/static/chunks/node_modules_next_dist_1e8vcs8._.js:776
[  124573ms] [LOG] [Fast Refresh] done in 5ms @ http://localhost:3000/_next/static/chunks/node_modules_next_dist_1e8vcs8._.js:776
[  124611ms] [LOG] [Fast Refresh] done in 5ms @ http://localhost:3000/_next/static/chunks/node_modules_next_dist_1e8vcs8._.js:776
[  124652ms] [LOG] [Fast Refresh] done in 5ms @ http://localhost:3000/_next/static/chunks/node_modules_next_dist_1e8vcs8._.js:776
[  124690ms] [LOG] [Fast Refresh] done in 5ms @ http://localhost:3000/_next/static/chunks/node_modules_next_dist_1e8vcs8._.js:776
[  124742ms] [LOG] [Fast Refresh] done in 5ms @ http://localhost:3000/_next/static/chunks/node_modules_next_dist_1e8vcs8._.js:776
[  124792ms] [LOG] [Fast Refresh] done in 5ms @ http://localhost:3000/_next/static/chunks/node_modules_next_dist_1e8vcs8._.js:776
[  124842ms] [LOG] [Fast Refresh] done in 5ms @ http://localhost:3000/_next/static/chunks/node_modules_next_dist_1e8vcs8._.js:776
[  124905ms] [LOG] [Fast Refresh] done in 5ms @ http://localhost:3000/_next/static/chunks/node_modules_next_dist_1e8vcs8._.js:776
[  124942ms] [LOG] [Fast Refresh] done in 5ms @ http://localhost:3000/_next/static/chunks/node_modules_next_dist_1e8vcs8._.js:776
[  124990ms] [LOG] [Fast Refresh] done in 5ms @ http://localhost:3000/_next/static/chunks/node_modules_next_dist_1e8vcs8._.js:776
[  125041ms] [LOG] [Fast Refresh] done in 5ms @ http://localhost:3000/_next/static/chunks/node_modules_next_dist_1e8vcs8._.js:776
[  125092ms] [LOG] [Fast Refresh] done in 5ms @ http://localhost:3000/_next/static/chunks/node_modules_next_dist_1e8vcs8._.js:776
[  125141ms] [LOG] [Fast Refresh] done in 5ms @ http://localhost:3000/_next/static/chunks/node_modules_next_dist_1e8vcs8._.js:776
[  125192ms] [LOG] [Fast Refresh] done in 5ms @ http://localhost:3000/_next/static/chunks/node_modules_next_dist_1e8vcs8._.js:776
[  125242ms] [LOG] [Fast Refresh] done in 5ms @ http://localhost:3000/_next/static/chunks/node_modules_next_dist_1e8vcs8._.js:776
[  125292ms] [LOG] [Fast Refresh] done in 5ms @ http://localhost:3000/_next/static/chunks/node_modules_next_dist_1e8vcs8._.js:776
[  125340ms] [LOG] [Fast Refresh] done in 5ms @ http://localhost:3000/_next/static/chunks/node_modules_next_dist_1e8vcs8._.js:776
[  125355ms] [WARNING] The resource http://localhost:3000/_next/static/media/797e433ab948586e-s.p.0r6juujl39pe6.woff2 was preloaded using link preload but not used within a few seconds from the window's load event. Please make sure it has an appropriate `as` value and it is preloaded intentionally. @ http://localhost:3000/:0
[  125355ms] [WARNING] The resource http://localhost:3000/_next/static/media/caa3a2e1cccd8315-s.p.0wgildi0cnwt9.woff2 was preloaded using link preload but not used within a few seconds from the window's load event. Please make sure it has an appropriate `as` value and it is preloaded intentionally. @ http://localhost:3000/:0
[  125403ms] [LOG] [Fast Refresh] done in 5ms @ http://localhost:3000/_next/static/chunks/node_modules_next_dist_1e8vcs8._.js:776
[  125451ms] [LOG] [Fast Refresh] done in 5ms @ http://localhost:3000/_next/static/chunks/node_modules_next_dist_1e8vcs8._.js:776
[  125499ms] [LOG] [Fast Refresh] done in 5ms @ http://localhost:3000/_next/static/chunks/node_modules_next_dist_1e8vcs8._.js:776
[  125562ms] [LOG] [Fast Refresh] done in 5ms @ http://localhost:3000/_next/static/chunks/node_modules_next_dist_1e8vcs8._.js:776
[  125610ms] [LOG] [Fast Refresh] done in 5ms @ http://localhost:3000/_next/static/chunks/node_modules_next_dist_1e8vcs8._.js:776
[  125674ms] [LOG] [Fast Refresh] done in 5ms @ http://localhost:3000/_next/static/chunks/node_modules_next_dist_1e8vcs8._.js:776
[  125723ms] [LOG] [Fast Refresh] done in 5ms @ http://localhost:3000/_next/static/chunks/node_modules_next_dist_1e8vcs8._.js:776
[  125761ms] [LOG] [Fast Refresh] done in 5ms @ http://localhost:3000/_next/static/chunks/node_modules_next_dist_1e8vcs8._.js:776
[  125797ms] [LOG] [Fast Refresh] done in 5ms @ http://localhost:3000/_next/static/chunks/node_modules_next_dist_1e8vcs8._.js:776
[  125847ms] [LOG] [Fast Refresh] done in 5ms @ http://localhost:3000/_next/static/chunks/node_modules_next_dist_1e8vcs8._.js:776
[  125893ms] [LOG] [Fast Refresh] done in 5ms @ http://localhost:3000/_next/static/chunks/node_modules_next_dist_1e8vcs8._.js:776
[  125943ms] [LOG] [Fast Refresh] done in 5ms @ http://localhost:3000/_next/static/chunks/node_modules_next_dist_1e8vcs8._.js:776
[  125992ms] [LOG] [Fast Refresh] done in 5ms @ http://localhost:3000/_next/static/chunks/node_modules_next_dist_1e8vcs8._.js:776
[  126030ms] [LOG] [Fast Refresh] done in 5ms @ http://localhost:3000/_next/static/chunks/node_modules_next_dist_1e8vcs8._.js:776
[  126075ms] [LOG] [Fast Refresh] done in 5ms @ http://localhost:3000/_next/static/chunks/node_modules_next_dist_1e8vcs8._.js:776
[  126112ms] [LOG] [Fast Refresh] done in 5ms @ http://localhost:3000/_next/static/chunks/node_modules_next_dist_1e8vcs8._.js:776
[  126149ms] [LOG] [Fast Refresh] done in 5ms @ http://localhost:3000/_next/static/chunks/node_modules_next_dist_1e8vcs8._.js:776
[  126188ms] [LOG] [Fast Refresh] done in 5ms @ http://localhost:3000/_next/static/chunks/node_modules_next_dist_1e8vcs8._.js:776
[  126225ms] [LOG] [Fast Refresh] done in 5ms @ http://localhost:3000/_next/static/chunks/node_modules_next_dist_1e8vcs8._.js:776
[  126261ms] [LOG] [Fast Refresh] done in 5ms @ http://localhost:3000/_next/static/chunks/node_modules_next_dist_1e8vcs8._.js:776
[  126298ms] [LOG] [Fast Refresh] done in 5ms @ http://localhost:3000/_next/static/chunks/node_modules_next_dist_1e8vcs8._.js:776
[  126334ms] [LOG] [Fast Refresh] done in 5ms @ http://localhost:3000/_next/static/chunks/node_modules_next_dist_1e8vcs8._.js:776
[  126370ms] [LOG] [Fast Refresh] done in 5ms @ http://localhost:3000/_next/static/chunks/node_modules_next_dist_1e8vcs8._.js:776
[  126409ms] [LOG] [Fast Refresh] done in 5ms @ http://localhost:3000/_next/static/chunks/node_modules_next_dist_1e8vcs8._.js:776
[  126447ms] [LOG] [Fast Refresh] done in 5ms @ http://localhost:3000/_next/static/chunks/node_modules_next_dist_1e8vcs8._.js:776
[  126491ms] [LOG] [Fast Refresh] done in 5ms @ http://localhost:3000/_next/static/chunks/node_modules_next_dist_1e8vcs8._.js:776
[  126540ms] [LOG] [Fast Refresh] done in 5ms @ http://localhost:3000/_next/static/chunks/node_modules_next_dist_1e8vcs8._.js:776
[  126578ms] [LOG] [Fast Refresh] done in 5ms @ http://localhost:3000/_next/static/chunks/node_modules_next_dist_1e8vcs8._.js:776
[  126625ms] [LOG] [Fast Refresh] done in 5ms @ http://localhost:3000/_next/static/chunks/node_modules_next_dist_1e8vcs8._.js:776
[  126662ms] [LOG] [Fast Refresh] done in 5ms @ http://localhost:3000/_next/static/chunks/node_modules_next_dist_1e8vcs8._.js:776
[  126706ms] [LOG] [Fast Refresh] done in 5ms @ http://localhost:3000/_next/static/chunks/node_modules_next_dist_1e8vcs8._.js:776
[  126756ms] [LOG] [Fast Refresh] done in 5ms @ http://localhost:3000/_next/static/chunks/node_modules_next_dist_1e8vcs8._.js:776
[  126805ms] [LOG] [Fast Refresh] done in 5ms @ http://localhost:3000/_next/static/chunks/node_modules_next_dist_1e8vcs8._.js:776
[  126866ms] [LOG] [Fast Refresh] done in 5ms @ http://localhost:3000/_next/static/chunks/node_modules_next_dist_1e8vcs8._.js:776
[  126917ms] [LOG] [Fast Refresh] done in 5ms @ http://localhost:3000/_next/static/chunks/node_modules_next_dist_1e8vcs8._.js:776
[  126959ms] [LOG] [Fast Refresh] done in 5ms @ http://localhost:3000/_next/static/chunks/node_modules_next_dist_1e8vcs8._.js:776
[  127009ms] [LOG] [Fast Refresh] done in 5ms @ http://localhost:3000/_next/static/chunks/node_modules_next_dist_1e8vcs8._.js:776
[  127065ms] [LOG] [Fast Refresh] done in 5ms @ http://localhost:3000/_next/static/chunks/node_modules_next_dist_1e8vcs8._.js:776
[  127124ms] [LOG] [Fast Refresh] done in 5ms @ http://localhost:3000/_next/static/chunks/node_modules_next_dist_1e8vcs8._.js:776
[  127187ms] [LOG] [Fast Refresh] done in 5ms @ http://localhost:3000/_next/static/chunks/node_modules_next_dist_1e8vcs8._.js:776
[  127250ms] [LOG] [Fast Refresh] done in 5ms @ http://localhost:3000/_next/static/chunks/node_modules_next_dist_1e8vcs8._.js:776
[  127298ms] [LOG] [Fast Refresh] done in 5ms @ http://localhost:3000/_next/static/chunks/node_modules_next_dist_1e8vcs8._.js:776
[  127356ms] [LOG] [Fast Refresh] done in 5ms @ http://localhost:3000/_next/static/chunks/node_modules_next_dist_1e8vcs8._.js:776
[  127407ms] [LOG] [Fast Refresh] done in 5ms @ http://localhost:3000/_next/static/chunks/node_modules_next_dist_1e8vcs8._.js:776
[  127455ms] [LOG] [Fast Refresh] done in 5ms @ http://localhost:3000/_next/static/chunks/node_modules_next_dist_1e8vcs8._.js:776
[  127503ms] [LOG] [Fast Refresh] done in 5ms @ http://localhost:3000/_next/static/chunks/node_modules_next_dist_1e8vcs8._.js:776
[  127550ms] [LOG] [Fast Refresh] done in 5ms @ http://localhost:3000/_next/static/chunks/node_modules_next_dist_1e8vcs8._.js:776
[  127611ms] [LOG] [Fast Refresh] done in 5ms @ http://localhost:3000/_next/static/chunks/node_modules_next_dist_1e8vcs8._.js:776
[  127660ms] [LOG] [Fast Refresh] done in 5ms @ http://localhost:3000/_next/static/chunks/node_modules_next_dist_1e8vcs8._.js:776
[  127707ms] [LOG] [Fast Refresh] done in 5ms @ http://localhost:3000/_next/static/chunks/node_modules_next_dist_1e8vcs8._.js:776
[  127759ms] [LOG] [Fast Refresh] done in 5ms @ http://localhost:3000/_next/static/chunks/node_modules_next_dist_1e8vcs8._.js:776
[  127807ms] [LOG] [Fast Refresh] done in 5ms @ http://localhost:3000/_next/static/chunks/node_modules_next_dist_1e8vcs8._.js:776
[  127858ms] [LOG] [Fast Refresh] done in 5ms @ http://localhost:3000/_next/static/chunks/node_modules_next_dist_1e8vcs8._.js:776
[  127908ms] [LOG] [Fast Refresh] done in 5ms @ http://localhost:3000/_next/static/chunks/node_modules_next_dist_1e8vcs8._.js:776
[  127958ms] [LOG] [Fast Refresh] done in 5ms @ http://localhost:3000/_next/static/chunks/node_modules_next_dist_1e8vcs8._.js:776
[  128007ms] [LOG] [Fast Refresh] done in 5ms @ http://localhost:3000/_next/static/chunks/node_modules_next_dist_1e8vcs8._.js:776
[  128075ms] [LOG] [Fast Refresh] done in 5ms @ http://localhost:3000/_next/static/chunks/node_modules_next_dist_1e8vcs8._.js:776
[  128182ms] [LOG] [Fast Refresh] rebuilding @ http://localhost:3000/_next/static/chunks/node_modules_next_dist_1e8vcs8._.js:776
[  128231ms] [LOG] [Fast Refresh] done in 4ms @ http://localhost:3000/_next/static/chunks/node_modules_next_dist_1e8vcs8._.js:776
[  128288ms] [LOG] [Fast Refresh] done in 4ms @ http://localhost:3000/_next/static/chunks/node_modules_next_dist_1e8vcs8._.js:776
[  128343ms] [LOG] [Fast Refresh] done in 4ms @ http://localhost:3000/_next/static/chunks/node_modules_next_dist_1e8vcs8._.js:776
[  128392ms] [LOG] [Fast Refresh] done in 4ms @ http://localhost:3000/_next/static/chunks/node_modules_next_dist_1e8vcs8._.js:776
[  128442ms] [LOG] [Fast Refresh] done in 4ms @ http://localhost:3000/_next/static/chunks/node_modules_next_dist_1e8vcs8._.js:776
[  128501ms] [LOG] [Fast Refresh] done in 4ms @ http://localhost:3000/_next/static/chunks/node_modules_next_dist_1e8vcs8._.js:776
[  128542ms] [LOG] [Fast Refresh] done in 4ms @ http://localhost:3000/_next/static/chunks/node_modules_next_dist_1e8vcs8._.js:776
[  128593ms] [LOG] [Fast Refresh] done in 4ms @ http://localhost:3000/_next/static/chunks/node_modules_next_dist_1e8vcs8._.js:776
[  128642ms] [LOG] [Fast Refresh] done in 4ms @ http://localhost:3000/_next/static/chunks/node_modules_next_dist_1e8vcs8._.js:776
[  128691ms] [LOG] [Fast Refresh] done in 4ms @ http://localhost:3000/_next/static/chunks/node_modules_next_dist_1e8vcs8._.js:776
[  128742ms] [LOG] [Fast Refresh] done in 4ms @ http://localhost:3000/_next/static/chunks/node_modules_next_dist_1e8vcs8._.js:776
[  128783ms] [LOG] [Fast Refresh] done in 4ms @ http://localhost:3000/_next/static/chunks/node_modules_next_dist_1e8vcs8._.js:776
[  128819ms] [LOG] [Fast Refresh] done in 4ms @ http://localhost:3000/_next/static/chunks/node_modules_next_dist_1e8vcs8._.js:776
[  128857ms] [LOG] [Fast Refresh] done in 4ms @ http://localhost:3000/_next/static/chunks/node_modules_next_dist_1e8vcs8._.js:776
[  128908ms] [LOG] [Fast Refresh] done in 4ms @ http://localhost:3000/_next/static/chunks/node_modules_next_dist_1e8vcs8._.js:776
[  128959ms] [LOG] [Fast Refresh] done in 4ms @ http://localhost:3000/_next/static/chunks/node_modules_next_dist_1e8vcs8._.js:776
[  129021ms] [LOG] [Fast Refresh] done in 4ms @ http://localhost:3000/_next/static/chunks/node_modules_next_dist_1e8vcs8._.js:776
[  129059ms] [LOG] [Fast Refresh] done in 4ms @ http://localhost:3000/_next/static/chunks/node_modules_next_dist_1e8vcs8._.js:776
[  129109ms] [LOG] [Fast Refresh] done in 4ms @ http://localhost:3000/_next/static/chunks/node_modules_next_dist_1e8vcs8._.js:776
[  129157ms] [LOG] [Fast Refresh] done in 4ms @ http://localhost:3000/_next/static/chunks/node_modules_next_dist_1e8vcs8._.js:776
[  129207ms] [LOG] [Fast Refresh] done in 4ms @ http://localhost:3000/_next/static/chunks/node_modules_next_dist_1e8vcs8._.js:776
[  129259ms] [LOG] [Fast Refresh] done in 4ms @ http://localhost:3000/_next/static/chunks/node_modules_next_dist_1e8vcs8._.js:776
[  129308ms] [LOG] [Fast Refresh] done in 4ms @ http://localhost:3000/_next/static/chunks/node_modules_next_dist_1e8vcs8._.js:776
[  129360ms] [LOG] [Fast Refresh] done in 4ms @ http://localhost:3000/_next/static/chunks/node_modules_next_dist_1e8vcs8._.js:776
[  129409ms] [LOG] [Fast Refresh] done in 4ms @ http://localhost:3000/_next/static/chunks/node_modules_next_dist_1e8vcs8._.js:776
[  129458ms] [LOG] [Fast Refresh] done in 4ms @ http://localhost:3000/_next/static/chunks/node_modules_next_dist_1e8vcs8._.js:776
[  129500ms] [LOG] [Fast Refresh] done in 4ms @ http://localhost:3000/_next/static/chunks/node_modules_next_dist_1e8vcs8._.js:776
[  129541ms] [LOG] [Fast Refresh] done in 4ms @ http://localhost:3000/_next/static/chunks/node_modules_next_dist_1e8vcs8._.js:776
[  129578ms] [LOG] [Fast Refresh] done in 4ms @ http://localhost:3000/_next/static/chunks/node_modules_next_dist_1e8vcs8._.js:776
[  129622ms] [LOG] [Fast Refresh] done in 4ms @ http://localhost:3000/_next/static/chunks/node_modules_next_dist_1e8vcs8._.js:776
[  129672ms] [LOG] [Fast Refresh] done in 4ms @ http://localhost:3000/_next/static/chunks/node_modules_next_dist_1e8vcs8._.js:776
[  129708ms] [LOG] [Fast Refresh] done in 4ms @ http://localhost:3000/_next/static/chunks/node_modules_next_dist_1e8vcs8._.js:776
[  129757ms] [LOG] [Fast Refresh] done in 4ms @ http://localhost:3000/_next/static/chunks/node_modules_next_dist_1e8vcs8._.js:776
[  129807ms] [LOG] [Fast Refresh] done in 4ms @ http://localhost:3000/_next/static/chunks/node_modules_next_dist_1e8vcs8._.js:776
[  129856ms] [LOG] [Fast Refresh] done in 4ms @ http://localhost:3000/_next/static/chunks/node_modules_next_dist_1e8vcs8._.js:776
[  129892ms] [LOG] [Fast Refresh] done in 4ms @ http://localhost:3000/_next/static/chunks/node_modules_next_dist_1e8vcs8._.js:776
[  129943ms] [LOG] [Fast Refresh] done in 4ms @ http://localhost:3000/_next/static/chunks/node_modules_next_dist_1e8vcs8._.js:776
[  129990ms] [LOG] [Fast Refresh] done in 4ms @ http://localhost:3000/_next/static/chunks/node_modules_next_dist_1e8vcs8._.js:776
[  130055ms] [LOG] [Fast Refresh] done in 4ms @ http://localhost:3000/_next/static/chunks/node_modules_next_dist_1e8vcs8._.js:776
[  130109ms] [LOG] [Fast Refresh] done in 4ms @ http://localhost:3000/_next/static/chunks/node_modules_next_dist_1e8vcs8._.js:776
[  130176ms] [LOG] [Fast Refresh] done in 4ms @ http://localhost:3000/_next/static/chunks/node_modules_next_dist_1e8vcs8._.js:776
[  130225ms] [LOG] [Fast Refresh] done in 4ms @ http://localhost:3000/_next/static/chunks/node_modules_next_dist_1e8vcs8._.js:776
[  130275ms] [LOG] [Fast Refresh] done in 4ms @ http://localhost:3000/_next/static/chunks/node_modules_next_dist_1e8vcs8._.js:776
[  130325ms] [LOG] [Fast Refresh] done in 4ms @ http://localhost:3000/_next/static/chunks/node_modules_next_dist_1e8vcs8._.js:776
[  130375ms] [LOG] [Fast Refresh] done in 4ms @ http://localhost:3000/_next/static/chunks/node_modules_next_dist_1e8vcs8._.js:776
[  130425ms] [LOG] [Fast Refresh] done in 4ms @ http://localhost:3000/_next/static/chunks/node_modules_next_dist_1e8vcs8._.js:776
[  130490ms] [LOG] [Fast Refresh] done in 4ms @ http://localhost:3000/_next/static/chunks/node_modules_next_dist_1e8vcs8._.js:776
[  130542ms] [LOG] [Fast Refresh] done in 4ms @ http://localhost:3000/_next/static/chunks/node_modules_next_dist_1e8vcs8._.js:776
[  130583ms] [LOG] [Fast Refresh] done in 4ms @ http://localhost:3000/_next/static/chunks/node_modules_next_dist_1e8vcs8._.js:776
[  130625ms] [LOG] [Fast Refresh] done in 4ms @ http://localhost:3000/_next/static/chunks/node_modules_next_dist_1e8vcs8._.js:776
[  130670ms] [LOG] [Fast Refresh] done in 4ms @ http://localhost:3000/_next/static/chunks/node_modules_next_dist_1e8vcs8._.js:776
[  130709ms] [LOG] [Fast Refresh] done in 4ms @ http://localhost:3000/_next/static/chunks/node_modules_next_dist_1e8vcs8._.js:776
[  130756ms] [LOG] [Fast Refresh] done in 4ms @ http://localhost:3000/_next/static/chunks/node_modules_next_dist_1e8vcs8._.js:776
[  130806ms] [LOG] [Fast Refresh] done in 4ms @ http://localhost:3000/_next/static/chunks/node_modules_next_dist_1e8vcs8._.js:776
[  130843ms] [LOG] [Fast Refresh] done in 4ms @ http://localhost:3000/_next/static/chunks/node_modules_next_dist_1e8vcs8._.js:776
[  130891ms] [LOG] [Fast Refresh] done in 4ms @ http://localhost:3000/_next/static/chunks/node_modules_next_dist_1e8vcs8._.js:776
[  130943ms] [LOG] [Fast Refresh] done in 4ms @ http://localhost:3000/_next/static/chunks/node_modules_next_dist_1e8vcs8._.js:776
[  130992ms] [LOG] [Fast Refresh] done in 4ms @ http://localhost:3000/_next/static/chunks/node_modules_next_dist_1e8vcs8._.js:776
[  131041ms] [LOG] [Fast Refresh] done in 4ms @ http://localhost:3000/_next/static/chunks/node_modules_next_dist_1e8vcs8._.js:776
[  131092ms] [LOG] [Fast Refresh] done in 4ms @ http://localhost:3000/_next/static/chunks/node_modules_next_dist_1e8vcs8._.js:776
[  131140ms] [LOG] [Fast Refresh] done in 4ms @ http://localhost:3000/_next/static/chunks/node_modules_next_dist_1e8vcs8._.js:776
[  131192ms] [LOG] [Fast Refresh] done in 4ms @ http://localhost:3000/_next/static/chunks/node_modules_next_dist_1e8vcs8._.js:776
[  131227ms] [LOG] [Fast Refresh] done in 4ms @ http://localhost:3000/_next/static/chunks/node_modules_next_dist_1e8vcs8._.js:776
[  131243ms] [WARNING] The resource http://localhost:3000/_next/static/media/797e433ab948586e-s.p.0r6juujl39pe6.woff2 was preloaded using link preload but not used within a few seconds from the window's load event. Please make sure it has an appropriate `as` value and it is preloaded intentionally. @ http://localhost:3000/:0
[  131243ms] [WARNING] The resource http://localhost:3000/_next/static/media/caa3a2e1cccd8315-s.p.0wgildi0cnwt9.woff2 was preloaded using link preload but not used within a few seconds from the window's load event. Please make sure it has an appropriate `as` value and it is preloaded intentionally. @ http://localhost:3000/:0
[  131280ms] [LOG] [Fast Refresh] done in 4ms @ http://localhost:3000/_next/static/chunks/node_modules_next_dist_1e8vcs8._.js:776
[  131326ms] [LOG] [Fast Refresh] done in 4ms @ http://localhost:3000/_next/static/chunks/node_modules_next_dist_1e8vcs8._.js:776
[  131369ms] [LOG] [Fast Refresh] done in 4ms @ http://localhost:3000/_next/static/chunks/node_modules_next_dist_1e8vcs8._.js:776
[  131408ms] [LOG] [Fast Refresh] done in 4ms @ http://localhost:3000/_next/static/chunks/node_modules_next_dist_1e8vcs8._.js:776
[  131459ms] [LOG] [Fast Refresh] done in 4ms @ http://localhost:3000/_next/static/chunks/node_modules_next_dist_1e8vcs8._.js:776
[  131509ms] [LOG] [Fast Refresh] done in 4ms @ http://localhost:3000/_next/static/chunks/node_modules_next_dist_1e8vcs8._.js:776
[  131557ms] [LOG] [Fast Refresh] done in 4ms @ http://localhost:3000/_next/static/chunks/node_modules_next_dist_1e8vcs8._.js:776
[  131610ms] [LOG] [Fast Refresh] done in 4ms @ http://localhost:3000/_next/static/chunks/node_modules_next_dist_1e8vcs8._.js:776
[  131658ms] [LOG] [Fast Refresh] done in 4ms @ http://localhost:3000/_next/static/chunks/node_modules_next_dist_1e8vcs8._.js:776
[  131708ms] [LOG] [Fast Refresh] done in 4ms @ http://localhost:3000/_next/static/chunks/node_modules_next_dist_1e8vcs8._.js:776
[  131758ms] [LOG] [Fast Refresh] done in 4ms @ http://localhost:3000/_next/static/chunks/node_modules_next_dist_1e8vcs8._.js:776
[  131810ms] [LOG] [Fast Refresh] done in 4ms @ http://localhost:3000/_next/static/chunks/node_modules_next_dist_1e8vcs8._.js:776
[  131865ms] [LOG] [Fast Refresh] done in 4ms @ http://localhost:3000/_next/static/chunks/node_modules_next_dist_1e8vcs8._.js:776
[  131908ms] [LOG] [Fast Refresh] done in 4ms @ http://localhost:3000/_next/static/chunks/node_modules_next_dist_1e8vcs8._.js:776
[  131958ms] [LOG] [Fast Refresh] done in 4ms @ http://localhost:3000/_next/static/chunks/node_modules_next_dist_1e8vcs8._.js:776
[  132006ms] [LOG] [Fast Refresh] done in 4ms @ http://localhost:3000/_next/static/chunks/node_modules_next_dist_1e8vcs8._.js:776
[  132057ms] [LOG] [Fast Refresh] done in 4ms @ http://localhost:3000/_next/static/chunks/node_modules_next_dist_1e8vcs8._.js:776
[  132108ms] [LOG] [Fast Refresh] done in 4ms @ http://localhost:3000/_next/static/chunks/node_modules_next_dist_1e8vcs8._.js:776
[  132157ms] [LOG] [Fast Refresh] done in 4ms @ http://localhost:3000/_next/static/chunks/node_modules_next_dist_1e8vcs8._.js:776
[  132207ms] [LOG] [Fast Refresh] done in 4ms @ http://localhost:3000/_next/static/chunks/node_modules_next_dist_1e8vcs8._.js:776
[  132258ms] [LOG] [Fast Refresh] done in 4ms @ http://localhost:3000/_next/static/chunks/node_modules_next_dist_1e8vcs8._.js:776
[  132307ms] [LOG] [Fast Refresh] done in 4ms @ http://localhost:3000/_next/static/chunks/node_modules_next_dist_1e8vcs8._.js:776
[  132358ms] [LOG] [Fast Refresh] done in 4ms @ http://localhost:3000/_next/static/chunks/node_modules_next_dist_1e8vcs8._.js:776
[  132423ms] [LOG] [Fast Refresh] done in 4ms @ http://localhost:3000/_next/static/chunks/node_modules_next_dist_1e8vcs8._.js:776
[  132475ms] [LOG] [Fast Refresh] done in 4ms @ http://localhost:3000/_next/static/chunks/node_modules_next_dist_1e8vcs8._.js:776
[  132523ms] [LOG] [Fast Refresh] done in 4ms @ http://localhost:3000/_next/static/chunks/node_modules_next_dist_1e8vcs8._.js:776
[  132575ms] [LOG] [Fast Refresh] done in 4ms @ http://localhost:3000/_next/static/chunks/node_modules_next_dist_1e8vcs8._.js:776
[  132624ms] [LOG] [Fast Refresh] done in 4ms @ http://localhost:3000/_next/static/chunks/node_modules_next_dist_1e8vcs8._.js:776
[  132675ms] [LOG] [Fast Refresh] done in 4ms @ http://localhost:3000/_next/static/chunks/node_modules_next_dist_1e8vcs8._.js:776
[  132724ms] [LOG] [Fast Refresh] done in 4ms @ http://localhost:3000/_next/static/chunks/node_modules_next_dist_1e8vcs8._.js:776
[  132773ms] [LOG] [Fast Refresh] done in 4ms @ http://localhost:3000/_next/static/chunks/node_modules_next_dist_1e8vcs8._.js:776
[  132824ms] [LOG] [Fast Refresh] done in 4ms @ http://localhost:3000/_next/static/chunks/node_modules_next_dist_1e8vcs8._.js:776
[  132877ms] [LOG] [Fast Refresh] done in 4ms @ http://localhost:3000/_next/static/chunks/node_modules_next_dist_1e8vcs8._.js:776
[  132924ms] [LOG] [Fast Refresh] done in 4ms @ http://localhost:3000/_next/static/chunks/node_modules_next_dist_1e8vcs8._.js:776
[  132973ms] [LOG] [Fast Refresh] done in 4ms @ http://localhost:3000/_next/static/chunks/node_modules_next_dist_1e8vcs8._.js:776
[  133024ms] [LOG] [Fast Refresh] done in 4ms @ http://localhost:3000/_next/static/chunks/node_modules_next_dist_1e8vcs8._.js:776
[  133075ms] [LOG] [Fast Refresh] done in 4ms @ http://localhost:3000/_next/static/chunks/node_modules_next_dist_1e8vcs8._.js:776
[  133125ms] [LOG] [Fast Refresh] done in 4ms @ http://localhost:3000/_next/static/chunks/node_modules_next_dist_1e8vcs8._.js:776
[  133173ms] [LOG] [Fast Refresh] done in 4ms @ http://localhost:3000/_next/static/chunks/node_modules_next_dist_1e8vcs8._.js:776
[  133224ms] [LOG] [Fast Refresh] done in 4ms @ http://localhost:3000/_next/static/chunks/node_modules_next_dist_1e8vcs8._.js:776
[  133275ms] [LOG] [Fast Refresh] done in 4ms @ http://localhost:3000/_next/static/chunks/node_modules_next_dist_1e8vcs8._.js:776
[  133323ms] [LOG] [Fast Refresh] done in 4ms @ http://localhost:3000/_next/static/chunks/node_modules_next_dist_1e8vcs8._.js:776
[  133374ms] [LOG] [Fast Refresh] done in 4ms @ http://localhost:3000/_next/static/chunks/node_modules_next_dist_1e8vcs8._.js:776
[  133423ms] [LOG] [Fast Refresh] done in 4ms @ http://localhost:3000/_next/static/chunks/node_modules_next_dist_1e8vcs8._.js:776
[  133473ms] [LOG] [Fast Refresh] done in 4ms @ http://localhost:3000/_next/static/chunks/node_modules_next_dist_1e8vcs8._.js:776
[  133526ms] [LOG] [Fast Refresh] done in 4ms @ http://localhost:3000/_next/static/chunks/node_modules_next_dist_1e8vcs8._.js:776
[  133574ms] [LOG] [Fast Refresh] done in 4ms @ http://localhost:3000/_next/static/chunks/node_modules_next_dist_1e8vcs8._.js:776
[  133623ms] [LOG] [Fast Refresh] done in 4ms @ http://localhost:3000/_next/static/chunks/node_modules_next_dist_1e8vcs8._.js:776
[  133674ms] [LOG] [Fast Refresh] done in 4ms @ http://localhost:3000/_next/static/chunks/node_modules_next_dist_1e8vcs8._.js:776
[  133724ms] [LOG] [Fast Refresh] done in 4ms @ http://localhost:3000/_next/static/chunks/node_modules_next_dist_1e8vcs8._.js:776
[  133774ms] [LOG] [Fast Refresh] done in 4ms @ http://localhost:3000/_next/static/chunks/node_modules_next_dist_1e8vcs8._.js:776
[  133825ms] [LOG] [Fast Refresh] done in 4ms @ http://localhost:3000/_next/static/chunks/node_modules_next_dist_1e8vcs8._.js:776
[  133875ms] [LOG] [Fast Refresh] done in 4ms @ http://localhost:3000/_next/static/chunks/node_modules_next_dist_1e8vcs8._.js:776
[  133925ms] [LOG] [Fast Refresh] done in 4ms @ http://localhost:3000/_next/static/chunks/node_modules_next_dist_1e8vcs8._.js:776
[  133975ms] [LOG] [Fast Refresh] done in 4ms @ http://localhost:3000/_next/static/chunks/node_modules_next_dist_1e8vcs8._.js:776
[  134029ms] [LOG] [Fast Refresh] done in 4ms @ http://localhost:3000/_next/static/chunks/node_modules_next_dist_1e8vcs8._.js:776
[  134074ms] [LOG] [Fast Refresh] done in 4ms @ http://localhost:3000/_next/static/chunks/node_modules_next_dist_1e8vcs8._.js:776
[  134128ms] [LOG] [Fast Refresh] done in 4ms @ http://localhost:3000/_next/static/chunks/node_modules_next_dist_1e8vcs8._.js:776
[  134174ms] [LOG] [Fast Refresh] done in 4ms @ http://localhost:3000/_next/static/chunks/node_modules_next_dist_1e8vcs8._.js:776
[  134225ms] [LOG] [Fast Refresh] done in 4ms @ http://localhost:3000/_next/static/chunks/node_modules_next_dist_1e8vcs8._.js:776
[  134274ms] [LOG] [Fast Refresh] done in 4ms @ http://localhost:3000/_next/static/chunks/node_modules_next_dist_1e8vcs8._.js:776
[  134323ms] [LOG] [Fast Refresh] done in 4ms @ http://localhost:3000/_next/static/chunks/node_modules_next_dist_1e8vcs8._.js:776
[  134387ms] [LOG] [Fast Refresh] done in 4ms @ http://localhost:3000/_next/static/chunks/node_modules_next_dist_1e8vcs8._.js:776
[  134438ms] [LOG] [Fast Refresh] done in 4ms @ http://localhost:3000/_next/static/chunks/node_modules_next_dist_1e8vcs8._.js:776
[  134478ms] [LOG] [Fast Refresh] done in 4ms @ http://localhost:3000/_next/static/chunks/node_modules_next_dist_1e8vcs8._.js:776
[  134644ms] [LOG] [Fast Refresh] rebuilding @ http://localhost:3000/_next/static/chunks/node_modules_next_dist_1e8vcs8._.js:776
[  134706ms] [LOG] [Fast Refresh] done in 56ms @ http://localhost:3000/_next/static/chunks/node_modules_next_dist_1e8vcs8._.js:776
[  134760ms] [LOG] [Fast Refresh] done in 56ms @ http://localhost:3000/_next/static/chunks/node_modules_next_dist_1e8vcs8._.js:776
[  134809ms] [LOG] [Fast Refresh] done in 56ms @ http://localhost:3000/_next/static/chunks/node_modules_next_dist_1e8vcs8._.js:776
[  134858ms] [LOG] [Fast Refresh] done in 56ms @ http://localhost:3000/_next/static/chunks/node_modules_next_dist_1e8vcs8._.js:776
[  134908ms] [LOG] [Fast Refresh] done in 56ms @ http://localhost:3000/_next/static/chunks/node_modules_next_dist_1e8vcs8._.js:776
[  134957ms] [LOG] [Fast Refresh] done in 56ms @ http://localhost:3000/_next/static/chunks/node_modules_next_dist_1e8vcs8._.js:776
[  134995ms] [LOG] [Fast Refresh] done in 56ms @ http://localhost:3000/_next/static/chunks/node_modules_next_dist_1e8vcs8._.js:776
[  135032ms] [LOG] [Fast Refresh] done in 56ms @ http://localhost:3000/_next/static/chunks/node_modules_next_dist_1e8vcs8._.js:776
[  135069ms] [LOG] [Fast Refresh] done in 56ms @ http://localhost:3000/_next/static/chunks/node_modules_next_dist_1e8vcs8._.js:776
[  135105ms] [LOG] [Fast Refresh] done in 56ms @ http://localhost:3000/_next/static/chunks/node_modules_next_dist_1e8vcs8._.js:776
[  135145ms] [LOG] [Fast Refresh] done in 56ms @ http://localhost:3000/_next/static/chunks/node_modules_next_dist_1e8vcs8._.js:776
[  135184ms] [LOG] [Fast Refresh] done in 56ms @ http://localhost:3000/_next/static/chunks/node_modules_next_dist_1e8vcs8._.js:776
[  135225ms] [LOG] [Fast Refresh] done in 56ms @ http://localhost:3000/_next/static/chunks/node_modules_next_dist_1e8vcs8._.js:776
[  135266ms] [LOG] [Fast Refresh] done in 56ms @ http://localhost:3000/_next/static/chunks/node_modules_next_dist_1e8vcs8._.js:776
[  135305ms] [LOG] [Fast Refresh] done in 56ms @ http://localhost:3000/_next/static/chunks/node_modules_next_dist_1e8vcs8._.js:776
[  135349ms] [LOG] [Fast Refresh] done in 56ms @ http://localhost:3000/_next/static/chunks/node_modules_next_dist_1e8vcs8._.js:776
[  135407ms] [LOG] [Fast Refresh] done in 56ms @ http://localhost:3000/_next/static/chunks/node_modules_next_dist_1e8vcs8._.js:776
[  135458ms] [LOG] [Fast Refresh] done in 56ms @ http://localhost:3000/_next/static/chunks/node_modules_next_dist_1e8vcs8._.js:776
[  135517ms] [LOG] [Fast Refresh] done in 56ms @ http://localhost:3000/_next/static/chunks/node_modules_next_dist_1e8vcs8._.js:776
[  135574ms] [LOG] [Fast Refresh] done in 56ms @ http://localhost:3000/_next/static/chunks/node_modules_next_dist_1e8vcs8._.js:776
[  135623ms] [LOG] [Fast Refresh] done in 56ms @ http://localhost:3000/_next/static/chunks/node_modules_next_dist_1e8vcs8._.js:776
[  135676ms] [LOG] [Fast Refresh] done in 56ms @ http://localhost:3000/_next/static/chunks/node_modules_next_dist_1e8vcs8._.js:776
[  135724ms] [LOG] [Fast Refresh] done in 56ms @ http://localhost:3000/_next/static/chunks/node_modules_next_dist_1e8vcs8._.js:776
[  135775ms] [LOG] [Fast Refresh] done in 56ms @ http://localhost:3000/_next/static/chunks/node_modules_next_dist_1e8vcs8._.js:776
[  135827ms] [LOG] [Fast Refresh] done in 56ms @ http://localhost:3000/_next/static/chunks/node_modules_next_dist_1e8vcs8._.js:776
[  135875ms] [LOG] [Fast Refresh] done in 56ms @ http://localhost:3000/_next/static/chunks/node_modules_next_dist_1e8vcs8._.js:776
[  135927ms] [LOG] [Fast Refresh] done in 56ms @ http://localhost:3000/_next/static/chunks/node_modules_next_dist_1e8vcs8._.js:776
[  135973ms] [LOG] [Fast Refresh] done in 56ms @ http://localhost:3000/_next/static/chunks/node_modules_next_dist_1e8vcs8._.js:776
[  136024ms] [LOG] [Fast Refresh] done in 56ms @ http://localhost:3000/_next/static/chunks/node_modules_next_dist_1e8vcs8._.js:776
[  136062ms] [LOG] [Fast Refresh] done in 56ms @ http://localhost:3000/_next/static/chunks/node_modules_next_dist_1e8vcs8._.js:776
[  136098ms] [LOG] [Fast Refresh] done in 56ms @ http://localhost:3000/_next/static/chunks/node_modules_next_dist_1e8vcs8._.js:776
[  136134ms] [LOG] [Fast Refresh] done in 56ms @ http://localhost:3000/_next/static/chunks/node_modules_next_dist_1e8vcs8._.js:776
[  136171ms] [LOG] [Fast Refresh] done in 56ms @ http://localhost:3000/_next/static/chunks/node_modules_next_dist_1e8vcs8._.js:776
[  136208ms] [LOG] [Fast Refresh] done in 56ms @ http://localhost:3000/_next/static/chunks/node_modules_next_dist_1e8vcs8._.js:776
[  136258ms] [LOG] [Fast Refresh] done in 56ms @ http://localhost:3000/_next/static/chunks/node_modules_next_dist_1e8vcs8._.js:776
[  136296ms] [LOG] [Fast Refresh] done in 56ms @ http://localhost:3000/_next/static/chunks/node_modules_next_dist_1e8vcs8._.js:776
[  136339ms] [LOG] [Fast Refresh] done in 56ms @ http://localhost:3000/_next/static/chunks/node_modules_next_dist_1e8vcs8._.js:776
[  136392ms] [LOG] [Fast Refresh] done in 56ms @ http://localhost:3000/_next/static/chunks/node_modules_next_dist_1e8vcs8._.js:776
[  136444ms] [LOG] [Fast Refresh] done in 56ms @ http://localhost:3000/_next/static/chunks/node_modules_next_dist_1e8vcs8._.js:776
[  136507ms] [LOG] [Fast Refresh] done in 56ms @ http://localhost:3000/_next/static/chunks/node_modules_next_dist_1e8vcs8._.js:776
[  136574ms] [LOG] [Fast Refresh] done in 56ms @ http://localhost:3000/_next/static/chunks/node_modules_next_dist_1e8vcs8._.js:776
[  136624ms] [LOG] [Fast Refresh] done in 56ms @ http://localhost:3000/_next/static/chunks/node_modules_next_dist_1e8vcs8._.js:776
[  136676ms] [LOG] [Fast Refresh] done in 56ms @ http://localhost:3000/_next/static/chunks/node_modules_next_dist_1e8vcs8._.js:776
[  136725ms] [LOG] [Fast Refresh] done in 56ms @ http://localhost:3000/_next/static/chunks/node_modules_next_dist_1e8vcs8._.js:776
[  136776ms] [LOG] [Fast Refresh] done in 56ms @ http://localhost:3000/_next/static/chunks/node_modules_next_dist_1e8vcs8._.js:776
[  136826ms] [LOG] [Fast Refresh] done in 56ms @ http://localhost:3000/_next/static/chunks/node_modules_next_dist_1e8vcs8._.js:776
[  136875ms] [LOG] [Fast Refresh] done in 56ms @ http://localhost:3000/_next/static/chunks/node_modules_next_dist_1e8vcs8._.js:776
[  136928ms] [LOG] [Fast Refresh] done in 56ms @ http://localhost:3000/_next/static/chunks/node_modules_next_dist_1e8vcs8._.js:776
[  136975ms] [LOG] [Fast Refresh] done in 56ms @ http://localhost:3000/_next/static/chunks/node_modules_next_dist_1e8vcs8._.js:776
[  137022ms] [LOG] [Fast Refresh] done in 56ms @ http://localhost:3000/_next/static/chunks/node_modules_next_dist_1e8vcs8._.js:776
[  137086ms] [LOG] [Fast Refresh] done in 56ms @ http://localhost:3000/_next/static/chunks/node_modules_next_dist_1e8vcs8._.js:776
[  137150ms] [LOG] [Fast Refresh] done in 56ms @ http://localhost:3000/_next/static/chunks/node_modules_next_dist_1e8vcs8._.js:776
[  137212ms] [LOG] [Fast Refresh] done in 56ms @ http://localhost:3000/_next/static/chunks/node_modules_next_dist_1e8vcs8._.js:776
[  137255ms] [LOG] [Fast Refresh] done in 56ms @ http://localhost:3000/_next/static/chunks/node_modules_next_dist_1e8vcs8._.js:776
[  137291ms] [LOG] [Fast Refresh] done in 56ms @ http://localhost:3000/_next/static/chunks/node_modules_next_dist_1e8vcs8._.js:776
[  137341ms] [LOG] [Fast Refresh] done in 56ms @ http://localhost:3000/_next/static/chunks/node_modules_next_dist_1e8vcs8._.js:776
[  137391ms] [LOG] [Fast Refresh] done in 56ms @ http://localhost:3000/_next/static/chunks/node_modules_next_dist_1e8vcs8._.js:776
[  137441ms] [LOG] [Fast Refresh] done in 56ms @ http://localhost:3000/_next/static/chunks/node_modules_next_dist_1e8vcs8._.js:776
[  137492ms] [LOG] [Fast Refresh] done in 56ms @ http://localhost:3000/_next/static/chunks/node_modules_next_dist_1e8vcs8._.js:776
[  137534ms] [LOG] [Fast Refresh] done in 56ms @ http://localhost:3000/_next/static/chunks/node_modules_next_dist_1e8vcs8._.js:776
[  137572ms] [LOG] [Fast Refresh] done in 56ms @ http://localhost:3000/_next/static/chunks/node_modules_next_dist_1e8vcs8._.js:776
[  137610ms] [LOG] [Fast Refresh] done in 56ms @ http://localhost:3000/_next/static/chunks/node_modules_next_dist_1e8vcs8._.js:776
[  137652ms] [LOG] [Fast Refresh] done in 56ms @ http://localhost:3000/_next/static/chunks/node_modules_next_dist_1e8vcs8._.js:776
[  137692ms] [LOG] [Fast Refresh] done in 56ms @ http://localhost:3000/_next/static/chunks/node_modules_next_dist_1e8vcs8._.js:776
[  137731ms] [LOG] [Fast Refresh] done in 56ms @ http://localhost:3000/_next/static/chunks/node_modules_next_dist_1e8vcs8._.js:776
[  137768ms] [LOG] [Fast Refresh] done in 56ms @ http://localhost:3000/_next/static/chunks/node_modules_next_dist_1e8vcs8._.js:776
[  137809ms] [LOG] [Fast Refresh] done in 56ms @ http://localhost:3000/_next/static/chunks/node_modules_next_dist_1e8vcs8._.js:776
[  137850ms] [LOG] [Fast Refresh] done in 56ms @ http://localhost:3000/_next/static/chunks/node_modules_next_dist_1e8vcs8._.js:776
[  137891ms] [LOG] [Fast Refresh] done in 56ms @ http://localhost:3000/_next/static/chunks/node_modules_next_dist_1e8vcs8._.js:776
[  137937ms] [LOG] [Fast Refresh] done in 56ms @ http://localhost:3000/_next/static/chunks/node_modules_next_dist_1e8vcs8._.js:776
[  137975ms] [LOG] [Fast Refresh] done in 56ms @ http://localhost:3000/_next/static/chunks/node_modules_next_dist_1e8vcs8._.js:776
[  138019ms] [LOG] [Fast Refresh] done in 56ms @ http://localhost:3000/_next/static/chunks/node_modules_next_dist_1e8vcs8._.js:776
[  138060ms] [LOG] [Fast Refresh] done in 56ms @ http://localhost:3000/_next/static/chunks/node_modules_next_dist_1e8vcs8._.js:776
[  138100ms] [LOG] [Fast Refresh] done in 56ms @ http://localhost:3000/_next/static/chunks/node_modules_next_dist_1e8vcs8._.js:776
[  138141ms] [LOG] [Fast Refresh] done in 56ms @ http://localhost:3000/_next/static/chunks/node_modules_next_dist_1e8vcs8._.js:776
[  138190ms] [LOG] [Fast Refresh] done in 56ms @ http://localhost:3000/_next/static/chunks/node_modules_next_dist_1e8vcs8._.js:776
[  138240ms] [LOG] [Fast Refresh] done in 56ms @ http://localhost:3000/_next/static/chunks/node_modules_next_dist_1e8vcs8._.js:776
[  138295ms] [LOG] [Fast Refresh] done in 56ms @ http://localhost:3000/_next/static/chunks/node_modules_next_dist_1e8vcs8._.js:776
[  138354ms] [LOG] [Fast Refresh] done in 56ms @ http://localhost:3000/_next/static/chunks/node_modules_next_dist_1e8vcs8._.js:776
[  138395ms] [LOG] [Fast Refresh] done in 56ms @ http://localhost:3000/_next/static/chunks/node_modules_next_dist_1e8vcs8._.js:776
[  138445ms] [LOG] [Fast Refresh] done in 56ms @ http://localhost:3000/_next/static/chunks/node_modules_next_dist_1e8vcs8._.js:776
[  138493ms] [LOG] [Fast Refresh] done in 56ms @ http://localhost:3000/_next/static/chunks/node_modules_next_dist_1e8vcs8._.js:776
[  138543ms] [LOG] [Fast Refresh] done in 56ms @ http://localhost:3000/_next/static/chunks/node_modules_next_dist_1e8vcs8._.js:776
[  138591ms] [LOG] [Fast Refresh] done in 56ms @ http://localhost:3000/_next/static/chunks/node_modules_next_dist_1e8vcs8._.js:776
[  138640ms] [LOG] [Fast Refresh] done in 56ms @ http://localhost:3000/_next/static/chunks/node_modules_next_dist_1e8vcs8._.js:776
[  138690ms] [LOG] [Fast Refresh] done in 56ms @ http://localhost:3000/_next/static/chunks/node_modules_next_dist_1e8vcs8._.js:776
[  138740ms] [LOG] [Fast Refresh] done in 56ms @ http://localhost:3000/_next/static/chunks/node_modules_next_dist_1e8vcs8._.js:776
[  138791ms] [LOG] [Fast Refresh] done in 56ms @ http://localhost:3000/_next/static/chunks/node_modules_next_dist_1e8vcs8._.js:776
[  138841ms] [LOG] [Fast Refresh] done in 56ms @ http://localhost:3000/_next/static/chunks/node_modules_next_dist_1e8vcs8._.js:776
[  138891ms] [LOG] [Fast Refresh] done in 56ms @ http://localhost:3000/_next/static/chunks/node_modules_next_dist_1e8vcs8._.js:776
[  138940ms] [LOG] [Fast Refresh] done in 56ms @ http://localhost:3000/_next/static/chunks/node_modules_next_dist_1e8vcs8._.js:776
[  138989ms] [LOG] [Fast Refresh] done in 56ms @ http://localhost:3000/_next/static/chunks/node_modules_next_dist_1e8vcs8._.js:776
[  139040ms] [LOG] [Fast Refresh] done in 56ms @ http://localhost:3000/_next/static/chunks/node_modules_next_dist_1e8vcs8._.js:776
[  139089ms] [LOG] [Fast Refresh] done in 56ms @ http://localhost:3000/_next/static/chunks/node_modules_next_dist_1e8vcs8._.js:776
[  139140ms] [LOG] [Fast Refresh] done in 56ms @ http://localhost:3000/_next/static/chunks/node_modules_next_dist_1e8vcs8._.js:776
[  139191ms] [LOG] [Fast Refresh] done in 56ms @ http://localhost:3000/_next/static/chunks/node_modules_next_dist_1e8vcs8._.js:776
[  139240ms] [LOG] [Fast Refresh] done in 56ms @ http://localhost:3000/_next/static/chunks/node_modules_next_dist_1e8vcs8._.js:776
[  139295ms] [LOG] [Fast Refresh] done in 56ms @ http://localhost:3000/_next/static/chunks/node_modules_next_dist_1e8vcs8._.js:776
[  139346ms] [LOG] [Fast Refresh] done in 56ms @ http://localhost:3000/_next/static/chunks/node_modules_next_dist_1e8vcs8._.js:776
[  139405ms] [LOG] [Fast Refresh] done in 56ms @ http://localhost:3000/_next/static/chunks/node_modules_next_dist_1e8vcs8._.js:776
[  139459ms] [LOG] [Fast Refresh] done in 56ms @ http://localhost:3000/_next/static/chunks/node_modules_next_dist_1e8vcs8._.js:776
[  139507ms] [LOG] [Fast Refresh] done in 56ms @ http://localhost:3000/_next/static/chunks/node_modules_next_dist_1e8vcs8._.js:776
[  139558ms] [LOG] [Fast Refresh] done in 56ms @ http://localhost:3000/_next/static/chunks/node_modules_next_dist_1e8vcs8._.js:776
[  139608ms] [LOG] [Fast Refresh] done in 56ms @ http://localhost:3000/_next/static/chunks/node_modules_next_dist_1e8vcs8._.js:776
[  139658ms] [LOG] [Fast Refresh] done in 56ms @ http://localhost:3000/_next/static/chunks/node_modules_next_dist_1e8vcs8._.js:776
[  139707ms] [LOG] [Fast Refresh] done in 56ms @ http://localhost:3000/_next/static/chunks/node_modules_next_dist_1e8vcs8._.js:776
[  139757ms] [LOG] [Fast Refresh] done in 56ms @ http://localhost:3000/_next/static/chunks/node_modules_next_dist_1e8vcs8._.js:776
[  139807ms] [LOG] [Fast Refresh] done in 56ms @ http://localhost:3000/_next/static/chunks/node_modules_next_dist_1e8vcs8._.js:776
[  139860ms] [LOG] [Fast Refresh] done in 56ms @ http://localhost:3000/_next/static/chunks/node_modules_next_dist_1e8vcs8._.js:776
[  139924ms] [LOG] [Fast Refresh] done in 56ms @ http://localhost:3000/_next/static/chunks/node_modules_next_dist_1e8vcs8._.js:776
[  139975ms] [LOG] [Fast Refresh] done in 56ms @ http://localhost:3000/_next/static/chunks/node_modules_next_dist_1e8vcs8._.js:776
[  140024ms] [LOG] [Fast Refresh] done in 56ms @ http://localhost:3000/_next/static/chunks/node_modules_next_dist_1e8vcs8._.js:776
[  140074ms] [LOG] [Fast Refresh] done in 56ms @ http://localhost:3000/_next/static/chunks/node_modules_next_dist_1e8vcs8._.js:776
[  140123ms] [LOG] [Fast Refresh] done in 56ms @ http://localhost:3000/_next/static/chunks/node_modules_next_dist_1e8vcs8._.js:776
[  140174ms] [LOG] [Fast Refresh] done in 56ms @ http://localhost:3000/_next/static/chunks/node_modules_next_dist_1e8vcs8._.js:776
[  140224ms] [LOG] [Fast Refresh] done in 56ms @ http://localhost:3000/_next/static/chunks/node_modules_next_dist_1e8vcs8._.js:776
[  140275ms] [LOG] [Fast Refresh] done in 56ms @ http://localhost:3000/_next/static/chunks/node_modules_next_dist_1e8vcs8._.js:776
[  140324ms] [LOG] [Fast Refresh] done in 56ms @ http://localhost:3000/_next/static/chunks/node_modules_next_dist_1e8vcs8._.js:776
[  140374ms] [LOG] [Fast Refresh] done in 56ms @ http://localhost:3000/_next/static/chunks/node_modules_next_dist_1e8vcs8._.js:776
[  140424ms] [LOG] [Fast Refresh] done in 56ms @ http://localhost:3000/_next/static/chunks/node_modules_next_dist_1e8vcs8._.js:776
[  140474ms] [LOG] [Fast Refresh] done in 56ms @ http://localhost:3000/_next/static/chunks/node_modules_next_dist_1e8vcs8._.js:776
[  140526ms] [LOG] [Fast Refresh] done in 56ms @ http://localhost:3000/_next/static/chunks/node_modules_next_dist_1e8vcs8._.js:776
[  140574ms] [LOG] [Fast Refresh] done in 56ms @ http://localhost:3000/_next/static/chunks/node_modules_next_dist_1e8vcs8._.js:776
[  140625ms] [LOG] [Fast Refresh] done in 56ms @ http://localhost:3000/_next/static/chunks/node_modules_next_dist_1e8vcs8._.js:776
[  140675ms] [LOG] [Fast Refresh] done in 56ms @ http://localhost:3000/_next/static/chunks/node_modules_next_dist_1e8vcs8._.js:776
[  140723ms] [LOG] [Fast Refresh] done in 56ms @ http://localhost:3000/_next/static/chunks/node_modules_next_dist_1e8vcs8._.js:776
[  140774ms] [LOG] [Fast Refresh] done in 56ms @ http://localhost:3000/_next/static/chunks/node_modules_next_dist_1e8vcs8._.js:776
[  140824ms] [LOG] [Fast Refresh] done in 56ms @ http://localhost:3000/_next/static/chunks/node_modules_next_dist_1e8vcs8._.js:776
[  140876ms] [LOG] [Fast Refresh] done in 56ms @ http://localhost:3000/_next/static/chunks/node_modules_next_dist_1e8vcs8._.js:776
[  140925ms] [LOG] [Fast Refresh] done in 56ms @ http://localhost:3000/_next/static/chunks/node_modules_next_dist_1e8vcs8._.js:776
[  140986ms] [LOG] [Fast Refresh] done in 56ms @ http://localhost:3000/_next/static/chunks/node_modules_next_dist_1e8vcs8._.js:776
[  141040ms] [LOG] [Fast Refresh] done in 56ms @ http://localhost:3000/_next/static/chunks/node_modules_next_dist_1e8vcs8._.js:776
[  141080ms] [LOG] [Fast Refresh] done in 56ms @ http://localhost:3000/_next/static/chunks/node_modules_next_dist_1e8vcs8._.js:776
[  141123ms] [LOG] [Fast Refresh] done in 56ms @ http://localhost:3000/_next/static/chunks/node_modules_next_dist_1e8vcs8._.js:776
[  141174ms] [LOG] [Fast Refresh] done in 56ms @ http://localhost:3000/_next/static/chunks/node_modules_next_dist_1e8vcs8._.js:776
[  141223ms] [LOG] [Fast Refresh] done in 56ms @ http://localhost:3000/_next/static/chunks/node_modules_next_dist_1e8vcs8._.js:776
[  141273ms] [LOG] [Fast Refresh] done in 56ms @ http://localhost:3000/_next/static/chunks/node_modules_next_dist_1e8vcs8._.js:776
[  141324ms] [LOG] [Fast Refresh] done in 56ms @ http://localhost:3000/_next/static/chunks/node_modules_next_dist_1e8vcs8._.js:776
[  141374ms] [LOG] [Fast Refresh] done in 56ms @ http://localhost:3000/_next/static/chunks/node_modules_next_dist_1e8vcs8._.js:776
[  141425ms] [LOG] [Fast Refresh] done in 56ms @ http://localhost:3000/_next/static/chunks/node_modules_next_dist_1e8vcs8._.js:776
[  141474ms] [LOG] [Fast Refresh] done in 56ms @ http://localhost:3000/_next/static/chunks/node_modules_next_dist_1e8vcs8._.js:776
[  141539ms] [LOG] [Fast Refresh] done in 56ms @ http://localhost:3000/_next/static/chunks/node_modules_next_dist_1e8vcs8._.js:776
[  141590ms] [LOG] [Fast Refresh] done in 56ms @ http://localhost:3000/_next/static/chunks/node_modules_next_dist_1e8vcs8._.js:776
[  141640ms] [LOG] [Fast Refresh] done in 56ms @ http://localhost:3000/_next/static/chunks/node_modules_next_dist_1e8vcs8._.js:776
[  141690ms] [LOG] [Fast Refresh] done in 56ms @ http://localhost:3000/_next/static/chunks/node_modules_next_dist_1e8vcs8._.js:776
[  141740ms] [LOG] [Fast Refresh] done in 56ms @ http://localhost:3000/_next/static/chunks/node_modules_next_dist_1e8vcs8._.js:776
[  141789ms] [LOG] [Fast Refresh] done in 56ms @ http://localhost:3000/_next/static/chunks/node_modules_next_dist_1e8vcs8._.js:776
[  141929ms] [LOG] [Fast Refresh] rebuilding @ http://localhost:3000/_next/static/chunks/node_modules_next_dist_1e8vcs8._.js:776
[  141975ms] [LOG] [Fast Refresh] done in 42ms @ http://localhost:3000/_next/static/chunks/node_modules_next_dist_1e8vcs8._.js:776
[  142032ms] [LOG] [Fast Refresh] done in 42ms @ http://localhost:3000/_next/static/chunks/node_modules_next_dist_1e8vcs8._.js:776
[  142090ms] [LOG] [Fast Refresh] done in 42ms @ http://localhost:3000/_next/static/chunks/node_modules_next_dist_1e8vcs8._.js:776
[  142140ms] [LOG] [Fast Refresh] done in 42ms @ http://localhost:3000/_next/static/chunks/node_modules_next_dist_1e8vcs8._.js:776
[  142189ms] [LOG] [Fast Refresh] done in 42ms @ http://localhost:3000/_next/static/chunks/node_modules_next_dist_1e8vcs8._.js:776
[  142241ms] [LOG] [Fast Refresh] done in 42ms @ http://localhost:3000/_next/static/chunks/node_modules_next_dist_1e8vcs8._.js:776
[  142292ms] [LOG] [Fast Refresh] done in 42ms @ http://localhost:3000/_next/static/chunks/node_modules_next_dist_1e8vcs8._.js:776
[  142341ms] [LOG] [Fast Refresh] done in 42ms @ http://localhost:3000/_next/static/chunks/node_modules_next_dist_1e8vcs8._.js:776
[  142393ms] [LOG] [Fast Refresh] done in 42ms @ http://localhost:3000/_next/static/chunks/node_modules_next_dist_1e8vcs8._.js:776
[  142441ms] [LOG] [Fast Refresh] done in 42ms @ http://localhost:3000/_next/static/chunks/node_modules_next_dist_1e8vcs8._.js:776
[  142491ms] [LOG] [Fast Refresh] done in 42ms @ http://localhost:3000/_next/static/chunks/node_modules_next_dist_1e8vcs8._.js:776
[  142542ms] [LOG] [Fast Refresh] done in 42ms @ http://localhost:3000/_next/static/chunks/node_modules_next_dist_1e8vcs8._.js:776
[  142591ms] [LOG] [Fast Refresh] done in 42ms @ http://localhost:3000/_next/static/chunks/node_modules_next_dist_1e8vcs8._.js:776
[  142641ms] [LOG] [Fast Refresh] done in 42ms @ http://localhost:3000/_next/static/chunks/node_modules_next_dist_1e8vcs8._.js:776
[  142678ms] [LOG] [Fast Refresh] done in 42ms @ http://localhost:3000/_next/static/chunks/node_modules_next_dist_1e8vcs8._.js:776
[  142714ms] [LOG] [Fast Refresh] done in 42ms @ http://localhost:3000/_next/static/chunks/node_modules_next_dist_1e8vcs8._.js:776
[  142752ms] [LOG] [Fast Refresh] done in 42ms @ http://localhost:3000/_next/static/chunks/node_modules_next_dist_1e8vcs8._.js:776
[  142789ms] [LOG] [Fast Refresh] done in 42ms @ http://localhost:3000/_next/static/chunks/node_modules_next_dist_1e8vcs8._.js:776
[  142826ms] [LOG] [Fast Refresh] done in 42ms @ http://localhost:3000/_next/static/chunks/node_modules_next_dist_1e8vcs8._.js:776
[  142865ms] [LOG] [Fast Refresh] done in 42ms @ http://localhost:3000/_next/static/chunks/node_modules_next_dist_1e8vcs8._.js:776
[  142908ms] [LOG] [Fast Refresh] done in 42ms @ http://localhost:3000/_next/static/chunks/node_modules_next_dist_1e8vcs8._.js:776
[  142957ms] [LOG] [Fast Refresh] done in 42ms @ http://localhost:3000/_next/static/chunks/node_modules_next_dist_1e8vcs8._.js:776
[  143925ms] [LOG] [Fast Refresh] done in 42ms @ http://localhost:3000/_next/static/chunks/node_modules_next_dist_1e8vcs8._.js:776
[  143974ms] [LOG] [Fast Refresh] done in 42ms @ http://localhost:3000/_next/static/chunks/node_modules_next_dist_1e8vcs8._.js:776
[  144041ms] [LOG] [Fast Refresh] done in 42ms @ http://localhost:3000/_next/static/chunks/node_modules_next_dist_1e8vcs8._.js:776
[  144093ms] [LOG] [Fast Refresh] done in 42ms @ http://localhost:3000/_next/static/chunks/node_modules_next_dist_1e8vcs8._.js:776
[  144141ms] [LOG] [Fast Refresh] done in 42ms @ http://localhost:3000/_next/static/chunks/node_modules_next_dist_1e8vcs8._.js:776
[  144191ms] [LOG] [Fast Refresh] done in 42ms @ http://localhost:3000/_next/static/chunks/node_modules_next_dist_1e8vcs8._.js:776
[  144241ms] [LOG] [Fast Refresh] done in 42ms @ http://localhost:3000/_next/static/chunks/node_modules_next_dist_1e8vcs8._.js:776
[  144290ms] [LOG] [Fast Refresh] done in 42ms @ http://localhost:3000/_next/static/chunks/node_modules_next_dist_1e8vcs8._.js:776
[  144340ms] [LOG] [Fast Refresh] done in 42ms @ http://localhost:3000/_next/static/chunks/node_modules_next_dist_1e8vcs8._.js:776
[  144389ms] [LOG] [Fast Refresh] done in 42ms @ http://localhost:3000/_next/static/chunks/node_modules_next_dist_1e8vcs8._.js:776
[  144453ms] [LOG] [Fast Refresh] done in 42ms @ http://localhost:3000/_next/static/chunks/node_modules_next_dist_1e8vcs8._.js:776
[  144503ms] [LOG] [Fast Refresh] done in 42ms @ http://localhost:3000/_next/static/chunks/node_modules_next_dist_1e8vcs8._.js:776
[  144541ms] [LOG] [Fast Refresh] done in 42ms @ http://localhost:3000/_next/static/chunks/node_modules_next_dist_1e8vcs8._.js:776
[  144581ms] [LOG] [Fast Refresh] done in 42ms @ http://localhost:3000/_next/static/chunks/node_modules_next_dist_1e8vcs8._.js:776
[  144622ms] [LOG] [Fast Refresh] done in 42ms @ http://localhost:3000/_next/static/chunks/node_modules_next_dist_1e8vcs8._.js:776
[  144662ms] [LOG] [Fast Refresh] done in 42ms @ http://localhost:3000/_next/static/chunks/node_modules_next_dist_1e8vcs8._.js:776
[  144701ms] [LOG] [Fast Refresh] done in 42ms @ http://localhost:3000/_next/static/chunks/node_modules_next_dist_1e8vcs8._.js:776
[  144740ms] [LOG] [Fast Refresh] done in 42ms @ http://localhost:3000/_next/static/chunks/node_modules_next_dist_1e8vcs8._.js:776
[  144792ms] [LOG] [Fast Refresh] done in 42ms @ http://localhost:3000/_next/static/chunks/node_modules_next_dist_1e8vcs8._.js:776
[  144840ms] [LOG] [Fast Refresh] done in 42ms @ http://localhost:3000/_next/static/chunks/node_modules_next_dist_1e8vcs8._.js:776
[  144892ms] [LOG] [Fast Refresh] done in 42ms @ http://localhost:3000/_next/static/chunks/node_modules_next_dist_1e8vcs8._.js:776
[  144943ms] [LOG] [Fast Refresh] done in 42ms @ http://localhost:3000/_next/static/chunks/node_modules_next_dist_1e8vcs8._.js:776
[  144993ms] [LOG] [Fast Refresh] done in 42ms @ http://localhost:3000/_next/static/chunks/node_modules_next_dist_1e8vcs8._.js:776
[  145041ms] [LOG] [Fast Refresh] done in 42ms @ http://localhost:3000/_next/static/chunks/node_modules_next_dist_1e8vcs8._.js:776
[  145090ms] [LOG] [Fast Refresh] done in 42ms @ http://localhost:3000/_next/static/chunks/node_modules_next_dist_1e8vcs8._.js:776
[  145140ms] [LOG] [Fast Refresh] done in 42ms @ http://localhost:3000/_next/static/chunks/node_modules_next_dist_1e8vcs8._.js:776
[  145192ms] [LOG] [Fast Refresh] done in 42ms @ http://localhost:3000/_next/static/chunks/node_modules_next_dist_1e8vcs8._.js:776
[  145242ms] [LOG] [Fast Refresh] done in 42ms @ http://localhost:3000/_next/static/chunks/node_modules_next_dist_1e8vcs8._.js:776
[  145292ms] [LOG] [Fast Refresh] done in 42ms @ http://localhost:3000/_next/static/chunks/node_modules_next_dist_1e8vcs8._.js:776
[  145342ms] [LOG] [Fast Refresh] done in 42ms @ http://localhost:3000/_next/static/chunks/node_modules_next_dist_1e8vcs8._.js:776
[  145393ms] [LOG] [Fast Refresh] done in 42ms @ http://localhost:3000/_next/static/chunks/node_modules_next_dist_1e8vcs8._.js:776
[  145441ms] [LOG] [Fast Refresh] done in 42ms @ http://localhost:3000/_next/static/chunks/node_modules_next_dist_1e8vcs8._.js:776
[  145479ms] [LOG] [Fast Refresh] done in 42ms @ http://localhost:3000/_next/static/chunks/node_modules_next_dist_1e8vcs8._.js:776
[  145525ms] [LOG] [Fast Refresh] done in 42ms @ http://localhost:3000/_next/static/chunks/node_modules_next_dist_1e8vcs8._.js:776
[  145575ms] [LOG] [Fast Refresh] done in 42ms @ http://localhost:3000/_next/static/chunks/node_modules_next_dist_1e8vcs8._.js:776
[  145615ms] [LOG] [Fast Refresh] done in 42ms @ http://localhost:3000/_next/static/chunks/node_modules_next_dist_1e8vcs8._.js:776
[  145653ms] [LOG] [Fast Refresh] done in 42ms @ http://localhost:3000/_next/static/chunks/node_modules_next_dist_1e8vcs8._.js:776
[  145690ms] [LOG] [Fast Refresh] done in 42ms @ http://localhost:3000/_next/static/chunks/node_modules_next_dist_1e8vcs8._.js:776
[  145743ms] [LOG] [Fast Refresh] done in 42ms @ http://localhost:3000/_next/static/chunks/node_modules_next_dist_1e8vcs8._.js:776
[  145792ms] [LOG] [Fast Refresh] done in 42ms @ http://localhost:3000/_next/static/chunks/node_modules_next_dist_1e8vcs8._.js:776
[  145842ms] [LOG] [Fast Refresh] done in 42ms @ http://localhost:3000/_next/static/chunks/node_modules_next_dist_1e8vcs8._.js:776
[  145891ms] [LOG] [Fast Refresh] done in 42ms @ http://localhost:3000/_next/static/chunks/node_modules_next_dist_1e8vcs8._.js:776
[  145940ms] [LOG] [Fast Refresh] done in 42ms @ http://localhost:3000/_next/static/chunks/node_modules_next_dist_1e8vcs8._.js:776
[  146004ms] [LOG] [Fast Refresh] done in 42ms @ http://localhost:3000/_next/static/chunks/node_modules_next_dist_1e8vcs8._.js:776
[  146055ms] [LOG] [Fast Refresh] done in 42ms @ http://localhost:3000/_next/static/chunks/node_modules_next_dist_1e8vcs8._.js:776
[  146108ms] [LOG] [Fast Refresh] done in 42ms @ http://localhost:3000/_next/static/chunks/node_modules_next_dist_1e8vcs8._.js:776
[  146162ms] [LOG] [Fast Refresh] done in 42ms @ http://localhost:3000/_next/static/chunks/node_modules_next_dist_1e8vcs8._.js:776
[  146223ms] [LOG] [Fast Refresh] done in 42ms @ http://localhost:3000/_next/static/chunks/node_modules_next_dist_1e8vcs8._.js:776
[  146273ms] [LOG] [Fast Refresh] done in 42ms @ http://localhost:3000/_next/static/chunks/node_modules_next_dist_1e8vcs8._.js:776
[  146322ms] [LOG] [Fast Refresh] done in 42ms @ http://localhost:3000/_next/static/chunks/node_modules_next_dist_1e8vcs8._.js:776
[  146373ms] [LOG] [Fast Refresh] done in 42ms @ http://localhost:3000/_next/static/chunks/node_modules_next_dist_1e8vcs8._.js:776
[  146422ms] [LOG] [Fast Refresh] done in 42ms @ http://localhost:3000/_next/static/chunks/node_modules_next_dist_1e8vcs8._.js:776
[  146469ms] [LOG] [Fast Refresh] done in 42ms @ http://localhost:3000/_next/static/chunks/node_modules_next_dist_1e8vcs8._.js:776
[  146517ms] [LOG] [Fast Refresh] done in 42ms @ http://localhost:3000/_next/static/chunks/node_modules_next_dist_1e8vcs8._.js:776
[  146596ms] [LOG] [Fast Refresh] done in 42ms @ http://localhost:3000/_next/static/chunks/node_modules_next_dist_1e8vcs8._.js:776
[  146644ms] [LOG] [Fast Refresh] done in 42ms @ http://localhost:3000/_next/static/chunks/node_modules_next_dist_1e8vcs8._.js:776
[  146692ms] [LOG] [Fast Refresh] done in 42ms @ http://localhost:3000/_next/static/chunks/node_modules_next_dist_1e8vcs8._.js:776
[  146756ms] [LOG] [Fast Refresh] done in 42ms @ http://localhost:3000/_next/static/chunks/node_modules_next_dist_1e8vcs8._.js:776
[  146806ms] [LOG] [Fast Refresh] done in 42ms @ http://localhost:3000/_next/static/chunks/node_modules_next_dist_1e8vcs8._.js:776
[  146857ms] [LOG] [Fast Refresh] done in 42ms @ http://localhost:3000/_next/static/chunks/node_modules_next_dist_1e8vcs8._.js:776
[  146922ms] [LOG] [Fast Refresh] done in 42ms @ http://localhost:3000/_next/static/chunks/node_modules_next_dist_1e8vcs8._.js:776
[  146972ms] [LOG] [Fast Refresh] done in 42ms @ http://localhost:3000/_next/static/chunks/node_modules_next_dist_1e8vcs8._.js:776
[  147008ms] [LOG] [Fast Refresh] done in 42ms @ http://localhost:3000/_next/static/chunks/node_modules_next_dist_1e8vcs8._.js:776
[  147059ms] [LOG] [Fast Refresh] done in 42ms @ http://localhost:3000/_next/static/chunks/node_modules_next_dist_1e8vcs8._.js:776
[  147106ms] [LOG] [Fast Refresh] done in 42ms @ http://localhost:3000/_next/static/chunks/node_modules_next_dist_1e8vcs8._.js:776
[  147157ms] [LOG] [Fast Refresh] done in 42ms @ http://localhost:3000/_next/static/chunks/node_modules_next_dist_1e8vcs8._.js:776
[  147209ms] [LOG] [Fast Refresh] done in 42ms @ http://localhost:3000/_next/static/chunks/node_modules_next_dist_1e8vcs8._.js:776
[  147258ms] [LOG] [Fast Refresh] done in 42ms @ http://localhost:3000/_next/static/chunks/node_modules_next_dist_1e8vcs8._.js:776
[  147308ms] [LOG] [Fast Refresh] done in 42ms @ http://localhost:3000/_next/static/chunks/node_modules_next_dist_1e8vcs8._.js:776
[  147357ms] [LOG] [Fast Refresh] done in 42ms @ http://localhost:3000/_next/static/chunks/node_modules_next_dist_1e8vcs8._.js:776
[  147407ms] [LOG] [Fast Refresh] done in 42ms @ http://localhost:3000/_next/static/chunks/node_modules_next_dist_1e8vcs8._.js:776
[  147469ms] [LOG] [Fast Refresh] done in 42ms @ http://localhost:3000/_next/static/chunks/node_modules_next_dist_1e8vcs8._.js:776
[  147525ms] [LOG] [Fast Refresh] done in 42ms @ http://localhost:3000/_next/static/chunks/node_modules_next_dist_1e8vcs8._.js:776
[  147573ms] [LOG] [Fast Refresh] done in 42ms @ http://localhost:3000/_next/static/chunks/node_modules_next_dist_1e8vcs8._.js:776
[  147626ms] [LOG] [Fast Refresh] done in 42ms @ http://localhost:3000/_next/static/chunks/node_modules_next_dist_1e8vcs8._.js:776
[  147673ms] [LOG] [Fast Refresh] done in 42ms @ http://localhost:3000/_next/static/chunks/node_modules_next_dist_1e8vcs8._.js:776
[  147735ms] [LOG] [Fast Refresh] done in 42ms @ http://localhost:3000/_next/static/chunks/node_modules_next_dist_1e8vcs8._.js:776
[  147777ms] [LOG] [Fast Refresh] done in 42ms @ http://localhost:3000/_next/static/chunks/node_modules_next_dist_1e8vcs8._.js:776
[  147823ms] [LOG] [Fast Refresh] done in 42ms @ http://localhost:3000/_next/static/chunks/node_modules_next_dist_1e8vcs8._.js:776
[  147875ms] [LOG] [Fast Refresh] done in 42ms @ http://localhost:3000/_next/static/chunks/node_modules_next_dist_1e8vcs8._.js:776
[  147919ms] [LOG] [Fast Refresh] done in 42ms @ http://localhost:3000/_next/static/chunks/node_modules_next_dist_1e8vcs8._.js:776
[  147974ms] [LOG] [Fast Refresh] done in 42ms @ http://localhost:3000/_next/static/chunks/node_modules_next_dist_1e8vcs8._.js:776
[  148024ms] [LOG] [Fast Refresh] done in 42ms @ http://localhost:3000/_next/static/chunks/node_modules_next_dist_1e8vcs8._.js:776
[  148078ms] [LOG] [Fast Refresh] done in 42ms @ http://localhost:3000/_next/static/chunks/node_modules_next_dist_1e8vcs8._.js:776
[  148128ms] [LOG] [Fast Refresh] done in 42ms @ http://localhost:3000/_next/static/chunks/node_modules_next_dist_1e8vcs8._.js:776
[  148165ms] [LOG] [Fast Refresh] done in 42ms @ http://localhost:3000/_next/static/chunks/node_modules_next_dist_1e8vcs8._.js:776
[  148224ms] [LOG] [Fast Refresh] done in 42ms @ http://localhost:3000/_next/static/chunks/node_modules_next_dist_1e8vcs8._.js:776
[  148275ms] [LOG] [Fast Refresh] done in 42ms @ http://localhost:3000/_next/static/chunks/node_modules_next_dist_1e8vcs8._.js:776
[  148326ms] [LOG] [Fast Refresh] done in 42ms @ http://localhost:3000/_next/static/chunks/node_modules_next_dist_1e8vcs8._.js:776
[  148375ms] [LOG] [Fast Refresh] done in 42ms @ http://localhost:3000/_next/static/chunks/node_modules_next_dist_1e8vcs8._.js:776
[  148425ms] [LOG] [Fast Refresh] done in 42ms @ http://localhost:3000/_next/static/chunks/node_modules_next_dist_1e8vcs8._.js:776
[  148491ms] [LOG] [Fast Refresh] done in 42ms @ http://localhost:3000/_next/static/chunks/node_modules_next_dist_1e8vcs8._.js:776
[  148543ms] [LOG] [Fast Refresh] done in 42ms @ http://localhost:3000/_next/static/chunks/node_modules_next_dist_1e8vcs8._.js:776
[  148591ms] [LOG] [Fast Refresh] done in 42ms @ http://localhost:3000/_next/static/chunks/node_modules_next_dist_1e8vcs8._.js:776
[  148640ms] [LOG] [Fast Refresh] done in 42ms @ http://localhost:3000/_next/static/chunks/node_modules_next_dist_1e8vcs8._.js:776
[  148690ms] [LOG] [Fast Refresh] done in 42ms @ http://localhost:3000/_next/static/chunks/node_modules_next_dist_1e8vcs8._.js:776
[  148741ms] [LOG] [Fast Refresh] done in 42ms @ http://localhost:3000/_next/static/chunks/node_modules_next_dist_1e8vcs8._.js:776
[  148791ms] [LOG] [Fast Refresh] done in 42ms @ http://localhost:3000/_next/static/chunks/node_modules_next_dist_1e8vcs8._.js:776
[  148839ms] [LOG] [Fast Refresh] done in 42ms @ http://localhost:3000/_next/static/chunks/node_modules_next_dist_1e8vcs8._.js:776
[  148890ms] [LOG] [Fast Refresh] done in 42ms @ http://localhost:3000/_next/static/chunks/node_modules_next_dist_1e8vcs8._.js:776
[  148930ms] [LOG] [Fast Refresh] done in 42ms @ http://localhost:3000/_next/static/chunks/node_modules_next_dist_1e8vcs8._.js:776
[  148972ms] [LOG] [Fast Refresh] done in 42ms @ http://localhost:3000/_next/static/chunks/node_modules_next_dist_1e8vcs8._.js:776
[  149011ms] [LOG] [Fast Refresh] done in 42ms @ http://localhost:3000/_next/static/chunks/node_modules_next_dist_1e8vcs8._.js:776
[  149048ms] [LOG] [Fast Refresh] done in 42ms @ http://localhost:3000/_next/static/chunks/node_modules_next_dist_1e8vcs8._.js:776
[  149090ms] [LOG] [Fast Refresh] done in 42ms @ http://localhost:3000/_next/static/chunks/node_modules_next_dist_1e8vcs8._.js:776
[  149139ms] [LOG] [Fast Refresh] done in 42ms @ http://localhost:3000/_next/static/chunks/node_modules_next_dist_1e8vcs8._.js:776
[  149190ms] [LOG] [Fast Refresh] done in 42ms @ http://localhost:3000/_next/static/chunks/node_modules_next_dist_1e8vcs8._.js:776
[  149241ms] [LOG] [Fast Refresh] done in 42ms @ http://localhost:3000/_next/static/chunks/node_modules_next_dist_1e8vcs8._.js:776
[  149291ms] [LOG] [Fast Refresh] done in 42ms @ http://localhost:3000/_next/static/chunks/node_modules_next_dist_1e8vcs8._.js:776
[  149342ms] [LOG] [Fast Refresh] done in 42ms @ http://localhost:3000/_next/static/chunks/node_modules_next_dist_1e8vcs8._.js:776
[  149393ms] [LOG] [Fast Refresh] done in 42ms @ http://localhost:3000/_next/static/chunks/node_modules_next_dist_1e8vcs8._.js:776
[  149432ms] [LOG] [Fast Refresh] done in 42ms @ http://localhost:3000/_next/static/chunks/node_modules_next_dist_1e8vcs8._.js:776
[  149469ms] [LOG] [Fast Refresh] done in 42ms @ http://localhost:3000/_next/static/chunks/node_modules_next_dist_1e8vcs8._.js:776
[  149512ms] [LOG] [Fast Refresh] done in 42ms @ http://localhost:3000/_next/static/chunks/node_modules_next_dist_1e8vcs8._.js:776
[  149558ms] [LOG] [Fast Refresh] done in 42ms @ http://localhost:3000/_next/static/chunks/node_modules_next_dist_1e8vcs8._.js:776
[  149608ms] [LOG] [Fast Refresh] done in 42ms @ http://localhost:3000/_next/static/chunks/node_modules_next_dist_1e8vcs8._.js:776
[  149658ms] [LOG] [Fast Refresh] done in 42ms @ http://localhost:3000/_next/static/chunks/node_modules_next_dist_1e8vcs8._.js:776
[  149707ms] [LOG] [Fast Refresh] done in 42ms @ http://localhost:3000/_next/static/chunks/node_modules_next_dist_1e8vcs8._.js:776
[  149760ms] [LOG] [Fast Refresh] done in 42ms @ http://localhost:3000/_next/static/chunks/node_modules_next_dist_1e8vcs8._.js:776
[  149823ms] [LOG] [Fast Refresh] done in 42ms @ http://localhost:3000/_next/static/chunks/node_modules_next_dist_1e8vcs8._.js:776
[  149870ms] [LOG] [Fast Refresh] done in 42ms @ http://localhost:3000/_next/static/chunks/node_modules_next_dist_1e8vcs8._.js:776
[  149910ms] [LOG] [Fast Refresh] done in 42ms @ http://localhost:3000/_next/static/chunks/node_modules_next_dist_1e8vcs8._.js:776
[  149960ms] [LOG] [Fast Refresh] done in 42ms @ http://localhost:3000/_next/static/chunks/node_modules_next_dist_1e8vcs8._.js:776
[  150008ms] [LOG] [Fast Refresh] done in 42ms @ http://localhost:3000/_next/static/chunks/node_modules_next_dist_1e8vcs8._.js:776
[  150059ms] [LOG] [Fast Refresh] done in 42ms @ http://localhost:3000/_next/static/chunks/node_modules_next_dist_1e8vcs8._.js:776
[  150106ms] [LOG] [Fast Refresh] done in 42ms @ http://localhost:3000/_next/static/chunks/node_modules_next_dist_1e8vcs8._.js:776
[  150168ms] [LOG] [Fast Refresh] done in 42ms @ http://localhost:3000/_next/static/chunks/node_modules_next_dist_1e8vcs8._.js:776
[  150219ms] [LOG] [Fast Refresh] done in 42ms @ http://localhost:3000/_next/static/chunks/node_modules_next_dist_1e8vcs8._.js:776
[  150259ms] [LOG] [Fast Refresh] done in 42ms @ http://localhost:3000/_next/static/chunks/node_modules_next_dist_1e8vcs8._.js:776
[  150307ms] [LOG] [Fast Refresh] done in 42ms @ http://localhost:3000/_next/static/chunks/node_modules_next_dist_1e8vcs8._.js:776
[  150358ms] [LOG] [Fast Refresh] done in 42ms @ http://localhost:3000/_next/static/chunks/node_modules_next_dist_1e8vcs8._.js:776
[  150408ms] [LOG] [Fast Refresh] done in 42ms @ http://localhost:3000/_next/static/chunks/node_modules_next_dist_1e8vcs8._.js:776
[  150472ms] [LOG] [Fast Refresh] done in 42ms @ http://localhost:3000/_next/static/chunks/node_modules_next_dist_1e8vcs8._.js:776
[  150520ms] [LOG] [Fast Refresh] done in 42ms @ http://localhost:3000/_next/static/chunks/node_modules_next_dist_1e8vcs8._.js:776
[  150558ms] [LOG] [Fast Refresh] done in 42ms @ http://localhost:3000/_next/static/chunks/node_modules_next_dist_1e8vcs8._.js:776
[  150607ms] [LOG] [Fast Refresh] done in 42ms @ http://localhost:3000/_next/static/chunks/node_modules_next_dist_1e8vcs8._.js:776
[  150645ms] [LOG] [Fast Refresh] done in 42ms @ http://localhost:3000/_next/static/chunks/node_modules_next_dist_1e8vcs8._.js:776
[  150682ms] [LOG] [Fast Refresh] done in 42ms @ http://localhost:3000/_next/static/chunks/node_modules_next_dist_1e8vcs8._.js:776
[  150723ms] [LOG] [Fast Refresh] done in 42ms @ http://localhost:3000/_next/static/chunks/node_modules_next_dist_1e8vcs8._.js:776
[  150788ms] [LOG] [Fast Refresh] done in 42ms @ http://localhost:3000/_next/static/chunks/node_modules_next_dist_1e8vcs8._.js:776
[  150836ms] [LOG] [Fast Refresh] done in 42ms @ http://localhost:3000/_next/static/chunks/node_modules_next_dist_1e8vcs8._.js:776
[  150884ms] [LOG] [Fast Refresh] done in 42ms @ http://localhost:3000/_next/static/chunks/node_modules_next_dist_1e8vcs8._.js:776
[  150932ms] [LOG] [Fast Refresh] done in 42ms @ http://localhost:3000/_next/static/chunks/node_modules_next_dist_1e8vcs8._.js:776
[  150980ms] [LOG] [Fast Refresh] done in 42ms @ http://localhost:3000/_next/static/chunks/node_modules_next_dist_1e8vcs8._.js:776
[  151043ms] [LOG] [Fast Refresh] done in 42ms @ http://localhost:3000/_next/static/chunks/node_modules_next_dist_1e8vcs8._.js:776
[  151092ms] [LOG] [Fast Refresh] done in 42ms @ http://localhost:3000/_next/static/chunks/node_modules_next_dist_1e8vcs8._.js:776
[  151131ms] [LOG] [Fast Refresh] done in 42ms @ http://localhost:3000/_next/static/chunks/node_modules_next_dist_1e8vcs8._.js:776
[  151168ms] [LOG] [Fast Refresh] done in 42ms @ http://localhost:3000/_next/static/chunks/node_modules_next_dist_1e8vcs8._.js:776
[  151209ms] [LOG] [Fast Refresh] done in 42ms @ http://localhost:3000/_next/static/chunks/node_modules_next_dist_1e8vcs8._.js:776
[  151258ms] [LOG] [Fast Refresh] done in 42ms @ http://localhost:3000/_next/static/chunks/node_modules_next_dist_1e8vcs8._.js:776
[  151322ms] [LOG] [Fast Refresh] done in 42ms @ http://localhost:3000/_next/static/chunks/node_modules_next_dist_1e8vcs8._.js:776
[  151374ms] [LOG] [Fast Refresh] done in 42ms @ http://localhost:3000/_next/static/chunks/node_modules_next_dist_1e8vcs8._.js:776
[  151422ms] [LOG] [Fast Refresh] done in 42ms @ http://localhost:3000/_next/static/chunks/node_modules_next_dist_1e8vcs8._.js:776
[  151472ms] [LOG] [Fast Refresh] done in 42ms @ http://localhost:3000/_next/static/chunks/node_modules_next_dist_1e8vcs8._.js:776
[  151525ms] [LOG] [Fast Refresh] done in 42ms @ http://localhost:3000/_next/static/chunks/node_modules_next_dist_1e8vcs8._.js:776
[  151577ms] [LOG] [Fast Refresh] done in 42ms @ http://localhost:3000/_next/static/chunks/node_modules_next_dist_1e8vcs8._.js:776
[  151623ms] [LOG] [Fast Refresh] done in 42ms @ http://localhost:3000/_next/static/chunks/node_modules_next_dist_1e8vcs8._.js:776
[  151670ms] [LOG] [Fast Refresh] done in 42ms @ http://localhost:3000/_next/static/chunks/node_modules_next_dist_1e8vcs8._.js:776
[  151708ms] [LOG] [Fast Refresh] done in 42ms @ http://localhost:3000/_next/static/chunks/node_modules_next_dist_1e8vcs8._.js:776
[  151758ms] [LOG] [Fast Refresh] done in 42ms @ http://localhost:3000/_next/static/chunks/node_modules_next_dist_1e8vcs8._.js:776
[  151806ms] [LOG] [Fast Refresh] done in 42ms @ http://localhost:3000/_next/static/chunks/node_modules_next_dist_1e8vcs8._.js:776
[  151862ms] [LOG] [Fast Refresh] done in 42ms @ http://localhost:3000/_next/static/chunks/node_modules_next_dist_1e8vcs8._.js:776
[  151908ms] [LOG] [Fast Refresh] done in 42ms @ http://localhost:3000/_next/static/chunks/node_modules_next_dist_1e8vcs8._.js:776
[  151956ms] [LOG] [Fast Refresh] done in 42ms @ http://localhost:3000/_next/static/chunks/node_modules_next_dist_1e8vcs8._.js:776
[  152004ms] [LOG] [Fast Refresh] done in 42ms @ http://localhost:3000/_next/static/chunks/node_modules_next_dist_1e8vcs8._.js:776
[  152068ms] [LOG] [Fast Refresh] done in 42ms @ http://localhost:3000/_next/static/chunks/node_modules_next_dist_1e8vcs8._.js:776
[  152115ms] [LOG] [Fast Refresh] done in 42ms @ http://localhost:3000/_next/static/chunks/node_modules_next_dist_1e8vcs8._.js:776
[  152163ms] [LOG] [Fast Refresh] done in 42ms @ http://localhost:3000/_next/static/chunks/node_modules_next_dist_1e8vcs8._.js:776
[  152211ms] [LOG] [Fast Refresh] done in 42ms @ http://localhost:3000/_next/static/chunks/node_modules_next_dist_1e8vcs8._.js:776
[  152276ms] [LOG] [Fast Refresh] done in 42ms @ http://localhost:3000/_next/static/chunks/node_modules_next_dist_1e8vcs8._.js:776
[  152323ms] [LOG] [Fast Refresh] done in 42ms @ http://localhost:3000/_next/static/chunks/node_modules_next_dist_1e8vcs8._.js:776
[  152387ms] [LOG] [Fast Refresh] done in 42ms @ http://localhost:3000/_next/static/chunks/node_modules_next_dist_1e8vcs8._.js:776
[  152435ms] [LOG] [Fast Refresh] done in 42ms @ http://localhost:3000/_next/static/chunks/node_modules_next_dist_1e8vcs8._.js:776
[  152483ms] [LOG] [Fast Refresh] done in 42ms @ http://localhost:3000/_next/static/chunks/node_modules_next_dist_1e8vcs8._.js:776
[  152531ms] [LOG] [Fast Refresh] done in 42ms @ http://localhost:3000/_next/static/chunks/node_modules_next_dist_1e8vcs8._.js:776
[  152579ms] [LOG] [Fast Refresh] done in 42ms @ http://localhost:3000/_next/static/chunks/node_modules_next_dist_1e8vcs8._.js:776
[  152643ms] [LOG] [Fast Refresh] done in 42ms @ http://localhost:3000/_next/static/chunks/node_modules_next_dist_1e8vcs8._.js:776
[  152691ms] [LOG] [Fast Refresh] done in 42ms @ http://localhost:3000/_next/static/chunks/node_modules_next_dist_1e8vcs8._.js:776
[  152739ms] [LOG] [Fast Refresh] done in 42ms @ http://localhost:3000/_next/static/chunks/node_modules_next_dist_1e8vcs8._.js:776
[  152787ms] [LOG] [Fast Refresh] done in 42ms @ http://localhost:3000/_next/static/chunks/node_modules_next_dist_1e8vcs8._.js:776
[  152850ms] [LOG] [Fast Refresh] done in 42ms @ http://localhost:3000/_next/static/chunks/node_modules_next_dist_1e8vcs8._.js:776
[  152906ms] [LOG] [Fast Refresh] done in 42ms @ http://localhost:3000/_next/static/chunks/node_modules_next_dist_1e8vcs8._.js:776
[  152957ms] [LOG] [Fast Refresh] done in 42ms @ http://localhost:3000/_next/static/chunks/node_modules_next_dist_1e8vcs8._.js:776
[  153008ms] [LOG] [Fast Refresh] done in 42ms @ http://localhost:3000/_next/static/chunks/node_modules_next_dist_1e8vcs8._.js:776
[  153051ms] [LOG] [Fast Refresh] done in 42ms @ http://localhost:3000/_next/static/chunks/node_modules_next_dist_1e8vcs8._.js:776
[  153087ms] [LOG] [Fast Refresh] done in 42ms @ http://localhost:3000/_next/static/chunks/node_modules_next_dist_1e8vcs8._.js:776
[  153125ms] [LOG] [Fast Refresh] done in 42ms @ http://localhost:3000/_next/static/chunks/node_modules_next_dist_1e8vcs8._.js:776
[  153161ms] [LOG] [Fast Refresh] done in 42ms @ http://localhost:3000/_next/static/chunks/node_modules_next_dist_1e8vcs8._.js:776
[  153199ms] [LOG] [Fast Refresh] done in 42ms @ http://localhost:3000/_next/static/chunks/node_modules_next_dist_1e8vcs8._.js:776
[  153241ms] [LOG] [Fast Refresh] done in 42ms @ http://localhost:3000/_next/static/chunks/node_modules_next_dist_1e8vcs8._.js:776
[  153294ms] [LOG] [Fast Refresh] done in 42ms @ http://localhost:3000/_next/static/chunks/node_modules_next_dist_1e8vcs8._.js:776
[  153340ms] [LOG] [Fast Refresh] done in 42ms @ http://localhost:3000/_next/static/chunks/node_modules_next_dist_1e8vcs8._.js:776
[  153408ms] [LOG] [Fast Refresh] done in 42ms @ http://localhost:3000/_next/static/chunks/node_modules_next_dist_1e8vcs8._.js:776
[  153459ms] [LOG] [Fast Refresh] done in 42ms @ http://localhost:3000/_next/static/chunks/node_modules_next_dist_1e8vcs8._.js:776
[  153509ms] [LOG] [Fast Refresh] done in 42ms @ http://localhost:3000/_next/static/chunks/node_modules_next_dist_1e8vcs8._.js:776
[  153559ms] [LOG] [Fast Refresh] done in 42ms @ http://localhost:3000/_next/static/chunks/node_modules_next_dist_1e8vcs8._.js:776
[  153595ms] [LOG] [Fast Refresh] done in 42ms @ http://localhost:3000/_next/static/chunks/node_modules_next_dist_1e8vcs8._.js:776
[  153633ms] [LOG] [Fast Refresh] done in 42ms @ http://localhost:3000/_next/static/chunks/node_modules_next_dist_1e8vcs8._.js:776
[  153671ms] [LOG] [Fast Refresh] done in 42ms @ http://localhost:3000/_next/static/chunks/node_modules_next_dist_1e8vcs8._.js:776
[  153708ms] [LOG] [Fast Refresh] done in 42ms @ http://localhost:3000/_next/static/chunks/node_modules_next_dist_1e8vcs8._.js:776
[  153746ms] [LOG] [Fast Refresh] done in 42ms @ http://localhost:3000/_next/static/chunks/node_modules_next_dist_1e8vcs8._.js:776
[  153784ms] [LOG] [Fast Refresh] done in 42ms @ http://localhost:3000/_next/static/chunks/node_modules_next_dist_1e8vcs8._.js:776
[  153821ms] [LOG] [Fast Refresh] done in 42ms @ http://localhost:3000/_next/static/chunks/node_modules_next_dist_1e8vcs8._.js:776
[  153859ms] [LOG] [Fast Refresh] done in 42ms @ http://localhost:3000/_next/static/chunks/node_modules_next_dist_1e8vcs8._.js:776
[  153899ms] [LOG] [Fast Refresh] done in 42ms @ http://localhost:3000/_next/static/chunks/node_modules_next_dist_1e8vcs8._.js:776
[  153942ms] [LOG] [Fast Refresh] done in 42ms @ http://localhost:3000/_next/static/chunks/node_modules_next_dist_1e8vcs8._.js:776
[  153983ms] [LOG] [Fast Refresh] done in 42ms @ http://localhost:3000/_next/static/chunks/node_modules_next_dist_1e8vcs8._.js:776
[  154025ms] [LOG] [Fast Refresh] done in 42ms @ http://localhost:3000/_next/static/chunks/node_modules_next_dist_1e8vcs8._.js:776
[  154061ms] [LOG] [Fast Refresh] done in 42ms @ http://localhost:3000/_next/static/chunks/node_modules_next_dist_1e8vcs8._.js:776
[  154099ms] [LOG] [Fast Refresh] done in 42ms @ http://localhost:3000/_next/static/chunks/node_modules_next_dist_1e8vcs8._.js:776
[  154140ms] [LOG] [Fast Refresh] done in 42ms @ http://localhost:3000/_next/static/chunks/node_modules_next_dist_1e8vcs8._.js:776
[  154178ms] [LOG] [Fast Refresh] done in 42ms @ http://localhost:3000/_next/static/chunks/node_modules_next_dist_1e8vcs8._.js:776
[  154214ms] [LOG] [Fast Refresh] done in 42ms @ http://localhost:3000/_next/static/chunks/node_modules_next_dist_1e8vcs8._.js:776
[  154255ms] [LOG] [Fast Refresh] done in 42ms @ http://localhost:3000/_next/static/chunks/node_modules_next_dist_1e8vcs8._.js:776
[  154292ms] [LOG] [Fast Refresh] done in 42ms @ http://localhost:3000/_next/static/chunks/node_modules_next_dist_1e8vcs8._.js:776
[  154327ms] [LOG] [Fast Refresh] done in 42ms @ http://localhost:3000/_next/static/chunks/node_modules_next_dist_1e8vcs8._.js:776
[  154365ms] [LOG] [Fast Refresh] done in 42ms @ http://localhost:3000/_next/static/chunks/node_modules_next_dist_1e8vcs8._.js:776
[  154404ms] [LOG] [Fast Refresh] done in 42ms @ http://localhost:3000/_next/static/chunks/node_modules_next_dist_1e8vcs8._.js:776
[  154440ms] [LOG] [Fast Refresh] done in 42ms @ http://localhost:3000/_next/static/chunks/node_modules_next_dist_1e8vcs8._.js:776
[  154482ms] [LOG] [Fast Refresh] done in 42ms @ http://localhost:3000/_next/static/chunks/node_modules_next_dist_1e8vcs8._.js:776
[  154519ms] [LOG] [Fast Refresh] done in 42ms @ http://localhost:3000/_next/static/chunks/node_modules_next_dist_1e8vcs8._.js:776
[  154556ms] [LOG] [Fast Refresh] done in 42ms @ http://localhost:3000/_next/static/chunks/node_modules_next_dist_1e8vcs8._.js:776
[  154594ms] [LOG] [Fast Refresh] done in 42ms @ http://localhost:3000/_next/static/chunks/node_modules_next_dist_1e8vcs8._.js:776
[  154643ms] [LOG] [Fast Refresh] done in 42ms @ http://localhost:3000/_next/static/chunks/node_modules_next_dist_1e8vcs8._.js:776
[  154692ms] [LOG] [Fast Refresh] done in 42ms @ http://localhost:3000/_next/static/chunks/node_modules_next_dist_1e8vcs8._.js:776
[  154741ms] [LOG] [Fast Refresh] done in 42ms @ http://localhost:3000/_next/static/chunks/node_modules_next_dist_1e8vcs8._.js:776
[  154791ms] [LOG] [Fast Refresh] done in 42ms @ http://localhost:3000/_next/static/chunks/node_modules_next_dist_1e8vcs8._.js:776
[  154842ms] [LOG] [Fast Refresh] done in 42ms @ http://localhost:3000/_next/static/chunks/node_modules_next_dist_1e8vcs8._.js:776
[  154891ms] [LOG] [Fast Refresh] done in 42ms @ http://localhost:3000/_next/static/chunks/node_modules_next_dist_1e8vcs8._.js:776
[  154943ms] [LOG] [Fast Refresh] done in 42ms @ http://localhost:3000/_next/static/chunks/node_modules_next_dist_1e8vcs8._.js:776
[  155007ms] [LOG] [Fast Refresh] done in 42ms @ http://localhost:3000/_next/static/chunks/node_modules_next_dist_1e8vcs8._.js:776
[  155071ms] [LOG] [Fast Refresh] done in 42ms @ http://localhost:3000/_next/static/chunks/node_modules_next_dist_1e8vcs8._.js:776
[  155135ms] [LOG] [Fast Refresh] done in 42ms @ http://localhost:3000/_next/static/chunks/node_modules_next_dist_1e8vcs8._.js:776
[  155199ms] [LOG] [Fast Refresh] done in 42ms @ http://localhost:3000/_next/static/chunks/node_modules_next_dist_1e8vcs8._.js:776
[  155257ms] [LOG] [Fast Refresh] done in 42ms @ http://localhost:3000/_next/static/chunks/node_modules_next_dist_1e8vcs8._.js:776
[  155307ms] [LOG] [Fast Refresh] done in 42ms @ http://localhost:3000/_next/static/chunks/node_modules_next_dist_1e8vcs8._.js:776
[  155357ms] [LOG] [Fast Refresh] done in 42ms @ http://localhost:3000/_next/static/chunks/node_modules_next_dist_1e8vcs8._.js:776
[  155406ms] [LOG] [Fast Refresh] done in 42ms @ http://localhost:3000/_next/static/chunks/node_modules_next_dist_1e8vcs8._.js:776
[  155454ms] [LOG] [Fast Refresh] done in 42ms @ http://localhost:3000/_next/static/chunks/node_modules_next_dist_1e8vcs8._.js:776
[  155518ms] [LOG] [Fast Refresh] done in 42ms @ http://localhost:3000/_next/static/chunks/node_modules_next_dist_1e8vcs8._.js:776
[  155582ms] [LOG] [Fast Refresh] done in 42ms @ http://localhost:3000/_next/static/chunks/node_modules_next_dist_1e8vcs8._.js:776
[  155646ms] [LOG] [Fast Refresh] done in 42ms @ http://localhost:3000/_next/static/chunks/node_modules_next_dist_1e8vcs8._.js:776
[  155694ms] [LOG] [Fast Refresh] done in 42ms @ http://localhost:3000/_next/static/chunks/node_modules_next_dist_1e8vcs8._.js:776
[  155741ms] [LOG] [Fast Refresh] done in 42ms @ http://localhost:3000/_next/static/chunks/node_modules_next_dist_1e8vcs8._.js:776
[  155790ms] [LOG] [Fast Refresh] done in 42ms @ http://localhost:3000/_next/static/chunks/node_modules_next_dist_1e8vcs8._.js:776
[  155840ms] [LOG] [Fast Refresh] done in 42ms @ http://localhost:3000/_next/static/chunks/node_modules_next_dist_1e8vcs8._.js:776
[  155892ms] [LOG] [Fast Refresh] done in 42ms @ http://localhost:3000/_next/static/chunks/node_modules_next_dist_1e8vcs8._.js:776
[  155942ms] [LOG] [Fast Refresh] done in 42ms @ http://localhost:3000/_next/static/chunks/node_modules_next_dist_1e8vcs8._.js:776
[  155992ms] [LOG] [Fast Refresh] done in 42ms @ http://localhost:3000/_next/static/chunks/node_modules_next_dist_1e8vcs8._.js:776
[  156043ms] [LOG] [Fast Refresh] done in 42ms @ http://localhost:3000/_next/static/chunks/node_modules_next_dist_1e8vcs8._.js:776
[  156092ms] [LOG] [Fast Refresh] done in 42ms @ http://localhost:3000/_next/static/chunks/node_modules_next_dist_1e8vcs8._.js:776
[  156129ms] [LOG] [Fast Refresh] done in 42ms @ http://localhost:3000/_next/static/chunks/node_modules_next_dist_1e8vcs8._.js:776
[  156165ms] [LOG] [Fast Refresh] done in 42ms @ http://localhost:3000/_next/static/chunks/node_modules_next_dist_1e8vcs8._.js:776
[  156208ms] [LOG] [Fast Refresh] done in 42ms @ http://localhost:3000/_next/static/chunks/node_modules_next_dist_1e8vcs8._.js:776
[  156256ms] [LOG] [Fast Refresh] done in 42ms @ http://localhost:3000/_next/static/chunks/node_modules_next_dist_1e8vcs8._.js:776
[  156304ms] [LOG] [Fast Refresh] done in 42ms @ http://localhost:3000/_next/static/chunks/node_modules_next_dist_1e8vcs8._.js:776
[  156358ms] [LOG] [Fast Refresh] done in 42ms @ http://localhost:3000/_next/static/chunks/node_modules_next_dist_1e8vcs8._.js:776
[  156407ms] [LOG] [Fast Refresh] done in 42ms @ http://localhost:3000/_next/static/chunks/node_modules_next_dist_1e8vcs8._.js:776
[  156446ms] [LOG] [Fast Refresh] done in 42ms @ http://localhost:3000/_next/static/chunks/node_modules_next_dist_1e8vcs8._.js:776
[  156489ms] [LOG] [Fast Refresh] done in 42ms @ http://localhost:3000/_next/static/chunks/node_modules_next_dist_1e8vcs8._.js:776
[  156536ms] [LOG] [Fast Refresh] done in 42ms @ http://localhost:3000/_next/static/chunks/node_modules_next_dist_1e8vcs8._.js:776
[  156575ms] [LOG] [Fast Refresh] done in 42ms @ http://localhost:3000/_next/static/chunks/node_modules_next_dist_1e8vcs8._.js:776
[  156612ms] [LOG] [Fast Refresh] done in 42ms @ http://localhost:3000/_next/static/chunks/node_modules_next_dist_1e8vcs8._.js:776
[  156653ms] [LOG] [Fast Refresh] done in 42ms @ http://localhost:3000/_next/static/chunks/node_modules_next_dist_1e8vcs8._.js:776
[  156692ms] [LOG] [Fast Refresh] done in 42ms @ http://localhost:3000/_next/static/chunks/node_modules_next_dist_1e8vcs8._.js:776
[  156741ms] [LOG] [Fast Refresh] done in 42ms @ http://localhost:3000/_next/static/chunks/node_modules_next_dist_1e8vcs8._.js:776
[  156798ms] [LOG] [Fast Refresh] done in 42ms @ http://localhost:3000/_next/static/chunks/node_modules_next_dist_1e8vcs8._.js:776
[  156841ms] [LOG] [Fast Refresh] done in 42ms @ http://localhost:3000/_next/static/chunks/node_modules_next_dist_1e8vcs8._.js:776
[  156884ms] [LOG] [Fast Refresh] done in 42ms @ http://localhost:3000/_next/static/chunks/node_modules_next_dist_1e8vcs8._.js:776
[  156928ms] [LOG] [Fast Refresh] done in 42ms @ http://localhost:3000/_next/static/chunks/node_modules_next_dist_1e8vcs8._.js:776
[  156964ms] [LOG] [Fast Refresh] done in 42ms @ http://localhost:3000/_next/static/chunks/node_modules_next_dist_1e8vcs8._.js:776
[  156999ms] [LOG] [Fast Refresh] done in 42ms @ http://localhost:3000/_next/static/chunks/node_modules_next_dist_1e8vcs8._.js:776
[  157036ms] [LOG] [Fast Refresh] done in 42ms @ http://localhost:3000/_next/static/chunks/node_modules_next_dist_1e8vcs8._.js:776
[  157071ms] [LOG] [Fast Refresh] done in 42ms @ http://localhost:3000/_next/static/chunks/node_modules_next_dist_1e8vcs8._.js:776
[  157107ms] [LOG] [Fast Refresh] done in 42ms @ http://localhost:3000/_next/static/chunks/node_modules_next_dist_1e8vcs8._.js:776
[  157157ms] [LOG] [Fast Refresh] done in 42ms @ http://localhost:3000/_next/static/chunks/node_modules_next_dist_1e8vcs8._.js:776
[  157208ms] [LOG] [Fast Refresh] done in 42ms @ http://localhost:3000/_next/static/chunks/node_modules_next_dist_1e8vcs8._.js:776
[  157257ms] [LOG] [Fast Refresh] done in 42ms @ http://localhost:3000/_next/static/chunks/node_modules_next_dist_1e8vcs8._.js:776
[  157299ms] [LOG] [Fast Refresh] done in 42ms @ http://localhost:3000/_next/static/chunks/node_modules_next_dist_1e8vcs8._.js:776
[  157340ms] [LOG] [Fast Refresh] done in 42ms @ http://localhost:3000/_next/static/chunks/node_modules_next_dist_1e8vcs8._.js:776
[  157379ms] [LOG] [Fast Refresh] done in 42ms @ http://localhost:3000/_next/static/chunks/node_modules_next_dist_1e8vcs8._.js:776
[  157415ms] [LOG] [Fast Refresh] done in 42ms @ http://localhost:3000/_next/static/chunks/node_modules_next_dist_1e8vcs8._.js:776
[  157450ms] [LOG] [Fast Refresh] done in 42ms @ http://localhost:3000/_next/static/chunks/node_modules_next_dist_1e8vcs8._.js:776
[  157486ms] [LOG] [Fast Refresh] done in 42ms @ http://localhost:3000/_next/static/chunks/node_modules_next_dist_1e8vcs8._.js:776
[  157527ms] [LOG] [Fast Refresh] done in 42ms @ http://localhost:3000/_next/static/chunks/node_modules_next_dist_1e8vcs8._.js:776
[  157562ms] [LOG] [Fast Refresh] done in 42ms @ http://localhost:3000/_next/static/chunks/node_modules_next_dist_1e8vcs8._.js:776
[  157599ms] [LOG] [Fast Refresh] done in 42ms @ http://localhost:3000/_next/static/chunks/node_modules_next_dist_1e8vcs8._.js:776
[  157638ms] [LOG] [Fast Refresh] done in 42ms @ http://localhost:3000/_next/static/chunks/node_modules_next_dist_1e8vcs8._.js:776
[  157679ms] [LOG] [Fast Refresh] done in 42ms @ http://localhost:3000/_next/static/chunks/node_modules_next_dist_1e8vcs8._.js:776
[  157723ms] [LOG] [Fast Refresh] done in 42ms @ http://localhost:3000/_next/static/chunks/node_modules_next_dist_1e8vcs8._.js:776
[  157772ms] [LOG] [Fast Refresh] done in 42ms @ http://localhost:3000/_next/static/chunks/node_modules_next_dist_1e8vcs8._.js:776
[  157811ms] [LOG] [Fast Refresh] done in 42ms @ http://localhost:3000/_next/static/chunks/node_modules_next_dist_1e8vcs8._.js:776
[  157848ms] [LOG] [Fast Refresh] done in 42ms @ http://localhost:3000/_next/static/chunks/node_modules_next_dist_1e8vcs8._.js:776
[  157886ms] [LOG] [Fast Refresh] done in 42ms @ http://localhost:3000/_next/static/chunks/node_modules_next_dist_1e8vcs8._.js:776
[  157925ms] [LOG] [Fast Refresh] done in 42ms @ http://localhost:3000/_next/static/chunks/node_modules_next_dist_1e8vcs8._.js:776
[  157968ms] [LOG] [Fast Refresh] done in 42ms @ http://localhost:3000/_next/static/chunks/node_modules_next_dist_1e8vcs8._.js:776
[  158006ms] [LOG] [Fast Refresh] done in 42ms @ http://localhost:3000/_next/static/chunks/node_modules_next_dist_1e8vcs8._.js:776
[  158046ms] [LOG] [Fast Refresh] done in 42ms @ http://localhost:3000/_next/static/chunks/node_modules_next_dist_1e8vcs8._.js:776
[  158091ms] [LOG] [Fast Refresh] done in 42ms @ http://localhost:3000/_next/static/chunks/node_modules_next_dist_1e8vcs8._.js:776
[  158140ms] [LOG] [Fast Refresh] done in 42ms @ http://localhost:3000/_next/static/chunks/node_modules_next_dist_1e8vcs8._.js:776
[  158203ms] [LOG] [Fast Refresh] done in 42ms @ http://localhost:3000/_next/static/chunks/node_modules_next_dist_1e8vcs8._.js:776
[  158254ms] [LOG] [Fast Refresh] done in 42ms @ http://localhost:3000/_next/static/chunks/node_modules_next_dist_1e8vcs8._.js:776
[  158291ms] [LOG] [Fast Refresh] done in 42ms @ http://localhost:3000/_next/static/chunks/node_modules_next_dist_1e8vcs8._.js:776
[  158341ms] [LOG] [Fast Refresh] done in 42ms @ http://localhost:3000/_next/static/chunks/node_modules_next_dist_1e8vcs8._.js:776
[  158390ms] [LOG] [Fast Refresh] done in 42ms @ http://localhost:3000/_next/static/chunks/node_modules_next_dist_1e8vcs8._.js:776
[  158440ms] [LOG] [Fast Refresh] done in 42ms @ http://localhost:3000/_next/static/chunks/node_modules_next_dist_1e8vcs8._.js:776
[  158490ms] [LOG] [Fast Refresh] done in 42ms @ http://localhost:3000/_next/static/chunks/node_modules_next_dist_1e8vcs8._.js:776
[  158539ms] [LOG] [Fast Refresh] done in 42ms @ http://localhost:3000/_next/static/chunks/node_modules_next_dist_1e8vcs8._.js:776
[  158590ms] [LOG] [Fast Refresh] done in 42ms @ http://localhost:3000/_next/static/chunks/node_modules_next_dist_1e8vcs8._.js:776
[  158633ms] [LOG] [Fast Refresh] done in 42ms @ http://localhost:3000/_next/static/chunks/node_modules_next_dist_1e8vcs8._.js:776
[  158670ms] [LOG] [Fast Refresh] done in 42ms @ http://localhost:3000/_next/static/chunks/node_modules_next_dist_1e8vcs8._.js:776
[  158708ms] [LOG] [Fast Refresh] done in 42ms @ http://localhost:3000/_next/static/chunks/node_modules_next_dist_1e8vcs8._.js:776
[  158746ms] [LOG] [Fast Refresh] done in 42ms @ http://localhost:3000/_next/static/chunks/node_modules_next_dist_1e8vcs8._.js:776
[  158785ms] [LOG] [Fast Refresh] done in 42ms @ http://localhost:3000/_next/static/chunks/node_modules_next_dist_1e8vcs8._.js:776
[  158825ms] [LOG] [Fast Refresh] done in 42ms @ http://localhost:3000/_next/static/chunks/node_modules_next_dist_1e8vcs8._.js:776
[  158873ms] [LOG] [Fast Refresh] done in 42ms @ http://localhost:3000/_next/static/chunks/node_modules_next_dist_1e8vcs8._.js:776
[  158922ms] [LOG] [Fast Refresh] done in 42ms @ http://localhost:3000/_next/static/chunks/node_modules_next_dist_1e8vcs8._.js:776
[  158987ms] [LOG] [Fast Refresh] done in 42ms @ http://localhost:3000/_next/static/chunks/node_modules_next_dist_1e8vcs8._.js:776
[  159037ms] [LOG] [Fast Refresh] done in 42ms @ http://localhost:3000/_next/static/chunks/node_modules_next_dist_1e8vcs8._.js:776
[  159075ms] [LOG] [Fast Refresh] done in 42ms @ http://localhost:3000/_next/static/chunks/node_modules_next_dist_1e8vcs8._.js:776
[  159114ms] [LOG] [Fast Refresh] done in 42ms @ http://localhost:3000/_next/static/chunks/node_modules_next_dist_1e8vcs8._.js:776
[  159153ms] [LOG] [Fast Refresh] done in 42ms @ http://localhost:3000/_next/static/chunks/node_modules_next_dist_1e8vcs8._.js:776
[  159192ms] [LOG] [Fast Refresh] done in 42ms @ http://localhost:3000/_next/static/chunks/node_modules_next_dist_1e8vcs8._.js:776
[  159232ms] [LOG] [Fast Refresh] done in 42ms @ http://localhost:3000/_next/static/chunks/node_modules_next_dist_1e8vcs8._.js:776
[  159272ms] [LOG] [Fast Refresh] done in 42ms @ http://localhost:3000/_next/static/chunks/node_modules_next_dist_1e8vcs8._.js:776
[  159324ms] [LOG] [Fast Refresh] done in 42ms @ http://localhost:3000/_next/static/chunks/node_modules_next_dist_1e8vcs8._.js:776
[  159372ms] [LOG] [Fast Refresh] done in 42ms @ http://localhost:3000/_next/static/chunks/node_modules_next_dist_1e8vcs8._.js:776
[  159421ms] [LOG] [Fast Refresh] done in 42ms @ http://localhost:3000/_next/static/chunks/node_modules_next_dist_1e8vcs8._.js:776
[  159457ms] [LOG] [Fast Refresh] done in 42ms @ http://localhost:3000/_next/static/chunks/node_modules_next_dist_1e8vcs8._.js:776
[  159506ms] [LOG] [Fast Refresh] done in 42ms @ http://localhost:3000/_next/static/chunks/node_modules_next_dist_1e8vcs8._.js:776
[  159556ms] [LOG] [Fast Refresh] done in 42ms @ http://localhost:3000/_next/static/chunks/node_modules_next_dist_1e8vcs8._.js:776
[  159595ms] [LOG] [Fast Refresh] done in 42ms @ http://localhost:3000/_next/static/chunks/node_modules_next_dist_1e8vcs8._.js:776
[  159634ms] [LOG] [Fast Refresh] done in 42ms @ http://localhost:3000/_next/static/chunks/node_modules_next_dist_1e8vcs8._.js:776
[  159675ms] [LOG] [Fast Refresh] done in 42ms @ http://localhost:3000/_next/static/chunks/node_modules_next_dist_1e8vcs8._.js:776
[  159723ms] [LOG] [Fast Refresh] done in 42ms @ http://localhost:3000/_next/static/chunks/node_modules_next_dist_1e8vcs8._.js:776
[  159775ms] [LOG] [Fast Refresh] done in 42ms @ http://localhost:3000/_next/static/chunks/node_modules_next_dist_1e8vcs8._.js:776
[  159814ms] [LOG] [Fast Refresh] done in 42ms @ http://localhost:3000/_next/static/chunks/node_modules_next_dist_1e8vcs8._.js:776
[  159855ms] [LOG] [Fast Refresh] done in 42ms @ http://localhost:3000/_next/static/chunks/node_modules_next_dist_1e8vcs8._.js:776
[  159892ms] [LOG] [Fast Refresh] done in 42ms @ http://localhost:3000/_next/static/chunks/node_modules_next_dist_1e8vcs8._.js:776
[  159929ms] [LOG] [Fast Refresh] done in 42ms @ http://localhost:3000/_next/static/chunks/node_modules_next_dist_1e8vcs8._.js:776
[  159965ms] [LOG] [Fast Refresh] done in 42ms @ http://localhost:3000/_next/static/chunks/node_modules_next_dist_1e8vcs8._.js:776
[  160003ms] [LOG] [Fast Refresh] done in 42ms @ http://localhost:3000/_next/static/chunks/node_modules_next_dist_1e8vcs8._.js:776
[  160056ms] [LOG] [Fast Refresh] done in 42ms @ http://localhost:3000/_next/static/chunks/node_modules_next_dist_1e8vcs8._.js:776
[  160105ms] [LOG] [Fast Refresh] done in 42ms @ http://localhost:3000/_next/static/chunks/node_modules_next_dist_1e8vcs8._.js:776
[  160158ms] [LOG] [Fast Refresh] done in 42ms @ http://localhost:3000/_next/static/chunks/node_modules_next_dist_1e8vcs8._.js:776
[  160207ms] [LOG] [Fast Refresh] done in 42ms @ http://localhost:3000/_next/static/chunks/node_modules_next_dist_1e8vcs8._.js:776
[  160256ms] [LOG] [Fast Refresh] done in 42ms @ http://localhost:3000/_next/static/chunks/node_modules_next_dist_1e8vcs8._.js:776
[  160293ms] [LOG] [Fast Refresh] done in 42ms @ http://localhost:3000/_next/static/chunks/node_modules_next_dist_1e8vcs8._.js:776
[  160330ms] [LOG] [Fast Refresh] done in 42ms @ http://localhost:3000/_next/static/chunks/node_modules_next_dist_1e8vcs8._.js:776
[  160376ms] [LOG] [Fast Refresh] done in 42ms @ http://localhost:3000/_next/static/chunks/node_modules_next_dist_1e8vcs8._.js:776
[  160425ms] [LOG] [Fast Refresh] done in 42ms @ http://localhost:3000/_next/static/chunks/node_modules_next_dist_1e8vcs8._.js:776
[  160475ms] [LOG] [Fast Refresh] done in 42ms @ http://localhost:3000/_next/static/chunks/node_modules_next_dist_1e8vcs8._.js:776
[  160524ms] [LOG] [Fast Refresh] done in 42ms @ http://localhost:3000/_next/static/chunks/node_modules_next_dist_1e8vcs8._.js:776
[  160574ms] [LOG] [Fast Refresh] done in 42ms @ http://localhost:3000/_next/static/chunks/node_modules_next_dist_1e8vcs8._.js:776
[  160626ms] [LOG] [Fast Refresh] done in 42ms @ http://localhost:3000/_next/static/chunks/node_modules_next_dist_1e8vcs8._.js:776
[  160676ms] [LOG] [Fast Refresh] done in 42ms @ http://localhost:3000/_next/static/chunks/node_modules_next_dist_1e8vcs8._.js:776
[  160725ms] [LOG] [Fast Refresh] done in 42ms @ http://localhost:3000/_next/static/chunks/node_modules_next_dist_1e8vcs8._.js:776
[  160772ms] [LOG] [Fast Refresh] done in 42ms @ http://localhost:3000/_next/static/chunks/node_modules_next_dist_1e8vcs8._.js:776
[  160855ms] [LOG] [Fast Refresh] done in 42ms @ http://localhost:3000/_next/static/chunks/node_modules_next_dist_1e8vcs8._.js:776
[  160919ms] [LOG] [Fast Refresh] done in 42ms @ http://localhost:3000/_next/static/chunks/node_modules_next_dist_1e8vcs8._.js:776
[  160957ms] [LOG] [Fast Refresh] done in 42ms @ http://localhost:3000/_next/static/chunks/node_modules_next_dist_1e8vcs8._.js:776
[  161007ms] [LOG] [Fast Refresh] done in 42ms @ http://localhost:3000/_next/static/chunks/node_modules_next_dist_1e8vcs8._.js:776
[  161055ms] [LOG] [Fast Refresh] done in 42ms @ http://localhost:3000/_next/static/chunks/node_modules_next_dist_1e8vcs8._.js:776
[  161094ms] [LOG] [Fast Refresh] done in 42ms @ http://localhost:3000/_next/static/chunks/node_modules_next_dist_1e8vcs8._.js:776
[  161150ms] [LOG] [Fast Refresh] done in 42ms @ http://localhost:3000/_next/static/chunks/node_modules_next_dist_1e8vcs8._.js:776
[  161192ms] [LOG] [Fast Refresh] done in 42ms @ http://localhost:3000/_next/static/chunks/node_modules_next_dist_1e8vcs8._.js:776
[  161242ms] [LOG] [Fast Refresh] done in 42ms @ http://localhost:3000/_next/static/chunks/node_modules_next_dist_1e8vcs8._.js:776
[  161291ms] [LOG] [Fast Refresh] done in 42ms @ http://localhost:3000/_next/static/chunks/node_modules_next_dist_1e8vcs8._.js:776
[  161342ms] [LOG] [Fast Refresh] done in 42ms @ http://localhost:3000/_next/static/chunks/node_modules_next_dist_1e8vcs8._.js:776
[  161391ms] [LOG] [Fast Refresh] done in 42ms @ http://localhost:3000/_next/static/chunks/node_modules_next_dist_1e8vcs8._.js:776
[  161441ms] [LOG] [Fast Refresh] done in 42ms @ http://localhost:3000/_next/static/chunks/node_modules_next_dist_1e8vcs8._.js:776
[  161492ms] [LOG] [Fast Refresh] done in 42ms @ http://localhost:3000/_next/static/chunks/node_modules_next_dist_1e8vcs8._.js:776
[  161539ms] [LOG] [Fast Refresh] done in 42ms @ http://localhost:3000/_next/static/chunks/node_modules_next_dist_1e8vcs8._.js:776
[  161603ms] [LOG] [Fast Refresh] done in 42ms @ http://localhost:3000/_next/static/chunks/node_modules_next_dist_1e8vcs8._.js:776
[  161657ms] [LOG] [Fast Refresh] done in 42ms @ http://localhost:3000/_next/static/chunks/node_modules_next_dist_1e8vcs8._.js:776
[  161705ms] [LOG] [Fast Refresh] done in 42ms @ http://localhost:3000/_next/static/chunks/node_modules_next_dist_1e8vcs8._.js:776
[  161755ms] [LOG] [Fast Refresh] done in 42ms @ http://localhost:3000/_next/static/chunks/node_modules_next_dist_1e8vcs8._.js:776
[  161824ms] [LOG] [Fast Refresh] done in 42ms @ http://localhost:3000/_next/static/chunks/node_modules_next_dist_1e8vcs8._.js:776
[  161873ms] [LOG] [Fast Refresh] done in 42ms @ http://localhost:3000/_next/static/chunks/node_modules_next_dist_1e8vcs8._.js:776
[  161925ms] [LOG] [Fast Refresh] done in 42ms @ http://localhost:3000/_next/static/chunks/node_modules_next_dist_1e8vcs8._.js:776
[  161971ms] [LOG] [Fast Refresh] done in 42ms @ http://localhost:3000/_next/static/chunks/node_modules_next_dist_1e8vcs8._.js:776
[  162011ms] [LOG] [Fast Refresh] done in 42ms @ http://localhost:3000/_next/static/chunks/node_modules_next_dist_1e8vcs8._.js:776
[  162075ms] [LOG] [Fast Refresh] done in 42ms @ http://localhost:3000/_next/static/chunks/node_modules_next_dist_1e8vcs8._.js:776
[  162125ms] [LOG] [Fast Refresh] done in 42ms @ http://localhost:3000/_next/static/chunks/node_modules_next_dist_1e8vcs8._.js:776
[  162174ms] [LOG] [Fast Refresh] done in 42ms @ http://localhost:3000/_next/static/chunks/node_modules_next_dist_1e8vcs8._.js:776
[  162224ms] [LOG] [Fast Refresh] done in 42ms @ http://localhost:3000/_next/static/chunks/node_modules_next_dist_1e8vcs8._.js:776
[  162276ms] [LOG] [Fast Refresh] done in 42ms @ http://localhost:3000/_next/static/chunks/node_modules_next_dist_1e8vcs8._.js:776
[  162325ms] [LOG] [Fast Refresh] done in 42ms @ http://localhost:3000/_next/static/chunks/node_modules_next_dist_1e8vcs8._.js:776
[  162389ms] [LOG] [Fast Refresh] done in 42ms @ http://localhost:3000/_next/static/chunks/node_modules_next_dist_1e8vcs8._.js:776
[  162447ms] [LOG] [Fast Refresh] done in 42ms @ http://localhost:3000/_next/static/chunks/node_modules_next_dist_1e8vcs8._.js:776
[  162491ms] [LOG] [Fast Refresh] done in 42ms @ http://localhost:3000/_next/static/chunks/node_modules_next_dist_1e8vcs8._.js:776
[  162555ms] [LOG] [Fast Refresh] done in 42ms @ http://localhost:3000/_next/static/chunks/node_modules_next_dist_1e8vcs8._.js:776
[  162606ms] [LOG] [Fast Refresh] done in 42ms @ http://localhost:3000/_next/static/chunks/node_modules_next_dist_1e8vcs8._.js:776
[  162655ms] [LOG] [Fast Refresh] done in 42ms @ http://localhost:3000/_next/static/chunks/node_modules_next_dist_1e8vcs8._.js:776
[  162741ms] [LOG] [Fast Refresh] done in 42ms @ http://localhost:3000/_next/static/chunks/node_modules_next_dist_1e8vcs8._.js:776
[  162807ms] [LOG] [Fast Refresh] done in 42ms @ http://localhost:3000/_next/static/chunks/node_modules_next_dist_1e8vcs8._.js:776
[  162862ms] [LOG] [Fast Refresh] done in 42ms @ http://localhost:3000/_next/static/chunks/node_modules_next_dist_1e8vcs8._.js:776
[  162912ms] [LOG] [Fast Refresh] done in 42ms @ http://localhost:3000/_next/static/chunks/node_modules_next_dist_1e8vcs8._.js:776
[  162959ms] [LOG] [Fast Refresh] done in 42ms @ http://localhost:3000/_next/static/chunks/node_modules_next_dist_1e8vcs8._.js:776
[  163005ms] [LOG] [Fast Refresh] done in 42ms @ http://localhost:3000/_next/static/chunks/node_modules_next_dist_1e8vcs8._.js:776
[  163041ms] [LOG] [Fast Refresh] done in 42ms @ http://localhost:3000/_next/static/chunks/node_modules_next_dist_1e8vcs8._.js:776
[  163093ms] [LOG] [Fast Refresh] done in 42ms @ http://localhost:3000/_next/static/chunks/node_modules_next_dist_1e8vcs8._.js:776
[  163141ms] [LOG] [Fast Refresh] done in 42ms @ http://localhost:3000/_next/static/chunks/node_modules_next_dist_1e8vcs8._.js:776
[  163191ms] [LOG] [Fast Refresh] done in 42ms @ http://localhost:3000/_next/static/chunks/node_modules_next_dist_1e8vcs8._.js:776
[  163240ms] [LOG] [Fast Refresh] done in 42ms @ http://localhost:3000/_next/static/chunks/node_modules_next_dist_1e8vcs8._.js:776
[  163291ms] [LOG] [Fast Refresh] done in 42ms @ http://localhost:3000/_next/static/chunks/node_modules_next_dist_1e8vcs8._.js:776
[  163340ms] [LOG] [Fast Refresh] done in 42ms @ http://localhost:3000/_next/static/chunks/node_modules_next_dist_1e8vcs8._.js:776
[  163390ms] [LOG] [Fast Refresh] done in 42ms @ http://localhost:3000/_next/static/chunks/node_modules_next_dist_1e8vcs8._.js:776
[  163454ms] [LOG] [Fast Refresh] done in 42ms @ http://localhost:3000/_next/static/chunks/node_modules_next_dist_1e8vcs8._.js:776
[  163530ms] [LOG] [Fast Refresh] done in 42ms @ http://localhost:3000/_next/static/chunks/node_modules_next_dist_1e8vcs8._.js:776
[  163590ms] [LOG] [Fast Refresh] done in 42ms @ http://localhost:3000/_next/static/chunks/node_modules_next_dist_1e8vcs8._.js:776
[  163642ms] [LOG] [Fast Refresh] done in 42ms @ http://localhost:3000/_next/static/chunks/node_modules_next_dist_1e8vcs8._.js:776
[  163710ms] [LOG] [Fast Refresh] done in 42ms @ http://localhost:3000/_next/static/chunks/node_modules_next_dist_1e8vcs8._.js:776
[  163758ms] [LOG] [Fast Refresh] done in 42ms @ http://localhost:3000/_next/static/chunks/node_modules_next_dist_1e8vcs8._.js:776
[  163808ms] [LOG] [Fast Refresh] done in 42ms @ http://localhost:3000/_next/static/chunks/node_modules_next_dist_1e8vcs8._.js:776
[  163857ms] [LOG] [Fast Refresh] done in 42ms @ http://localhost:3000/_next/static/chunks/node_modules_next_dist_1e8vcs8._.js:776
[  163907ms] [LOG] [Fast Refresh] done in 42ms @ http://localhost:3000/_next/static/chunks/node_modules_next_dist_1e8vcs8._.js:776
[  163958ms] [LOG] [Fast Refresh] done in 42ms @ http://localhost:3000/_next/static/chunks/node_modules_next_dist_1e8vcs8._.js:776
[  164001ms] [LOG] [Fast Refresh] done in 42ms @ http://localhost:3000/_next/static/chunks/node_modules_next_dist_1e8vcs8._.js:776
[  164054ms] [LOG] [Fast Refresh] done in 42ms @ http://localhost:3000/_next/static/chunks/node_modules_next_dist_1e8vcs8._.js:776
[  164102ms] [LOG] [Fast Refresh] done in 42ms @ http://localhost:3000/_next/static/chunks/node_modules_next_dist_1e8vcs8._.js:776
[  164174ms] [LOG] [Fast Refresh] done in 42ms @ http://localhost:3000/_next/static/chunks/node_modules_next_dist_1e8vcs8._.js:776
[  164223ms] [LOG] [Fast Refresh] done in 42ms @ http://localhost:3000/_next/static/chunks/node_modules_next_dist_1e8vcs8._.js:776
[  164279ms] [LOG] [Fast Refresh] done in 42ms @ http://localhost:3000/_next/static/chunks/node_modules_next_dist_1e8vcs8._.js:776
[  164341ms] [LOG] [Fast Refresh] done in 42ms @ http://localhost:3000/_next/static/chunks/node_modules_next_dist_1e8vcs8._.js:776
[  164391ms] [LOG] [Fast Refresh] done in 42ms @ http://localhost:3000/_next/static/chunks/node_modules_next_dist_1e8vcs8._.js:776
[  164440ms] [LOG] [Fast Refresh] done in 42ms @ http://localhost:3000/_next/static/chunks/node_modules_next_dist_1e8vcs8._.js:776
[  164490ms] [LOG] [Fast Refresh] done in 42ms @ http://localhost:3000/_next/static/chunks/node_modules_next_dist_1e8vcs8._.js:776
[  164541ms] [LOG] [Fast Refresh] done in 42ms @ http://localhost:3000/_next/static/chunks/node_modules_next_dist_1e8vcs8._.js:776
[  164605ms] [LOG] [Fast Refresh] done in 42ms @ http://localhost:3000/_next/static/chunks/node_modules_next_dist_1e8vcs8._.js:776
[  164657ms] [LOG] [Fast Refresh] done in 42ms @ http://localhost:3000/_next/static/chunks/node_modules_next_dist_1e8vcs8._.js:776
[  164721ms] [LOG] [Fast Refresh] done in 42ms @ http://localhost:3000/_next/static/chunks/node_modules_next_dist_1e8vcs8._.js:776
[  164758ms] [LOG] [Fast Refresh] done in 42ms @ http://localhost:3000/_next/static/chunks/node_modules_next_dist_1e8vcs8._.js:776
[  164807ms] [LOG] [Fast Refresh] done in 42ms @ http://localhost:3000/_next/static/chunks/node_modules_next_dist_1e8vcs8._.js:776
[  164845ms] [LOG] [Fast Refresh] done in 42ms @ http://localhost:3000/_next/static/chunks/node_modules_next_dist_1e8vcs8._.js:776
[  164894ms] [LOG] [Fast Refresh] done in 42ms @ http://localhost:3000/_next/static/chunks/node_modules_next_dist_1e8vcs8._.js:776
[  164941ms] [LOG] [Fast Refresh] done in 42ms @ http://localhost:3000/_next/static/chunks/node_modules_next_dist_1e8vcs8._.js:776
[  164991ms] [LOG] [Fast Refresh] done in 42ms @ http://localhost:3000/_next/static/chunks/node_modules_next_dist_1e8vcs8._.js:776
[  165050ms] [LOG] [Fast Refresh] done in 42ms @ http://localhost:3000/_next/static/chunks/node_modules_next_dist_1e8vcs8._.js:776
[  165108ms] [LOG] [Fast Refresh] done in 42ms @ http://localhost:3000/_next/static/chunks/node_modules_next_dist_1e8vcs8._.js:776
[  165156ms] [LOG] [Fast Refresh] done in 42ms @ http://localhost:3000/_next/static/chunks/node_modules_next_dist_1e8vcs8._.js:776
[  165207ms] [LOG] [Fast Refresh] done in 42ms @ http://localhost:3000/_next/static/chunks/node_modules_next_dist_1e8vcs8._.js:776
[  165255ms] [LOG] [Fast Refresh] done in 42ms @ http://localhost:3000/_next/static/chunks/node_modules_next_dist_1e8vcs8._.js:776
[  165358ms] [LOG] [Fast Refresh] done in 42ms @ http://localhost:3000/_next/static/chunks/node_modules_next_dist_1e8vcs8._.js:776
[  165406ms] [LOG] [Fast Refresh] done in 42ms @ http://localhost:3000/_next/static/chunks/node_modules_next_dist_1e8vcs8._.js:776
[  165454ms] [LOG] [Fast Refresh] done in 42ms @ http://localhost:3000/_next/static/chunks/node_modules_next_dist_1e8vcs8._.js:776
[  165525ms] [LOG] [Fast Refresh] done in 42ms @ http://localhost:3000/_next/static/chunks/node_modules_next_dist_1e8vcs8._.js:776
[  165577ms] [LOG] [Fast Refresh] done in 42ms @ http://localhost:3000/_next/static/chunks/node_modules_next_dist_1e8vcs8._.js:776
[  165624ms] [LOG] [Fast Refresh] done in 42ms @ http://localhost:3000/_next/static/chunks/node_modules_next_dist_1e8vcs8._.js:776
[  165675ms] [LOG] [Fast Refresh] done in 42ms @ http://localhost:3000/_next/static/chunks/node_modules_next_dist_1e8vcs8._.js:776
[  165723ms] [LOG] [Fast Refresh] done in 42ms @ http://localhost:3000/_next/static/chunks/node_modules_next_dist_1e8vcs8._.js:776
[  165779ms] [LOG] [Fast Refresh] done in 42ms @ http://localhost:3000/_next/static/chunks/node_modules_next_dist_1e8vcs8._.js:776
[  165828ms] [LOG] [Fast Refresh] done in 42ms @ http://localhost:3000/_next/static/chunks/node_modules_next_dist_1e8vcs8._.js:776
[  165891ms] [LOG] [Fast Refresh] done in 42ms @ http://localhost:3000/_next/static/chunks/node_modules_next_dist_1e8vcs8._.js:776
[  165955ms] [LOG] [Fast Refresh] done in 42ms @ http://localhost:3000/_next/static/chunks/node_modules_next_dist_1e8vcs8._.js:776
[  166021ms] [LOG] [Fast Refresh] done in 42ms @ http://localhost:3000/_next/static/chunks/node_modules_next_dist_1e8vcs8._.js:776
[  166112ms] [LOG] [Fast Refresh] done in 42ms @ http://localhost:3000/_next/static/chunks/node_modules_next_dist_1e8vcs8._.js:776
[  166156ms] [LOG] [Fast Refresh] done in 42ms @ http://localhost:3000/_next/static/chunks/node_modules_next_dist_1e8vcs8._.js:776
[  166207ms] [LOG] [Fast Refresh] done in 42ms @ http://localhost:3000/_next/static/chunks/node_modules_next_dist_1e8vcs8._.js:776
[  166254ms] [LOG] [Fast Refresh] done in 42ms @ http://localhost:3000/_next/static/chunks/node_modules_next_dist_1e8vcs8._.js:776
[  166293ms] [LOG] [Fast Refresh] done in 42ms @ http://localhost:3000/_next/static/chunks/node_modules_next_dist_1e8vcs8._.js:776
[  166344ms] [LOG] [Fast Refresh] done in 42ms @ http://localhost:3000/_next/static/chunks/node_modules_next_dist_1e8vcs8._.js:776
[  166392ms] [LOG] [Fast Refresh] done in 42ms @ http://localhost:3000/_next/static/chunks/node_modules_next_dist_1e8vcs8._.js:776
[  166456ms] [LOG] [Fast Refresh] done in 42ms @ http://localhost:3000/_next/static/chunks/node_modules_next_dist_1e8vcs8._.js:776
[  166507ms] [LOG] [Fast Refresh] done in 42ms @ http://localhost:3000/_next/static/chunks/node_modules_next_dist_1e8vcs8._.js:776
[  166557ms] [LOG] [Fast Refresh] done in 42ms @ http://localhost:3000/_next/static/chunks/node_modules_next_dist_1e8vcs8._.js:776
[  166607ms] [LOG] [Fast Refresh] done in 42ms @ http://localhost:3000/_next/static/chunks/node_modules_next_dist_1e8vcs8._.js:776
[  166655ms] [LOG] [Fast Refresh] done in 42ms @ http://localhost:3000/_next/static/chunks/node_modules_next_dist_1e8vcs8._.js:776
[  166708ms] [LOG] [Fast Refresh] done in 42ms @ http://localhost:3000/_next/static/chunks/node_modules_next_dist_1e8vcs8._.js:776
[  166757ms] [LOG] [Fast Refresh] done in 42ms @ http://localhost:3000/_next/static/chunks/node_modules_next_dist_1e8vcs8._.js:776
[  166857ms] [LOG] [Fast Refresh] done in 42ms @ http://localhost:3000/_next/static/chunks/node_modules_next_dist_1e8vcs8._.js:776
[  166907ms] [LOG] [Fast Refresh] done in 42ms @ http://localhost:3000/_next/static/chunks/node_modules_next_dist_1e8vcs8._.js:776
[  166965ms] [LOG] [Fast Refresh] done in 42ms @ http://localhost:3000/_next/static/chunks/node_modules_next_dist_1e8vcs8._.js:776
[  167029ms] [LOG] [Fast Refresh] done in 42ms @ http://localhost:3000/_next/static/chunks/node_modules_next_dist_1e8vcs8._.js:776
[  167079ms] [LOG] [Fast Refresh] done in 42ms @ http://localhost:3000/_next/static/chunks/node_modules_next_dist_1e8vcs8._.js:776
[  167117ms] [LOG] [Fast Refresh] done in 42ms @ http://localhost:3000/_next/static/chunks/node_modules_next_dist_1e8vcs8._.js:776
[  167158ms] [LOG] [Fast Refresh] done in 42ms @ http://localhost:3000/_next/static/chunks/node_modules_next_dist_1e8vcs8._.js:776
[  167210ms] [LOG] [Fast Refresh] done in 42ms @ http://localhost:3000/_next/static/chunks/node_modules_next_dist_1e8vcs8._.js:776
[  167258ms] [LOG] [Fast Refresh] done in 42ms @ http://localhost:3000/_next/static/chunks/node_modules_next_dist_1e8vcs8._.js:776
[  167307ms] [LOG] [Fast Refresh] done in 42ms @ http://localhost:3000/_next/static/chunks/node_modules_next_dist_1e8vcs8._.js:776
[  167358ms] [LOG] [Fast Refresh] done in 42ms @ http://localhost:3000/_next/static/chunks/node_modules_next_dist_1e8vcs8._.js:776
[  167424ms] [LOG] [Fast Refresh] done in 42ms @ http://localhost:3000/_next/static/chunks/node_modules_next_dist_1e8vcs8._.js:776
[  167474ms] [LOG] [Fast Refresh] done in 42ms @ http://localhost:3000/_next/static/chunks/node_modules_next_dist_1e8vcs8._.js:776
[  167580ms] [LOG] [Fast Refresh] done in 42ms @ http://localhost:3000/_next/static/chunks/node_modules_next_dist_1e8vcs8._.js:776
[  167637ms] [LOG] [Fast Refresh] done in 42ms @ http://localhost:3000/_next/static/chunks/node_modules_next_dist_1e8vcs8._.js:776
[  167695ms] [LOG] [Fast Refresh] done in 42ms @ http://localhost:3000/_next/static/chunks/node_modules_next_dist_1e8vcs8._.js:776
[  167748ms] [LOG] [Fast Refresh] done in 42ms @ http://localhost:3000/_next/static/chunks/node_modules_next_dist_1e8vcs8._.js:776
[  167795ms] [LOG] [Fast Refresh] done in 42ms @ http://localhost:3000/_next/static/chunks/node_modules_next_dist_1e8vcs8._.js:776
[  167850ms] [LOG] [Fast Refresh] done in 42ms @ http://localhost:3000/_next/static/chunks/node_modules_next_dist_1e8vcs8._.js:776
[  167908ms] [LOG] [Fast Refresh] done in 42ms @ http://localhost:3000/_next/static/chunks/node_modules_next_dist_1e8vcs8._.js:776
[  167944ms] [LOG] [Fast Refresh] done in 42ms @ http://localhost:3000/_next/static/chunks/node_modules_next_dist_1e8vcs8._.js:776
[  167992ms] [LOG] [Fast Refresh] done in 42ms @ http://localhost:3000/_next/static/chunks/node_modules_next_dist_1e8vcs8._.js:776
[  168041ms] [LOG] [Fast Refresh] done in 42ms @ http://localhost:3000/_next/static/chunks/node_modules_next_dist_1e8vcs8._.js:776
[  168091ms] [LOG] [Fast Refresh] done in 42ms @ http://localhost:3000/_next/static/chunks/node_modules_next_dist_1e8vcs8._.js:776
[  168141ms] [LOG] [Fast Refresh] done in 42ms @ http://localhost:3000/_next/static/chunks/node_modules_next_dist_1e8vcs8._.js:776
[  168200ms] [LOG] [Fast Refresh] done in 42ms @ http://localhost:3000/_next/static/chunks/node_modules_next_dist_1e8vcs8._.js:776
[  168241ms] [LOG] [Fast Refresh] done in 42ms @ http://localhost:3000/_next/static/chunks/node_modules_next_dist_1e8vcs8._.js:776
[  168289ms] [LOG] [Fast Refresh] done in 42ms @ http://localhost:3000/_next/static/chunks/node_modules_next_dist_1e8vcs8._.js:776
[  168341ms] [LOG] [Fast Refresh] done in 42ms @ http://localhost:3000/_next/static/chunks/node_modules_next_dist_1e8vcs8._.js:776
[  168383ms] [LOG] [Fast Refresh] done in 42ms @ http://localhost:3000/_next/static/chunks/node_modules_next_dist_1e8vcs8._.js:776
[  168423ms] [LOG] [Fast Refresh] done in 42ms @ http://localhost:3000/_next/static/chunks/node_modules_next_dist_1e8vcs8._.js:776
[  168487ms] [LOG] [Fast Refresh] done in 42ms @ http://localhost:3000/_next/static/chunks/node_modules_next_dist_1e8vcs8._.js:776
[  168536ms] [LOG] [Fast Refresh] done in 42ms @ http://localhost:3000/_next/static/chunks/node_modules_next_dist_1e8vcs8._.js:776
[  168599ms] [LOG] [Fast Refresh] done in 42ms @ http://localhost:3000/_next/static/chunks/node_modules_next_dist_1e8vcs8._.js:776
[  168657ms] [LOG] [Fast Refresh] done in 42ms @ http://localhost:3000/_next/static/chunks/node_modules_next_dist_1e8vcs8._.js:776
[  168708ms] [LOG] [Fast Refresh] done in 42ms @ http://localhost:3000/_next/static/chunks/node_modules_next_dist_1e8vcs8._.js:776
[  168757ms] [LOG] [Fast Refresh] done in 42ms @ http://localhost:3000/_next/static/chunks/node_modules_next_dist_1e8vcs8._.js:776
[  168806ms] [LOG] [Fast Refresh] done in 42ms @ http://localhost:3000/_next/static/chunks/node_modules_next_dist_1e8vcs8._.js:776
[  168872ms] [LOG] [Fast Refresh] done in 42ms @ http://localhost:3000/_next/static/chunks/node_modules_next_dist_1e8vcs8._.js:776
[  168935ms] [LOG] [Fast Refresh] done in 42ms @ http://localhost:3000/_next/static/chunks/node_modules_next_dist_1e8vcs8._.js:776
[  168983ms] [LOG] [Fast Refresh] done in 42ms @ http://localhost:3000/_next/static/chunks/node_modules_next_dist_1e8vcs8._.js:776
[  169024ms] [LOG] [Fast Refresh] done in 42ms @ http://localhost:3000/_next/static/chunks/node_modules_next_dist_1e8vcs8._.js:776
[  169073ms] [LOG] [Fast Refresh] done in 42ms @ http://localhost:3000/_next/static/chunks/node_modules_next_dist_1e8vcs8._.js:776
[  169124ms] [LOG] [Fast Refresh] done in 42ms @ http://localhost:3000/_next/static/chunks/node_modules_next_dist_1e8vcs8._.js:776
[  169173ms] [LOG] [Fast Refresh] done in 42ms @ http://localhost:3000/_next/static/chunks/node_modules_next_dist_1e8vcs8._.js:776
[  169223ms] [LOG] [Fast Refresh] done in 42ms @ http://localhost:3000/_next/static/chunks/node_modules_next_dist_1e8vcs8._.js:776
[  169274ms] [LOG] [Fast Refresh] done in 42ms @ http://localhost:3000/_next/static/chunks/node_modules_next_dist_1e8vcs8._.js:776
[  169325ms] [LOG] [Fast Refresh] done in 42ms @ http://localhost:3000/_next/static/chunks/node_modules_next_dist_1e8vcs8._.js:776
[  169374ms] [LOG] [Fast Refresh] done in 42ms @ http://localhost:3000/_next/static/chunks/node_modules_next_dist_1e8vcs8._.js:776
[  169423ms] [LOG] [Fast Refresh] done in 42ms @ http://localhost:3000/_next/static/chunks/node_modules_next_dist_1e8vcs8._.js:776
[  169473ms] [LOG] [Fast Refresh] done in 42ms @ http://localhost:3000/_next/static/chunks/node_modules_next_dist_1e8vcs8._.js:776
[  169525ms] [LOG] [Fast Refresh] done in 42ms @ http://localhost:3000/_next/static/chunks/node_modules_next_dist_1e8vcs8._.js:776
[  169576ms] [LOG] [Fast Refresh] done in 42ms @ http://localhost:3000/_next/static/chunks/node_modules_next_dist_1e8vcs8._.js:776
[  169623ms] [LOG] [Fast Refresh] done in 42ms @ http://localhost:3000/_next/static/chunks/node_modules_next_dist_1e8vcs8._.js:776
[  169674ms] [LOG] [Fast Refresh] done in 42ms @ http://localhost:3000/_next/static/chunks/node_modules_next_dist_1e8vcs8._.js:776
[  169741ms] [LOG] [Fast Refresh] done in 42ms @ http://localhost:3000/_next/static/chunks/node_modules_next_dist_1e8vcs8._.js:776
[  169789ms] [LOG] [Fast Refresh] done in 42ms @ http://localhost:3000/_next/static/chunks/node_modules_next_dist_1e8vcs8._.js:776
[  169855ms] [LOG] [Fast Refresh] done in 42ms @ http://localhost:3000/_next/static/chunks/node_modules_next_dist_1e8vcs8._.js:776
[  169919ms] [LOG] [Fast Refresh] done in 42ms @ http://localhost:3000/_next/static/chunks/node_modules_next_dist_1e8vcs8._.js:776
[  169970ms] [LOG] [Fast Refresh] done in 42ms @ http://localhost:3000/_next/static/chunks/node_modules_next_dist_1e8vcs8._.js:776
[  170007ms] [LOG] [Fast Refresh] done in 42ms @ http://localhost:3000/_next/static/chunks/node_modules_next_dist_1e8vcs8._.js:776
[  170056ms] [LOG] [Fast Refresh] done in 42ms @ http://localhost:3000/_next/static/chunks/node_modules_next_dist_1e8vcs8._.js:776
[  170108ms] [LOG] [Fast Refresh] done in 42ms @ http://localhost:3000/_next/static/chunks/node_modules_next_dist_1e8vcs8._.js:776
[  170157ms] [LOG] [Fast Refresh] done in 42ms @ http://localhost:3000/_next/static/chunks/node_modules_next_dist_1e8vcs8._.js:776
[  170208ms] [LOG] [Fast Refresh] done in 42ms @ http://localhost:3000/_next/static/chunks/node_modules_next_dist_1e8vcs8._.js:776
[  170258ms] [LOG] [Fast Refresh] done in 42ms @ http://localhost:3000/_next/static/chunks/node_modules_next_dist_1e8vcs8._.js:776
[  170307ms] [LOG] [Fast Refresh] done in 42ms @ http://localhost:3000/_next/static/chunks/node_modules_next_dist_1e8vcs8._.js:776
[  170358ms] [LOG] [Fast Refresh] done in 42ms @ http://localhost:3000/_next/static/chunks/node_modules_next_dist_1e8vcs8._.js:776
[  170406ms] [LOG] [Fast Refresh] done in 42ms @ http://localhost:3000/_next/static/chunks/node_modules_next_dist_1e8vcs8._.js:776
[  170458ms] [LOG] [Fast Refresh] done in 42ms @ http://localhost:3000/_next/static/chunks/node_modules_next_dist_1e8vcs8._.js:776
[  170505ms] [LOG] [Fast Refresh] done in 42ms @ http://localhost:3000/_next/static/chunks/node_modules_next_dist_1e8vcs8._.js:776
[  170556ms] [LOG] [Fast Refresh] done in 42ms @ http://localhost:3000/_next/static/chunks/node_modules_next_dist_1e8vcs8._.js:776
[  170622ms] [LOG] [Fast Refresh] done in 42ms @ http://localhost:3000/_next/static/chunks/node_modules_next_dist_1e8vcs8._.js:776
[  170685ms] [LOG] [Fast Refresh] done in 42ms @ http://localhost:3000/_next/static/chunks/node_modules_next_dist_1e8vcs8._.js:776
[  170742ms] [LOG] [Fast Refresh] done in 42ms @ http://localhost:3000/_next/static/chunks/node_modules_next_dist_1e8vcs8._.js:776
[  170791ms] [LOG] [Fast Refresh] done in 42ms @ http://localhost:3000/_next/static/chunks/node_modules_next_dist_1e8vcs8._.js:776
[  170842ms] [LOG] [Fast Refresh] done in 42ms @ http://localhost:3000/_next/static/chunks/node_modules_next_dist_1e8vcs8._.js:776
[  170890ms] [LOG] [Fast Refresh] done in 42ms @ http://localhost:3000/_next/static/chunks/node_modules_next_dist_1e8vcs8._.js:776
[  170941ms] [LOG] [Fast Refresh] done in 42ms @ http://localhost:3000/_next/static/chunks/node_modules_next_dist_1e8vcs8._.js:776
[  170993ms] [LOG] [Fast Refresh] done in 42ms @ http://localhost:3000/_next/static/chunks/node_modules_next_dist_1e8vcs8._.js:776
[  171040ms] [LOG] [Fast Refresh] done in 42ms @ http://localhost:3000/_next/static/chunks/node_modules_next_dist_1e8vcs8._.js:776
[  171091ms] [LOG] [Fast Refresh] done in 42ms @ http://localhost:3000/_next/static/chunks/node_modules_next_dist_1e8vcs8._.js:776
[  171143ms] [LOG] [Fast Refresh] done in 42ms @ http://localhost:3000/_next/static/chunks/node_modules_next_dist_1e8vcs8._.js:776
[  171180ms] [LOG] [Fast Refresh] done in 42ms @ http://localhost:3000/_next/static/chunks/node_modules_next_dist_1e8vcs8._.js:776
[  171218ms] [LOG] [Fast Refresh] done in 42ms @ http://localhost:3000/_next/static/chunks/node_modules_next_dist_1e8vcs8._.js:776
[  171271ms] [LOG] [Fast Refresh] done in 42ms @ http://localhost:3000/_next/static/chunks/node_modules_next_dist_1e8vcs8._.js:776
[  171339ms] [LOG] [Fast Refresh] done in 42ms @ http://localhost:3000/_next/static/chunks/node_modules_next_dist_1e8vcs8._.js:776
[  171386ms] [LOG] [Fast Refresh] done in 42ms @ http://localhost:3000/_next/static/chunks/node_modules_next_dist_1e8vcs8._.js:776
[  171431ms] [LOG] [Fast Refresh] done in 42ms @ http://localhost:3000/_next/static/chunks/node_modules_next_dist_1e8vcs8._.js:776
[  171484ms] [LOG] [Fast Refresh] done in 42ms @ http://localhost:3000/_next/static/chunks/node_modules_next_dist_1e8vcs8._.js:776
[  171522ms] [LOG] [Fast Refresh] done in 42ms @ http://localhost:3000/_next/static/chunks/node_modules_next_dist_1e8vcs8._.js:776
[  171571ms] [LOG] [Fast Refresh] done in 42ms @ http://localhost:3000/_next/static/chunks/node_modules_next_dist_1e8vcs8._.js:776
[  171607ms] [LOG] [Fast Refresh] done in 42ms @ http://localhost:3000/_next/static/chunks/node_modules_next_dist_1e8vcs8._.js:776
[  171660ms] [LOG] [Fast Refresh] done in 42ms @ http://localhost:3000/_next/static/chunks/node_modules_next_dist_1e8vcs8._.js:776
[  171708ms] [LOG] [Fast Refresh] done in 42ms @ http://localhost:3000/_next/static/chunks/node_modules_next_dist_1e8vcs8._.js:776
[  171759ms] [LOG] [Fast Refresh] done in 42ms @ http://localhost:3000/_next/static/chunks/node_modules_next_dist_1e8vcs8._.js:776
[  171811ms] [LOG] [Fast Refresh] done in 42ms @ http://localhost:3000/_next/static/chunks/node_modules_next_dist_1e8vcs8._.js:776
[  171859ms] [LOG] [Fast Refresh] done in 42ms @ http://localhost:3000/_next/static/chunks/node_modules_next_dist_1e8vcs8._.js:776
[  171908ms] [LOG] [Fast Refresh] done in 42ms @ http://localhost:3000/_next/static/chunks/node_modules_next_dist_1e8vcs8._.js:776
[  171958ms] [LOG] [Fast Refresh] done in 42ms @ http://localhost:3000/_next/static/chunks/node_modules_next_dist_1e8vcs8._.js:776
[  172008ms] [LOG] [Fast Refresh] done in 42ms @ http://localhost:3000/_next/static/chunks/node_modules_next_dist_1e8vcs8._.js:776
[  172056ms] [LOG] [Fast Refresh] done in 42ms @ http://localhost:3000/_next/static/chunks/node_modules_next_dist_1e8vcs8._.js:776
[  172107ms] [LOG] [Fast Refresh] done in 42ms @ http://localhost:3000/_next/static/chunks/node_modules_next_dist_1e8vcs8._.js:776
[  172158ms] [LOG] [Fast Refresh] done in 42ms @ http://localhost:3000/_next/static/chunks/node_modules_next_dist_1e8vcs8._.js:776
[  172207ms] [LOG] [Fast Refresh] done in 42ms @ http://localhost:3000/_next/static/chunks/node_modules_next_dist_1e8vcs8._.js:776
[  172258ms] [LOG] [Fast Refresh] done in 42ms @ http://localhost:3000/_next/static/chunks/node_modules_next_dist_1e8vcs8._.js:776
[  172307ms] [LOG] [Fast Refresh] done in 42ms @ http://localhost:3000/_next/static/chunks/node_modules_next_dist_1e8vcs8._.js:776
[  172358ms] [LOG] [Fast Refresh] done in 42ms @ http://localhost:3000/_next/static/chunks/node_modules_next_dist_1e8vcs8._.js:776
[  172407ms] [LOG] [Fast Refresh] done in 42ms @ http://localhost:3000/_next/static/chunks/node_modules_next_dist_1e8vcs8._.js:776
[  172442ms] [LOG] [Fast Refresh] done in 42ms @ http://localhost:3000/_next/static/chunks/node_modules_next_dist_1e8vcs8._.js:776
[  172491ms] [LOG] [Fast Refresh] done in 42ms @ http://localhost:3000/_next/static/chunks/node_modules_next_dist_1e8vcs8._.js:776
[  172545ms] [LOG] [Fast Refresh] done in 42ms @ http://localhost:3000/_next/static/chunks/node_modules_next_dist_1e8vcs8._.js:776
[  172593ms] [LOG] [Fast Refresh] done in 42ms @ http://localhost:3000/_next/static/chunks/node_modules_next_dist_1e8vcs8._.js:776
[  172640ms] [LOG] [Fast Refresh] done in 42ms @ http://localhost:3000/_next/static/chunks/node_modules_next_dist_1e8vcs8._.js:776
[  172692ms] [LOG] [Fast Refresh] done in 42ms @ http://localhost:3000/_next/static/chunks/node_modules_next_dist_1e8vcs8._.js:776
[  172741ms] [LOG] [Fast Refresh] done in 42ms @ http://localhost:3000/_next/static/chunks/node_modules_next_dist_1e8vcs8._.js:776
[  172793ms] [LOG] [Fast Refresh] done in 42ms @ http://localhost:3000/_next/static/chunks/node_modules_next_dist_1e8vcs8._.js:776
[  172856ms] [LOG] [Fast Refresh] done in 42ms @ http://localhost:3000/_next/static/chunks/node_modules_next_dist_1e8vcs8._.js:776
[  172904ms] [LOG] [Fast Refresh] done in 42ms @ http://localhost:3000/_next/static/chunks/node_modules_next_dist_1e8vcs8._.js:776
[  172956ms] [LOG] [Fast Refresh] done in 42ms @ http://localhost:3000/_next/static/chunks/node_modules_next_dist_1e8vcs8._.js:776
[  173007ms] [LOG] [Fast Refresh] done in 42ms @ http://localhost:3000/_next/static/chunks/node_modules_next_dist_1e8vcs8._.js:776
[  173057ms] [LOG] [Fast Refresh] done in 42ms @ http://localhost:3000/_next/static/chunks/node_modules_next_dist_1e8vcs8._.js:776
[  173106ms] [LOG] [Fast Refresh] done in 42ms @ http://localhost:3000/_next/static/chunks/node_modules_next_dist_1e8vcs8._.js:776
[  173142ms] [LOG] [Fast Refresh] done in 42ms @ http://localhost:3000/_next/static/chunks/node_modules_next_dist_1e8vcs8._.js:776
[  173178ms] [LOG] [Fast Refresh] done in 42ms @ http://localhost:3000/_next/static/chunks/node_modules_next_dist_1e8vcs8._.js:776
[  173225ms] [LOG] [Fast Refresh] done in 42ms @ http://localhost:3000/_next/static/chunks/node_modules_next_dist_1e8vcs8._.js:776
[  173274ms] [LOG] [Fast Refresh] done in 42ms @ http://localhost:3000/_next/static/chunks/node_modules_next_dist_1e8vcs8._.js:776
[  173324ms] [LOG] [Fast Refresh] done in 42ms @ http://localhost:3000/_next/static/chunks/node_modules_next_dist_1e8vcs8._.js:776
[  173363ms] [LOG] [Fast Refresh] done in 42ms @ http://localhost:3000/_next/static/chunks/node_modules_next_dist_1e8vcs8._.js:776
[  173425ms] [LOG] [Fast Refresh] done in 42ms @ http://localhost:3000/_next/static/chunks/node_modules_next_dist_1e8vcs8._.js:776
[  173474ms] [LOG] [Fast Refresh] done in 42ms @ http://localhost:3000/_next/static/chunks/node_modules_next_dist_1e8vcs8._.js:776
[  173525ms] [LOG] [Fast Refresh] done in 42ms @ http://localhost:3000/_next/static/chunks/node_modules_next_dist_1e8vcs8._.js:776
[  173575ms] [LOG] [Fast Refresh] done in 42ms @ http://localhost:3000/_next/static/chunks/node_modules_next_dist_1e8vcs8._.js:776
[  173624ms] [LOG] [Fast Refresh] done in 42ms @ http://localhost:3000/_next/static/chunks/node_modules_next_dist_1e8vcs8._.js:776
[  173676ms] [LOG] [Fast Refresh] done in 42ms @ http://localhost:3000/_next/static/chunks/node_modules_next_dist_1e8vcs8._.js:776
[  173740ms] [LOG] [Fast Refresh] done in 42ms @ http://localhost:3000/_next/static/chunks/node_modules_next_dist_1e8vcs8._.js:776
[  173791ms] [LOG] [Fast Refresh] done in 42ms @ http://localhost:3000/_next/static/chunks/node_modules_next_dist_1e8vcs8._.js:776
[  173840ms] [LOG] [Fast Refresh] done in 42ms @ http://localhost:3000/_next/static/chunks/node_modules_next_dist_1e8vcs8._.js:776
[  173890ms] [LOG] [Fast Refresh] done in 42ms @ http://localhost:3000/_next/static/chunks/node_modules_next_dist_1e8vcs8._.js:776
[  173941ms] [LOG] [Fast Refresh] done in 42ms @ http://localhost:3000/_next/static/chunks/node_modules_next_dist_1e8vcs8._.js:776
[  173983ms] [LOG] [Fast Refresh] done in 42ms @ http://localhost:3000/_next/static/chunks/node_modules_next_dist_1e8vcs8._.js:776
[  174025ms] [LOG] [Fast Refresh] done in 42ms @ http://localhost:3000/_next/static/chunks/node_modules_next_dist_1e8vcs8._.js:776
[  174073ms] [LOG] [Fast Refresh] done in 42ms @ http://localhost:3000/_next/static/chunks/node_modules_next_dist_1e8vcs8._.js:776
[  174124ms] [LOG] [Fast Refresh] done in 42ms @ http://localhost:3000/_next/static/chunks/node_modules_next_dist_1e8vcs8._.js:776
[  174174ms] [LOG] [Fast Refresh] done in 42ms @ http://localhost:3000/_next/static/chunks/node_modules_next_dist_1e8vcs8._.js:776
[  174238ms] [LOG] [Fast Refresh] done in 42ms @ http://localhost:3000/_next/static/chunks/node_modules_next_dist_1e8vcs8._.js:776
[  174279ms] [LOG] [Fast Refresh] done in 42ms @ http://localhost:3000/_next/static/chunks/node_modules_next_dist_1e8vcs8._.js:776
[  174326ms] [LOG] [Fast Refresh] done in 42ms @ http://localhost:3000/_next/static/chunks/node_modules_next_dist_1e8vcs8._.js:776
[  174375ms] [LOG] [Fast Refresh] done in 42ms @ http://localhost:3000/_next/static/chunks/node_modules_next_dist_1e8vcs8._.js:776
[  174415ms] [LOG] [Fast Refresh] done in 42ms @ http://localhost:3000/_next/static/chunks/node_modules_next_dist_1e8vcs8._.js:776
[  174454ms] [LOG] [Fast Refresh] done in 42ms @ http://localhost:3000/_next/static/chunks/node_modules_next_dist_1e8vcs8._.js:776
[  174493ms] [LOG] [Fast Refresh] done in 42ms @ http://localhost:3000/_next/static/chunks/node_modules_next_dist_1e8vcs8._.js:776
[  174532ms] [LOG] [Fast Refresh] done in 42ms @ http://localhost:3000/_next/static/chunks/node_modules_next_dist_1e8vcs8._.js:776
[  174576ms] [LOG] [Fast Refresh] done in 42ms @ http://localhost:3000/_next/static/chunks/node_modules_next_dist_1e8vcs8._.js:776
[  174624ms] [LOG] [Fast Refresh] done in 42ms @ http://localhost:3000/_next/static/chunks/node_modules_next_dist_1e8vcs8._.js:776
[  174673ms] [LOG] [Fast Refresh] done in 42ms @ http://localhost:3000/_next/static/chunks/node_modules_next_dist_1e8vcs8._.js:776
[  174726ms] [LOG] [Fast Refresh] done in 42ms @ http://localhost:3000/_next/static/chunks/node_modules_next_dist_1e8vcs8._.js:776
[  174774ms] [LOG] [Fast Refresh] done in 42ms @ http://localhost:3000/_next/static/chunks/node_modules_next_dist_1e8vcs8._.js:776
[  174824ms] [LOG] [Fast Refresh] done in 42ms @ http://localhost:3000/_next/static/chunks/node_modules_next_dist_1e8vcs8._.js:776
[  174861ms] [LOG] [Fast Refresh] done in 42ms @ http://localhost:3000/_next/static/chunks/node_modules_next_dist_1e8vcs8._.js:776
[  174907ms] [LOG] [Fast Refresh] done in 42ms @ http://localhost:3000/_next/static/chunks/node_modules_next_dist_1e8vcs8._.js:776
[  174971ms] [LOG] [Fast Refresh] done in 42ms @ http://localhost:3000/_next/static/chunks/node_modules_next_dist_1e8vcs8._.js:776
[  175010ms] [LOG] [Fast Refresh] done in 42ms @ http://localhost:3000/_next/static/chunks/node_modules_next_dist_1e8vcs8._.js:776
[  175058ms] [LOG] [Fast Refresh] done in 42ms @ http://localhost:3000/_next/static/chunks/node_modules_next_dist_1e8vcs8._.js:776
[  175107ms] [LOG] [Fast Refresh] done in 42ms @ http://localhost:3000/_next/static/chunks/node_modules_next_dist_1e8vcs8._.js:776
[  175161ms] [LOG] [Fast Refresh] done in 42ms @ http://localhost:3000/_next/static/chunks/node_modules_next_dist_1e8vcs8._.js:776
[  175223ms] [LOG] [Fast Refresh] done in 42ms @ http://localhost:3000/_next/static/chunks/node_modules_next_dist_1e8vcs8._.js:776
[  175275ms] [LOG] [Fast Refresh] done in 42ms @ http://localhost:3000/_next/static/chunks/node_modules_next_dist_1e8vcs8._.js:776
[  175324ms] [LOG] [Fast Refresh] done in 42ms @ http://localhost:3000/_next/static/chunks/node_modules_next_dist_1e8vcs8._.js:776
[  175373ms] [LOG] [Fast Refresh] done in 42ms @ http://localhost:3000/_next/static/chunks/node_modules_next_dist_1e8vcs8._.js:776
[  175421ms] [LOG] [Fast Refresh] done in 42ms @ http://localhost:3000/_next/static/chunks/node_modules_next_dist_1e8vcs8._.js:776
[  175472ms] [LOG] [Fast Refresh] done in 42ms @ http://localhost:3000/_next/static/chunks/node_modules_next_dist_1e8vcs8._.js:776
[  175523ms] [LOG] [Fast Refresh] done in 42ms @ http://localhost:3000/_next/static/chunks/node_modules_next_dist_1e8vcs8._.js:776
[  175573ms] [LOG] [Fast Refresh] done in 42ms @ http://localhost:3000/_next/static/chunks/node_modules_next_dist_1e8vcs8._.js:776
[  175624ms] [LOG] [Fast Refresh] done in 42ms @ http://localhost:3000/_next/static/chunks/node_modules_next_dist_1e8vcs8._.js:776
[  175674ms] [LOG] [Fast Refresh] done in 42ms @ http://localhost:3000/_next/static/chunks/node_modules_next_dist_1e8vcs8._.js:776
[  175722ms] [LOG] [Fast Refresh] done in 42ms @ http://localhost:3000/_next/static/chunks/node_modules_next_dist_1e8vcs8._.js:776
[  175773ms] [LOG] [Fast Refresh] done in 42ms @ http://localhost:3000/_next/static/chunks/node_modules_next_dist_1e8vcs8._.js:776
[  175823ms] [LOG] [Fast Refresh] done in 42ms @ http://localhost:3000/_next/static/chunks/node_modules_next_dist_1e8vcs8._.js:776
[  175878ms] [LOG] [Fast Refresh] done in 42ms @ http://localhost:3000/_next/static/chunks/node_modules_next_dist_1e8vcs8._.js:776
[  175940ms] [LOG] [Fast Refresh] done in 42ms @ http://localhost:3000/_next/static/chunks/node_modules_next_dist_1e8vcs8._.js:776
[  175990ms] [LOG] [Fast Refresh] done in 42ms @ http://localhost:3000/_next/static/chunks/node_modules_next_dist_1e8vcs8._.js:776
[  176040ms] [LOG] [Fast Refresh] done in 42ms @ http://localhost:3000/_next/static/chunks/node_modules_next_dist_1e8vcs8._.js:776
[  176090ms] [LOG] [Fast Refresh] done in 42ms @ http://localhost:3000/_next/static/chunks/node_modules_next_dist_1e8vcs8._.js:776
[  176141ms] [LOG] [Fast Refresh] done in 42ms @ http://localhost:3000/_next/static/chunks/node_modules_next_dist_1e8vcs8._.js:776
[  176191ms] [LOG] [Fast Refresh] done in 42ms @ http://localhost:3000/_next/static/chunks/node_modules_next_dist_1e8vcs8._.js:776
[  176241ms] [LOG] [Fast Refresh] done in 42ms @ http://localhost:3000/_next/static/chunks/node_modules_next_dist_1e8vcs8._.js:776
[  176290ms] [LOG] [Fast Refresh] done in 42ms @ http://localhost:3000/_next/static/chunks/node_modules_next_dist_1e8vcs8._.js:776
[  176357ms] [LOG] [Fast Refresh] done in 42ms @ http://localhost:3000/_next/static/chunks/node_modules_next_dist_1e8vcs8._.js:776
[  176407ms] [LOG] [Fast Refresh] done in 42ms @ http://localhost:3000/_next/static/chunks/node_modules_next_dist_1e8vcs8._.js:776
[  176457ms] [LOG] [Fast Refresh] done in 42ms @ http://localhost:3000/_next/static/chunks/node_modules_next_dist_1e8vcs8._.js:776
[  176507ms] [LOG] [Fast Refresh] done in 42ms @ http://localhost:3000/_next/static/chunks/node_modules_next_dist_1e8vcs8._.js:776
[  176571ms] [LOG] [Fast Refresh] done in 42ms @ http://localhost:3000/_next/static/chunks/node_modules_next_dist_1e8vcs8._.js:776
[  176622ms] [LOG] [Fast Refresh] done in 42ms @ http://localhost:3000/_next/static/chunks/node_modules_next_dist_1e8vcs8._.js:776
[  176673ms] [LOG] [Fast Refresh] done in 42ms @ http://localhost:3000/_next/static/chunks/node_modules_next_dist_1e8vcs8._.js:776
[  176723ms] [LOG] [Fast Refresh] done in 42ms @ http://localhost:3000/_next/static/chunks/node_modules_next_dist_1e8vcs8._.js:776
[  176787ms] [LOG] [Fast Refresh] done in 42ms @ http://localhost:3000/_next/static/chunks/node_modules_next_dist_1e8vcs8._.js:776
[  176857ms] [LOG] [Fast Refresh] done in 42ms @ http://localhost:3000/_next/static/chunks/node_modules_next_dist_1e8vcs8._.js:776
[  176905ms] [LOG] [Fast Refresh] done in 42ms @ http://localhost:3000/_next/static/chunks/node_modules_next_dist_1e8vcs8._.js:776
[  176971ms] [LOG] [Fast Refresh] done in 42ms @ http://localhost:3000/_next/static/chunks/node_modules_next_dist_1e8vcs8._.js:776
[  177034ms] [LOG] [Fast Refresh] done in 42ms @ http://localhost:3000/_next/static/chunks/node_modules_next_dist_1e8vcs8._.js:776
[  177085ms] [LOG] [Fast Refresh] done in 42ms @ http://localhost:3000/_next/static/chunks/node_modules_next_dist_1e8vcs8._.js:776
[  177141ms] [LOG] [Fast Refresh] done in 42ms @ http://localhost:3000/_next/static/chunks/node_modules_next_dist_1e8vcs8._.js:776
[  177189ms] [LOG] [Fast Refresh] done in 42ms @ http://localhost:3000/_next/static/chunks/node_modules_next_dist_1e8vcs8._.js:776
[  177236ms] [LOG] [Fast Refresh] done in 42ms @ http://localhost:3000/_next/static/chunks/node_modules_next_dist_1e8vcs8._.js:776
[  177290ms] [LOG] [Fast Refresh] done in 42ms @ http://localhost:3000/_next/static/chunks/node_modules_next_dist_1e8vcs8._.js:776
[  177340ms] [LOG] [Fast Refresh] done in 42ms @ http://localhost:3000/_next/static/chunks/node_modules_next_dist_1e8vcs8._.js:776
[  177395ms] [LOG] [Fast Refresh] done in 42ms @ http://localhost:3000/_next/static/chunks/node_modules_next_dist_1e8vcs8._.js:776
[  177442ms] [LOG] [Fast Refresh] done in 42ms @ http://localhost:3000/_next/static/chunks/node_modules_next_dist_1e8vcs8._.js:776
[  177490ms] [LOG] [Fast Refresh] done in 42ms @ http://localhost:3000/_next/static/chunks/node_modules_next_dist_1e8vcs8._.js:776
[  177540ms] [LOG] [Fast Refresh] done in 42ms @ http://localhost:3000/_next/static/chunks/node_modules_next_dist_1e8vcs8._.js:776
[  177606ms] [LOG] [Fast Refresh] done in 42ms @ http://localhost:3000/_next/static/chunks/node_modules_next_dist_1e8vcs8._.js:776
[  177657ms] [LOG] [Fast Refresh] done in 42ms @ http://localhost:3000/_next/static/chunks/node_modules_next_dist_1e8vcs8._.js:776
[  177711ms] [LOG] [Fast Refresh] done in 42ms @ http://localhost:3000/_next/static/chunks/node_modules_next_dist_1e8vcs8._.js:776
[  177775ms] [LOG] [Fast Refresh] done in 42ms @ http://localhost:3000/_next/static/chunks/node_modules_next_dist_1e8vcs8._.js:776
[  177823ms] [LOG] [Fast Refresh] done in 42ms @ http://localhost:3000/_next/static/chunks/node_modules_next_dist_1e8vcs8._.js:776
[  177873ms] [LOG] [Fast Refresh] done in 42ms @ http://localhost:3000/_next/static/chunks/node_modules_next_dist_1e8vcs8._.js:776
[  177922ms] [LOG] [Fast Refresh] done in 42ms @ http://localhost:3000/_next/static/chunks/node_modules_next_dist_1e8vcs8._.js:776
[  177986ms] [LOG] [Fast Refresh] done in 42ms @ http://localhost:3000/_next/static/chunks/node_modules_next_dist_1e8vcs8._.js:776
[  178049ms] [LOG] [Fast Refresh] done in 42ms @ http://localhost:3000/_next/static/chunks/node_modules_next_dist_1e8vcs8._.js:776
[  178089ms] [LOG] [Fast Refresh] done in 42ms @ http://localhost:3000/_next/static/chunks/node_modules_next_dist_1e8vcs8._.js:776
[  178139ms] [LOG] [Fast Refresh] done in 42ms @ http://localhost:3000/_next/static/chunks/node_modules_next_dist_1e8vcs8._.js:776
[  178202ms] [LOG] [Fast Refresh] done in 42ms @ http://localhost:3000/_next/static/chunks/node_modules_next_dist_1e8vcs8._.js:776
[  178245ms] [LOG] [Fast Refresh] done in 42ms @ http://localhost:3000/_next/static/chunks/node_modules_next_dist_1e8vcs8._.js:776
[  178306ms] [LOG] [Fast Refresh] done in 42ms @ http://localhost:3000/_next/static/chunks/node_modules_next_dist_1e8vcs8._.js:776
[  178370ms] [LOG] [Fast Refresh] done in 42ms @ http://localhost:3000/_next/static/chunks/node_modules_next_dist_1e8vcs8._.js:776
[  178421ms] [LOG] [Fast Refresh] done in 42ms @ http://localhost:3000/_next/static/chunks/node_modules_next_dist_1e8vcs8._.js:776
[  178474ms] [LOG] [Fast Refresh] done in 42ms @ http://localhost:3000/_next/static/chunks/node_modules_next_dist_1e8vcs8._.js:776
[  178537ms] [LOG] [Fast Refresh] done in 42ms @ http://localhost:3000/_next/static/chunks/node_modules_next_dist_1e8vcs8._.js:776
[  178608ms] [LOG] [Fast Refresh] done in 42ms @ http://localhost:3000/_next/static/chunks/node_modules_next_dist_1e8vcs8._.js:776
[  178671ms] [LOG] [Fast Refresh] done in 42ms @ http://localhost:3000/_next/static/chunks/node_modules_next_dist_1e8vcs8._.js:776
[  178724ms] [LOG] [Fast Refresh] done in 42ms @ http://localhost:3000/_next/static/chunks/node_modules_next_dist_1e8vcs8._.js:776
[  178774ms] [LOG] [Fast Refresh] done in 42ms @ http://localhost:3000/_next/static/chunks/node_modules_next_dist_1e8vcs8._.js:776
[  178822ms] [LOG] [Fast Refresh] done in 42ms @ http://localhost:3000/_next/static/chunks/node_modules_next_dist_1e8vcs8._.js:776
[  178886ms] [LOG] [Fast Refresh] done in 42ms @ http://localhost:3000/_next/static/chunks/node_modules_next_dist_1e8vcs8._.js:776
[  178955ms] [LOG] [Fast Refresh] done in 42ms @ http://localhost:3000/_next/static/chunks/node_modules_next_dist_1e8vcs8._.js:776
[  179016ms] [LOG] [Fast Refresh] done in 42ms @ http://localhost:3000/_next/static/chunks/node_modules_next_dist_1e8vcs8._.js:776
[  179075ms] [LOG] [Fast Refresh] done in 42ms @ http://localhost:3000/_next/static/chunks/node_modules_next_dist_1e8vcs8._.js:776
[  179138ms] [LOG] [Fast Refresh] done in 42ms @ http://localhost:3000/_next/static/chunks/node_modules_next_dist_1e8vcs8._.js:776
[  179187ms] [LOG] [Fast Refresh] done in 42ms @ http://localhost:3000/_next/static/chunks/node_modules_next_dist_1e8vcs8._.js:776
[  179239ms] [LOG] [Fast Refresh] done in 42ms @ http://localhost:3000/_next/static/chunks/node_modules_next_dist_1e8vcs8._.js:776
[  179305ms] [LOG] [Fast Refresh] done in 42ms @ http://localhost:3000/_next/static/chunks/node_modules_next_dist_1e8vcs8._.js:776
[  179355ms] [LOG] [Fast Refresh] done in 42ms @ http://localhost:3000/_next/static/chunks/node_modules_next_dist_1e8vcs8._.js:776
[  179407ms] [LOG] [Fast Refresh] done in 42ms @ http://localhost:3000/_next/static/chunks/node_modules_next_dist_1e8vcs8._.js:776
[  179457ms] [LOG] [Fast Refresh] done in 42ms @ http://localhost:3000/_next/static/chunks/node_modules_next_dist_1e8vcs8._.js:776
[  179506ms] [LOG] [Fast Refresh] done in 42ms @ http://localhost:3000/_next/static/chunks/node_modules_next_dist_1e8vcs8._.js:776
[  179561ms] [LOG] [Fast Refresh] done in 42ms @ http://localhost:3000/_next/static/chunks/node_modules_next_dist_1e8vcs8._.js:776
[  179622ms] [LOG] [Fast Refresh] done in 42ms @ http://localhost:3000/_next/static/chunks/node_modules_next_dist_1e8vcs8._.js:776
[  179672ms] [LOG] [Fast Refresh] done in 42ms @ http://localhost:3000/_next/static/chunks/node_modules_next_dist_1e8vcs8._.js:776
[  179723ms] [LOG] [Fast Refresh] done in 42ms @ http://localhost:3000/_next/static/chunks/node_modules_next_dist_1e8vcs8._.js:776
[  179773ms] [LOG] [Fast Refresh] done in 42ms @ http://localhost:3000/_next/static/chunks/node_modules_next_dist_1e8vcs8._.js:776
[  179811ms] [LOG] [Fast Refresh] done in 42ms @ http://localhost:3000/_next/static/chunks/node_modules_next_dist_1e8vcs8._.js:776
[  179873ms] [LOG] [Fast Refresh] done in 42ms @ http://localhost:3000/_next/static/chunks/node_modules_next_dist_1e8vcs8._.js:776
[  179924ms] [LOG] [Fast Refresh] done in 42ms @ http://localhost:3000/_next/static/chunks/node_modules_next_dist_1e8vcs8._.js:776
[  179978ms] [LOG] [Fast Refresh] done in 42ms @ http://localhost:3000/_next/static/chunks/node_modules_next_dist_1e8vcs8._.js:776
[  180027ms] [LOG] [Fast Refresh] done in 42ms @ http://localhost:3000/_next/static/chunks/node_modules_next_dist_1e8vcs8._.js:776
[  180067ms] [LOG] [Fast Refresh] done in 42ms @ http://localhost:3000/_next/static/chunks/node_modules_next_dist_1e8vcs8._.js:776
[  180107ms] [LOG] [Fast Refresh] done in 42ms @ http://localhost:3000/_next/static/chunks/node_modules_next_dist_1e8vcs8._.js:776
[  180156ms] [LOG] [Fast Refresh] done in 42ms @ http://localhost:3000/_next/static/chunks/node_modules_next_dist_1e8vcs8._.js:776
[  180195ms] [LOG] [Fast Refresh] done in 42ms @ http://localhost:3000/_next/static/chunks/node_modules_next_dist_1e8vcs8._.js:776
[  180241ms] [LOG] [Fast Refresh] done in 42ms @ http://localhost:3000/_next/static/chunks/node_modules_next_dist_1e8vcs8._.js:776
[  180292ms] [LOG] [Fast Refresh] done in 42ms @ http://localhost:3000/_next/static/chunks/node_modules_next_dist_1e8vcs8._.js:776
[  180341ms] [LOG] [Fast Refresh] done in 42ms @ http://localhost:3000/_next/static/chunks/node_modules_next_dist_1e8vcs8._.js:776
[  180390ms] [LOG] [Fast Refresh] done in 42ms @ http://localhost:3000/_next/static/chunks/node_modules_next_dist_1e8vcs8._.js:776
[  180440ms] [LOG] [Fast Refresh] done in 42ms @ http://localhost:3000/_next/static/chunks/node_modules_next_dist_1e8vcs8._.js:776
[  180489ms] [LOG] [Fast Refresh] done in 42ms @ http://localhost:3000/_next/static/chunks/node_modules_next_dist_1e8vcs8._.js:776
[  180543ms] [LOG] [Fast Refresh] done in 42ms @ http://localhost:3000/_next/static/chunks/node_modules_next_dist_1e8vcs8._.js:776
[  180591ms] [LOG] [Fast Refresh] done in 42ms @ http://localhost:3000/_next/static/chunks/node_modules_next_dist_1e8vcs8._.js:776
[  180639ms] [LOG] [Fast Refresh] done in 42ms @ http://localhost:3000/_next/static/chunks/node_modules_next_dist_1e8vcs8._.js:776
[  180708ms] [LOG] [Fast Refresh] done in 42ms @ http://localhost:3000/_next/static/chunks/node_modules_next_dist_1e8vcs8._.js:776
[  180771ms] [LOG] [Fast Refresh] done in 42ms @ http://localhost:3000/_next/static/chunks/node_modules_next_dist_1e8vcs8._.js:776
[  180824ms] [LOG] [Fast Refresh] done in 42ms @ http://localhost:3000/_next/static/chunks/node_modules_next_dist_1e8vcs8._.js:776
[  180873ms] [LOG] [Fast Refresh] done in 42ms @ http://localhost:3000/_next/static/chunks/node_modules_next_dist_1e8vcs8._.js:776
[  180923ms] [LOG] [Fast Refresh] done in 42ms @ http://localhost:3000/_next/static/chunks/node_modules_next_dist_1e8vcs8._.js:776
[  180974ms] [LOG] [Fast Refresh] done in 42ms @ http://localhost:3000/_next/static/chunks/node_modules_next_dist_1e8vcs8._.js:776
[  181023ms] [LOG] [Fast Refresh] done in 42ms @ http://localhost:3000/_next/static/chunks/node_modules_next_dist_1e8vcs8._.js:776
[  181074ms] [LOG] [Fast Refresh] done in 42ms @ http://localhost:3000/_next/static/chunks/node_modules_next_dist_1e8vcs8._.js:776
[  181125ms] [LOG] [Fast Refresh] done in 42ms @ http://localhost:3000/_next/static/chunks/node_modules_next_dist_1e8vcs8._.js:776
[  181192ms] [LOG] [Fast Refresh] done in 42ms @ http://localhost:3000/_next/static/chunks/node_modules_next_dist_1e8vcs8._.js:776
[  181242ms] [LOG] [Fast Refresh] done in 42ms @ http://localhost:3000/_next/static/chunks/node_modules_next_dist_1e8vcs8._.js:776
[  181293ms] [LOG] [Fast Refresh] done in 42ms @ http://localhost:3000/_next/static/chunks/node_modules_next_dist_1e8vcs8._.js:776
[  181340ms] [LOG] [Fast Refresh] done in 42ms @ http://localhost:3000/_next/static/chunks/node_modules_next_dist_1e8vcs8._.js:776
[  181377ms] [LOG] [Fast Refresh] done in 42ms @ http://localhost:3000/_next/static/chunks/node_modules_next_dist_1e8vcs8._.js:776
[  181425ms] [LOG] [Fast Refresh] done in 42ms @ http://localhost:3000/_next/static/chunks/node_modules_next_dist_1e8vcs8._.js:776
[  181474ms] [LOG] [Fast Refresh] done in 42ms @ http://localhost:3000/_next/static/chunks/node_modules_next_dist_1e8vcs8._.js:776
[  181524ms] [LOG] [Fast Refresh] done in 42ms @ http://localhost:3000/_next/static/chunks/node_modules_next_dist_1e8vcs8._.js:776
[  181573ms] [LOG] [Fast Refresh] done in 42ms @ http://localhost:3000/_next/static/chunks/node_modules_next_dist_1e8vcs8._.js:776
[  181624ms] [LOG] [Fast Refresh] done in 42ms @ http://localhost:3000/_next/static/chunks/node_modules_next_dist_1e8vcs8._.js:776
[  181675ms] [LOG] [Fast Refresh] done in 42ms @ http://localhost:3000/_next/static/chunks/node_modules_next_dist_1e8vcs8._.js:776
[  181741ms] [LOG] [Fast Refresh] done in 42ms @ http://localhost:3000/_next/static/chunks/node_modules_next_dist_1e8vcs8._.js:776
[  181794ms] [LOG] [Fast Refresh] done in 42ms @ http://localhost:3000/_next/static/chunks/node_modules_next_dist_1e8vcs8._.js:776
[  181844ms] [LOG] [Fast Refresh] done in 42ms @ http://localhost:3000/_next/static/chunks/node_modules_next_dist_1e8vcs8._.js:776
[  181891ms] [LOG] [Fast Refresh] done in 42ms @ http://localhost:3000/_next/static/chunks/node_modules_next_dist_1e8vcs8._.js:776
[  181941ms] [LOG] [Fast Refresh] done in 42ms @ http://localhost:3000/_next/static/chunks/node_modules_next_dist_1e8vcs8._.js:776
[  181991ms] [LOG] [Fast Refresh] done in 42ms @ http://localhost:3000/_next/static/chunks/node_modules_next_dist_1e8vcs8._.js:776
[  182039ms] [LOG] [Fast Refresh] done in 42ms @ http://localhost:3000/_next/static/chunks/node_modules_next_dist_1e8vcs8._.js:776
[  182090ms] [LOG] [Fast Refresh] done in 42ms @ http://localhost:3000/_next/static/chunks/node_modules_next_dist_1e8vcs8._.js:776
[  182139ms] [LOG] [Fast Refresh] done in 42ms @ http://localhost:3000/_next/static/chunks/node_modules_next_dist_1e8vcs8._.js:776
[  182193ms] [LOG] [Fast Refresh] done in 42ms @ http://localhost:3000/_next/static/chunks/node_modules_next_dist_1e8vcs8._.js:776
[  182241ms] [LOG] [Fast Refresh] done in 42ms @ http://localhost:3000/_next/static/chunks/node_modules_next_dist_1e8vcs8._.js:776
[  182302ms] [LOG] [Fast Refresh] done in 42ms @ http://localhost:3000/_next/static/chunks/node_modules_next_dist_1e8vcs8._.js:776
[  182366ms] [LOG] [Fast Refresh] done in 42ms @ http://localhost:3000/_next/static/chunks/node_modules_next_dist_1e8vcs8._.js:776
[  182406ms] [LOG] [Fast Refresh] done in 42ms @ http://localhost:3000/_next/static/chunks/node_modules_next_dist_1e8vcs8._.js:776
[  182458ms] [LOG] [Fast Refresh] done in 42ms @ http://localhost:3000/_next/static/chunks/node_modules_next_dist_1e8vcs8._.js:776
[  182509ms] [LOG] [Fast Refresh] done in 42ms @ http://localhost:3000/_next/static/chunks/node_modules_next_dist_1e8vcs8._.js:776
[  182557ms] [LOG] [Fast Refresh] done in 42ms @ http://localhost:3000/_next/static/chunks/node_modules_next_dist_1e8vcs8._.js:776
[  182593ms] [LOG] [Fast Refresh] done in 42ms @ http://localhost:3000/_next/static/chunks/node_modules_next_dist_1e8vcs8._.js:776
[  182644ms] [LOG] [Fast Refresh] done in 42ms @ http://localhost:3000/_next/static/chunks/node_modules_next_dist_1e8vcs8._.js:776
[  182693ms] [LOG] [Fast Refresh] done in 42ms @ http://localhost:3000/_next/static/chunks/node_modules_next_dist_1e8vcs8._.js:776
[  182743ms] [LOG] [Fast Refresh] done in 42ms @ http://localhost:3000/_next/static/chunks/node_modules_next_dist_1e8vcs8._.js:776
[  182806ms] [LOG] [Fast Refresh] done in 42ms @ http://localhost:3000/_next/static/chunks/node_modules_next_dist_1e8vcs8._.js:776
[  182858ms] [LOG] [Fast Refresh] done in 42ms @ http://localhost:3000/_next/static/chunks/node_modules_next_dist_1e8vcs8._.js:776
[  182896ms] [LOG] [Fast Refresh] done in 42ms @ http://localhost:3000/_next/static/chunks/node_modules_next_dist_1e8vcs8._.js:776
[  182941ms] [LOG] [Fast Refresh] done in 42ms @ http://localhost:3000/_next/static/chunks/node_modules_next_dist_1e8vcs8._.js:776
[  182989ms] [LOG] [Fast Refresh] done in 42ms @ http://localhost:3000/_next/static/chunks/node_modules_next_dist_1e8vcs8._.js:776
[  183026ms] [LOG] [Fast Refresh] done in 42ms @ http://localhost:3000/_next/static/chunks/node_modules_next_dist_1e8vcs8._.js:776
[  183074ms] [LOG] [Fast Refresh] done in 42ms @ http://localhost:3000/_next/static/chunks/node_modules_next_dist_1e8vcs8._.js:776
[  183110ms] [LOG] [Fast Refresh] done in 42ms @ http://localhost:3000/_next/static/chunks/node_modules_next_dist_1e8vcs8._.js:776
[  183159ms] [LOG] [Fast Refresh] done in 42ms @ http://localhost:3000/_next/static/chunks/node_modules_next_dist_1e8vcs8._.js:776
[  183224ms] [LOG] [Fast Refresh] done in 42ms @ http://localhost:3000/_next/static/chunks/node_modules_next_dist_1e8vcs8._.js:776
[  183275ms] [LOG] [Fast Refresh] done in 42ms @ http://localhost:3000/_next/static/chunks/node_modules_next_dist_1e8vcs8._.js:776
[  183340ms] [LOG] [Fast Refresh] done in 42ms @ http://localhost:3000/_next/static/chunks/node_modules_next_dist_1e8vcs8._.js:776
[  183390ms] [LOG] [Fast Refresh] done in 42ms @ http://localhost:3000/_next/static/chunks/node_modules_next_dist_1e8vcs8._.js:776
[  183441ms] [LOG] [Fast Refresh] done in 42ms @ http://localhost:3000/_next/static/chunks/node_modules_next_dist_1e8vcs8._.js:776
[  183490ms] [LOG] [Fast Refresh] done in 42ms @ http://localhost:3000/_next/static/chunks/node_modules_next_dist_1e8vcs8._.js:776
[  183541ms] [LOG] [Fast Refresh] done in 42ms @ http://localhost:3000/_next/static/chunks/node_modules_next_dist_1e8vcs8._.js:776
[  183590ms] [LOG] [Fast Refresh] done in 42ms @ http://localhost:3000/_next/static/chunks/node_modules_next_dist_1e8vcs8._.js:776
[  183640ms] [LOG] [Fast Refresh] done in 42ms @ http://localhost:3000/_next/static/chunks/node_modules_next_dist_1e8vcs8._.js:776
[  183692ms] [LOG] [Fast Refresh] done in 42ms @ http://localhost:3000/_next/static/chunks/node_modules_next_dist_1e8vcs8._.js:776
[  183757ms] [LOG] [Fast Refresh] done in 42ms @ http://localhost:3000/_next/static/chunks/node_modules_next_dist_1e8vcs8._.js:776
[  183807ms] [LOG] [Fast Refresh] done in 42ms @ http://localhost:3000/_next/static/chunks/node_modules_next_dist_1e8vcs8._.js:776
[  183858ms] [LOG] [Fast Refresh] done in 42ms @ http://localhost:3000/_next/static/chunks/node_modules_next_dist_1e8vcs8._.js:776
[  183925ms] [LOG] [Fast Refresh] done in 42ms @ http://localhost:3000/_next/static/chunks/node_modules_next_dist_1e8vcs8._.js:776
[  183976ms] [LOG] [Fast Refresh] done in 42ms @ http://localhost:3000/_next/static/chunks/node_modules_next_dist_1e8vcs8._.js:776
[  184025ms] [LOG] [Fast Refresh] done in 42ms @ http://localhost:3000/_next/static/chunks/node_modules_next_dist_1e8vcs8._.js:776
[  184075ms] [LOG] [Fast Refresh] done in 42ms @ http://localhost:3000/_next/static/chunks/node_modules_next_dist_1e8vcs8._.js:776
[  184123ms] [LOG] [Fast Refresh] done in 42ms @ http://localhost:3000/_next/static/chunks/node_modules_next_dist_1e8vcs8._.js:776
[  184161ms] [LOG] [Fast Refresh] done in 42ms @ http://localhost:3000/_next/static/chunks/node_modules_next_dist_1e8vcs8._.js:776
[  184197ms] [LOG] [Fast Refresh] done in 42ms @ http://localhost:3000/_next/static/chunks/node_modules_next_dist_1e8vcs8._.js:776
[  184241ms] [LOG] [Fast Refresh] done in 42ms @ http://localhost:3000/_next/static/chunks/node_modules_next_dist_1e8vcs8._.js:776
[  184285ms] [LOG] [Fast Refresh] done in 42ms @ http://localhost:3000/_next/static/chunks/node_modules_next_dist_1e8vcs8._.js:776
[  184329ms] [LOG] [Fast Refresh] done in 42ms @ http://localhost:3000/_next/static/chunks/node_modules_next_dist_1e8vcs8._.js:776
[  184391ms] [LOG] [Fast Refresh] done in 42ms @ http://localhost:3000/_next/static/chunks/node_modules_next_dist_1e8vcs8._.js:776
[  184440ms] [LOG] [Fast Refresh] done in 42ms @ http://localhost:3000/_next/static/chunks/node_modules_next_dist_1e8vcs8._.js:776
[  184492ms] [LOG] [Fast Refresh] done in 42ms @ http://localhost:3000/_next/static/chunks/node_modules_next_dist_1e8vcs8._.js:776
[  184540ms] [LOG] [Fast Refresh] done in 42ms @ http://localhost:3000/_next/static/chunks/node_modules_next_dist_1e8vcs8._.js:776
[  184578ms] [LOG] [Fast Refresh] done in 42ms @ http://localhost:3000/_next/static/chunks/node_modules_next_dist_1e8vcs8._.js:776
[  184624ms] [LOG] [Fast Refresh] done in 42ms @ http://localhost:3000/_next/static/chunks/node_modules_next_dist_1e8vcs8._.js:776
[  184677ms] [LOG] [Fast Refresh] done in 42ms @ http://localhost:3000/_next/static/chunks/node_modules_next_dist_1e8vcs8._.js:776
[  184727ms] [LOG] [Fast Refresh] done in 42ms @ http://localhost:3000/_next/static/chunks/node_modules_next_dist_1e8vcs8._.js:776
[  184775ms] [LOG] [Fast Refresh] done in 42ms @ http://localhost:3000/_next/static/chunks/node_modules_next_dist_1e8vcs8._.js:776
[  184837ms] [LOG] [Fast Refresh] done in 42ms @ http://localhost:3000/_next/static/chunks/node_modules_next_dist_1e8vcs8._.js:776
[  184887ms] [LOG] [Fast Refresh] done in 42ms @ http://localhost:3000/_next/static/chunks/node_modules_next_dist_1e8vcs8._.js:776
[  184944ms] [LOG] [Fast Refresh] done in 42ms @ http://localhost:3000/_next/static/chunks/node_modules_next_dist_1e8vcs8._.js:776
[  184990ms] [LOG] [Fast Refresh] done in 42ms @ http://localhost:3000/_next/static/chunks/node_modules_next_dist_1e8vcs8._.js:776
[  185053ms] [LOG] [Fast Refresh] done in 42ms @ http://localhost:3000/_next/static/chunks/node_modules_next_dist_1e8vcs8._.js:776
[  185105ms] [LOG] [Fast Refresh] done in 42ms @ http://localhost:3000/_next/static/chunks/node_modules_next_dist_1e8vcs8._.js:776
[  185153ms] [LOG] [Fast Refresh] done in 42ms @ http://localhost:3000/_next/static/chunks/node_modules_next_dist_1e8vcs8._.js:776
[  185207ms] [LOG] [Fast Refresh] done in 42ms @ http://localhost:3000/_next/static/chunks/node_modules_next_dist_1e8vcs8._.js:776
[  185257ms] [LOG] [Fast Refresh] done in 42ms @ http://localhost:3000/_next/static/chunks/node_modules_next_dist_1e8vcs8._.js:776
[  185319ms] [LOG] [Fast Refresh] done in 42ms @ http://localhost:3000/_next/static/chunks/node_modules_next_dist_1e8vcs8._.js:776
[  185373ms] [LOG] [Fast Refresh] done in 42ms @ http://localhost:3000/_next/static/chunks/node_modules_next_dist_1e8vcs8._.js:776
[  185434ms] [LOG] [Fast Refresh] done in 42ms @ http://localhost:3000/_next/static/chunks/node_modules_next_dist_1e8vcs8._.js:776
[  185490ms] [LOG] [Fast Refresh] done in 42ms @ http://localhost:3000/_next/static/chunks/node_modules_next_dist_1e8vcs8._.js:776
[  185539ms] [LOG] [Fast Refresh] done in 42ms @ http://localhost:3000/_next/static/chunks/node_modules_next_dist_1e8vcs8._.js:776
[  185590ms] [LOG] [Fast Refresh] done in 42ms @ http://localhost:3000/_next/static/chunks/node_modules_next_dist_1e8vcs8._.js:776
[  185645ms] [LOG] [Fast Refresh] done in 42ms @ http://localhost:3000/_next/static/chunks/node_modules_next_dist_1e8vcs8._.js:776
[  185691ms] [LOG] [Fast Refresh] done in 42ms @ http://localhost:3000/_next/static/chunks/node_modules_next_dist_1e8vcs8._.js:776
[  185739ms] [LOG] [Fast Refresh] done in 42ms @ http://localhost:3000/_next/static/chunks/node_modules_next_dist_1e8vcs8._.js:776
[  185794ms] [LOG] [Fast Refresh] done in 42ms @ http://localhost:3000/_next/static/chunks/node_modules_next_dist_1e8vcs8._.js:776
[  185833ms] [LOG] [Fast Refresh] done in 42ms @ http://localhost:3000/_next/static/chunks/node_modules_next_dist_1e8vcs8._.js:776
[  185881ms] [LOG] [Fast Refresh] done in 42ms @ http://localhost:3000/_next/static/chunks/node_modules_next_dist_1e8vcs8._.js:776
[  185940ms] [LOG] [Fast Refresh] done in 42ms @ http://localhost:3000/_next/static/chunks/node_modules_next_dist_1e8vcs8._.js:776
[  186007ms] [LOG] [Fast Refresh] done in 42ms @ http://localhost:3000/_next/static/chunks/node_modules_next_dist_1e8vcs8._.js:776
[  186058ms] [LOG] [Fast Refresh] done in 42ms @ http://localhost:3000/_next/static/chunks/node_modules_next_dist_1e8vcs8._.js:776
[  186108ms] [LOG] [Fast Refresh] done in 42ms @ http://localhost:3000/_next/static/chunks/node_modules_next_dist_1e8vcs8._.js:776
[  186156ms] [LOG] [Fast Refresh] done in 42ms @ http://localhost:3000/_next/static/chunks/node_modules_next_dist_1e8vcs8._.js:776
[  186197ms] [LOG] [Fast Refresh] done in 42ms @ http://localhost:3000/_next/static/chunks/node_modules_next_dist_1e8vcs8._.js:776
[  186257ms] [LOG] [Fast Refresh] done in 42ms @ http://localhost:3000/_next/static/chunks/node_modules_next_dist_1e8vcs8._.js:776
[  186306ms] [LOG] [Fast Refresh] done in 42ms @ http://localhost:3000/_next/static/chunks/node_modules_next_dist_1e8vcs8._.js:776
[  186358ms] [LOG] [Fast Refresh] done in 42ms @ http://localhost:3000/_next/static/chunks/node_modules_next_dist_1e8vcs8._.js:776
[  186407ms] [LOG] [Fast Refresh] done in 42ms @ http://localhost:3000/_next/static/chunks/node_modules_next_dist_1e8vcs8._.js:776
[  186463ms] [LOG] [Fast Refresh] done in 42ms @ http://localhost:3000/_next/static/chunks/node_modules_next_dist_1e8vcs8._.js:776
[  186506ms] [LOG] [Fast Refresh] done in 42ms @ http://localhost:3000/_next/static/chunks/node_modules_next_dist_1e8vcs8._.js:776
[  186573ms] [LOG] [Fast Refresh] done in 42ms @ http://localhost:3000/_next/static/chunks/node_modules_next_dist_1e8vcs8._.js:776
[  186622ms] [LOG] [Fast Refresh] done in 42ms @ http://localhost:3000/_next/static/chunks/node_modules_next_dist_1e8vcs8._.js:776
[  186684ms] [LOG] [Fast Refresh] done in 42ms @ http://localhost:3000/_next/static/chunks/node_modules_next_dist_1e8vcs8._.js:776
[  186724ms] [LOG] [Fast Refresh] done in 42ms @ http://localhost:3000/_next/static/chunks/node_modules_next_dist_1e8vcs8._.js:776
[  186774ms] [LOG] [Fast Refresh] done in 42ms @ http://localhost:3000/_next/static/chunks/node_modules_next_dist_1e8vcs8._.js:776
[  186823ms] [LOG] [Fast Refresh] done in 42ms @ http://localhost:3000/_next/static/chunks/node_modules_next_dist_1e8vcs8._.js:776
[  186874ms] [LOG] [Fast Refresh] done in 42ms @ http://localhost:3000/_next/static/chunks/node_modules_next_dist_1e8vcs8._.js:776
[  186923ms] [LOG] [Fast Refresh] done in 42ms @ http://localhost:3000/_next/static/chunks/node_modules_next_dist_1e8vcs8._.js:776
[  186974ms] [LOG] [Fast Refresh] done in 42ms @ http://localhost:3000/_next/static/chunks/node_modules_next_dist_1e8vcs8._.js:776
[  187024ms] [LOG] [Fast Refresh] done in 42ms @ http://localhost:3000/_next/static/chunks/node_modules_next_dist_1e8vcs8._.js:776
[  187074ms] [LOG] [Fast Refresh] done in 42ms @ http://localhost:3000/_next/static/chunks/node_modules_next_dist_1e8vcs8._.js:776
[  187127ms] [LOG] [Fast Refresh] done in 42ms @ http://localhost:3000/_next/static/chunks/node_modules_next_dist_1e8vcs8._.js:776
[  187188ms] [LOG] [Fast Refresh] done in 42ms @ http://localhost:3000/_next/static/chunks/node_modules_next_dist_1e8vcs8._.js:776
[  187240ms] [LOG] [Fast Refresh] done in 42ms @ http://localhost:3000/_next/static/chunks/node_modules_next_dist_1e8vcs8._.js:776
[  187291ms] [LOG] [Fast Refresh] done in 42ms @ http://localhost:3000/_next/static/chunks/node_modules_next_dist_1e8vcs8._.js:776
[  187357ms] [LOG] [Fast Refresh] done in 42ms @ http://localhost:3000/_next/static/chunks/node_modules_next_dist_1e8vcs8._.js:776
[  187424ms] [LOG] [Fast Refresh] done in 42ms @ http://localhost:3000/_next/static/chunks/node_modules_next_dist_1e8vcs8._.js:776
[  187473ms] [LOG] [Fast Refresh] done in 42ms @ http://localhost:3000/_next/static/chunks/node_modules_next_dist_1e8vcs8._.js:776
[  187524ms] [LOG] [Fast Refresh] done in 42ms @ http://localhost:3000/_next/static/chunks/node_modules_next_dist_1e8vcs8._.js:776
[  187573ms] [LOG] [Fast Refresh] done in 42ms @ http://localhost:3000/_next/static/chunks/node_modules_next_dist_1e8vcs8._.js:776
[  187622ms] [LOG] [Fast Refresh] done in 42ms @ http://localhost:3000/_next/static/chunks/node_modules_next_dist_1e8vcs8._.js:776
[  187674ms] [LOG] [Fast Refresh] done in 42ms @ http://localhost:3000/_next/static/chunks/node_modules_next_dist_1e8vcs8._.js:776
[  187722ms] [LOG] [Fast Refresh] done in 42ms @ http://localhost:3000/_next/static/chunks/node_modules_next_dist_1e8vcs8._.js:776
[  187773ms] [LOG] [Fast Refresh] done in 42ms @ http://localhost:3000/_next/static/chunks/node_modules_next_dist_1e8vcs8._.js:776
[  187824ms] [LOG] [Fast Refresh] done in 42ms @ http://localhost:3000/_next/static/chunks/node_modules_next_dist_1e8vcs8._.js:776
[  187873ms] [LOG] [Fast Refresh] done in 42ms @ http://localhost:3000/_next/static/chunks/node_modules_next_dist_1e8vcs8._.js:776
[  187924ms] [LOG] [Fast Refresh] done in 42ms @ http://localhost:3000/_next/static/chunks/node_modules_next_dist_1e8vcs8._.js:776
[  187974ms] [LOG] [Fast Refresh] done in 42ms @ http://localhost:3000/_next/static/chunks/node_modules_next_dist_1e8vcs8._.js:776
[  188024ms] [LOG] [Fast Refresh] done in 42ms @ http://localhost:3000/_next/static/chunks/node_modules_next_dist_1e8vcs8._.js:776
[  188074ms] [LOG] [Fast Refresh] done in 42ms @ http://localhost:3000/_next/static/chunks/node_modules_next_dist_1e8vcs8._.js:776
[  188141ms] [LOG] [Fast Refresh] done in 42ms @ http://localhost:3000/_next/static/chunks/node_modules_next_dist_1e8vcs8._.js:776
[  188195ms] [LOG] [Fast Refresh] done in 42ms @ http://localhost:3000/_next/static/chunks/node_modules_next_dist_1e8vcs8._.js:776
[  188237ms] [LOG] [Fast Refresh] done in 42ms @ http://localhost:3000/_next/static/chunks/node_modules_next_dist_1e8vcs8._.js:776
[  188293ms] [LOG] [Fast Refresh] done in 42ms @ http://localhost:3000/_next/static/chunks/node_modules_next_dist_1e8vcs8._.js:776
[  188344ms] [LOG] [Fast Refresh] done in 42ms @ http://localhost:3000/_next/static/chunks/node_modules_next_dist_1e8vcs8._.js:776
[  188407ms] [LOG] [Fast Refresh] done in 42ms @ http://localhost:3000/_next/static/chunks/node_modules_next_dist_1e8vcs8._.js:776
[  188459ms] [LOG] [Fast Refresh] done in 42ms @ http://localhost:3000/_next/static/chunks/node_modules_next_dist_1e8vcs8._.js:776
[  188508ms] [LOG] [Fast Refresh] done in 42ms @ http://localhost:3000/_next/static/chunks/node_modules_next_dist_1e8vcs8._.js:776
[  188560ms] [LOG] [Fast Refresh] done in 42ms @ http://localhost:3000/_next/static/chunks/node_modules_next_dist_1e8vcs8._.js:776
[  188632ms] [LOG] [Fast Refresh] done in 42ms @ http://localhost:3000/_next/static/chunks/node_modules_next_dist_1e8vcs8._.js:776
[  188677ms] [LOG] [Fast Refresh] done in 42ms @ http://localhost:3000/_next/static/chunks/node_modules_next_dist_1e8vcs8._.js:776
[  188740ms] [LOG] [Fast Refresh] done in 42ms @ http://localhost:3000/_next/static/chunks/node_modules_next_dist_1e8vcs8._.js:776
[  188805ms] [LOG] [Fast Refresh] done in 42ms @ http://localhost:3000/_next/static/chunks/node_modules_next_dist_1e8vcs8._.js:776
[  188858ms] [LOG] [Fast Refresh] done in 42ms @ http://localhost:3000/_next/static/chunks/node_modules_next_dist_1e8vcs8._.js:776
[  188911ms] [LOG] [Fast Refresh] done in 42ms @ http://localhost:3000/_next/static/chunks/node_modules_next_dist_1e8vcs8._.js:776
[  188956ms] [LOG] [Fast Refresh] done in 42ms @ http://localhost:3000/_next/static/chunks/node_modules_next_dist_1e8vcs8._.js:776
[  189007ms] [LOG] [Fast Refresh] done in 42ms @ http://localhost:3000/_next/static/chunks/node_modules_next_dist_1e8vcs8._.js:776
[  189058ms] [LOG] [Fast Refresh] done in 42ms @ http://localhost:3000/_next/static/chunks/node_modules_next_dist_1e8vcs8._.js:776
[  189107ms] [LOG] [Fast Refresh] done in 42ms @ http://localhost:3000/_next/static/chunks/node_modules_next_dist_1e8vcs8._.js:776
[  189171ms] [LOG] [Fast Refresh] done in 42ms @ http://localhost:3000/_next/static/chunks/node_modules_next_dist_1e8vcs8._.js:776
[  189225ms] [LOG] [Fast Refresh] done in 42ms @ http://localhost:3000/_next/static/chunks/node_modules_next_dist_1e8vcs8._.js:776
[  189273ms] [LOG] [Fast Refresh] done in 42ms @ http://localhost:3000/_next/static/chunks/node_modules_next_dist_1e8vcs8._.js:776
[  189337ms] [LOG] [Fast Refresh] done in 42ms @ http://localhost:3000/_next/static/chunks/node_modules_next_dist_1e8vcs8._.js:776
[  189393ms] [LOG] [Fast Refresh] done in 42ms @ http://localhost:3000/_next/static/chunks/node_modules_next_dist_1e8vcs8._.js:776
[  189453ms] [LOG] [Fast Refresh] done in 42ms @ http://localhost:3000/_next/static/chunks/node_modules_next_dist_1e8vcs8._.js:776
[  189499ms] [LOG] [Fast Refresh] done in 42ms @ http://localhost:3000/_next/static/chunks/node_modules_next_dist_1e8vcs8._.js:776
[  189562ms] [LOG] [Fast Refresh] done in 42ms @ http://localhost:3000/_next/static/chunks/node_modules_next_dist_1e8vcs8._.js:776
[  189609ms] [LOG] [Fast Refresh] done in 42ms @ http://localhost:3000/_next/static/chunks/node_modules_next_dist_1e8vcs8._.js:776
[  189662ms] [LOG] [Fast Refresh] done in 42ms @ http://localhost:3000/_next/static/chunks/node_modules_next_dist_1e8vcs8._.js:776
[  189706ms] [LOG] [Fast Refresh] done in 42ms @ http://localhost:3000/_next/static/chunks/node_modules_next_dist_1e8vcs8._.js:776
[  189760ms] [LOG] [Fast Refresh] done in 42ms @ http://localhost:3000/_next/static/chunks/node_modules_next_dist_1e8vcs8._.js:776
[  189821ms] [LOG] [Fast Refresh] done in 42ms @ http://localhost:3000/_next/static/chunks/node_modules_next_dist_1e8vcs8._.js:776
[  189872ms] [LOG] [Fast Refresh] done in 42ms @ http://localhost:3000/_next/static/chunks/node_modules_next_dist_1e8vcs8._.js:776
[  189924ms] [LOG] [Fast Refresh] done in 42ms @ http://localhost:3000/_next/static/chunks/node_modules_next_dist_1e8vcs8._.js:776
[  189973ms] [LOG] [Fast Refresh] done in 42ms @ http://localhost:3000/_next/static/chunks/node_modules_next_dist_1e8vcs8._.js:776
[  190023ms] [LOG] [Fast Refresh] done in 42ms @ http://localhost:3000/_next/static/chunks/node_modules_next_dist_1e8vcs8._.js:776
[  190073ms] [LOG] [Fast Refresh] done in 42ms @ http://localhost:3000/_next/static/chunks/node_modules_next_dist_1e8vcs8._.js:776
[  190124ms] [LOG] [Fast Refresh] done in 42ms @ http://localhost:3000/_next/static/chunks/node_modules_next_dist_1e8vcs8._.js:776
[  190181ms] [LOG] [Fast Refresh] done in 42ms @ http://localhost:3000/_next/static/chunks/node_modules_next_dist_1e8vcs8._.js:776
[  190238ms] [LOG] [Fast Refresh] done in 42ms @ http://localhost:3000/_next/static/chunks/node_modules_next_dist_1e8vcs8._.js:776
[  190287ms] [LOG] [Fast Refresh] done in 42ms @ http://localhost:3000/_next/static/chunks/node_modules_next_dist_1e8vcs8._.js:776
[  190337ms] [LOG] [Fast Refresh] done in 42ms @ http://localhost:3000/_next/static/chunks/node_modules_next_dist_1e8vcs8._.js:776
[  190373ms] [LOG] [Fast Refresh] done in 42ms @ http://localhost:3000/_next/static/chunks/node_modules_next_dist_1e8vcs8._.js:776
[  190421ms] [LOG] [Fast Refresh] done in 42ms @ http://localhost:3000/_next/static/chunks/node_modules_next_dist_1e8vcs8._.js:776
[  190472ms] [LOG] [Fast Refresh] done in 42ms @ http://localhost:3000/_next/static/chunks/node_modules_next_dist_1e8vcs8._.js:776
[  190523ms] [LOG] [Fast Refresh] done in 42ms @ http://localhost:3000/_next/static/chunks/node_modules_next_dist_1e8vcs8._.js:776
[  190572ms] [LOG] [Fast Refresh] done in 42ms @ http://localhost:3000/_next/static/chunks/node_modules_next_dist_1e8vcs8._.js:776
[  190626ms] [LOG] [Fast Refresh] done in 42ms @ http://localhost:3000/_next/static/chunks/node_modules_next_dist_1e8vcs8._.js:776
[  190685ms] [LOG] [Fast Refresh] done in 42ms @ http://localhost:3000/_next/static/chunks/node_modules_next_dist_1e8vcs8._.js:776
[  190739ms] [LOG] [Fast Refresh] done in 42ms @ http://localhost:3000/_next/static/chunks/node_modules_next_dist_1e8vcs8._.js:776
[  190791ms] [LOG] [Fast Refresh] done in 42ms @ http://localhost:3000/_next/static/chunks/node_modules_next_dist_1e8vcs8._.js:776
[  190839ms] [LOG] [Fast Refresh] done in 42ms @ http://localhost:3000/_next/static/chunks/node_modules_next_dist_1e8vcs8._.js:776
[  190889ms] [LOG] [Fast Refresh] done in 42ms @ http://localhost:3000/_next/static/chunks/node_modules_next_dist_1e8vcs8._.js:776
[  190943ms] [LOG] [Fast Refresh] done in 42ms @ http://localhost:3000/_next/static/chunks/node_modules_next_dist_1e8vcs8._.js:776
[  190987ms] [LOG] [Fast Refresh] done in 42ms @ http://localhost:3000/_next/static/chunks/node_modules_next_dist_1e8vcs8._.js:776
[  191035ms] [LOG] [Fast Refresh] done in 42ms @ http://localhost:3000/_next/static/chunks/node_modules_next_dist_1e8vcs8._.js:776
[  191078ms] [LOG] [Fast Refresh] done in 42ms @ http://localhost:3000/_next/static/chunks/node_modules_next_dist_1e8vcs8._.js:776
[  191120ms] [LOG] [Fast Refresh] done in 42ms @ http://localhost:3000/_next/static/chunks/node_modules_next_dist_1e8vcs8._.js:776
[  191172ms] [LOG] [Fast Refresh] done in 42ms @ http://localhost:3000/_next/static/chunks/node_modules_next_dist_1e8vcs8._.js:776
[  191225ms] [LOG] [Fast Refresh] done in 42ms @ http://localhost:3000/_next/static/chunks/node_modules_next_dist_1e8vcs8._.js:776
[  191276ms] [LOG] [Fast Refresh] done in 42ms @ http://localhost:3000/_next/static/chunks/node_modules_next_dist_1e8vcs8._.js:776
[  191323ms] [LOG] [Fast Refresh] done in 42ms @ http://localhost:3000/_next/static/chunks/node_modules_next_dist_1e8vcs8._.js:776
[  191373ms] [LOG] [Fast Refresh] done in 42ms @ http://localhost:3000/_next/static/chunks/node_modules_next_dist_1e8vcs8._.js:776
[  191422ms] [LOG] [Fast Refresh] done in 42ms @ http://localhost:3000/_next/static/chunks/node_modules_next_dist_1e8vcs8._.js:776
[  191473ms] [LOG] [Fast Refresh] done in 42ms @ http://localhost:3000/_next/static/chunks/node_modules_next_dist_1e8vcs8._.js:776
[  191541ms] [LOG] [Fast Refresh] done in 42ms @ http://localhost:3000/_next/static/chunks/node_modules_next_dist_1e8vcs8._.js:776
[  191591ms] [LOG] [Fast Refresh] done in 42ms @ http://localhost:3000/_next/static/chunks/node_modules_next_dist_1e8vcs8._.js:776
[  191641ms] [LOG] [Fast Refresh] done in 42ms @ http://localhost:3000/_next/static/chunks/node_modules_next_dist_1e8vcs8._.js:776
[  191691ms] [LOG] [Fast Refresh] done in 42ms @ http://localhost:3000/_next/static/chunks/node_modules_next_dist_1e8vcs8._.js:776
[  191741ms] [LOG] [Fast Refresh] done in 42ms @ http://localhost:3000/_next/static/chunks/node_modules_next_dist_1e8vcs8._.js:776
[  191811ms] [LOG] [Fast Refresh] done in 42ms @ http://localhost:3000/_next/static/chunks/node_modules_next_dist_1e8vcs8._.js:776
[  191855ms] [LOG] [Fast Refresh] done in 42ms @ http://localhost:3000/_next/static/chunks/node_modules_next_dist_1e8vcs8._.js:776
[  191905ms] [LOG] [Fast Refresh] done in 42ms @ http://localhost:3000/_next/static/chunks/node_modules_next_dist_1e8vcs8._.js:776
[  191972ms] [LOG] [Fast Refresh] done in 42ms @ http://localhost:3000/_next/static/chunks/node_modules_next_dist_1e8vcs8._.js:776
[  192023ms] [LOG] [Fast Refresh] done in 42ms @ http://localhost:3000/_next/static/chunks/node_modules_next_dist_1e8vcs8._.js:776
[  192072ms] [LOG] [Fast Refresh] done in 42ms @ http://localhost:3000/_next/static/chunks/node_modules_next_dist_1e8vcs8._.js:776
[  192123ms] [LOG] [Fast Refresh] done in 42ms @ http://localhost:3000/_next/static/chunks/node_modules_next_dist_1e8vcs8._.js:776
[  192174ms] [LOG] [Fast Refresh] done in 42ms @ http://localhost:3000/_next/static/chunks/node_modules_next_dist_1e8vcs8._.js:776
[  192224ms] [LOG] [Fast Refresh] done in 42ms @ http://localhost:3000/_next/static/chunks/node_modules_next_dist_1e8vcs8._.js:776
[  192272ms] [LOG] [Fast Refresh] done in 42ms @ http://localhost:3000/_next/static/chunks/node_modules_next_dist_1e8vcs8._.js:776
[  192336ms] [LOG] [Fast Refresh] done in 42ms @ http://localhost:3000/_next/static/chunks/node_modules_next_dist_1e8vcs8._.js:776
[  192383ms] [LOG] [Fast Refresh] done in 42ms @ http://localhost:3000/_next/static/chunks/node_modules_next_dist_1e8vcs8._.js:776
[  192439ms] [LOG] [Fast Refresh] done in 42ms @ http://localhost:3000/_next/static/chunks/node_modules_next_dist_1e8vcs8._.js:776
[  192489ms] [LOG] [Fast Refresh] done in 42ms @ http://localhost:3000/_next/static/chunks/node_modules_next_dist_1e8vcs8._.js:776
[  192539ms] [LOG] [Fast Refresh] done in 42ms @ http://localhost:3000/_next/static/chunks/node_modules_next_dist_1e8vcs8._.js:776
[  192588ms] [LOG] [Fast Refresh] done in 42ms @ http://localhost:3000/_next/static/chunks/node_modules_next_dist_1e8vcs8._.js:776
[  192638ms] [LOG] [Fast Refresh] done in 42ms @ http://localhost:3000/_next/static/chunks/node_modules_next_dist_1e8vcs8._.js:776
[  192707ms] [LOG] [Fast Refresh] done in 42ms @ http://localhost:3000/_next/static/chunks/node_modules_next_dist_1e8vcs8._.js:776
[  192758ms] [LOG] [Fast Refresh] done in 42ms @ http://localhost:3000/_next/static/chunks/node_modules_next_dist_1e8vcs8._.js:776
[  192806ms] [LOG] [Fast Refresh] done in 42ms @ http://localhost:3000/_next/static/chunks/node_modules_next_dist_1e8vcs8._.js:776
[  192857ms] [LOG] [Fast Refresh] done in 42ms @ http://localhost:3000/_next/static/chunks/node_modules_next_dist_1e8vcs8._.js:776
[  192923ms] [LOG] [Fast Refresh] done in 42ms @ http://localhost:3000/_next/static/chunks/node_modules_next_dist_1e8vcs8._.js:776
[  192973ms] [LOG] [Fast Refresh] done in 42ms @ http://localhost:3000/_next/static/chunks/node_modules_next_dist_1e8vcs8._.js:776
[  193029ms] [LOG] [Fast Refresh] done in 42ms @ http://localhost:3000/_next/static/chunks/node_modules_next_dist_1e8vcs8._.js:776
[  193089ms] [LOG] [Fast Refresh] done in 42ms @ http://localhost:3000/_next/static/chunks/node_modules_next_dist_1e8vcs8._.js:776
[  193139ms] [LOG] [Fast Refresh] done in 42ms @ http://localhost:3000/_next/static/chunks/node_modules_next_dist_1e8vcs8._.js:776
[  193189ms] [LOG] [Fast Refresh] done in 42ms @ http://localhost:3000/_next/static/chunks/node_modules_next_dist_1e8vcs8._.js:776
[  193237ms] [LOG] [Fast Refresh] done in 42ms @ http://localhost:3000/_next/static/chunks/node_modules_next_dist_1e8vcs8._.js:776
[  193274ms] [LOG] [Fast Refresh] done in 42ms @ http://localhost:3000/_next/static/chunks/node_modules_next_dist_1e8vcs8._.js:776
[  193323ms] [LOG] [Fast Refresh] done in 42ms @ http://localhost:3000/_next/static/chunks/node_modules_next_dist_1e8vcs8._.js:776
[  193373ms] [LOG] [Fast Refresh] done in 42ms @ http://localhost:3000/_next/static/chunks/node_modules_next_dist_1e8vcs8._.js:776
[  193424ms] [LOG] [Fast Refresh] done in 42ms @ http://localhost:3000/_next/static/chunks/node_modules_next_dist_1e8vcs8._.js:776
[  193476ms] [LOG] [Fast Refresh] done in 42ms @ http://localhost:3000/_next/static/chunks/node_modules_next_dist_1e8vcs8._.js:776
[  193521ms] [LOG] [Fast Refresh] done in 42ms @ http://localhost:3000/_next/static/chunks/node_modules_next_dist_1e8vcs8._.js:776
[  193574ms] [LOG] [Fast Refresh] done in 42ms @ http://localhost:3000/_next/static/chunks/node_modules_next_dist_1e8vcs8._.js:776
[  193624ms] [LOG] [Fast Refresh] done in 42ms @ http://localhost:3000/_next/static/chunks/node_modules_next_dist_1e8vcs8._.js:776
[  193674ms] [LOG] [Fast Refresh] done in 42ms @ http://localhost:3000/_next/static/chunks/node_modules_next_dist_1e8vcs8._.js:776
[  193738ms] [LOG] [Fast Refresh] done in 42ms @ http://localhost:3000/_next/static/chunks/node_modules_next_dist_1e8vcs8._.js:776
[  193790ms] [LOG] [Fast Refresh] done in 42ms @ http://localhost:3000/_next/static/chunks/node_modules_next_dist_1e8vcs8._.js:776
[  193854ms] [LOG] [Fast Refresh] done in 42ms @ http://localhost:3000/_next/static/chunks/node_modules_next_dist_1e8vcs8._.js:776
[  193916ms] [LOG] [Fast Refresh] done in 42ms @ http://localhost:3000/_next/static/chunks/node_modules_next_dist_1e8vcs8._.js:776
[  193960ms] [LOG] [Fast Refresh] done in 42ms @ http://localhost:3000/_next/static/chunks/node_modules_next_dist_1e8vcs8._.js:776
[  194008ms] [LOG] [Fast Refresh] done in 42ms @ http://localhost:3000/_next/static/chunks/node_modules_next_dist_1e8vcs8._.js:776
[  194057ms] [LOG] [Fast Refresh] done in 42ms @ http://localhost:3000/_next/static/chunks/node_modules_next_dist_1e8vcs8._.js:776
[  194107ms] [LOG] [Fast Refresh] done in 42ms @ http://localhost:3000/_next/static/chunks/node_modules_next_dist_1e8vcs8._.js:776
[  194157ms] [LOG] [Fast Refresh] done in 42ms @ http://localhost:3000/_next/static/chunks/node_modules_next_dist_1e8vcs8._.js:776
[  194206ms] [LOG] [Fast Refresh] done in 42ms @ http://localhost:3000/_next/static/chunks/node_modules_next_dist_1e8vcs8._.js:776
[  194257ms] [LOG] [Fast Refresh] done in 42ms @ http://localhost:3000/_next/static/chunks/node_modules_next_dist_1e8vcs8._.js:776
[  194306ms] [LOG] [Fast Refresh] done in 42ms @ http://localhost:3000/_next/static/chunks/node_modules_next_dist_1e8vcs8._.js:776
[  194358ms] [LOG] [Fast Refresh] done in 42ms @ http://localhost:3000/_next/static/chunks/node_modules_next_dist_1e8vcs8._.js:776
[  194413ms] [LOG] [Fast Refresh] done in 42ms @ http://localhost:3000/_next/static/chunks/node_modules_next_dist_1e8vcs8._.js:776
[  194474ms] [LOG] [Fast Refresh] done in 42ms @ http://localhost:3000/_next/static/chunks/node_modules_next_dist_1e8vcs8._.js:776
[  194524ms] [LOG] [Fast Refresh] done in 42ms @ http://localhost:3000/_next/static/chunks/node_modules_next_dist_1e8vcs8._.js:776
[  194573ms] [LOG] [Fast Refresh] done in 42ms @ http://localhost:3000/_next/static/chunks/node_modules_next_dist_1e8vcs8._.js:776
[  194625ms] [LOG] [Fast Refresh] done in 42ms @ http://localhost:3000/_next/static/chunks/node_modules_next_dist_1e8vcs8._.js:776
[  194676ms] [LOG] [Fast Refresh] done in 42ms @ http://localhost:3000/_next/static/chunks/node_modules_next_dist_1e8vcs8._.js:776
[  194740ms] [LOG] [Fast Refresh] done in 42ms @ http://localhost:3000/_next/static/chunks/node_modules_next_dist_1e8vcs8._.js:776
[  194788ms] [LOG] [Fast Refresh] done in 42ms @ http://localhost:3000/_next/static/chunks/node_modules_next_dist_1e8vcs8._.js:776
[  194840ms] [LOG] [Fast Refresh] done in 42ms @ http://localhost:3000/_next/static/chunks/node_modules_next_dist_1e8vcs8._.js:776
[  194891ms] [LOG] [Fast Refresh] done in 42ms @ http://localhost:3000/_next/static/chunks/node_modules_next_dist_1e8vcs8._.js:776
[  194943ms] [LOG] [Fast Refresh] done in 42ms @ http://localhost:3000/_next/static/chunks/node_modules_next_dist_1e8vcs8._.js:776
[  194991ms] [LOG] [Fast Refresh] done in 42ms @ http://localhost:3000/_next/static/chunks/node_modules_next_dist_1e8vcs8._.js:776
[  195040ms] [LOG] [Fast Refresh] done in 42ms @ http://localhost:3000/_next/static/chunks/node_modules_next_dist_1e8vcs8._.js:776
[  195078ms] [LOG] [Fast Refresh] done in 42ms @ http://localhost:3000/_next/static/chunks/node_modules_next_dist_1e8vcs8._.js:776
[  195131ms] [LOG] [Fast Refresh] done in 42ms @ http://localhost:3000/_next/static/chunks/node_modules_next_dist_1e8vcs8._.js:776
[  195177ms] [LOG] [Fast Refresh] done in 42ms @ http://localhost:3000/_next/static/chunks/node_modules_next_dist_1e8vcs8._.js:776
[  195223ms] [LOG] [Fast Refresh] done in 42ms @ http://localhost:3000/_next/static/chunks/node_modules_next_dist_1e8vcs8._.js:776
[  195274ms] [LOG] [Fast Refresh] done in 42ms @ http://localhost:3000/_next/static/chunks/node_modules_next_dist_1e8vcs8._.js:776
[  195323ms] [LOG] [Fast Refresh] done in 42ms @ http://localhost:3000/_next/static/chunks/node_modules_next_dist_1e8vcs8._.js:776
[  195379ms] [LOG] [Fast Refresh] done in 42ms @ http://localhost:3000/_next/static/chunks/node_modules_next_dist_1e8vcs8._.js:776
[  195442ms] [LOG] [Fast Refresh] done in 42ms @ http://localhost:3000/_next/static/chunks/node_modules_next_dist_1e8vcs8._.js:776
[  195489ms] [LOG] [Fast Refresh] done in 42ms @ http://localhost:3000/_next/static/chunks/node_modules_next_dist_1e8vcs8._.js:776
[  195544ms] [LOG] [Fast Refresh] done in 42ms @ http://localhost:3000/_next/static/chunks/node_modules_next_dist_1e8vcs8._.js:776
[  195606ms] [LOG] [Fast Refresh] done in 42ms @ http://localhost:3000/_next/static/chunks/node_modules_next_dist_1e8vcs8._.js:776
[  195658ms] [LOG] [Fast Refresh] done in 42ms @ http://localhost:3000/_next/static/chunks/node_modules_next_dist_1e8vcs8._.js:776
[  195724ms] [LOG] [Fast Refresh] done in 42ms @ http://localhost:3000/_next/static/chunks/node_modules_next_dist_1e8vcs8._.js:776
[  195774ms] [LOG] [Fast Refresh] done in 42ms @ http://localhost:3000/_next/static/chunks/node_modules_next_dist_1e8vcs8._.js:776
[  195824ms] [LOG] [Fast Refresh] done in 42ms @ http://localhost:3000/_next/static/chunks/node_modules_next_dist_1e8vcs8._.js:776
[  195887ms] [LOG] [Fast Refresh] done in 42ms @ http://localhost:3000/_next/static/chunks/node_modules_next_dist_1e8vcs8._.js:776
[  195935ms] [LOG] [Fast Refresh] done in 42ms @ http://localhost:3000/_next/static/chunks/node_modules_next_dist_1e8vcs8._.js:776
[  195990ms] [LOG] [Fast Refresh] done in 42ms @ http://localhost:3000/_next/static/chunks/node_modules_next_dist_1e8vcs8._.js:776
[  196038ms] [LOG] [Fast Refresh] done in 42ms @ http://localhost:3000/_next/static/chunks/node_modules_next_dist_1e8vcs8._.js:776
[  196086ms] [LOG] [Fast Refresh] done in 42ms @ http://localhost:3000/_next/static/chunks/node_modules_next_dist_1e8vcs8._.js:776
[  196145ms] [LOG] [Fast Refresh] done in 42ms @ http://localhost:3000/_next/static/chunks/node_modules_next_dist_1e8vcs8._.js:776
[  196191ms] [LOG] [Fast Refresh] done in 42ms @ http://localhost:3000/_next/static/chunks/node_modules_next_dist_1e8vcs8._.js:776
[  196240ms] [LOG] [Fast Refresh] done in 42ms @ http://localhost:3000/_next/static/chunks/node_modules_next_dist_1e8vcs8._.js:776
[  196289ms] [LOG] [Fast Refresh] done in 42ms @ http://localhost:3000/_next/static/chunks/node_modules_next_dist_1e8vcs8._.js:776
[  196341ms] [LOG] [Fast Refresh] done in 42ms @ http://localhost:3000/_next/static/chunks/node_modules_next_dist_1e8vcs8._.js:776
[  196387ms] [LOG] [Fast Refresh] done in 42ms @ http://localhost:3000/_next/static/chunks/node_modules_next_dist_1e8vcs8._.js:776
[  196425ms] [LOG] [Fast Refresh] done in 42ms @ http://localhost:3000/_next/static/chunks/node_modules_next_dist_1e8vcs8._.js:776
[  196471ms] [LOG] [Fast Refresh] done in 42ms @ http://localhost:3000/_next/static/chunks/node_modules_next_dist_1e8vcs8._.js:776
[  196524ms] [LOG] [Fast Refresh] done in 42ms @ http://localhost:3000/_next/static/chunks/node_modules_next_dist_1e8vcs8._.js:776
[  196576ms] [LOG] [Fast Refresh] done in 42ms @ http://localhost:3000/_next/static/chunks/node_modules_next_dist_1e8vcs8._.js:776
[  196753ms] [LOG] [Fast Refresh] rebuilding @ http://localhost:3000/_next/static/chunks/node_modules_next_dist_1e8vcs8._.js:776
[  196862ms] [LOG] [Fast Refresh] done in 50ms @ http://localhost:3000/_next/static/chunks/node_modules_next_dist_1e8vcs8._.js:776
[  196910ms] [LOG] [Fast Refresh] done in 50ms @ http://localhost:3000/_next/static/chunks/node_modules_next_dist_1e8vcs8._.js:776
[  196971ms] [LOG] [Fast Refresh] done in 50ms @ http://localhost:3000/_next/static/chunks/node_modules_next_dist_1e8vcs8._.js:776
[  197049ms] [LOG] [Fast Refresh] done in 50ms @ http://localhost:3000/_next/static/chunks/node_modules_next_dist_1e8vcs8._.js:776
[  197104ms] [LOG] [Fast Refresh] done in 50ms @ http://localhost:3000/_next/static/chunks/node_modules_next_dist_1e8vcs8._.js:776
[  197156ms] [LOG] [Fast Refresh] done in 50ms @ http://localhost:3000/_next/static/chunks/node_modules_next_dist_1e8vcs8._.js:776
[  197207ms] [LOG] [Fast Refresh] done in 50ms @ http://localhost:3000/_next/static/chunks/node_modules_next_dist_1e8vcs8._.js:776
[  197256ms] [LOG] [Fast Refresh] done in 50ms @ http://localhost:3000/_next/static/chunks/node_modules_next_dist_1e8vcs8._.js:776
[  197305ms] [LOG] [Fast Refresh] done in 50ms @ http://localhost:3000/_next/static/chunks/node_modules_next_dist_1e8vcs8._.js:776
[  197356ms] [LOG] [Fast Refresh] done in 50ms @ http://localhost:3000/_next/static/chunks/node_modules_next_dist_1e8vcs8._.js:776
[  197396ms] [LOG] [Fast Refresh] done in 50ms @ http://localhost:3000/_next/static/chunks/node_modules_next_dist_1e8vcs8._.js:776
[  197441ms] [LOG] [Fast Refresh] done in 50ms @ http://localhost:3000/_next/static/chunks/node_modules_next_dist_1e8vcs8._.js:776
[  197477ms] [LOG] [Fast Refresh] done in 50ms @ http://localhost:3000/_next/static/chunks/node_modules_next_dist_1e8vcs8._.js:776
[  197513ms] [LOG] [Fast Refresh] done in 50ms @ http://localhost:3000/_next/static/chunks/node_modules_next_dist_1e8vcs8._.js:776
[  197552ms] [LOG] [Fast Refresh] done in 50ms @ http://localhost:3000/_next/static/chunks/node_modules_next_dist_1e8vcs8._.js:776
[  197607ms] [LOG] [Fast Refresh] done in 50ms @ http://localhost:3000/_next/static/chunks/node_modules_next_dist_1e8vcs8._.js:776
[  197660ms] [LOG] [Fast Refresh] done in 50ms @ http://localhost:3000/_next/static/chunks/node_modules_next_dist_1e8vcs8._.js:776
[  197709ms] [LOG] [Fast Refresh] done in 50ms @ http://localhost:3000/_next/static/chunks/node_modules_next_dist_1e8vcs8._.js:776
[  197745ms] [LOG] [Fast Refresh] done in 50ms @ http://localhost:3000/_next/static/chunks/node_modules_next_dist_1e8vcs8._.js:776
[  197793ms] [LOG] [Fast Refresh] done in 50ms @ http://localhost:3000/_next/static/chunks/node_modules_next_dist_1e8vcs8._.js:776
[  197888ms] [LOG] [Fast Refresh] rebuilding @ http://localhost:3000/_next/static/chunks/node_modules_next_dist_1e8vcs8._.js:776
[  197939ms] [LOG] [Fast Refresh] done in 5ms @ http://localhost:3000/_next/static/chunks/node_modules_next_dist_1e8vcs8._.js:776
[  197987ms] [LOG] [Fast Refresh] done in 5ms @ http://localhost:3000/_next/static/chunks/node_modules_next_dist_1e8vcs8._.js:776
[  198038ms] [LOG] [Fast Refresh] done in 5ms @ http://localhost:3000/_next/static/chunks/node_modules_next_dist_1e8vcs8._.js:776
[  198099ms] [LOG] [Fast Refresh] done in 5ms @ http://localhost:3000/_next/static/chunks/node_modules_next_dist_1e8vcs8._.js:776
[  198154ms] [LOG] [Fast Refresh] done in 5ms @ http://localhost:3000/_next/static/chunks/node_modules_next_dist_1e8vcs8._.js:776
[  198207ms] [LOG] [Fast Refresh] done in 5ms @ http://localhost:3000/_next/static/chunks/node_modules_next_dist_1e8vcs8._.js:776
[  198267ms] [LOG] [Fast Refresh] done in 5ms @ http://localhost:3000/_next/static/chunks/node_modules_next_dist_1e8vcs8._.js:776
[  198331ms] [LOG] [Fast Refresh] done in 5ms @ http://localhost:3000/_next/static/chunks/node_modules_next_dist_1e8vcs8._.js:776
[  198389ms] [LOG] [Fast Refresh] done in 5ms @ http://localhost:3000/_next/static/chunks/node_modules_next_dist_1e8vcs8._.js:776
[  198441ms] [LOG] [Fast Refresh] done in 5ms @ http://localhost:3000/_next/static/chunks/node_modules_next_dist_1e8vcs8._.js:776
[  198490ms] [LOG] [Fast Refresh] done in 5ms @ http://localhost:3000/_next/static/chunks/node_modules_next_dist_1e8vcs8._.js:776
[  198546ms] [LOG] [Fast Refresh] done in 5ms @ http://localhost:3000/_next/static/chunks/node_modules_next_dist_1e8vcs8._.js:776
[  198607ms] [LOG] [Fast Refresh] done in 5ms @ http://localhost:3000/_next/static/chunks/node_modules_next_dist_1e8vcs8._.js:776
[  198660ms] [LOG] [Fast Refresh] done in 5ms @ http://localhost:3000/_next/static/chunks/node_modules_next_dist_1e8vcs8._.js:776
[  198821ms] [LOG] [Fast Refresh] rebuilding @ http://localhost:3000/_next/static/chunks/node_modules_next_dist_1e8vcs8._.js:776
[  198926ms] [LOG] [Fast Refresh] done in 19ms @ http://localhost:3000/_next/static/chunks/node_modules_next_dist_1e8vcs8._.js:776
[  198988ms] [LOG] [Fast Refresh] done in 19ms @ http://localhost:3000/_next/static/chunks/node_modules_next_dist_1e8vcs8._.js:776
[  199051ms] [LOG] [Fast Refresh] done in 19ms @ http://localhost:3000/_next/static/chunks/node_modules_next_dist_1e8vcs8._.js:776
[  199107ms] [LOG] [Fast Refresh] done in 19ms @ http://localhost:3000/_next/static/chunks/node_modules_next_dist_1e8vcs8._.js:776
[  199161ms] [LOG] [Fast Refresh] done in 19ms @ http://localhost:3000/_next/static/chunks/node_modules_next_dist_1e8vcs8._.js:776
[  199210ms] [LOG] [Fast Refresh] done in 19ms @ http://localhost:3000/_next/static/chunks/node_modules_next_dist_1e8vcs8._.js:776
[  199257ms] [LOG] [Fast Refresh] done in 19ms @ http://localhost:3000/_next/static/chunks/node_modules_next_dist_1e8vcs8._.js:776
[  199307ms] [LOG] [Fast Refresh] done in 19ms @ http://localhost:3000/_next/static/chunks/node_modules_next_dist_1e8vcs8._.js:776
[  199373ms] [LOG] [Fast Refresh] done in 19ms @ http://localhost:3000/_next/static/chunks/node_modules_next_dist_1e8vcs8._.js:776
[  199437ms] [LOG] [Fast Refresh] done in 19ms @ http://localhost:3000/_next/static/chunks/node_modules_next_dist_1e8vcs8._.js:776
[  199493ms] [LOG] [Fast Refresh] done in 19ms @ http://localhost:3000/_next/static/chunks/node_modules_next_dist_1e8vcs8._.js:776
[  199543ms] [LOG] [Fast Refresh] done in 19ms @ http://localhost:3000/_next/static/chunks/node_modules_next_dist_1e8vcs8._.js:776
[  199589ms] [LOG] [Fast Refresh] done in 19ms @ http://localhost:3000/_next/static/chunks/node_modules_next_dist_1e8vcs8._.js:776
[  199644ms] [LOG] [Fast Refresh] done in 19ms @ http://localhost:3000/_next/static/chunks/node_modules_next_dist_1e8vcs8._.js:776
[  199693ms] [LOG] [Fast Refresh] done in 19ms @ http://localhost:3000/_next/static/chunks/node_modules_next_dist_1e8vcs8._.js:776
[  199740ms] [LOG] [Fast Refresh] done in 19ms @ http://localhost:3000/_next/static/chunks/node_modules_next_dist_1e8vcs8._.js:776
[  199785ms] [LOG] [Fast Refresh] done in 19ms @ http://localhost:3000/_next/static/chunks/node_modules_next_dist_1e8vcs8._.js:776
[  199839ms] [LOG] [Fast Refresh] done in 19ms @ http://localhost:3000/_next/static/chunks/node_modules_next_dist_1e8vcs8._.js:776
[  199889ms] [LOG] [Fast Refresh] done in 19ms @ http://localhost:3000/_next/static/chunks/node_modules_next_dist_1e8vcs8._.js:776
[  199935ms] [LOG] [Fast Refresh] done in 19ms @ http://localhost:3000/_next/static/chunks/node_modules_next_dist_1e8vcs8._.js:776
[  199991ms] [LOG] [Fast Refresh] done in 19ms @ http://localhost:3000/_next/static/chunks/node_modules_next_dist_1e8vcs8._.js:776
[  200039ms] [LOG] [Fast Refresh] done in 19ms @ http://localhost:3000/_next/static/chunks/node_modules_next_dist_1e8vcs8._.js:776
[  200093ms] [LOG] [Fast Refresh] done in 19ms @ http://localhost:3000/_next/static/chunks/node_modules_next_dist_1e8vcs8._.js:776
[  200142ms] [LOG] [Fast Refresh] done in 19ms @ http://localhost:3000/_next/static/chunks/node_modules_next_dist_1e8vcs8._.js:776
[  200191ms] [LOG] [Fast Refresh] done in 19ms @ http://localhost:3000/_next/static/chunks/node_modules_next_dist_1e8vcs8._.js:776
