[     183ms] [INFO] %cDownload the React DevTools for a better development experience: https://react.dev/link/react-devtools font-weight:bold @ http://localhost:3000/_next/static/chunks/node_modules_next_dist_1e8vcs8._.js:776
[     210ms] [LOG] [HMR] connected @ http://localhost:3000/_next/static/chunks/node_modules_next_dist_1e8vcs8._.js:776
[     415ms] [LOG] [Fast Refresh] rebuilding @ http://localhost:3000/_next/static/chunks/node_modules_next_dist_1e8vcs8._.js:776
[     446ms] [WARNING] Clerk: Clerk has been loaded with development keys. Development instances have strict usage limits and should not be used when deploying your application to production. Learn more: https://clerk.com/docs/deployments/overview @ http://localhost:3000/_next/static/chunks/node_modules_next_dist_1e8vcs8._.js:776
[     508ms] [LOG] [Fast Refresh] done in 199ms @ http://localhost:3000/_next/static/chunks/node_modules_next_dist_1e8vcs8._.js:776
[  332464ms] [LOG] [Fast Refresh] rebuilding @ http://localhost:3000/_next/static/chunks/node_modules_next_dist_1e8vcs8._.js:776
[  333121ms] [LOG] [Fast Refresh] done in 766ms @ http://localhost:3000/_next/static/chunks/node_modules_next_dist_1e8vcs8._.js:776
[  888378ms] [LOG] [Fast Refresh] rebuilding @ http://localhost:3000/_next/static/chunks/node_modules_next_dist_1e8vcs8._.js:776
[  888923ms] [LOG] [Fast Refresh] done in 532ms @ http://localhost:3000/_next/static/chunks/node_modules_next_dist_1e8vcs8._.js:776
[  888981ms] [LOG] [Fast Refresh] done in 532ms @ http://localhost:3000/_next/static/chunks/node_modules_next_dist_1e8vcs8._.js:776
[  889058ms] [LOG] [Fast Refresh] done in 532ms @ http://localhost:3000/_next/static/chunks/node_modules_next_dist_1e8vcs8._.js:776
[  889160ms] [LOG] [Fast Refresh] done in 532ms @ http://localhost:3000/_next/static/chunks/node_modules_next_dist_1e8vcs8._.js:776
[  889228ms] [LOG] [Fast Refresh] done in 532ms @ http://localhost:3000/_next/static/chunks/node_modules_next_dist_1e8vcs8._.js:776
[  889313ms] [LOG] [Fast Refresh] done in 532ms @ http://localhost:3000/_next/static/chunks/node_modules_next_dist_1e8vcs8._.js:776
[  889367ms] [LOG] [Fast Refresh] done in 532ms @ http://localhost:3000/_next/static/chunks/node_modules_next_dist_1e8vcs8._.js:776
[  889428ms] [LOG] [Fast Refresh] done in 532ms @ http://localhost:3000/_next/static/chunks/node_modules_next_dist_1e8vcs8._.js:776
[  889490ms] [LOG] [Fast Refresh] done in 532ms @ http://localhost:3000/_next/static/chunks/node_modules_next_dist_1e8vcs8._.js:776
[  889554ms] [LOG] [Fast Refresh] done in 532ms @ http://localhost:3000/_next/static/chunks/node_modules_next_dist_1e8vcs8._.js:776
[  889618ms] [LOG] [Fast Refresh] done in 532ms @ http://localhost:3000/_next/static/chunks/node_modules_next_dist_1e8vcs8._.js:776
[  889681ms] [LOG] [Fast Refresh] done in 532ms @ http://localhost:3000/_next/static/chunks/node_modules_next_dist_1e8vcs8._.js:776
[  889741ms] [LOG] [Fast Refresh] done in 532ms @ http://localhost:3000/_next/static/chunks/node_modules_next_dist_1e8vcs8._.js:776
[  889802ms] [LOG] [Fast Refresh] done in 532ms @ http://localhost:3000/_next/static/chunks/node_modules_next_dist_1e8vcs8._.js:776
[  889863ms] [LOG] [Fast Refresh] done in 532ms @ http://localhost:3000/_next/static/chunks/node_modules_next_dist_1e8vcs8._.js:776
[  889924ms] [LOG] [Fast Refresh] done in 532ms @ http://localhost:3000/_next/static/chunks/node_modules_next_dist_1e8vcs8._.js:776
[  889986ms] [LOG] [Fast Refresh] done in 532ms @ http://localhost:3000/_next/static/chunks/node_modules_next_dist_1e8vcs8._.js:776
[  890047ms] [LOG] [Fast Refresh] done in 532ms @ http://localhost:3000/_next/static/chunks/node_modules_next_dist_1e8vcs8._.js:776
[  890113ms] [LOG] [Fast Refresh] done in 532ms @ http://localhost:3000/_next/static/chunks/node_modules_next_dist_1e8vcs8._.js:776
[  890168ms] [LOG] [Fast Refresh] done in 532ms @ http://localhost:3000/_next/static/chunks/node_modules_next_dist_1e8vcs8._.js:776
[  890233ms] [LOG] [Fast Refresh] done in 532ms @ http://localhost:3000/_next/static/chunks/node_modules_next_dist_1e8vcs8._.js:776
[  890293ms] [LOG] [Fast Refresh] done in 532ms @ http://localhost:3000/_next/static/chunks/node_modules_next_dist_1e8vcs8._.js:776
[  890362ms] [LOG] [Fast Refresh] done in 532ms @ http://localhost:3000/_next/static/chunks/node_modules_next_dist_1e8vcs8._.js:776
[  890432ms] [LOG] [Fast Refresh] done in 532ms @ http://localhost:3000/_next/static/chunks/node_modules_next_dist_1e8vcs8._.js:776
[  890494ms] [LOG] [Fast Refresh] done in 532ms @ http://localhost:3000/_next/static/chunks/node_modules_next_dist_1e8vcs8._.js:776
[  890556ms] [LOG] [Fast Refresh] done in 532ms @ http://localhost:3000/_next/static/chunks/node_modules_next_dist_1e8vcs8._.js:776
[  890621ms] [LOG] [Fast Refresh] done in 532ms @ http://localhost:3000/_next/static/chunks/node_modules_next_dist_1e8vcs8._.js:776
[  890687ms] [LOG] [Fast Refresh] done in 532ms @ http://localhost:3000/_next/static/chunks/node_modules_next_dist_1e8vcs8._.js:776
[  890775ms] [LOG] [Fast Refresh] done in 532ms @ http://localhost:3000/_next/static/chunks/node_modules_next_dist_1e8vcs8._.js:776
[  890868ms] [LOG] [Fast Refresh] done in 532ms @ http://localhost:3000/_next/static/chunks/node_modules_next_dist_1e8vcs8._.js:776
[  890953ms] [LOG] [Fast Refresh] done in 532ms @ http://localhost:3000/_next/static/chunks/node_modules_next_dist_1e8vcs8._.js:776
[  891028ms] [LOG] [Fast Refresh] done in 532ms @ http://localhost:3000/_next/static/chunks/node_modules_next_dist_1e8vcs8._.js:776
[  891113ms] [LOG] [Fast Refresh] done in 532ms @ http://localhost:3000/_next/static/chunks/node_modules_next_dist_1e8vcs8._.js:776
[  891188ms] [LOG] [Fast Refresh] done in 532ms @ http://localhost:3000/_next/static/chunks/node_modules_next_dist_1e8vcs8._.js:776
[  891242ms] [LOG] [Fast Refresh] done in 532ms @ http://localhost:3000/_next/static/chunks/node_modules_next_dist_1e8vcs8._.js:776
[  891308ms] [LOG] [Fast Refresh] done in 532ms @ http://localhost:3000/_next/static/chunks/node_modules_next_dist_1e8vcs8._.js:776
[  891368ms] [LOG] [Fast Refresh] done in 532ms @ http://localhost:3000/_next/static/chunks/node_modules_next_dist_1e8vcs8._.js:776
[  891431ms] [LOG] [Fast Refresh] done in 532ms @ http://localhost:3000/_next/static/chunks/node_modules_next_dist_1e8vcs8._.js:776
[  891493ms] [LOG] [Fast Refresh] done in 532ms @ http://localhost:3000/_next/static/chunks/node_modules_next_dist_1e8vcs8._.js:776
[  891557ms] [LOG] [Fast Refresh] done in 532ms @ http://localhost:3000/_next/static/chunks/node_modules_next_dist_1e8vcs8._.js:776
[  891622ms] [LOG] [Fast Refresh] done in 532ms @ http://localhost:3000/_next/static/chunks/node_modules_next_dist_1e8vcs8._.js:776
[  891680ms] [LOG] [Fast Refresh] done in 532ms @ http://localhost:3000/_next/static/chunks/node_modules_next_dist_1e8vcs8._.js:776
[  891743ms] [LOG] [Fast Refresh] done in 532ms @ http://localhost:3000/_next/static/chunks/node_modules_next_dist_1e8vcs8._.js:776
[  891805ms] [LOG] [Fast Refresh] done in 532ms @ http://localhost:3000/_next/static/chunks/node_modules_next_dist_1e8vcs8._.js:776
[  891868ms] [LOG] [Fast Refresh] done in 532ms @ http://localhost:3000/_next/static/chunks/node_modules_next_dist_1e8vcs8._.js:776
[  891932ms] [LOG] [Fast Refresh] done in 532ms @ http://localhost:3000/_next/static/chunks/node_modules_next_dist_1e8vcs8._.js:776
[  891994ms] [LOG] [Fast Refresh] done in 532ms @ http://localhost:3000/_next/static/chunks/node_modules_next_dist_1e8vcs8._.js:776
[  892057ms] [LOG] [Fast Refresh] done in 532ms @ http://localhost:3000/_next/static/chunks/node_modules_next_dist_1e8vcs8._.js:776
[  892122ms] [LOG] [Fast Refresh] done in 532ms @ http://localhost:3000/_next/static/chunks/node_modules_next_dist_1e8vcs8._.js:776
[  892182ms] [LOG] [Fast Refresh] done in 532ms @ http://localhost:3000/_next/static/chunks/node_modules_next_dist_1e8vcs8._.js:776
[  892265ms] [LOG] [Fast Refresh] done in 532ms @ http://localhost:3000/_next/static/chunks/node_modules_next_dist_1e8vcs8._.js:776
[  892323ms] [LOG] [Fast Refresh] done in 532ms @ http://localhost:3000/_next/static/chunks/node_modules_next_dist_1e8vcs8._.js:776
[  892445ms] [LOG] [Fast Refresh] done in 532ms @ http://localhost:3000/_next/static/chunks/node_modules_next_dist_1e8vcs8._.js:776
[  892528ms] [LOG] [Fast Refresh] done in 532ms @ http://localhost:3000/_next/static/chunks/node_modules_next_dist_1e8vcs8._.js:776
[  892594ms] [LOG] [Fast Refresh] done in 532ms @ http://localhost:3000/_next/static/chunks/node_modules_next_dist_1e8vcs8._.js:776
[  892657ms] [LOG] [Fast Refresh] done in 532ms @ http://localhost:3000/_next/static/chunks/node_modules_next_dist_1e8vcs8._.js:776
[  892731ms] [LOG] [Fast Refresh] done in 532ms @ http://localhost:3000/_next/static/chunks/node_modules_next_dist_1e8vcs8._.js:776
[  892793ms] [LOG] [Fast Refresh] done in 532ms @ http://localhost:3000/_next/static/chunks/node_modules_next_dist_1e8vcs8._.js:776
[  892858ms] [LOG] [Fast Refresh] done in 532ms @ http://localhost:3000/_next/static/chunks/node_modules_next_dist_1e8vcs8._.js:776
[  892951ms] [LOG] [Fast Refresh] done in 532ms @ http://localhost:3000/_next/static/chunks/node_modules_next_dist_1e8vcs8._.js:776
[  893014ms] [LOG] [Fast Refresh] done in 532ms @ http://localhost:3000/_next/static/chunks/node_modules_next_dist_1e8vcs8._.js:776
[  893087ms] [LOG] [Fast Refresh] done in 532ms @ http://localhost:3000/_next/static/chunks/node_modules_next_dist_1e8vcs8._.js:776
[  893157ms] [LOG] [Fast Refresh] done in 532ms @ http://localhost:3000/_next/static/chunks/node_modules_next_dist_1e8vcs8._.js:776
[  893231ms] [LOG] [Fast Refresh] done in 532ms @ http://localhost:3000/_next/static/chunks/node_modules_next_dist_1e8vcs8._.js:776
[  893295ms] [LOG] [Fast Refresh] done in 532ms @ http://localhost:3000/_next/static/chunks/node_modules_next_dist_1e8vcs8._.js:776
[  893372ms] [LOG] [Fast Refresh] done in 532ms @ http://localhost:3000/_next/static/chunks/node_modules_next_dist_1e8vcs8._.js:776
[  893436ms] [LOG] [Fast Refresh] done in 532ms @ http://localhost:3000/_next/static/chunks/node_modules_next_dist_1e8vcs8._.js:776
[  893498ms] [LOG] [Fast Refresh] done in 532ms @ http://localhost:3000/_next/static/chunks/node_modules_next_dist_1e8vcs8._.js:776
[  893563ms] [LOG] [Fast Refresh] done in 532ms @ http://localhost:3000/_next/static/chunks/node_modules_next_dist_1e8vcs8._.js:776
[  893626ms] [LOG] [Fast Refresh] done in 532ms @ http://localhost:3000/_next/static/chunks/node_modules_next_dist_1e8vcs8._.js:776
[  893704ms] [LOG] [Fast Refresh] done in 532ms @ http://localhost:3000/_next/static/chunks/node_modules_next_dist_1e8vcs8._.js:776
[  893766ms] [LOG] [Fast Refresh] done in 532ms @ http://localhost:3000/_next/static/chunks/node_modules_next_dist_1e8vcs8._.js:776
[  893844ms] [LOG] [Fast Refresh] done in 532ms @ http://localhost:3000/_next/static/chunks/node_modules_next_dist_1e8vcs8._.js:776
[  893908ms] [LOG] [Fast Refresh] done in 532ms @ http://localhost:3000/_next/static/chunks/node_modules_next_dist_1e8vcs8._.js:776
[  894001ms] [LOG] [Fast Refresh] done in 532ms @ http://localhost:3000/_next/static/chunks/node_modules_next_dist_1e8vcs8._.js:776
[  894078ms] [LOG] [Fast Refresh] done in 532ms @ http://localhost:3000/_next/static/chunks/node_modules_next_dist_1e8vcs8._.js:776
[  894188ms] [LOG] [Fast Refresh] done in 532ms @ http://localhost:3000/_next/static/chunks/node_modules_next_dist_1e8vcs8._.js:776
[  894265ms] [LOG] [Fast Refresh] done in 532ms @ http://localhost:3000/_next/static/chunks/node_modules_next_dist_1e8vcs8._.js:776
[  894329ms] [LOG] [Fast Refresh] done in 532ms @ http://localhost:3000/_next/static/chunks/node_modules_next_dist_1e8vcs8._.js:776
[  894406ms] [LOG] [Fast Refresh] done in 532ms @ http://localhost:3000/_next/static/chunks/node_modules_next_dist_1e8vcs8._.js:776
[  894468ms] [LOG] [Fast Refresh] done in 532ms @ http://localhost:3000/_next/static/chunks/node_modules_next_dist_1e8vcs8._.js:776
[  894531ms] [LOG] [Fast Refresh] done in 532ms @ http://localhost:3000/_next/static/chunks/node_modules_next_dist_1e8vcs8._.js:776
[  894592ms] [LOG] [Fast Refresh] done in 532ms @ http://localhost:3000/_next/static/chunks/node_modules_next_dist_1e8vcs8._.js:776
[  894654ms] [LOG] [Fast Refresh] done in 532ms @ http://localhost:3000/_next/static/chunks/node_modules_next_dist_1e8vcs8._.js:776
[  894716ms] [LOG] [Fast Refresh] done in 532ms @ http://localhost:3000/_next/static/chunks/node_modules_next_dist_1e8vcs8._.js:776
[  894778ms] [LOG] [Fast Refresh] done in 532ms @ http://localhost:3000/_next/static/chunks/node_modules_next_dist_1e8vcs8._.js:776
[  894840ms] [LOG] [Fast Refresh] done in 532ms @ http://localhost:3000/_next/static/chunks/node_modules_next_dist_1e8vcs8._.js:776
[  894903ms] [LOG] [Fast Refresh] done in 532ms @ http://localhost:3000/_next/static/chunks/node_modules_next_dist_1e8vcs8._.js:776
[  894965ms] [LOG] [Fast Refresh] done in 532ms @ http://localhost:3000/_next/static/chunks/node_modules_next_dist_1e8vcs8._.js:776
[  895026ms] [LOG] [Fast Refresh] done in 532ms @ http://localhost:3000/_next/static/chunks/node_modules_next_dist_1e8vcs8._.js:776
[  895090ms] [LOG] [Fast Refresh] done in 532ms @ http://localhost:3000/_next/static/chunks/node_modules_next_dist_1e8vcs8._.js:776
[  895152ms] [LOG] [Fast Refresh] done in 532ms @ http://localhost:3000/_next/static/chunks/node_modules_next_dist_1e8vcs8._.js:776
[  895214ms] [LOG] [Fast Refresh] done in 532ms @ http://localhost:3000/_next/static/chunks/node_modules_next_dist_1e8vcs8._.js:776
[  895276ms] [LOG] [Fast Refresh] done in 532ms @ http://localhost:3000/_next/static/chunks/node_modules_next_dist_1e8vcs8._.js:776
[  895339ms] [LOG] [Fast Refresh] done in 532ms @ http://localhost:3000/_next/static/chunks/node_modules_next_dist_1e8vcs8._.js:776
[  895401ms] [LOG] [Fast Refresh] done in 532ms @ http://localhost:3000/_next/static/chunks/node_modules_next_dist_1e8vcs8._.js:776
[  895463ms] [LOG] [Fast Refresh] done in 532ms @ http://localhost:3000/_next/static/chunks/node_modules_next_dist_1e8vcs8._.js:776
[  895526ms] [LOG] [Fast Refresh] done in 532ms @ http://localhost:3000/_next/static/chunks/node_modules_next_dist_1e8vcs8._.js:776
[  895588ms] [LOG] [Fast Refresh] done in 532ms @ http://localhost:3000/_next/static/chunks/node_modules_next_dist_1e8vcs8._.js:776
[  895652ms] [LOG] [Fast Refresh] done in 532ms @ http://localhost:3000/_next/static/chunks/node_modules_next_dist_1e8vcs8._.js:776
[  895716ms] [LOG] [Fast Refresh] done in 532ms @ http://localhost:3000/_next/static/chunks/node_modules_next_dist_1e8vcs8._.js:776
[  895780ms] [LOG] [Fast Refresh] done in 532ms @ http://localhost:3000/_next/static/chunks/node_modules_next_dist_1e8vcs8._.js:776
[  895842ms] [LOG] [Fast Refresh] done in 532ms @ http://localhost:3000/_next/static/chunks/node_modules_next_dist_1e8vcs8._.js:776
[  895904ms] [LOG] [Fast Refresh] done in 532ms @ http://localhost:3000/_next/static/chunks/node_modules_next_dist_1e8vcs8._.js:776
[  895965ms] [LOG] [Fast Refresh] done in 532ms @ http://localhost:3000/_next/static/chunks/node_modules_next_dist_1e8vcs8._.js:776
[  896026ms] [LOG] [Fast Refresh] done in 532ms @ http://localhost:3000/_next/static/chunks/node_modules_next_dist_1e8vcs8._.js:776
[  896088ms] [LOG] [Fast Refresh] done in 532ms @ http://localhost:3000/_next/static/chunks/node_modules_next_dist_1e8vcs8._.js:776
[  896151ms] [LOG] [Fast Refresh] done in 532ms @ http://localhost:3000/_next/static/chunks/node_modules_next_dist_1e8vcs8._.js:776
[  896213ms] [LOG] [Fast Refresh] done in 532ms @ http://localhost:3000/_next/static/chunks/node_modules_next_dist_1e8vcs8._.js:776
[  896276ms] [LOG] [Fast Refresh] done in 532ms @ http://localhost:3000/_next/static/chunks/node_modules_next_dist_1e8vcs8._.js:776
[  896339ms] [LOG] [Fast Refresh] done in 532ms @ http://localhost:3000/_next/static/chunks/node_modules_next_dist_1e8vcs8._.js:776
[  896401ms] [LOG] [Fast Refresh] done in 532ms @ http://localhost:3000/_next/static/chunks/node_modules_next_dist_1e8vcs8._.js:776
[  896463ms] [LOG] [Fast Refresh] done in 532ms @ http://localhost:3000/_next/static/chunks/node_modules_next_dist_1e8vcs8._.js:776
[  896524ms] [LOG] [Fast Refresh] done in 532ms @ http://localhost:3000/_next/static/chunks/node_modules_next_dist_1e8vcs8._.js:776
[  896587ms] [LOG] [Fast Refresh] done in 532ms @ http://localhost:3000/_next/static/chunks/node_modules_next_dist_1e8vcs8._.js:776
[  896649ms] [LOG] [Fast Refresh] done in 532ms @ http://localhost:3000/_next/static/chunks/node_modules_next_dist_1e8vcs8._.js:776
[  896712ms] [LOG] [Fast Refresh] done in 532ms @ http://localhost:3000/_next/static/chunks/node_modules_next_dist_1e8vcs8._.js:776
[  896775ms] [LOG] [Fast Refresh] done in 532ms @ http://localhost:3000/_next/static/chunks/node_modules_next_dist_1e8vcs8._.js:776
[  896837ms] [LOG] [Fast Refresh] done in 532ms @ http://localhost:3000/_next/static/chunks/node_modules_next_dist_1e8vcs8._.js:776
[  896899ms] [LOG] [Fast Refresh] done in 532ms @ http://localhost:3000/_next/static/chunks/node_modules_next_dist_1e8vcs8._.js:776
[  896960ms] [LOG] [Fast Refresh] done in 532ms @ http://localhost:3000/_next/static/chunks/node_modules_next_dist_1e8vcs8._.js:776
[  897022ms] [LOG] [Fast Refresh] done in 532ms @ http://localhost:3000/_next/static/chunks/node_modules_next_dist_1e8vcs8._.js:776
[  897084ms] [LOG] [Fast Refresh] done in 532ms @ http://localhost:3000/_next/static/chunks/node_modules_next_dist_1e8vcs8._.js:776
[  897145ms] [LOG] [Fast Refresh] done in 532ms @ http://localhost:3000/_next/static/chunks/node_modules_next_dist_1e8vcs8._.js:776
[  897210ms] [LOG] [Fast Refresh] done in 532ms @ http://localhost:3000/_next/static/chunks/node_modules_next_dist_1e8vcs8._.js:776
[  897272ms] [LOG] [Fast Refresh] done in 532ms @ http://localhost:3000/_next/static/chunks/node_modules_next_dist_1e8vcs8._.js:776
[  897335ms] [LOG] [Fast Refresh] done in 532ms @ http://localhost:3000/_next/static/chunks/node_modules_next_dist_1e8vcs8._.js:776
[  897396ms] [LOG] [Fast Refresh] done in 532ms @ http://localhost:3000/_next/static/chunks/node_modules_next_dist_1e8vcs8._.js:776
[  897459ms] [LOG] [Fast Refresh] done in 532ms @ http://localhost:3000/_next/static/chunks/node_modules_next_dist_1e8vcs8._.js:776
[  897521ms] [LOG] [Fast Refresh] done in 532ms @ http://localhost:3000/_next/static/chunks/node_modules_next_dist_1e8vcs8._.js:776
[  897585ms] [LOG] [Fast Refresh] done in 532ms @ http://localhost:3000/_next/static/chunks/node_modules_next_dist_1e8vcs8._.js:776
[  897647ms] [LOG] [Fast Refresh] done in 532ms @ http://localhost:3000/_next/static/chunks/node_modules_next_dist_1e8vcs8._.js:776
[  897710ms] [LOG] [Fast Refresh] done in 532ms @ http://localhost:3000/_next/static/chunks/node_modules_next_dist_1e8vcs8._.js:776
[  897772ms] [LOG] [Fast Refresh] done in 532ms @ http://localhost:3000/_next/static/chunks/node_modules_next_dist_1e8vcs8._.js:776
[  897833ms] [LOG] [Fast Refresh] done in 532ms @ http://localhost:3000/_next/static/chunks/node_modules_next_dist_1e8vcs8._.js:776
[  897895ms] [LOG] [Fast Refresh] done in 532ms @ http://localhost:3000/_next/static/chunks/node_modules_next_dist_1e8vcs8._.js:776
[  897957ms] [LOG] [Fast Refresh] done in 532ms @ http://localhost:3000/_next/static/chunks/node_modules_next_dist_1e8vcs8._.js:776
[  898019ms] [LOG] [Fast Refresh] done in 532ms @ http://localhost:3000/_next/static/chunks/node_modules_next_dist_1e8vcs8._.js:776
[  898080ms] [LOG] [Fast Refresh] done in 532ms @ http://localhost:3000/_next/static/chunks/node_modules_next_dist_1e8vcs8._.js:776
[  898143ms] [LOG] [Fast Refresh] done in 532ms @ http://localhost:3000/_next/static/chunks/node_modules_next_dist_1e8vcs8._.js:776
[  898205ms] [LOG] [Fast Refresh] done in 532ms @ http://localhost:3000/_next/static/chunks/node_modules_next_dist_1e8vcs8._.js:776
[  898268ms] [LOG] [Fast Refresh] done in 532ms @ http://localhost:3000/_next/static/chunks/node_modules_next_dist_1e8vcs8._.js:776
[  898331ms] [LOG] [Fast Refresh] done in 532ms @ http://localhost:3000/_next/static/chunks/node_modules_next_dist_1e8vcs8._.js:776
[  898394ms] [LOG] [Fast Refresh] done in 532ms @ http://localhost:3000/_next/static/chunks/node_modules_next_dist_1e8vcs8._.js:776
[  898458ms] [LOG] [Fast Refresh] done in 532ms @ http://localhost:3000/_next/static/chunks/node_modules_next_dist_1e8vcs8._.js:776
[  898519ms] [LOG] [Fast Refresh] done in 532ms @ http://localhost:3000/_next/static/chunks/node_modules_next_dist_1e8vcs8._.js:776
[  898582ms] [LOG] [Fast Refresh] done in 532ms @ http://localhost:3000/_next/static/chunks/node_modules_next_dist_1e8vcs8._.js:776
[  898644ms] [LOG] [Fast Refresh] done in 532ms @ http://localhost:3000/_next/static/chunks/node_modules_next_dist_1e8vcs8._.js:776
[  898708ms] [LOG] [Fast Refresh] done in 532ms @ http://localhost:3000/_next/static/chunks/node_modules_next_dist_1e8vcs8._.js:776
[  898769ms] [LOG] [Fast Refresh] done in 532ms @ http://localhost:3000/_next/static/chunks/node_modules_next_dist_1e8vcs8._.js:776
[  898832ms] [LOG] [Fast Refresh] done in 532ms @ http://localhost:3000/_next/static/chunks/node_modules_next_dist_1e8vcs8._.js:776
[  898894ms] [LOG] [Fast Refresh] done in 532ms @ http://localhost:3000/_next/static/chunks/node_modules_next_dist_1e8vcs8._.js:776
[  898956ms] [LOG] [Fast Refresh] done in 532ms @ http://localhost:3000/_next/static/chunks/node_modules_next_dist_1e8vcs8._.js:776
[  899017ms] [LOG] [Fast Refresh] done in 532ms @ http://localhost:3000/_next/static/chunks/node_modules_next_dist_1e8vcs8._.js:776
[  899080ms] [LOG] [Fast Refresh] done in 532ms @ http://localhost:3000/_next/static/chunks/node_modules_next_dist_1e8vcs8._.js:776
[  899144ms] [LOG] [Fast Refresh] done in 532ms @ http://localhost:3000/_next/static/chunks/node_modules_next_dist_1e8vcs8._.js:776
[  899205ms] [LOG] [Fast Refresh] done in 532ms @ http://localhost:3000/_next/static/chunks/node_modules_next_dist_1e8vcs8._.js:776
[  899267ms] [LOG] [Fast Refresh] done in 532ms @ http://localhost:3000/_next/static/chunks/node_modules_next_dist_1e8vcs8._.js:776
[  899330ms] [LOG] [Fast Refresh] done in 532ms @ http://localhost:3000/_next/static/chunks/node_modules_next_dist_1e8vcs8._.js:776
[  899391ms] [LOG] [Fast Refresh] done in 532ms @ http://localhost:3000/_next/static/chunks/node_modules_next_dist_1e8vcs8._.js:776
[  899454ms] [LOG] [Fast Refresh] done in 532ms @ http://localhost:3000/_next/static/chunks/node_modules_next_dist_1e8vcs8._.js:776
[  899517ms] [LOG] [Fast Refresh] done in 532ms @ http://localhost:3000/_next/static/chunks/node_modules_next_dist_1e8vcs8._.js:776
[  899579ms] [LOG] [Fast Refresh] done in 532ms @ http://localhost:3000/_next/static/chunks/node_modules_next_dist_1e8vcs8._.js:776
[  899641ms] [LOG] [Fast Refresh] done in 532ms @ http://localhost:3000/_next/static/chunks/node_modules_next_dist_1e8vcs8._.js:776
[  899704ms] [LOG] [Fast Refresh] done in 532ms @ http://localhost:3000/_next/static/chunks/node_modules_next_dist_1e8vcs8._.js:776
[  899768ms] [LOG] [Fast Refresh] done in 532ms @ http://localhost:3000/_next/static/chunks/node_modules_next_dist_1e8vcs8._.js:776
[  899830ms] [LOG] [Fast Refresh] done in 532ms @ http://localhost:3000/_next/static/chunks/node_modules_next_dist_1e8vcs8._.js:776
[  899891ms] [LOG] [Fast Refresh] done in 532ms @ http://localhost:3000/_next/static/chunks/node_modules_next_dist_1e8vcs8._.js:776
[  899953ms] [LOG] [Fast Refresh] done in 532ms @ http://localhost:3000/_next/static/chunks/node_modules_next_dist_1e8vcs8._.js:776
[  900014ms] [LOG] [Fast Refresh] done in 532ms @ http://localhost:3000/_next/static/chunks/node_modules_next_dist_1e8vcs8._.js:776
[  900077ms] [LOG] [Fast Refresh] done in 532ms @ http://localhost:3000/_next/static/chunks/node_modules_next_dist_1e8vcs8._.js:776
[  900141ms] [LOG] [Fast Refresh] done in 532ms @ http://localhost:3000/_next/static/chunks/node_modules_next_dist_1e8vcs8._.js:776
[  900203ms] [LOG] [Fast Refresh] done in 532ms @ http://localhost:3000/_next/static/chunks/node_modules_next_dist_1e8vcs8._.js:776
[  900266ms] [LOG] [Fast Refresh] done in 532ms @ http://localhost:3000/_next/static/chunks/node_modules_next_dist_1e8vcs8._.js:776
[  900330ms] [LOG] [Fast Refresh] done in 532ms @ http://localhost:3000/_next/static/chunks/node_modules_next_dist_1e8vcs8._.js:776
[  900391ms] [LOG] [Fast Refresh] done in 532ms @ http://localhost:3000/_next/static/chunks/node_modules_next_dist_1e8vcs8._.js:776
[  900453ms] [LOG] [Fast Refresh] done in 532ms @ http://localhost:3000/_next/static/chunks/node_modules_next_dist_1e8vcs8._.js:776
[  900517ms] [LOG] [Fast Refresh] done in 532ms @ http://localhost:3000/_next/static/chunks/node_modules_next_dist_1e8vcs8._.js:776
[  900578ms] [LOG] [Fast Refresh] done in 532ms @ http://localhost:3000/_next/static/chunks/node_modules_next_dist_1e8vcs8._.js:776
[  900641ms] [LOG] [Fast Refresh] done in 532ms @ http://localhost:3000/_next/static/chunks/node_modules_next_dist_1e8vcs8._.js:776
[  900703ms] [LOG] [Fast Refresh] done in 532ms @ http://localhost:3000/_next/static/chunks/node_modules_next_dist_1e8vcs8._.js:776
[  900766ms] [LOG] [Fast Refresh] done in 532ms @ http://localhost:3000/_next/static/chunks/node_modules_next_dist_1e8vcs8._.js:776
[  900837ms] [LOG] [Fast Refresh] done in 532ms @ http://localhost:3000/_next/static/chunks/node_modules_next_dist_1e8vcs8._.js:776
[  900889ms] [LOG] [Fast Refresh] done in 532ms @ http://localhost:3000/_next/static/chunks/node_modules_next_dist_1e8vcs8._.js:776
[  900952ms] [LOG] [Fast Refresh] done in 532ms @ http://localhost:3000/_next/static/chunks/node_modules_next_dist_1e8vcs8._.js:776
[  901015ms] [LOG] [Fast Refresh] done in 532ms @ http://localhost:3000/_next/static/chunks/node_modules_next_dist_1e8vcs8._.js:776
[  901077ms] [LOG] [Fast Refresh] done in 532ms @ http://localhost:3000/_next/static/chunks/node_modules_next_dist_1e8vcs8._.js:776
[  901141ms] [LOG] [Fast Refresh] done in 532ms @ http://localhost:3000/_next/static/chunks/node_modules_next_dist_1e8vcs8._.js:776
[  901203ms] [LOG] [Fast Refresh] done in 532ms @ http://localhost:3000/_next/static/chunks/node_modules_next_dist_1e8vcs8._.js:776
[  901265ms] [LOG] [Fast Refresh] done in 532ms @ http://localhost:3000/_next/static/chunks/node_modules_next_dist_1e8vcs8._.js:776
[  901328ms] [LOG] [Fast Refresh] done in 532ms @ http://localhost:3000/_next/static/chunks/node_modules_next_dist_1e8vcs8._.js:776
[  901390ms] [LOG] [Fast Refresh] done in 532ms @ http://localhost:3000/_next/static/chunks/node_modules_next_dist_1e8vcs8._.js:776
[  901452ms] [LOG] [Fast Refresh] done in 532ms @ http://localhost:3000/_next/static/chunks/node_modules_next_dist_1e8vcs8._.js:776
[  901514ms] [LOG] [Fast Refresh] done in 532ms @ http://localhost:3000/_next/static/chunks/node_modules_next_dist_1e8vcs8._.js:776
[  901577ms] [LOG] [Fast Refresh] done in 532ms @ http://localhost:3000/_next/static/chunks/node_modules_next_dist_1e8vcs8._.js:776
[  901639ms] [LOG] [Fast Refresh] done in 532ms @ http://localhost:3000/_next/static/chunks/node_modules_next_dist_1e8vcs8._.js:776
[  901701ms] [LOG] [Fast Refresh] done in 532ms @ http://localhost:3000/_next/static/chunks/node_modules_next_dist_1e8vcs8._.js:776
[  901762ms] [LOG] [Fast Refresh] done in 532ms @ http://localhost:3000/_next/static/chunks/node_modules_next_dist_1e8vcs8._.js:776
[  901825ms] [LOG] [Fast Refresh] done in 532ms @ http://localhost:3000/_next/static/chunks/node_modules_next_dist_1e8vcs8._.js:776
[  901885ms] [LOG] [Fast Refresh] done in 532ms @ http://localhost:3000/_next/static/chunks/node_modules_next_dist_1e8vcs8._.js:776
[  901946ms] [LOG] [Fast Refresh] done in 532ms @ http://localhost:3000/_next/static/chunks/node_modules_next_dist_1e8vcs8._.js:776
[  902008ms] [LOG] [Fast Refresh] done in 532ms @ http://localhost:3000/_next/static/chunks/node_modules_next_dist_1e8vcs8._.js:776
[  902069ms] [LOG] [Fast Refresh] done in 532ms @ http://localhost:3000/_next/static/chunks/node_modules_next_dist_1e8vcs8._.js:776
[  902132ms] [LOG] [Fast Refresh] done in 532ms @ http://localhost:3000/_next/static/chunks/node_modules_next_dist_1e8vcs8._.js:776
[  902194ms] [LOG] [Fast Refresh] done in 532ms @ http://localhost:3000/_next/static/chunks/node_modules_next_dist_1e8vcs8._.js:776
[  902256ms] [LOG] [Fast Refresh] done in 532ms @ http://localhost:3000/_next/static/chunks/node_modules_next_dist_1e8vcs8._.js:776
[  902319ms] [LOG] [Fast Refresh] done in 532ms @ http://localhost:3000/_next/static/chunks/node_modules_next_dist_1e8vcs8._.js:776
[  902381ms] [LOG] [Fast Refresh] done in 532ms @ http://localhost:3000/_next/static/chunks/node_modules_next_dist_1e8vcs8._.js:776
[  902444ms] [LOG] [Fast Refresh] done in 532ms @ http://localhost:3000/_next/static/chunks/node_modules_next_dist_1e8vcs8._.js:776
[  902510ms] [LOG] [Fast Refresh] done in 532ms @ http://localhost:3000/_next/static/chunks/node_modules_next_dist_1e8vcs8._.js:776
[  902569ms] [LOG] [Fast Refresh] done in 532ms @ http://localhost:3000/_next/static/chunks/node_modules_next_dist_1e8vcs8._.js:776
[  902631ms] [LOG] [Fast Refresh] done in 532ms @ http://localhost:3000/_next/static/chunks/node_modules_next_dist_1e8vcs8._.js:776
[  902693ms] [LOG] [Fast Refresh] done in 532ms @ http://localhost:3000/_next/static/chunks/node_modules_next_dist_1e8vcs8._.js:776
[  902755ms] [LOG] [Fast Refresh] done in 532ms @ http://localhost:3000/_next/static/chunks/node_modules_next_dist_1e8vcs8._.js:776
[  902818ms] [LOG] [Fast Refresh] done in 532ms @ http://localhost:3000/_next/static/chunks/node_modules_next_dist_1e8vcs8._.js:776
[  902880ms] [LOG] [Fast Refresh] done in 532ms @ http://localhost:3000/_next/static/chunks/node_modules_next_dist_1e8vcs8._.js:776
[  902944ms] [LOG] [Fast Refresh] done in 532ms @ http://localhost:3000/_next/static/chunks/node_modules_next_dist_1e8vcs8._.js:776
[  903005ms] [LOG] [Fast Refresh] done in 532ms @ http://localhost:3000/_next/static/chunks/node_modules_next_dist_1e8vcs8._.js:776
[  903068ms] [LOG] [Fast Refresh] done in 532ms @ http://localhost:3000/_next/static/chunks/node_modules_next_dist_1e8vcs8._.js:776
[  903128ms] [LOG] [Fast Refresh] done in 532ms @ http://localhost:3000/_next/static/chunks/node_modules_next_dist_1e8vcs8._.js:776
[  903191ms] [LOG] [Fast Refresh] done in 532ms @ http://localhost:3000/_next/static/chunks/node_modules_next_dist_1e8vcs8._.js:776
[  903252ms] [LOG] [Fast Refresh] done in 532ms @ http://localhost:3000/_next/static/chunks/node_modules_next_dist_1e8vcs8._.js:776
[  903315ms] [LOG] [Fast Refresh] done in 532ms @ http://localhost:3000/_next/static/chunks/node_modules_next_dist_1e8vcs8._.js:776
[  903377ms] [LOG] [Fast Refresh] done in 532ms @ http://localhost:3000/_next/static/chunks/node_modules_next_dist_1e8vcs8._.js:776
[  903440ms] [LOG] [Fast Refresh] done in 532ms @ http://localhost:3000/_next/static/chunks/node_modules_next_dist_1e8vcs8._.js:776
[  903501ms] [LOG] [Fast Refresh] done in 532ms @ http://localhost:3000/_next/static/chunks/node_modules_next_dist_1e8vcs8._.js:776
[  903563ms] [LOG] [Fast Refresh] done in 532ms @ http://localhost:3000/_next/static/chunks/node_modules_next_dist_1e8vcs8._.js:776
[  903625ms] [LOG] [Fast Refresh] done in 532ms @ http://localhost:3000/_next/static/chunks/node_modules_next_dist_1e8vcs8._.js:776
[  903688ms] [LOG] [Fast Refresh] done in 532ms @ http://localhost:3000/_next/static/chunks/node_modules_next_dist_1e8vcs8._.js:776
[  903750ms] [LOG] [Fast Refresh] done in 532ms @ http://localhost:3000/_next/static/chunks/node_modules_next_dist_1e8vcs8._.js:776
[  903812ms] [LOG] [Fast Refresh] done in 532ms @ http://localhost:3000/_next/static/chunks/node_modules_next_dist_1e8vcs8._.js:776
[  903874ms] [LOG] [Fast Refresh] done in 532ms @ http://localhost:3000/_next/static/chunks/node_modules_next_dist_1e8vcs8._.js:776
[  903937ms] [LOG] [Fast Refresh] done in 532ms @ http://localhost:3000/_next/static/chunks/node_modules_next_dist_1e8vcs8._.js:776
[  903999ms] [LOG] [Fast Refresh] done in 532ms @ http://localhost:3000/_next/static/chunks/node_modules_next_dist_1e8vcs8._.js:776
[  904062ms] [LOG] [Fast Refresh] done in 532ms @ http://localhost:3000/_next/static/chunks/node_modules_next_dist_1e8vcs8._.js:776
[  904124ms] [LOG] [Fast Refresh] done in 532ms @ http://localhost:3000/_next/static/chunks/node_modules_next_dist_1e8vcs8._.js:776
[  904186ms] [LOG] [Fast Refresh] done in 532ms @ http://localhost:3000/_next/static/chunks/node_modules_next_dist_1e8vcs8._.js:776
[  904249ms] [LOG] [Fast Refresh] done in 532ms @ http://localhost:3000/_next/static/chunks/node_modules_next_dist_1e8vcs8._.js:776
[  904312ms] [LOG] [Fast Refresh] done in 532ms @ http://localhost:3000/_next/static/chunks/node_modules_next_dist_1e8vcs8._.js:776
[  904373ms] [LOG] [Fast Refresh] done in 532ms @ http://localhost:3000/_next/static/chunks/node_modules_next_dist_1e8vcs8._.js:776
[  904435ms] [LOG] [Fast Refresh] done in 532ms @ http://localhost:3000/_next/static/chunks/node_modules_next_dist_1e8vcs8._.js:776
[  904496ms] [LOG] [Fast Refresh] done in 532ms @ http://localhost:3000/_next/static/chunks/node_modules_next_dist_1e8vcs8._.js:776
[  904557ms] [LOG] [Fast Refresh] done in 532ms @ http://localhost:3000/_next/static/chunks/node_modules_next_dist_1e8vcs8._.js:776
[  904620ms] [LOG] [Fast Refresh] done in 532ms @ http://localhost:3000/_next/static/chunks/node_modules_next_dist_1e8vcs8._.js:776
[  904682ms] [LOG] [Fast Refresh] done in 532ms @ http://localhost:3000/_next/static/chunks/node_modules_next_dist_1e8vcs8._.js:776
[  904745ms] [LOG] [Fast Refresh] done in 532ms @ http://localhost:3000/_next/static/chunks/node_modules_next_dist_1e8vcs8._.js:776
[  904807ms] [LOG] [Fast Refresh] done in 532ms @ http://localhost:3000/_next/static/chunks/node_modules_next_dist_1e8vcs8._.js:776
[  904868ms] [LOG] [Fast Refresh] done in 532ms @ http://localhost:3000/_next/static/chunks/node_modules_next_dist_1e8vcs8._.js:776
[  904930ms] [LOG] [Fast Refresh] done in 532ms @ http://localhost:3000/_next/static/chunks/node_modules_next_dist_1e8vcs8._.js:776
[  904992ms] [LOG] [Fast Refresh] done in 532ms @ http://localhost:3000/_next/static/chunks/node_modules_next_dist_1e8vcs8._.js:776
[  905054ms] [LOG] [Fast Refresh] done in 532ms @ http://localhost:3000/_next/static/chunks/node_modules_next_dist_1e8vcs8._.js:776
[  905116ms] [LOG] [Fast Refresh] done in 532ms @ http://localhost:3000/_next/static/chunks/node_modules_next_dist_1e8vcs8._.js:776
[  905178ms] [LOG] [Fast Refresh] done in 532ms @ http://localhost:3000/_next/static/chunks/node_modules_next_dist_1e8vcs8._.js:776
[  905240ms] [LOG] [Fast Refresh] done in 532ms @ http://localhost:3000/_next/static/chunks/node_modules_next_dist_1e8vcs8._.js:776
[  905301ms] [LOG] [Fast Refresh] done in 532ms @ http://localhost:3000/_next/static/chunks/node_modules_next_dist_1e8vcs8._.js:776
[  905363ms] [LOG] [Fast Refresh] done in 532ms @ http://localhost:3000/_next/static/chunks/node_modules_next_dist_1e8vcs8._.js:776
[  905424ms] [LOG] [Fast Refresh] done in 532ms @ http://localhost:3000/_next/static/chunks/node_modules_next_dist_1e8vcs8._.js:776
[  905486ms] [LOG] [Fast Refresh] done in 532ms @ http://localhost:3000/_next/static/chunks/node_modules_next_dist_1e8vcs8._.js:776
[  905548ms] [LOG] [Fast Refresh] done in 532ms @ http://localhost:3000/_next/static/chunks/node_modules_next_dist_1e8vcs8._.js:776
[  905609ms] [LOG] [Fast Refresh] done in 532ms @ http://localhost:3000/_next/static/chunks/node_modules_next_dist_1e8vcs8._.js:776
[  905672ms] [LOG] [Fast Refresh] done in 532ms @ http://localhost:3000/_next/static/chunks/node_modules_next_dist_1e8vcs8._.js:776
[  905736ms] [LOG] [Fast Refresh] done in 532ms @ http://localhost:3000/_next/static/chunks/node_modules_next_dist_1e8vcs8._.js:776
[  905798ms] [LOG] [Fast Refresh] done in 532ms @ http://localhost:3000/_next/static/chunks/node_modules_next_dist_1e8vcs8._.js:776
[  905864ms] [LOG] [Fast Refresh] done in 532ms @ http://localhost:3000/_next/static/chunks/node_modules_next_dist_1e8vcs8._.js:776
[  905924ms] [LOG] [Fast Refresh] done in 532ms @ http://localhost:3000/_next/static/chunks/node_modules_next_dist_1e8vcs8._.js:776
[  905989ms] [LOG] [Fast Refresh] done in 532ms @ http://localhost:3000/_next/static/chunks/node_modules_next_dist_1e8vcs8._.js:776
[  906049ms] [LOG] [Fast Refresh] done in 532ms @ http://localhost:3000/_next/static/chunks/node_modules_next_dist_1e8vcs8._.js:776
[  906112ms] [LOG] [Fast Refresh] done in 532ms @ http://localhost:3000/_next/static/chunks/node_modules_next_dist_1e8vcs8._.js:776
[  906173ms] [LOG] [Fast Refresh] done in 532ms @ http://localhost:3000/_next/static/chunks/node_modules_next_dist_1e8vcs8._.js:776
[  906236ms] [LOG] [Fast Refresh] done in 532ms @ http://localhost:3000/_next/static/chunks/node_modules_next_dist_1e8vcs8._.js:776
[  906297ms] [LOG] [Fast Refresh] done in 532ms @ http://localhost:3000/_next/static/chunks/node_modules_next_dist_1e8vcs8._.js:776
[  906360ms] [LOG] [Fast Refresh] done in 532ms @ http://localhost:3000/_next/static/chunks/node_modules_next_dist_1e8vcs8._.js:776
[  906421ms] [LOG] [Fast Refresh] done in 532ms @ http://localhost:3000/_next/static/chunks/node_modules_next_dist_1e8vcs8._.js:776
[  906483ms] [LOG] [Fast Refresh] done in 532ms @ http://localhost:3000/_next/static/chunks/node_modules_next_dist_1e8vcs8._.js:776
[  906545ms] [LOG] [Fast Refresh] done in 532ms @ http://localhost:3000/_next/static/chunks/node_modules_next_dist_1e8vcs8._.js:776
[  906606ms] [LOG] [Fast Refresh] done in 532ms @ http://localhost:3000/_next/static/chunks/node_modules_next_dist_1e8vcs8._.js:776
[  906669ms] [LOG] [Fast Refresh] done in 532ms @ http://localhost:3000/_next/static/chunks/node_modules_next_dist_1e8vcs8._.js:776
[  906732ms] [LOG] [Fast Refresh] done in 532ms @ http://localhost:3000/_next/static/chunks/node_modules_next_dist_1e8vcs8._.js:776
[  906794ms] [LOG] [Fast Refresh] done in 532ms @ http://localhost:3000/_next/static/chunks/node_modules_next_dist_1e8vcs8._.js:776
[  906856ms] [LOG] [Fast Refresh] done in 532ms @ http://localhost:3000/_next/static/chunks/node_modules_next_dist_1e8vcs8._.js:776
[  906918ms] [LOG] [Fast Refresh] done in 532ms @ http://localhost:3000/_next/static/chunks/node_modules_next_dist_1e8vcs8._.js:776
[  906980ms] [LOG] [Fast Refresh] done in 532ms @ http://localhost:3000/_next/static/chunks/node_modules_next_dist_1e8vcs8._.js:776
[  907043ms] [LOG] [Fast Refresh] done in 532ms @ http://localhost:3000/_next/static/chunks/node_modules_next_dist_1e8vcs8._.js:776
[  907104ms] [LOG] [Fast Refresh] done in 532ms @ http://localhost:3000/_next/static/chunks/node_modules_next_dist_1e8vcs8._.js:776
[  907166ms] [LOG] [Fast Refresh] done in 532ms @ http://localhost:3000/_next/static/chunks/node_modules_next_dist_1e8vcs8._.js:776
[  907228ms] [LOG] [Fast Refresh] done in 532ms @ http://localhost:3000/_next/static/chunks/node_modules_next_dist_1e8vcs8._.js:776
[  907291ms] [LOG] [Fast Refresh] done in 532ms @ http://localhost:3000/_next/static/chunks/node_modules_next_dist_1e8vcs8._.js:776
[  907353ms] [LOG] [Fast Refresh] done in 532ms @ http://localhost:3000/_next/static/chunks/node_modules_next_dist_1e8vcs8._.js:776
[  907414ms] [LOG] [Fast Refresh] done in 532ms @ http://localhost:3000/_next/static/chunks/node_modules_next_dist_1e8vcs8._.js:776
[  907477ms] [LOG] [Fast Refresh] done in 532ms @ http://localhost:3000/_next/static/chunks/node_modules_next_dist_1e8vcs8._.js:776
[  907539ms] [LOG] [Fast Refresh] done in 532ms @ http://localhost:3000/_next/static/chunks/node_modules_next_dist_1e8vcs8._.js:776
[  907601ms] [LOG] [Fast Refresh] done in 532ms @ http://localhost:3000/_next/static/chunks/node_modules_next_dist_1e8vcs8._.js:776
[  907663ms] [LOG] [Fast Refresh] done in 532ms @ http://localhost:3000/_next/static/chunks/node_modules_next_dist_1e8vcs8._.js:776
[  907726ms] [LOG] [Fast Refresh] done in 532ms @ http://localhost:3000/_next/static/chunks/node_modules_next_dist_1e8vcs8._.js:776
[  907787ms] [LOG] [Fast Refresh] done in 532ms @ http://localhost:3000/_next/static/chunks/node_modules_next_dist_1e8vcs8._.js:776
[  907851ms] [LOG] [Fast Refresh] done in 532ms @ http://localhost:3000/_next/static/chunks/node_modules_next_dist_1e8vcs8._.js:776
[  907911ms] [LOG] [Fast Refresh] done in 532ms @ http://localhost:3000/_next/static/chunks/node_modules_next_dist_1e8vcs8._.js:776
[  907974ms] [LOG] [Fast Refresh] done in 532ms @ http://localhost:3000/_next/static/chunks/node_modules_next_dist_1e8vcs8._.js:776
[  908036ms] [LOG] [Fast Refresh] done in 532ms @ http://localhost:3000/_next/static/chunks/node_modules_next_dist_1e8vcs8._.js:776
[  908098ms] [LOG] [Fast Refresh] done in 532ms @ http://localhost:3000/_next/static/chunks/node_modules_next_dist_1e8vcs8._.js:776
[  908160ms] [LOG] [Fast Refresh] done in 532ms @ http://localhost:3000/_next/static/chunks/node_modules_next_dist_1e8vcs8._.js:776
[  908222ms] [LOG] [Fast Refresh] done in 532ms @ http://localhost:3000/_next/static/chunks/node_modules_next_dist_1e8vcs8._.js:776
[  908284ms] [LOG] [Fast Refresh] done in 532ms @ http://localhost:3000/_next/static/chunks/node_modules_next_dist_1e8vcs8._.js:776
[  908345ms] [LOG] [Fast Refresh] done in 532ms @ http://localhost:3000/_next/static/chunks/node_modules_next_dist_1e8vcs8._.js:776
[  908407ms] [LOG] [Fast Refresh] done in 532ms @ http://localhost:3000/_next/static/chunks/node_modules_next_dist_1e8vcs8._.js:776
[  908469ms] [LOG] [Fast Refresh] done in 532ms @ http://localhost:3000/_next/static/chunks/node_modules_next_dist_1e8vcs8._.js:776
[  908531ms] [LOG] [Fast Refresh] done in 532ms @ http://localhost:3000/_next/static/chunks/node_modules_next_dist_1e8vcs8._.js:776
[  908593ms] [LOG] [Fast Refresh] done in 532ms @ http://localhost:3000/_next/static/chunks/node_modules_next_dist_1e8vcs8._.js:776
[  908656ms] [LOG] [Fast Refresh] done in 532ms @ http://localhost:3000/_next/static/chunks/node_modules_next_dist_1e8vcs8._.js:776
[  908717ms] [LOG] [Fast Refresh] done in 532ms @ http://localhost:3000/_next/static/chunks/node_modules_next_dist_1e8vcs8._.js:776
[  908779ms] [LOG] [Fast Refresh] done in 532ms @ http://localhost:3000/_next/static/chunks/node_modules_next_dist_1e8vcs8._.js:776
[  908840ms] [LOG] [Fast Refresh] done in 532ms @ http://localhost:3000/_next/static/chunks/node_modules_next_dist_1e8vcs8._.js:776
[  908902ms] [LOG] [Fast Refresh] done in 532ms @ http://localhost:3000/_next/static/chunks/node_modules_next_dist_1e8vcs8._.js:776
[  908964ms] [LOG] [Fast Refresh] done in 532ms @ http://localhost:3000/_next/static/chunks/node_modules_next_dist_1e8vcs8._.js:776
[  909027ms] [LOG] [Fast Refresh] done in 532ms @ http://localhost:3000/_next/static/chunks/node_modules_next_dist_1e8vcs8._.js:776
[  909089ms] [LOG] [Fast Refresh] done in 532ms @ http://localhost:3000/_next/static/chunks/node_modules_next_dist_1e8vcs8._.js:776
[  909152ms] [LOG] [Fast Refresh] done in 532ms @ http://localhost:3000/_next/static/chunks/node_modules_next_dist_1e8vcs8._.js:776
[  909215ms] [LOG] [Fast Refresh] done in 532ms @ http://localhost:3000/_next/static/chunks/node_modules_next_dist_1e8vcs8._.js:776
[  909277ms] [LOG] [Fast Refresh] done in 532ms @ http://localhost:3000/_next/static/chunks/node_modules_next_dist_1e8vcs8._.js:776
[  909339ms] [LOG] [Fast Refresh] done in 532ms @ http://localhost:3000/_next/static/chunks/node_modules_next_dist_1e8vcs8._.js:776
[  909401ms] [LOG] [Fast Refresh] done in 532ms @ http://localhost:3000/_next/static/chunks/node_modules_next_dist_1e8vcs8._.js:776
[  909462ms] [LOG] [Fast Refresh] done in 532ms @ http://localhost:3000/_next/static/chunks/node_modules_next_dist_1e8vcs8._.js:776
[  909524ms] [LOG] [Fast Refresh] done in 532ms @ http://localhost:3000/_next/static/chunks/node_modules_next_dist_1e8vcs8._.js:776
[  909587ms] [LOG] [Fast Refresh] done in 532ms @ http://localhost:3000/_next/static/chunks/node_modules_next_dist_1e8vcs8._.js:776
[  909651ms] [LOG] [Fast Refresh] done in 532ms @ http://localhost:3000/_next/static/chunks/node_modules_next_dist_1e8vcs8._.js:776
[  909712ms] [LOG] [Fast Refresh] done in 532ms @ http://localhost:3000/_next/static/chunks/node_modules_next_dist_1e8vcs8._.js:776
[  909775ms] [LOG] [Fast Refresh] done in 532ms @ http://localhost:3000/_next/static/chunks/node_modules_next_dist_1e8vcs8._.js:776
[  909837ms] [LOG] [Fast Refresh] done in 532ms @ http://localhost:3000/_next/static/chunks/node_modules_next_dist_1e8vcs8._.js:776
[  909898ms] [LOG] [Fast Refresh] done in 532ms @ http://localhost:3000/_next/static/chunks/node_modules_next_dist_1e8vcs8._.js:776
[  909961ms] [LOG] [Fast Refresh] done in 532ms @ http://localhost:3000/_next/static/chunks/node_modules_next_dist_1e8vcs8._.js:776
[  910021ms] [LOG] [Fast Refresh] done in 532ms @ http://localhost:3000/_next/static/chunks/node_modules_next_dist_1e8vcs8._.js:776
[  910084ms] [LOG] [Fast Refresh] done in 532ms @ http://localhost:3000/_next/static/chunks/node_modules_next_dist_1e8vcs8._.js:776
[  910146ms] [LOG] [Fast Refresh] done in 532ms @ http://localhost:3000/_next/static/chunks/node_modules_next_dist_1e8vcs8._.js:776
[  910207ms] [LOG] [Fast Refresh] done in 532ms @ http://localhost:3000/_next/static/chunks/node_modules_next_dist_1e8vcs8._.js:776
[  910269ms] [LOG] [Fast Refresh] done in 532ms @ http://localhost:3000/_next/static/chunks/node_modules_next_dist_1e8vcs8._.js:776
[  910330ms] [LOG] [Fast Refresh] done in 532ms @ http://localhost:3000/_next/static/chunks/node_modules_next_dist_1e8vcs8._.js:776
[  910392ms] [LOG] [Fast Refresh] done in 532ms @ http://localhost:3000/_next/static/chunks/node_modules_next_dist_1e8vcs8._.js:776
[  910454ms] [LOG] [Fast Refresh] done in 532ms @ http://localhost:3000/_next/static/chunks/node_modules_next_dist_1e8vcs8._.js:776
[  910516ms] [LOG] [Fast Refresh] done in 532ms @ http://localhost:3000/_next/static/chunks/node_modules_next_dist_1e8vcs8._.js:776
[  910579ms] [LOG] [Fast Refresh] done in 532ms @ http://localhost:3000/_next/static/chunks/node_modules_next_dist_1e8vcs8._.js:776
[  910643ms] [LOG] [Fast Refresh] done in 532ms @ http://localhost:3000/_next/static/chunks/node_modules_next_dist_1e8vcs8._.js:776
[  910704ms] [LOG] [Fast Refresh] done in 532ms @ http://localhost:3000/_next/static/chunks/node_modules_next_dist_1e8vcs8._.js:776
[  910766ms] [LOG] [Fast Refresh] done in 532ms @ http://localhost:3000/_next/static/chunks/node_modules_next_dist_1e8vcs8._.js:776
[  910830ms] [LOG] [Fast Refresh] done in 532ms @ http://localhost:3000/_next/static/chunks/node_modules_next_dist_1e8vcs8._.js:776
[  910891ms] [LOG] [Fast Refresh] done in 532ms @ http://localhost:3000/_next/static/chunks/node_modules_next_dist_1e8vcs8._.js:776
[  910954ms] [LOG] [Fast Refresh] done in 532ms @ http://localhost:3000/_next/static/chunks/node_modules_next_dist_1e8vcs8._.js:776
[  911016ms] [LOG] [Fast Refresh] done in 532ms @ http://localhost:3000/_next/static/chunks/node_modules_next_dist_1e8vcs8._.js:776
[  911079ms] [LOG] [Fast Refresh] done in 532ms @ http://localhost:3000/_next/static/chunks/node_modules_next_dist_1e8vcs8._.js:776
[  911141ms] [LOG] [Fast Refresh] done in 532ms @ http://localhost:3000/_next/static/chunks/node_modules_next_dist_1e8vcs8._.js:776
[  911203ms] [LOG] [Fast Refresh] done in 532ms @ http://localhost:3000/_next/static/chunks/node_modules_next_dist_1e8vcs8._.js:776
[  911264ms] [LOG] [Fast Refresh] done in 532ms @ http://localhost:3000/_next/static/chunks/node_modules_next_dist_1e8vcs8._.js:776
[  911328ms] [LOG] [Fast Refresh] done in 532ms @ http://localhost:3000/_next/static/chunks/node_modules_next_dist_1e8vcs8._.js:776
[  911390ms] [LOG] [Fast Refresh] done in 532ms @ http://localhost:3000/_next/static/chunks/node_modules_next_dist_1e8vcs8._.js:776
[  911452ms] [LOG] [Fast Refresh] done in 532ms @ http://localhost:3000/_next/static/chunks/node_modules_next_dist_1e8vcs8._.js:776
[  911514ms] [LOG] [Fast Refresh] done in 532ms @ http://localhost:3000/_next/static/chunks/node_modules_next_dist_1e8vcs8._.js:776
[  911577ms] [LOG] [Fast Refresh] done in 532ms @ http://localhost:3000/_next/static/chunks/node_modules_next_dist_1e8vcs8._.js:776
[  911640ms] [LOG] [Fast Refresh] done in 532ms @ http://localhost:3000/_next/static/chunks/node_modules_next_dist_1e8vcs8._.js:776
[  911702ms] [LOG] [Fast Refresh] done in 532ms @ http://localhost:3000/_next/static/chunks/node_modules_next_dist_1e8vcs8._.js:776
[  911764ms] [LOG] [Fast Refresh] done in 532ms @ http://localhost:3000/_next/static/chunks/node_modules_next_dist_1e8vcs8._.js:776
[  911826ms] [LOG] [Fast Refresh] done in 532ms @ http://localhost:3000/_next/static/chunks/node_modules_next_dist_1e8vcs8._.js:776
[  911888ms] [LOG] [Fast Refresh] done in 532ms @ http://localhost:3000/_next/static/chunks/node_modules_next_dist_1e8vcs8._.js:776
[  911950ms] [LOG] [Fast Refresh] done in 532ms @ http://localhost:3000/_next/static/chunks/node_modules_next_dist_1e8vcs8._.js:776
[  912012ms] [LOG] [Fast Refresh] done in 532ms @ http://localhost:3000/_next/static/chunks/node_modules_next_dist_1e8vcs8._.js:776
[  912075ms] [LOG] [Fast Refresh] done in 532ms @ http://localhost:3000/_next/static/chunks/node_modules_next_dist_1e8vcs8._.js:776
[  912136ms] [LOG] [Fast Refresh] done in 532ms @ http://localhost:3000/_next/static/chunks/node_modules_next_dist_1e8vcs8._.js:776
[  912198ms] [LOG] [Fast Refresh] done in 532ms @ http://localhost:3000/_next/static/chunks/node_modules_next_dist_1e8vcs8._.js:776
[  912261ms] [LOG] [Fast Refresh] done in 532ms @ http://localhost:3000/_next/static/chunks/node_modules_next_dist_1e8vcs8._.js:776
[  912324ms] [LOG] [Fast Refresh] done in 532ms @ http://localhost:3000/_next/static/chunks/node_modules_next_dist_1e8vcs8._.js:776
[  912386ms] [LOG] [Fast Refresh] done in 532ms @ http://localhost:3000/_next/static/chunks/node_modules_next_dist_1e8vcs8._.js:776
[  912448ms] [LOG] [Fast Refresh] done in 532ms @ http://localhost:3000/_next/static/chunks/node_modules_next_dist_1e8vcs8._.js:776
[  912511ms] [LOG] [Fast Refresh] done in 532ms @ http://localhost:3000/_next/static/chunks/node_modules_next_dist_1e8vcs8._.js:776
[  912572ms] [LOG] [Fast Refresh] done in 532ms @ http://localhost:3000/_next/static/chunks/node_modules_next_dist_1e8vcs8._.js:776
[  912636ms] [LOG] [Fast Refresh] done in 532ms @ http://localhost:3000/_next/static/chunks/node_modules_next_dist_1e8vcs8._.js:776
[  912697ms] [LOG] [Fast Refresh] done in 532ms @ http://localhost:3000/_next/static/chunks/node_modules_next_dist_1e8vcs8._.js:776
[  912759ms] [LOG] [Fast Refresh] done in 532ms @ http://localhost:3000/_next/static/chunks/node_modules_next_dist_1e8vcs8._.js:776
[  912823ms] [LOG] [Fast Refresh] done in 532ms @ http://localhost:3000/_next/static/chunks/node_modules_next_dist_1e8vcs8._.js:776
[  912886ms] [LOG] [Fast Refresh] done in 532ms @ http://localhost:3000/_next/static/chunks/node_modules_next_dist_1e8vcs8._.js:776
[  912948ms] [LOG] [Fast Refresh] done in 532ms @ http://localhost:3000/_next/static/chunks/node_modules_next_dist_1e8vcs8._.js:776
[  913010ms] [LOG] [Fast Refresh] done in 532ms @ http://localhost:3000/_next/static/chunks/node_modules_next_dist_1e8vcs8._.js:776
[  913071ms] [LOG] [Fast Refresh] done in 532ms @ http://localhost:3000/_next/static/chunks/node_modules_next_dist_1e8vcs8._.js:776
[  913134ms] [LOG] [Fast Refresh] done in 532ms @ http://localhost:3000/_next/static/chunks/node_modules_next_dist_1e8vcs8._.js:776
[  913197ms] [LOG] [Fast Refresh] done in 532ms @ http://localhost:3000/_next/static/chunks/node_modules_next_dist_1e8vcs8._.js:776
[  913260ms] [LOG] [Fast Refresh] done in 532ms @ http://localhost:3000/_next/static/chunks/node_modules_next_dist_1e8vcs8._.js:776
[  913321ms] [LOG] [Fast Refresh] done in 532ms @ http://localhost:3000/_next/static/chunks/node_modules_next_dist_1e8vcs8._.js:776
[  913383ms] [LOG] [Fast Refresh] done in 532ms @ http://localhost:3000/_next/static/chunks/node_modules_next_dist_1e8vcs8._.js:776
[  913446ms] [LOG] [Fast Refresh] done in 532ms @ http://localhost:3000/_next/static/chunks/node_modules_next_dist_1e8vcs8._.js:776
[  913508ms] [LOG] [Fast Refresh] done in 532ms @ http://localhost:3000/_next/static/chunks/node_modules_next_dist_1e8vcs8._.js:776
[  913572ms] [LOG] [Fast Refresh] done in 532ms @ http://localhost:3000/_next/static/chunks/node_modules_next_dist_1e8vcs8._.js:776
[  913633ms] [LOG] [Fast Refresh] done in 532ms @ http://localhost:3000/_next/static/chunks/node_modules_next_dist_1e8vcs8._.js:776
[  913696ms] [LOG] [Fast Refresh] done in 532ms @ http://localhost:3000/_next/static/chunks/node_modules_next_dist_1e8vcs8._.js:776
[  913758ms] [LOG] [Fast Refresh] done in 532ms @ http://localhost:3000/_next/static/chunks/node_modules_next_dist_1e8vcs8._.js:776
[  913821ms] [LOG] [Fast Refresh] done in 532ms @ http://localhost:3000/_next/static/chunks/node_modules_next_dist_1e8vcs8._.js:776
[  913883ms] [LOG] [Fast Refresh] done in 532ms @ http://localhost:3000/_next/static/chunks/node_modules_next_dist_1e8vcs8._.js:776
[  913945ms] [LOG] [Fast Refresh] done in 532ms @ http://localhost:3000/_next/static/chunks/node_modules_next_dist_1e8vcs8._.js:776
[  914007ms] [LOG] [Fast Refresh] done in 532ms @ http://localhost:3000/_next/static/chunks/node_modules_next_dist_1e8vcs8._.js:776
[  914068ms] [LOG] [Fast Refresh] done in 532ms @ http://localhost:3000/_next/static/chunks/node_modules_next_dist_1e8vcs8._.js:776
[  914130ms] [LOG] [Fast Refresh] done in 532ms @ http://localhost:3000/_next/static/chunks/node_modules_next_dist_1e8vcs8._.js:776
[  914192ms] [LOG] [Fast Refresh] done in 532ms @ http://localhost:3000/_next/static/chunks/node_modules_next_dist_1e8vcs8._.js:776
[  914254ms] [LOG] [Fast Refresh] done in 532ms @ http://localhost:3000/_next/static/chunks/node_modules_next_dist_1e8vcs8._.js:776
[  914317ms] [LOG] [Fast Refresh] done in 532ms @ http://localhost:3000/_next/static/chunks/node_modules_next_dist_1e8vcs8._.js:776
[  914380ms] [LOG] [Fast Refresh] done in 532ms @ http://localhost:3000/_next/static/chunks/node_modules_next_dist_1e8vcs8._.js:776
[  914444ms] [LOG] [Fast Refresh] done in 532ms @ http://localhost:3000/_next/static/chunks/node_modules_next_dist_1e8vcs8._.js:776
[  914507ms] [LOG] [Fast Refresh] done in 532ms @ http://localhost:3000/_next/static/chunks/node_modules_next_dist_1e8vcs8._.js:776
[  914567ms] [LOG] [Fast Refresh] done in 532ms @ http://localhost:3000/_next/static/chunks/node_modules_next_dist_1e8vcs8._.js:776
[  914629ms] [LOG] [Fast Refresh] done in 532ms @ http://localhost:3000/_next/static/chunks/node_modules_next_dist_1e8vcs8._.js:776
[  914691ms] [LOG] [Fast Refresh] done in 532ms @ http://localhost:3000/_next/static/chunks/node_modules_next_dist_1e8vcs8._.js:776
[  914753ms] [LOG] [Fast Refresh] done in 532ms @ http://localhost:3000/_next/static/chunks/node_modules_next_dist_1e8vcs8._.js:776
[  914815ms] [LOG] [Fast Refresh] done in 532ms @ http://localhost:3000/_next/static/chunks/node_modules_next_dist_1e8vcs8._.js:776
[  914877ms] [LOG] [Fast Refresh] done in 532ms @ http://localhost:3000/_next/static/chunks/node_modules_next_dist_1e8vcs8._.js:776
[  914941ms] [LOG] [Fast Refresh] done in 532ms @ http://localhost:3000/_next/static/chunks/node_modules_next_dist_1e8vcs8._.js:776
[  915004ms] [LOG] [Fast Refresh] done in 532ms @ http://localhost:3000/_next/static/chunks/node_modules_next_dist_1e8vcs8._.js:776
[  915066ms] [LOG] [Fast Refresh] done in 532ms @ http://localhost:3000/_next/static/chunks/node_modules_next_dist_1e8vcs8._.js:776
[  915128ms] [LOG] [Fast Refresh] done in 532ms @ http://localhost:3000/_next/static/chunks/node_modules_next_dist_1e8vcs8._.js:776
[  915191ms] [LOG] [Fast Refresh] done in 532ms @ http://localhost:3000/_next/static/chunks/node_modules_next_dist_1e8vcs8._.js:776
[  915252ms] [LOG] [Fast Refresh] done in 532ms @ http://localhost:3000/_next/static/chunks/node_modules_next_dist_1e8vcs8._.js:776
[  915313ms] [LOG] [Fast Refresh] done in 532ms @ http://localhost:3000/_next/static/chunks/node_modules_next_dist_1e8vcs8._.js:776
[  915376ms] [LOG] [Fast Refresh] done in 532ms @ http://localhost:3000/_next/static/chunks/node_modules_next_dist_1e8vcs8._.js:776
[  915439ms] [LOG] [Fast Refresh] done in 532ms @ http://localhost:3000/_next/static/chunks/node_modules_next_dist_1e8vcs8._.js:776
[  915502ms] [LOG] [Fast Refresh] done in 532ms @ http://localhost:3000/_next/static/chunks/node_modules_next_dist_1e8vcs8._.js:776
[  915564ms] [LOG] [Fast Refresh] done in 532ms @ http://localhost:3000/_next/static/chunks/node_modules_next_dist_1e8vcs8._.js:776
[  915626ms] [LOG] [Fast Refresh] done in 532ms @ http://localhost:3000/_next/static/chunks/node_modules_next_dist_1e8vcs8._.js:776
[  915687ms] [LOG] [Fast Refresh] done in 532ms @ http://localhost:3000/_next/static/chunks/node_modules_next_dist_1e8vcs8._.js:776
[  915750ms] [LOG] [Fast Refresh] done in 532ms @ http://localhost:3000/_next/static/chunks/node_modules_next_dist_1e8vcs8._.js:776
[  915814ms] [LOG] [Fast Refresh] done in 532ms @ http://localhost:3000/_next/static/chunks/node_modules_next_dist_1e8vcs8._.js:776
[  915875ms] [LOG] [Fast Refresh] done in 532ms @ http://localhost:3000/_next/static/chunks/node_modules_next_dist_1e8vcs8._.js:776
[  915936ms] [LOG] [Fast Refresh] done in 532ms @ http://localhost:3000/_next/static/chunks/node_modules_next_dist_1e8vcs8._.js:776
[  915999ms] [LOG] [Fast Refresh] done in 532ms @ http://localhost:3000/_next/static/chunks/node_modules_next_dist_1e8vcs8._.js:776
[  916061ms] [LOG] [Fast Refresh] done in 532ms @ http://localhost:3000/_next/static/chunks/node_modules_next_dist_1e8vcs8._.js:776
[  916124ms] [LOG] [Fast Refresh] done in 532ms @ http://localhost:3000/_next/static/chunks/node_modules_next_dist_1e8vcs8._.js:776
[  916187ms] [LOG] [Fast Refresh] done in 532ms @ http://localhost:3000/_next/static/chunks/node_modules_next_dist_1e8vcs8._.js:776
[  916249ms] [LOG] [Fast Refresh] done in 532ms @ http://localhost:3000/_next/static/chunks/node_modules_next_dist_1e8vcs8._.js:776
[  916312ms] [LOG] [Fast Refresh] done in 532ms @ http://localhost:3000/_next/static/chunks/node_modules_next_dist_1e8vcs8._.js:776
[  916375ms] [LOG] [Fast Refresh] done in 532ms @ http://localhost:3000/_next/static/chunks/node_modules_next_dist_1e8vcs8._.js:776
[  916436ms] [LOG] [Fast Refresh] done in 532ms @ http://localhost:3000/_next/static/chunks/node_modules_next_dist_1e8vcs8._.js:776
[  916497ms] [LOG] [Fast Refresh] done in 532ms @ http://localhost:3000/_next/static/chunks/node_modules_next_dist_1e8vcs8._.js:776
[  916558ms] [LOG] [Fast Refresh] done in 532ms @ http://localhost:3000/_next/static/chunks/node_modules_next_dist_1e8vcs8._.js:776
[  916619ms] [LOG] [Fast Refresh] done in 532ms @ http://localhost:3000/_next/static/chunks/node_modules_next_dist_1e8vcs8._.js:776
[  916681ms] [LOG] [Fast Refresh] done in 532ms @ http://localhost:3000/_next/static/chunks/node_modules_next_dist_1e8vcs8._.js:776
[  916742ms] [LOG] [Fast Refresh] done in 532ms @ http://localhost:3000/_next/static/chunks/node_modules_next_dist_1e8vcs8._.js:776
[  916806ms] [LOG] [Fast Refresh] done in 532ms @ http://localhost:3000/_next/static/chunks/node_modules_next_dist_1e8vcs8._.js:776
[  916868ms] [LOG] [Fast Refresh] done in 532ms @ http://localhost:3000/_next/static/chunks/node_modules_next_dist_1e8vcs8._.js:776
[  916929ms] [LOG] [Fast Refresh] done in 532ms @ http://localhost:3000/_next/static/chunks/node_modules_next_dist_1e8vcs8._.js:776
[  916992ms] [LOG] [Fast Refresh] done in 532ms @ http://localhost:3000/_next/static/chunks/node_modules_next_dist_1e8vcs8._.js:776
[  917055ms] [LOG] [Fast Refresh] done in 532ms @ http://localhost:3000/_next/static/chunks/node_modules_next_dist_1e8vcs8._.js:776
[  917117ms] [LOG] [Fast Refresh] done in 532ms @ http://localhost:3000/_next/static/chunks/node_modules_next_dist_1e8vcs8._.js:776
[  917179ms] [LOG] [Fast Refresh] done in 532ms @ http://localhost:3000/_next/static/chunks/node_modules_next_dist_1e8vcs8._.js:776
[  917242ms] [LOG] [Fast Refresh] done in 532ms @ http://localhost:3000/_next/static/chunks/node_modules_next_dist_1e8vcs8._.js:776
[  917303ms] [LOG] [Fast Refresh] done in 532ms @ http://localhost:3000/_next/static/chunks/node_modules_next_dist_1e8vcs8._.js:776
[  917365ms] [LOG] [Fast Refresh] done in 532ms @ http://localhost:3000/_next/static/chunks/node_modules_next_dist_1e8vcs8._.js:776
[  917428ms] [LOG] [Fast Refresh] done in 532ms @ http://localhost:3000/_next/static/chunks/node_modules_next_dist_1e8vcs8._.js:776
[  917491ms] [LOG] [Fast Refresh] done in 532ms @ http://localhost:3000/_next/static/chunks/node_modules_next_dist_1e8vcs8._.js:776
[  917552ms] [LOG] [Fast Refresh] done in 532ms @ http://localhost:3000/_next/static/chunks/node_modules_next_dist_1e8vcs8._.js:776
[  917616ms] [LOG] [Fast Refresh] done in 532ms @ http://localhost:3000/_next/static/chunks/node_modules_next_dist_1e8vcs8._.js:776
[  917678ms] [LOG] [Fast Refresh] done in 532ms @ http://localhost:3000/_next/static/chunks/node_modules_next_dist_1e8vcs8._.js:776
[  917741ms] [LOG] [Fast Refresh] done in 532ms @ http://localhost:3000/_next/static/chunks/node_modules_next_dist_1e8vcs8._.js:776
[  917803ms] [LOG] [Fast Refresh] done in 532ms @ http://localhost:3000/_next/static/chunks/node_modules_next_dist_1e8vcs8._.js:776
[  917865ms] [LOG] [Fast Refresh] done in 532ms @ http://localhost:3000/_next/static/chunks/node_modules_next_dist_1e8vcs8._.js:776
[  917927ms] [LOG] [Fast Refresh] done in 532ms @ http://localhost:3000/_next/static/chunks/node_modules_next_dist_1e8vcs8._.js:776
[  917990ms] [LOG] [Fast Refresh] done in 532ms @ http://localhost:3000/_next/static/chunks/node_modules_next_dist_1e8vcs8._.js:776
[  918051ms] [LOG] [Fast Refresh] done in 532ms @ http://localhost:3000/_next/static/chunks/node_modules_next_dist_1e8vcs8._.js:776
[  918115ms] [LOG] [Fast Refresh] done in 532ms @ http://localhost:3000/_next/static/chunks/node_modules_next_dist_1e8vcs8._.js:776
[  918176ms] [LOG] [Fast Refresh] done in 532ms @ http://localhost:3000/_next/static/chunks/node_modules_next_dist_1e8vcs8._.js:776
[  918238ms] [LOG] [Fast Refresh] done in 532ms @ http://localhost:3000/_next/static/chunks/node_modules_next_dist_1e8vcs8._.js:776
[  918300ms] [LOG] [Fast Refresh] done in 532ms @ http://localhost:3000/_next/static/chunks/node_modules_next_dist_1e8vcs8._.js:776
[  918361ms] [LOG] [Fast Refresh] done in 532ms @ http://localhost:3000/_next/static/chunks/node_modules_next_dist_1e8vcs8._.js:776
[  918424ms] [LOG] [Fast Refresh] done in 532ms @ http://localhost:3000/_next/static/chunks/node_modules_next_dist_1e8vcs8._.js:776
[  918487ms] [LOG] [Fast Refresh] done in 532ms @ http://localhost:3000/_next/static/chunks/node_modules_next_dist_1e8vcs8._.js:776
[  918549ms] [LOG] [Fast Refresh] done in 532ms @ http://localhost:3000/_next/static/chunks/node_modules_next_dist_1e8vcs8._.js:776
[  918611ms] [LOG] [Fast Refresh] done in 532ms @ http://localhost:3000/_next/static/chunks/node_modules_next_dist_1e8vcs8._.js:776
[  918673ms] [LOG] [Fast Refresh] done in 532ms @ http://localhost:3000/_next/static/chunks/node_modules_next_dist_1e8vcs8._.js:776
[  918736ms] [LOG] [Fast Refresh] done in 532ms @ http://localhost:3000/_next/static/chunks/node_modules_next_dist_1e8vcs8._.js:776
[  918798ms] [LOG] [Fast Refresh] done in 532ms @ http://localhost:3000/_next/static/chunks/node_modules_next_dist_1e8vcs8._.js:776
[  918861ms] [LOG] [Fast Refresh] done in 532ms @ http://localhost:3000/_next/static/chunks/node_modules_next_dist_1e8vcs8._.js:776
[  918924ms] [LOG] [Fast Refresh] done in 532ms @ http://localhost:3000/_next/static/chunks/node_modules_next_dist_1e8vcs8._.js:776
[  918986ms] [LOG] [Fast Refresh] done in 532ms @ http://localhost:3000/_next/static/chunks/node_modules_next_dist_1e8vcs8._.js:776
[  919048ms] [LOG] [Fast Refresh] done in 532ms @ http://localhost:3000/_next/static/chunks/node_modules_next_dist_1e8vcs8._.js:776
[  919111ms] [LOG] [Fast Refresh] done in 532ms @ http://localhost:3000/_next/static/chunks/node_modules_next_dist_1e8vcs8._.js:776
[  919173ms] [LOG] [Fast Refresh] done in 532ms @ http://localhost:3000/_next/static/chunks/node_modules_next_dist_1e8vcs8._.js:776
[  919235ms] [LOG] [Fast Refresh] done in 532ms @ http://localhost:3000/_next/static/chunks/node_modules_next_dist_1e8vcs8._.js:776
[  919297ms] [LOG] [Fast Refresh] done in 532ms @ http://localhost:3000/_next/static/chunks/node_modules_next_dist_1e8vcs8._.js:776
[  919360ms] [LOG] [Fast Refresh] done in 532ms @ http://localhost:3000/_next/static/chunks/node_modules_next_dist_1e8vcs8._.js:776
[  919421ms] [LOG] [Fast Refresh] done in 532ms @ http://localhost:3000/_next/static/chunks/node_modules_next_dist_1e8vcs8._.js:776
[  919483ms] [LOG] [Fast Refresh] done in 532ms @ http://localhost:3000/_next/static/chunks/node_modules_next_dist_1e8vcs8._.js:776
[  919545ms] [LOG] [Fast Refresh] done in 532ms @ http://localhost:3000/_next/static/chunks/node_modules_next_dist_1e8vcs8._.js:776
[  919607ms] [LOG] [Fast Refresh] done in 532ms @ http://localhost:3000/_next/static/chunks/node_modules_next_dist_1e8vcs8._.js:776
[  919668ms] [LOG] [Fast Refresh] done in 532ms @ http://localhost:3000/_next/static/chunks/node_modules_next_dist_1e8vcs8._.js:776
[  919731ms] [LOG] [Fast Refresh] done in 532ms @ http://localhost:3000/_next/static/chunks/node_modules_next_dist_1e8vcs8._.js:776
[  919793ms] [LOG] [Fast Refresh] done in 532ms @ http://localhost:3000/_next/static/chunks/node_modules_next_dist_1e8vcs8._.js:776
[  919855ms] [LOG] [Fast Refresh] done in 532ms @ http://localhost:3000/_next/static/chunks/node_modules_next_dist_1e8vcs8._.js:776
[  919918ms] [LOG] [Fast Refresh] done in 532ms @ http://localhost:3000/_next/static/chunks/node_modules_next_dist_1e8vcs8._.js:776
[  919980ms] [LOG] [Fast Refresh] done in 532ms @ http://localhost:3000/_next/static/chunks/node_modules_next_dist_1e8vcs8._.js:776
[  920043ms] [LOG] [Fast Refresh] done in 532ms @ http://localhost:3000/_next/static/chunks/node_modules_next_dist_1e8vcs8._.js:776
[  920104ms] [LOG] [Fast Refresh] done in 532ms @ http://localhost:3000/_next/static/chunks/node_modules_next_dist_1e8vcs8._.js:776
[  920167ms] [LOG] [Fast Refresh] done in 532ms @ http://localhost:3000/_next/static/chunks/node_modules_next_dist_1e8vcs8._.js:776
[  920230ms] [LOG] [Fast Refresh] done in 532ms @ http://localhost:3000/_next/static/chunks/node_modules_next_dist_1e8vcs8._.js:776
[  920291ms] [LOG] [Fast Refresh] done in 532ms @ http://localhost:3000/_next/static/chunks/node_modules_next_dist_1e8vcs8._.js:776
[  920354ms] [LOG] [Fast Refresh] done in 532ms @ http://localhost:3000/_next/static/chunks/node_modules_next_dist_1e8vcs8._.js:776
[  920416ms] [LOG] [Fast Refresh] done in 532ms @ http://localhost:3000/_next/static/chunks/node_modules_next_dist_1e8vcs8._.js:776
[  920478ms] [LOG] [Fast Refresh] done in 532ms @ http://localhost:3000/_next/static/chunks/node_modules_next_dist_1e8vcs8._.js:776
[  920541ms] [LOG] [Fast Refresh] done in 532ms @ http://localhost:3000/_next/static/chunks/node_modules_next_dist_1e8vcs8._.js:776
[  920603ms] [LOG] [Fast Refresh] done in 532ms @ http://localhost:3000/_next/static/chunks/node_modules_next_dist_1e8vcs8._.js:776
[  920666ms] [LOG] [Fast Refresh] done in 532ms @ http://localhost:3000/_next/static/chunks/node_modules_next_dist_1e8vcs8._.js:776
[  920729ms] [LOG] [Fast Refresh] done in 532ms @ http://localhost:3000/_next/static/chunks/node_modules_next_dist_1e8vcs8._.js:776
[  920792ms] [LOG] [Fast Refresh] done in 532ms @ http://localhost:3000/_next/static/chunks/node_modules_next_dist_1e8vcs8._.js:776
[  920855ms] [LOG] [Fast Refresh] done in 532ms @ http://localhost:3000/_next/static/chunks/node_modules_next_dist_1e8vcs8._.js:776
[  920917ms] [LOG] [Fast Refresh] done in 532ms @ http://localhost:3000/_next/static/chunks/node_modules_next_dist_1e8vcs8._.js:776
[  920979ms] [LOG] [Fast Refresh] done in 532ms @ http://localhost:3000/_next/static/chunks/node_modules_next_dist_1e8vcs8._.js:776
[  921043ms] [LOG] [Fast Refresh] done in 532ms @ http://localhost:3000/_next/static/chunks/node_modules_next_dist_1e8vcs8._.js:776
[  921106ms] [LOG] [Fast Refresh] done in 532ms @ http://localhost:3000/_next/static/chunks/node_modules_next_dist_1e8vcs8._.js:776
[  921168ms] [LOG] [Fast Refresh] done in 532ms @ http://localhost:3000/_next/static/chunks/node_modules_next_dist_1e8vcs8._.js:776
[  921230ms] [LOG] [Fast Refresh] done in 532ms @ http://localhost:3000/_next/static/chunks/node_modules_next_dist_1e8vcs8._.js:776
[  921292ms] [LOG] [Fast Refresh] done in 532ms @ http://localhost:3000/_next/static/chunks/node_modules_next_dist_1e8vcs8._.js:776
[  921354ms] [LOG] [Fast Refresh] done in 532ms @ http://localhost:3000/_next/static/chunks/node_modules_next_dist_1e8vcs8._.js:776
[  921417ms] [LOG] [Fast Refresh] done in 532ms @ http://localhost:3000/_next/static/chunks/node_modules_next_dist_1e8vcs8._.js:776
[  921482ms] [LOG] [Fast Refresh] done in 532ms @ http://localhost:3000/_next/static/chunks/node_modules_next_dist_1e8vcs8._.js:776
[  921545ms] [LOG] [Fast Refresh] done in 532ms @ http://localhost:3000/_next/static/chunks/node_modules_next_dist_1e8vcs8._.js:776
[  921606ms] [LOG] [Fast Refresh] done in 532ms @ http://localhost:3000/_next/static/chunks/node_modules_next_dist_1e8vcs8._.js:776
[  921669ms] [LOG] [Fast Refresh] done in 532ms @ http://localhost:3000/_next/static/chunks/node_modules_next_dist_1e8vcs8._.js:776
[  921729ms] [LOG] [Fast Refresh] done in 532ms @ http://localhost:3000/_next/static/chunks/node_modules_next_dist_1e8vcs8._.js:776
[  921792ms] [LOG] [Fast Refresh] done in 532ms @ http://localhost:3000/_next/static/chunks/node_modules_next_dist_1e8vcs8._.js:776
[  921855ms] [LOG] [Fast Refresh] done in 532ms @ http://localhost:3000/_next/static/chunks/node_modules_next_dist_1e8vcs8._.js:776
[  921917ms] [LOG] [Fast Refresh] done in 532ms @ http://localhost:3000/_next/static/chunks/node_modules_next_dist_1e8vcs8._.js:776
[  921978ms] [LOG] [Fast Refresh] done in 532ms @ http://localhost:3000/_next/static/chunks/node_modules_next_dist_1e8vcs8._.js:776
[  922041ms] [LOG] [Fast Refresh] done in 532ms @ http://localhost:3000/_next/static/chunks/node_modules_next_dist_1e8vcs8._.js:776
[  922104ms] [LOG] [Fast Refresh] done in 532ms @ http://localhost:3000/_next/static/chunks/node_modules_next_dist_1e8vcs8._.js:776
[  922167ms] [LOG] [Fast Refresh] done in 532ms @ http://localhost:3000/_next/static/chunks/node_modules_next_dist_1e8vcs8._.js:776
[  922228ms] [LOG] [Fast Refresh] done in 532ms @ http://localhost:3000/_next/static/chunks/node_modules_next_dist_1e8vcs8._.js:776
[  922290ms] [LOG] [Fast Refresh] done in 532ms @ http://localhost:3000/_next/static/chunks/node_modules_next_dist_1e8vcs8._.js:776
[  922353ms] [LOG] [Fast Refresh] done in 532ms @ http://localhost:3000/_next/static/chunks/node_modules_next_dist_1e8vcs8._.js:776
[  922416ms] [LOG] [Fast Refresh] done in 532ms @ http://localhost:3000/_next/static/chunks/node_modules_next_dist_1e8vcs8._.js:776
[  922478ms] [LOG] [Fast Refresh] done in 532ms @ http://localhost:3000/_next/static/chunks/node_modules_next_dist_1e8vcs8._.js:776
[  922540ms] [LOG] [Fast Refresh] done in 532ms @ http://localhost:3000/_next/static/chunks/node_modules_next_dist_1e8vcs8._.js:776
[  922602ms] [LOG] [Fast Refresh] done in 532ms @ http://localhost:3000/_next/static/chunks/node_modules_next_dist_1e8vcs8._.js:776
[  922666ms] [LOG] [Fast Refresh] done in 532ms @ http://localhost:3000/_next/static/chunks/node_modules_next_dist_1e8vcs8._.js:776
[  922728ms] [LOG] [Fast Refresh] done in 532ms @ http://localhost:3000/_next/static/chunks/node_modules_next_dist_1e8vcs8._.js:776
[  922792ms] [LOG] [Fast Refresh] done in 532ms @ http://localhost:3000/_next/static/chunks/node_modules_next_dist_1e8vcs8._.js:776
[  922854ms] [LOG] [Fast Refresh] done in 532ms @ http://localhost:3000/_next/static/chunks/node_modules_next_dist_1e8vcs8._.js:776
[  922916ms] [LOG] [Fast Refresh] done in 532ms @ http://localhost:3000/_next/static/chunks/node_modules_next_dist_1e8vcs8._.js:776
[  922979ms] [LOG] [Fast Refresh] done in 532ms @ http://localhost:3000/_next/static/chunks/node_modules_next_dist_1e8vcs8._.js:776
[  923040ms] [LOG] [Fast Refresh] done in 532ms @ http://localhost:3000/_next/static/chunks/node_modules_next_dist_1e8vcs8._.js:776
[  923101ms] [LOG] [Fast Refresh] done in 532ms @ http://localhost:3000/_next/static/chunks/node_modules_next_dist_1e8vcs8._.js:776
[  923164ms] [LOG] [Fast Refresh] done in 532ms @ http://localhost:3000/_next/static/chunks/node_modules_next_dist_1e8vcs8._.js:776
[  923226ms] [LOG] [Fast Refresh] done in 532ms @ http://localhost:3000/_next/static/chunks/node_modules_next_dist_1e8vcs8._.js:776
[  923287ms] [LOG] [Fast Refresh] done in 532ms @ http://localhost:3000/_next/static/chunks/node_modules_next_dist_1e8vcs8._.js:776
[  923348ms] [LOG] [Fast Refresh] done in 532ms @ http://localhost:3000/_next/static/chunks/node_modules_next_dist_1e8vcs8._.js:776
[  923410ms] [LOG] [Fast Refresh] done in 532ms @ http://localhost:3000/_next/static/chunks/node_modules_next_dist_1e8vcs8._.js:776
[  923471ms] [LOG] [Fast Refresh] done in 532ms @ http://localhost:3000/_next/static/chunks/node_modules_next_dist_1e8vcs8._.js:776
[  923534ms] [LOG] [Fast Refresh] done in 532ms @ http://localhost:3000/_next/static/chunks/node_modules_next_dist_1e8vcs8._.js:776
[  923597ms] [LOG] [Fast Refresh] done in 532ms @ http://localhost:3000/_next/static/chunks/node_modules_next_dist_1e8vcs8._.js:776
[  923659ms] [LOG] [Fast Refresh] done in 532ms @ http://localhost:3000/_next/static/chunks/node_modules_next_dist_1e8vcs8._.js:776
[  923722ms] [LOG] [Fast Refresh] done in 532ms @ http://localhost:3000/_next/static/chunks/node_modules_next_dist_1e8vcs8._.js:776
[  923785ms] [LOG] [Fast Refresh] done in 532ms @ http://localhost:3000/_next/static/chunks/node_modules_next_dist_1e8vcs8._.js:776
[  923847ms] [LOG] [Fast Refresh] done in 532ms @ http://localhost:3000/_next/static/chunks/node_modules_next_dist_1e8vcs8._.js:776
[  923910ms] [LOG] [Fast Refresh] done in 532ms @ http://localhost:3000/_next/static/chunks/node_modules_next_dist_1e8vcs8._.js:776
[  923972ms] [LOG] [Fast Refresh] done in 532ms @ http://localhost:3000/_next/static/chunks/node_modules_next_dist_1e8vcs8._.js:776
[  924034ms] [LOG] [Fast Refresh] done in 532ms @ http://localhost:3000/_next/static/chunks/node_modules_next_dist_1e8vcs8._.js:776
[  924097ms] [LOG] [Fast Refresh] done in 532ms @ http://localhost:3000/_next/static/chunks/node_modules_next_dist_1e8vcs8._.js:776
[  924158ms] [LOG] [Fast Refresh] done in 532ms @ http://localhost:3000/_next/static/chunks/node_modules_next_dist_1e8vcs8._.js:776
[  924221ms] [LOG] [Fast Refresh] done in 532ms @ http://localhost:3000/_next/static/chunks/node_modules_next_dist_1e8vcs8._.js:776
[  924282ms] [LOG] [Fast Refresh] done in 532ms @ http://localhost:3000/_next/static/chunks/node_modules_next_dist_1e8vcs8._.js:776
[  924344ms] [LOG] [Fast Refresh] done in 532ms @ http://localhost:3000/_next/static/chunks/node_modules_next_dist_1e8vcs8._.js:776
[  924407ms] [LOG] [Fast Refresh] done in 532ms @ http://localhost:3000/_next/static/chunks/node_modules_next_dist_1e8vcs8._.js:776
[  924469ms] [LOG] [Fast Refresh] done in 532ms @ http://localhost:3000/_next/static/chunks/node_modules_next_dist_1e8vcs8._.js:776
[  924531ms] [LOG] [Fast Refresh] done in 532ms @ http://localhost:3000/_next/static/chunks/node_modules_next_dist_1e8vcs8._.js:776
[  924593ms] [LOG] [Fast Refresh] done in 532ms @ http://localhost:3000/_next/static/chunks/node_modules_next_dist_1e8vcs8._.js:776
[  924656ms] [LOG] [Fast Refresh] done in 532ms @ http://localhost:3000/_next/static/chunks/node_modules_next_dist_1e8vcs8._.js:776
[  924718ms] [LOG] [Fast Refresh] done in 532ms @ http://localhost:3000/_next/static/chunks/node_modules_next_dist_1e8vcs8._.js:776
[  924780ms] [LOG] [Fast Refresh] done in 532ms @ http://localhost:3000/_next/static/chunks/node_modules_next_dist_1e8vcs8._.js:776
[  924843ms] [LOG] [Fast Refresh] done in 532ms @ http://localhost:3000/_next/static/chunks/node_modules_next_dist_1e8vcs8._.js:776
[  924904ms] [LOG] [Fast Refresh] done in 532ms @ http://localhost:3000/_next/static/chunks/node_modules_next_dist_1e8vcs8._.js:776
[  924967ms] [LOG] [Fast Refresh] done in 532ms @ http://localhost:3000/_next/static/chunks/node_modules_next_dist_1e8vcs8._.js:776
[  925028ms] [LOG] [Fast Refresh] done in 532ms @ http://localhost:3000/_next/static/chunks/node_modules_next_dist_1e8vcs8._.js:776
[  925091ms] [LOG] [Fast Refresh] done in 532ms @ http://localhost:3000/_next/static/chunks/node_modules_next_dist_1e8vcs8._.js:776
[  925154ms] [LOG] [Fast Refresh] done in 532ms @ http://localhost:3000/_next/static/chunks/node_modules_next_dist_1e8vcs8._.js:776
[  925216ms] [LOG] [Fast Refresh] done in 532ms @ http://localhost:3000/_next/static/chunks/node_modules_next_dist_1e8vcs8._.js:776
[  925279ms] [LOG] [Fast Refresh] done in 532ms @ http://localhost:3000/_next/static/chunks/node_modules_next_dist_1e8vcs8._.js:776
[  925340ms] [LOG] [Fast Refresh] done in 532ms @ http://localhost:3000/_next/static/chunks/node_modules_next_dist_1e8vcs8._.js:776
[  925402ms] [LOG] [Fast Refresh] done in 532ms @ http://localhost:3000/_next/static/chunks/node_modules_next_dist_1e8vcs8._.js:776
[  925465ms] [LOG] [Fast Refresh] done in 532ms @ http://localhost:3000/_next/static/chunks/node_modules_next_dist_1e8vcs8._.js:776
[  925529ms] [LOG] [Fast Refresh] done in 532ms @ http://localhost:3000/_next/static/chunks/node_modules_next_dist_1e8vcs8._.js:776
[  925592ms] [LOG] [Fast Refresh] done in 532ms @ http://localhost:3000/_next/static/chunks/node_modules_next_dist_1e8vcs8._.js:776
[  925656ms] [LOG] [Fast Refresh] done in 532ms @ http://localhost:3000/_next/static/chunks/node_modules_next_dist_1e8vcs8._.js:776
[  925719ms] [LOG] [Fast Refresh] done in 532ms @ http://localhost:3000/_next/static/chunks/node_modules_next_dist_1e8vcs8._.js:776
[  925780ms] [LOG] [Fast Refresh] done in 532ms @ http://localhost:3000/_next/static/chunks/node_modules_next_dist_1e8vcs8._.js:776
[  925843ms] [LOG] [Fast Refresh] done in 532ms @ http://localhost:3000/_next/static/chunks/node_modules_next_dist_1e8vcs8._.js:776
[  925905ms] [LOG] [Fast Refresh] done in 532ms @ http://localhost:3000/_next/static/chunks/node_modules_next_dist_1e8vcs8._.js:776
[  925969ms] [LOG] [Fast Refresh] done in 532ms @ http://localhost:3000/_next/static/chunks/node_modules_next_dist_1e8vcs8._.js:776
[  926031ms] [LOG] [Fast Refresh] done in 532ms @ http://localhost:3000/_next/static/chunks/node_modules_next_dist_1e8vcs8._.js:776
[  926091ms] [LOG] [Fast Refresh] done in 532ms @ http://localhost:3000/_next/static/chunks/node_modules_next_dist_1e8vcs8._.js:776
[  926153ms] [LOG] [Fast Refresh] done in 532ms @ http://localhost:3000/_next/static/chunks/node_modules_next_dist_1e8vcs8._.js:776
[  926216ms] [LOG] [Fast Refresh] done in 532ms @ http://localhost:3000/_next/static/chunks/node_modules_next_dist_1e8vcs8._.js:776
[  926281ms] [LOG] [Fast Refresh] done in 532ms @ http://localhost:3000/_next/static/chunks/node_modules_next_dist_1e8vcs8._.js:776
[  926342ms] [LOG] [Fast Refresh] done in 532ms @ http://localhost:3000/_next/static/chunks/node_modules_next_dist_1e8vcs8._.js:776
[  926404ms] [LOG] [Fast Refresh] done in 532ms @ http://localhost:3000/_next/static/chunks/node_modules_next_dist_1e8vcs8._.js:776
[  926466ms] [LOG] [Fast Refresh] done in 532ms @ http://localhost:3000/_next/static/chunks/node_modules_next_dist_1e8vcs8._.js:776
[  926530ms] [LOG] [Fast Refresh] done in 532ms @ http://localhost:3000/_next/static/chunks/node_modules_next_dist_1e8vcs8._.js:776
[  926594ms] [LOG] [Fast Refresh] done in 532ms @ http://localhost:3000/_next/static/chunks/node_modules_next_dist_1e8vcs8._.js:776
[  926655ms] [LOG] [Fast Refresh] done in 532ms @ http://localhost:3000/_next/static/chunks/node_modules_next_dist_1e8vcs8._.js:776
[  926719ms] [LOG] [Fast Refresh] done in 532ms @ http://localhost:3000/_next/static/chunks/node_modules_next_dist_1e8vcs8._.js:776
[  926782ms] [LOG] [Fast Refresh] done in 532ms @ http://localhost:3000/_next/static/chunks/node_modules_next_dist_1e8vcs8._.js:776
[  926845ms] [LOG] [Fast Refresh] done in 532ms @ http://localhost:3000/_next/static/chunks/node_modules_next_dist_1e8vcs8._.js:776
[  926907ms] [LOG] [Fast Refresh] done in 532ms @ http://localhost:3000/_next/static/chunks/node_modules_next_dist_1e8vcs8._.js:776
[  926968ms] [LOG] [Fast Refresh] done in 532ms @ http://localhost:3000/_next/static/chunks/node_modules_next_dist_1e8vcs8._.js:776
[  927031ms] [LOG] [Fast Refresh] done in 532ms @ http://localhost:3000/_next/static/chunks/node_modules_next_dist_1e8vcs8._.js:776
[  927094ms] [LOG] [Fast Refresh] done in 532ms @ http://localhost:3000/_next/static/chunks/node_modules_next_dist_1e8vcs8._.js:776
[  927157ms] [LOG] [Fast Refresh] done in 532ms @ http://localhost:3000/_next/static/chunks/node_modules_next_dist_1e8vcs8._.js:776
[  927219ms] [LOG] [Fast Refresh] done in 532ms @ http://localhost:3000/_next/static/chunks/node_modules_next_dist_1e8vcs8._.js:776
[  927282ms] [LOG] [Fast Refresh] done in 532ms @ http://localhost:3000/_next/static/chunks/node_modules_next_dist_1e8vcs8._.js:776
[  927344ms] [LOG] [Fast Refresh] done in 532ms @ http://localhost:3000/_next/static/chunks/node_modules_next_dist_1e8vcs8._.js:776
[  927408ms] [LOG] [Fast Refresh] done in 532ms @ http://localhost:3000/_next/static/chunks/node_modules_next_dist_1e8vcs8._.js:776
[  927469ms] [LOG] [Fast Refresh] done in 532ms @ http://localhost:3000/_next/static/chunks/node_modules_next_dist_1e8vcs8._.js:776
[  927531ms] [LOG] [Fast Refresh] done in 532ms @ http://localhost:3000/_next/static/chunks/node_modules_next_dist_1e8vcs8._.js:776
[  927594ms] [LOG] [Fast Refresh] done in 532ms @ http://localhost:3000/_next/static/chunks/node_modules_next_dist_1e8vcs8._.js:776
[  927657ms] [LOG] [Fast Refresh] done in 532ms @ http://localhost:3000/_next/static/chunks/node_modules_next_dist_1e8vcs8._.js:776
[  927718ms] [LOG] [Fast Refresh] done in 532ms @ http://localhost:3000/_next/static/chunks/node_modules_next_dist_1e8vcs8._.js:776
[  927780ms] [LOG] [Fast Refresh] done in 532ms @ http://localhost:3000/_next/static/chunks/node_modules_next_dist_1e8vcs8._.js:776
[  927842ms] [LOG] [Fast Refresh] done in 532ms @ http://localhost:3000/_next/static/chunks/node_modules_next_dist_1e8vcs8._.js:776
[  927904ms] [LOG] [Fast Refresh] done in 532ms @ http://localhost:3000/_next/static/chunks/node_modules_next_dist_1e8vcs8._.js:776
[  927966ms] [LOG] [Fast Refresh] done in 532ms @ http://localhost:3000/_next/static/chunks/node_modules_next_dist_1e8vcs8._.js:776
[  928027ms] [LOG] [Fast Refresh] done in 532ms @ http://localhost:3000/_next/static/chunks/node_modules_next_dist_1e8vcs8._.js:776
[  928090ms] [LOG] [Fast Refresh] done in 532ms @ http://localhost:3000/_next/static/chunks/node_modules_next_dist_1e8vcs8._.js:776
[  928151ms] [LOG] [Fast Refresh] done in 532ms @ http://localhost:3000/_next/static/chunks/node_modules_next_dist_1e8vcs8._.js:776
[  928212ms] [LOG] [Fast Refresh] done in 532ms @ http://localhost:3000/_next/static/chunks/node_modules_next_dist_1e8vcs8._.js:776
[  928275ms] [LOG] [Fast Refresh] done in 532ms @ http://localhost:3000/_next/static/chunks/node_modules_next_dist_1e8vcs8._.js:776
[  928337ms] [LOG] [Fast Refresh] done in 532ms @ http://localhost:3000/_next/static/chunks/node_modules_next_dist_1e8vcs8._.js:776
[  928399ms] [LOG] [Fast Refresh] done in 532ms @ http://localhost:3000/_next/static/chunks/node_modules_next_dist_1e8vcs8._.js:776
[  928461ms] [LOG] [Fast Refresh] done in 532ms @ http://localhost:3000/_next/static/chunks/node_modules_next_dist_1e8vcs8._.js:776
[  928522ms] [LOG] [Fast Refresh] done in 532ms @ http://localhost:3000/_next/static/chunks/node_modules_next_dist_1e8vcs8._.js:776
[  928585ms] [LOG] [Fast Refresh] done in 532ms @ http://localhost:3000/_next/static/chunks/node_modules_next_dist_1e8vcs8._.js:776
[  928647ms] [LOG] [Fast Refresh] done in 532ms @ http://localhost:3000/_next/static/chunks/node_modules_next_dist_1e8vcs8._.js:776
[  928710ms] [LOG] [Fast Refresh] done in 532ms @ http://localhost:3000/_next/static/chunks/node_modules_next_dist_1e8vcs8._.js:776
[  928773ms] [LOG] [Fast Refresh] done in 532ms @ http://localhost:3000/_next/static/chunks/node_modules_next_dist_1e8vcs8._.js:776
[  928834ms] [LOG] [Fast Refresh] done in 532ms @ http://localhost:3000/_next/static/chunks/node_modules_next_dist_1e8vcs8._.js:776
[  928897ms] [LOG] [Fast Refresh] done in 532ms @ http://localhost:3000/_next/static/chunks/node_modules_next_dist_1e8vcs8._.js:776
[  928960ms] [LOG] [Fast Refresh] done in 532ms @ http://localhost:3000/_next/static/chunks/node_modules_next_dist_1e8vcs8._.js:776
[  929023ms] [LOG] [Fast Refresh] done in 532ms @ http://localhost:3000/_next/static/chunks/node_modules_next_dist_1e8vcs8._.js:776
[  929085ms] [LOG] [Fast Refresh] done in 532ms @ http://localhost:3000/_next/static/chunks/node_modules_next_dist_1e8vcs8._.js:776
[  929147ms] [LOG] [Fast Refresh] done in 532ms @ http://localhost:3000/_next/static/chunks/node_modules_next_dist_1e8vcs8._.js:776
[  929210ms] [LOG] [Fast Refresh] done in 532ms @ http://localhost:3000/_next/static/chunks/node_modules_next_dist_1e8vcs8._.js:776
[  929273ms] [LOG] [Fast Refresh] done in 532ms @ http://localhost:3000/_next/static/chunks/node_modules_next_dist_1e8vcs8._.js:776
[  929335ms] [LOG] [Fast Refresh] done in 532ms @ http://localhost:3000/_next/static/chunks/node_modules_next_dist_1e8vcs8._.js:776
[  929397ms] [LOG] [Fast Refresh] done in 532ms @ http://localhost:3000/_next/static/chunks/node_modules_next_dist_1e8vcs8._.js:776
[  929460ms] [LOG] [Fast Refresh] done in 532ms @ http://localhost:3000/_next/static/chunks/node_modules_next_dist_1e8vcs8._.js:776
[  929522ms] [LOG] [Fast Refresh] done in 532ms @ http://localhost:3000/_next/static/chunks/node_modules_next_dist_1e8vcs8._.js:776
[  929584ms] [LOG] [Fast Refresh] done in 532ms @ http://localhost:3000/_next/static/chunks/node_modules_next_dist_1e8vcs8._.js:776
[  929647ms] [LOG] [Fast Refresh] done in 532ms @ http://localhost:3000/_next/static/chunks/node_modules_next_dist_1e8vcs8._.js:776
[  929709ms] [LOG] [Fast Refresh] done in 532ms @ http://localhost:3000/_next/static/chunks/node_modules_next_dist_1e8vcs8._.js:776
[  929772ms] [LOG] [Fast Refresh] done in 532ms @ http://localhost:3000/_next/static/chunks/node_modules_next_dist_1e8vcs8._.js:776
[  929834ms] [LOG] [Fast Refresh] done in 532ms @ http://localhost:3000/_next/static/chunks/node_modules_next_dist_1e8vcs8._.js:776
[  929896ms] [LOG] [Fast Refresh] done in 532ms @ http://localhost:3000/_next/static/chunks/node_modules_next_dist_1e8vcs8._.js:776
[  929958ms] [LOG] [Fast Refresh] done in 532ms @ http://localhost:3000/_next/static/chunks/node_modules_next_dist_1e8vcs8._.js:776
[  930020ms] [LOG] [Fast Refresh] done in 532ms @ http://localhost:3000/_next/static/chunks/node_modules_next_dist_1e8vcs8._.js:776
[  930082ms] [LOG] [Fast Refresh] done in 532ms @ http://localhost:3000/_next/static/chunks/node_modules_next_dist_1e8vcs8._.js:776
[  930147ms] [LOG] [Fast Refresh] done in 532ms @ http://localhost:3000/_next/static/chunks/node_modules_next_dist_1e8vcs8._.js:776
[  930207ms] [LOG] [Fast Refresh] done in 532ms @ http://localhost:3000/_next/static/chunks/node_modules_next_dist_1e8vcs8._.js:776
[  930268ms] [LOG] [Fast Refresh] done in 532ms @ http://localhost:3000/_next/static/chunks/node_modules_next_dist_1e8vcs8._.js:776
[  930330ms] [LOG] [Fast Refresh] done in 532ms @ http://localhost:3000/_next/static/chunks/node_modules_next_dist_1e8vcs8._.js:776
[  930392ms] [LOG] [Fast Refresh] done in 532ms @ http://localhost:3000/_next/static/chunks/node_modules_next_dist_1e8vcs8._.js:776
[  930456ms] [LOG] [Fast Refresh] done in 532ms @ http://localhost:3000/_next/static/chunks/node_modules_next_dist_1e8vcs8._.js:776
[  930519ms] [LOG] [Fast Refresh] done in 532ms @ http://localhost:3000/_next/static/chunks/node_modules_next_dist_1e8vcs8._.js:776
[  930581ms] [LOG] [Fast Refresh] done in 532ms @ http://localhost:3000/_next/static/chunks/node_modules_next_dist_1e8vcs8._.js:776
[  930643ms] [LOG] [Fast Refresh] done in 532ms @ http://localhost:3000/_next/static/chunks/node_modules_next_dist_1e8vcs8._.js:776
[  930705ms] [LOG] [Fast Refresh] done in 532ms @ http://localhost:3000/_next/static/chunks/node_modules_next_dist_1e8vcs8._.js:776
[  930767ms] [LOG] [Fast Refresh] done in 532ms @ http://localhost:3000/_next/static/chunks/node_modules_next_dist_1e8vcs8._.js:776
[  930830ms] [LOG] [Fast Refresh] done in 532ms @ http://localhost:3000/_next/static/chunks/node_modules_next_dist_1e8vcs8._.js:776
[  930893ms] [LOG] [Fast Refresh] done in 532ms @ http://localhost:3000/_next/static/chunks/node_modules_next_dist_1e8vcs8._.js:776
[  930956ms] [LOG] [Fast Refresh] done in 532ms @ http://localhost:3000/_next/static/chunks/node_modules_next_dist_1e8vcs8._.js:776
[  931018ms] [LOG] [Fast Refresh] done in 532ms @ http://localhost:3000/_next/static/chunks/node_modules_next_dist_1e8vcs8._.js:776
[  931080ms] [LOG] [Fast Refresh] done in 532ms @ http://localhost:3000/_next/static/chunks/node_modules_next_dist_1e8vcs8._.js:776
[  931143ms] [LOG] [Fast Refresh] done in 532ms @ http://localhost:3000/_next/static/chunks/node_modules_next_dist_1e8vcs8._.js:776
[  931205ms] [LOG] [Fast Refresh] done in 532ms @ http://localhost:3000/_next/static/chunks/node_modules_next_dist_1e8vcs8._.js:776
[  931268ms] [LOG] [Fast Refresh] done in 532ms @ http://localhost:3000/_next/static/chunks/node_modules_next_dist_1e8vcs8._.js:776
[  931329ms] [LOG] [Fast Refresh] done in 532ms @ http://localhost:3000/_next/static/chunks/node_modules_next_dist_1e8vcs8._.js:776
[  931393ms] [LOG] [Fast Refresh] done in 532ms @ http://localhost:3000/_next/static/chunks/node_modules_next_dist_1e8vcs8._.js:776
[  931456ms] [LOG] [Fast Refresh] done in 532ms @ http://localhost:3000/_next/static/chunks/node_modules_next_dist_1e8vcs8._.js:776
[  931518ms] [LOG] [Fast Refresh] done in 532ms @ http://localhost:3000/_next/static/chunks/node_modules_next_dist_1e8vcs8._.js:776
[  931579ms] [LOG] [Fast Refresh] done in 532ms @ http://localhost:3000/_next/static/chunks/node_modules_next_dist_1e8vcs8._.js:776
[  931642ms] [LOG] [Fast Refresh] done in 532ms @ http://localhost:3000/_next/static/chunks/node_modules_next_dist_1e8vcs8._.js:776
[  931704ms] [LOG] [Fast Refresh] done in 532ms @ http://localhost:3000/_next/static/chunks/node_modules_next_dist_1e8vcs8._.js:776
[  931767ms] [LOG] [Fast Refresh] done in 532ms @ http://localhost:3000/_next/static/chunks/node_modules_next_dist_1e8vcs8._.js:776
[  931830ms] [LOG] [Fast Refresh] done in 532ms @ http://localhost:3000/_next/static/chunks/node_modules_next_dist_1e8vcs8._.js:776
[  931891ms] [LOG] [Fast Refresh] done in 532ms @ http://localhost:3000/_next/static/chunks/node_modules_next_dist_1e8vcs8._.js:776
[  931954ms] [LOG] [Fast Refresh] done in 532ms @ http://localhost:3000/_next/static/chunks/node_modules_next_dist_1e8vcs8._.js:776
[  932016ms] [LOG] [Fast Refresh] done in 532ms @ http://localhost:3000/_next/static/chunks/node_modules_next_dist_1e8vcs8._.js:776
[  932079ms] [LOG] [Fast Refresh] done in 532ms @ http://localhost:3000/_next/static/chunks/node_modules_next_dist_1e8vcs8._.js:776
[  932141ms] [LOG] [Fast Refresh] done in 532ms @ http://localhost:3000/_next/static/chunks/node_modules_next_dist_1e8vcs8._.js:776
[  932204ms] [LOG] [Fast Refresh] done in 532ms @ http://localhost:3000/_next/static/chunks/node_modules_next_dist_1e8vcs8._.js:776
[  932266ms] [LOG] [Fast Refresh] done in 532ms @ http://localhost:3000/_next/static/chunks/node_modules_next_dist_1e8vcs8._.js:776
[  932330ms] [LOG] [Fast Refresh] done in 532ms @ http://localhost:3000/_next/static/chunks/node_modules_next_dist_1e8vcs8._.js:776
[  932393ms] [LOG] [Fast Refresh] done in 532ms @ http://localhost:3000/_next/static/chunks/node_modules_next_dist_1e8vcs8._.js:776
[  932455ms] [LOG] [Fast Refresh] done in 532ms @ http://localhost:3000/_next/static/chunks/node_modules_next_dist_1e8vcs8._.js:776
[  932516ms] [LOG] [Fast Refresh] done in 532ms @ http://localhost:3000/_next/static/chunks/node_modules_next_dist_1e8vcs8._.js:776
[  932578ms] [LOG] [Fast Refresh] done in 532ms @ http://localhost:3000/_next/static/chunks/node_modules_next_dist_1e8vcs8._.js:776
[  932641ms] [LOG] [Fast Refresh] done in 532ms @ http://localhost:3000/_next/static/chunks/node_modules_next_dist_1e8vcs8._.js:776
[  932702ms] [LOG] [Fast Refresh] done in 532ms @ http://localhost:3000/_next/static/chunks/node_modules_next_dist_1e8vcs8._.js:776
[  932766ms] [LOG] [Fast Refresh] done in 532ms @ http://localhost:3000/_next/static/chunks/node_modules_next_dist_1e8vcs8._.js:776
[  932827ms] [LOG] [Fast Refresh] done in 532ms @ http://localhost:3000/_next/static/chunks/node_modules_next_dist_1e8vcs8._.js:776
[  932890ms] [LOG] [Fast Refresh] done in 532ms @ http://localhost:3000/_next/static/chunks/node_modules_next_dist_1e8vcs8._.js:776
[  932952ms] [LOG] [Fast Refresh] done in 532ms @ http://localhost:3000/_next/static/chunks/node_modules_next_dist_1e8vcs8._.js:776
[  933013ms] [LOG] [Fast Refresh] done in 532ms @ http://localhost:3000/_next/static/chunks/node_modules_next_dist_1e8vcs8._.js:776
[  933075ms] [LOG] [Fast Refresh] done in 532ms @ http://localhost:3000/_next/static/chunks/node_modules_next_dist_1e8vcs8._.js:776
[  933138ms] [LOG] [Fast Refresh] done in 532ms @ http://localhost:3000/_next/static/chunks/node_modules_next_dist_1e8vcs8._.js:776
[  933201ms] [LOG] [Fast Refresh] done in 532ms @ http://localhost:3000/_next/static/chunks/node_modules_next_dist_1e8vcs8._.js:776
[  933262ms] [LOG] [Fast Refresh] done in 532ms @ http://localhost:3000/_next/static/chunks/node_modules_next_dist_1e8vcs8._.js:776
[  933324ms] [LOG] [Fast Refresh] done in 532ms @ http://localhost:3000/_next/static/chunks/node_modules_next_dist_1e8vcs8._.js:776
[  933388ms] [LOG] [Fast Refresh] done in 532ms @ http://localhost:3000/_next/static/chunks/node_modules_next_dist_1e8vcs8._.js:776
[  933450ms] [LOG] [Fast Refresh] done in 532ms @ http://localhost:3000/_next/static/chunks/node_modules_next_dist_1e8vcs8._.js:776
[  933513ms] [LOG] [Fast Refresh] done in 532ms @ http://localhost:3000/_next/static/chunks/node_modules_next_dist_1e8vcs8._.js:776
[  933576ms] [LOG] [Fast Refresh] done in 532ms @ http://localhost:3000/_next/static/chunks/node_modules_next_dist_1e8vcs8._.js:776
[  933638ms] [LOG] [Fast Refresh] done in 532ms @ http://localhost:3000/_next/static/chunks/node_modules_next_dist_1e8vcs8._.js:776
[  933699ms] [LOG] [Fast Refresh] done in 532ms @ http://localhost:3000/_next/static/chunks/node_modules_next_dist_1e8vcs8._.js:776
[  933762ms] [LOG] [Fast Refresh] done in 532ms @ http://localhost:3000/_next/static/chunks/node_modules_next_dist_1e8vcs8._.js:776
[  933825ms] [LOG] [Fast Refresh] done in 532ms @ http://localhost:3000/_next/static/chunks/node_modules_next_dist_1e8vcs8._.js:776
[  933887ms] [LOG] [Fast Refresh] done in 532ms @ http://localhost:3000/_next/static/chunks/node_modules_next_dist_1e8vcs8._.js:776
[  933950ms] [LOG] [Fast Refresh] done in 532ms @ http://localhost:3000/_next/static/chunks/node_modules_next_dist_1e8vcs8._.js:776
[  934013ms] [LOG] [Fast Refresh] done in 532ms @ http://localhost:3000/_next/static/chunks/node_modules_next_dist_1e8vcs8._.js:776
[  934074ms] [LOG] [Fast Refresh] done in 532ms @ http://localhost:3000/_next/static/chunks/node_modules_next_dist_1e8vcs8._.js:776
[  934137ms] [LOG] [Fast Refresh] done in 532ms @ http://localhost:3000/_next/static/chunks/node_modules_next_dist_1e8vcs8._.js:776
[  934201ms] [LOG] [Fast Refresh] done in 532ms @ http://localhost:3000/_next/static/chunks/node_modules_next_dist_1e8vcs8._.js:776
[  934263ms] [LOG] [Fast Refresh] done in 532ms @ http://localhost:3000/_next/static/chunks/node_modules_next_dist_1e8vcs8._.js:776
[  934325ms] [LOG] [Fast Refresh] done in 532ms @ http://localhost:3000/_next/static/chunks/node_modules_next_dist_1e8vcs8._.js:776
[  934387ms] [LOG] [Fast Refresh] done in 532ms @ http://localhost:3000/_next/static/chunks/node_modules_next_dist_1e8vcs8._.js:776
[  934450ms] [LOG] [Fast Refresh] done in 532ms @ http://localhost:3000/_next/static/chunks/node_modules_next_dist_1e8vcs8._.js:776
[  934514ms] [LOG] [Fast Refresh] done in 532ms @ http://localhost:3000/_next/static/chunks/node_modules_next_dist_1e8vcs8._.js:776
[  934575ms] [LOG] [Fast Refresh] done in 532ms @ http://localhost:3000/_next/static/chunks/node_modules_next_dist_1e8vcs8._.js:776
[  934638ms] [LOG] [Fast Refresh] done in 532ms @ http://localhost:3000/_next/static/chunks/node_modules_next_dist_1e8vcs8._.js:776
[  934701ms] [LOG] [Fast Refresh] done in 532ms @ http://localhost:3000/_next/static/chunks/node_modules_next_dist_1e8vcs8._.js:776
[  934763ms] [LOG] [Fast Refresh] done in 532ms @ http://localhost:3000/_next/static/chunks/node_modules_next_dist_1e8vcs8._.js:776
[  934825ms] [LOG] [Fast Refresh] done in 532ms @ http://localhost:3000/_next/static/chunks/node_modules_next_dist_1e8vcs8._.js:776
[  934887ms] [LOG] [Fast Refresh] done in 532ms @ http://localhost:3000/_next/static/chunks/node_modules_next_dist_1e8vcs8._.js:776
[  934950ms] [LOG] [Fast Refresh] done in 532ms @ http://localhost:3000/_next/static/chunks/node_modules_next_dist_1e8vcs8._.js:776
[  935014ms] [LOG] [Fast Refresh] done in 532ms @ http://localhost:3000/_next/static/chunks/node_modules_next_dist_1e8vcs8._.js:776
[  935076ms] [LOG] [Fast Refresh] done in 532ms @ http://localhost:3000/_next/static/chunks/node_modules_next_dist_1e8vcs8._.js:776
[  935139ms] [LOG] [Fast Refresh] done in 532ms @ http://localhost:3000/_next/static/chunks/node_modules_next_dist_1e8vcs8._.js:776
[  935202ms] [LOG] [Fast Refresh] done in 532ms @ http://localhost:3000/_next/static/chunks/node_modules_next_dist_1e8vcs8._.js:776
[  935265ms] [LOG] [Fast Refresh] done in 532ms @ http://localhost:3000/_next/static/chunks/node_modules_next_dist_1e8vcs8._.js:776
[  935328ms] [LOG] [Fast Refresh] done in 532ms @ http://localhost:3000/_next/static/chunks/node_modules_next_dist_1e8vcs8._.js:776
[  935390ms] [LOG] [Fast Refresh] done in 532ms @ http://localhost:3000/_next/static/chunks/node_modules_next_dist_1e8vcs8._.js:776
[  935453ms] [LOG] [Fast Refresh] done in 532ms @ http://localhost:3000/_next/static/chunks/node_modules_next_dist_1e8vcs8._.js:776
[  935515ms] [LOG] [Fast Refresh] done in 532ms @ http://localhost:3000/_next/static/chunks/node_modules_next_dist_1e8vcs8._.js:776
[  935577ms] [LOG] [Fast Refresh] done in 532ms @ http://localhost:3000/_next/static/chunks/node_modules_next_dist_1e8vcs8._.js:776
[  935640ms] [LOG] [Fast Refresh] done in 532ms @ http://localhost:3000/_next/static/chunks/node_modules_next_dist_1e8vcs8._.js:776
[  935702ms] [LOG] [Fast Refresh] done in 532ms @ http://localhost:3000/_next/static/chunks/node_modules_next_dist_1e8vcs8._.js:776
[  935764ms] [LOG] [Fast Refresh] done in 532ms @ http://localhost:3000/_next/static/chunks/node_modules_next_dist_1e8vcs8._.js:776
[  935827ms] [LOG] [Fast Refresh] done in 532ms @ http://localhost:3000/_next/static/chunks/node_modules_next_dist_1e8vcs8._.js:776
[  935889ms] [LOG] [Fast Refresh] done in 532ms @ http://localhost:3000/_next/static/chunks/node_modules_next_dist_1e8vcs8._.js:776
[  935951ms] [LOG] [Fast Refresh] done in 532ms @ http://localhost:3000/_next/static/chunks/node_modules_next_dist_1e8vcs8._.js:776
[  936013ms] [LOG] [Fast Refresh] done in 532ms @ http://localhost:3000/_next/static/chunks/node_modules_next_dist_1e8vcs8._.js:776
[  936077ms] [LOG] [Fast Refresh] done in 532ms @ http://localhost:3000/_next/static/chunks/node_modules_next_dist_1e8vcs8._.js:776
[  936139ms] [LOG] [Fast Refresh] done in 532ms @ http://localhost:3000/_next/static/chunks/node_modules_next_dist_1e8vcs8._.js:776
[  936201ms] [LOG] [Fast Refresh] done in 532ms @ http://localhost:3000/_next/static/chunks/node_modules_next_dist_1e8vcs8._.js:776
[  936264ms] [LOG] [Fast Refresh] done in 532ms @ http://localhost:3000/_next/static/chunks/node_modules_next_dist_1e8vcs8._.js:776
[  936328ms] [LOG] [Fast Refresh] done in 532ms @ http://localhost:3000/_next/static/chunks/node_modules_next_dist_1e8vcs8._.js:776
[  936392ms] [LOG] [Fast Refresh] done in 532ms @ http://localhost:3000/_next/static/chunks/node_modules_next_dist_1e8vcs8._.js:776
[  936455ms] [LOG] [Fast Refresh] done in 532ms @ http://localhost:3000/_next/static/chunks/node_modules_next_dist_1e8vcs8._.js:776
[  936517ms] [LOG] [Fast Refresh] done in 532ms @ http://localhost:3000/_next/static/chunks/node_modules_next_dist_1e8vcs8._.js:776
[  936580ms] [LOG] [Fast Refresh] done in 532ms @ http://localhost:3000/_next/static/chunks/node_modules_next_dist_1e8vcs8._.js:776
[  936642ms] [LOG] [Fast Refresh] done in 532ms @ http://localhost:3000/_next/static/chunks/node_modules_next_dist_1e8vcs8._.js:776
[  936706ms] [LOG] [Fast Refresh] done in 532ms @ http://localhost:3000/_next/static/chunks/node_modules_next_dist_1e8vcs8._.js:776
[  936767ms] [LOG] [Fast Refresh] done in 532ms @ http://localhost:3000/_next/static/chunks/node_modules_next_dist_1e8vcs8._.js:776
[  936829ms] [LOG] [Fast Refresh] done in 532ms @ http://localhost:3000/_next/static/chunks/node_modules_next_dist_1e8vcs8._.js:776
[  936892ms] [LOG] [Fast Refresh] done in 532ms @ http://localhost:3000/_next/static/chunks/node_modules_next_dist_1e8vcs8._.js:776
[  936955ms] [LOG] [Fast Refresh] done in 532ms @ http://localhost:3000/_next/static/chunks/node_modules_next_dist_1e8vcs8._.js:776
[  937017ms] [LOG] [Fast Refresh] done in 532ms @ http://localhost:3000/_next/static/chunks/node_modules_next_dist_1e8vcs8._.js:776
[  937079ms] [LOG] [Fast Refresh] done in 532ms @ http://localhost:3000/_next/static/chunks/node_modules_next_dist_1e8vcs8._.js:776
[  937141ms] [LOG] [Fast Refresh] done in 532ms @ http://localhost:3000/_next/static/chunks/node_modules_next_dist_1e8vcs8._.js:776
[  937203ms] [LOG] [Fast Refresh] done in 532ms @ http://localhost:3000/_next/static/chunks/node_modules_next_dist_1e8vcs8._.js:776
[  937264ms] [LOG] [Fast Refresh] done in 532ms @ http://localhost:3000/_next/static/chunks/node_modules_next_dist_1e8vcs8._.js:776
[  937328ms] [LOG] [Fast Refresh] done in 532ms @ http://localhost:3000/_next/static/chunks/node_modules_next_dist_1e8vcs8._.js:776
[  937389ms] [LOG] [Fast Refresh] done in 532ms @ http://localhost:3000/_next/static/chunks/node_modules_next_dist_1e8vcs8._.js:776
[  937454ms] [LOG] [Fast Refresh] done in 532ms @ http://localhost:3000/_next/static/chunks/node_modules_next_dist_1e8vcs8._.js:776
[  937516ms] [LOG] [Fast Refresh] done in 532ms @ http://localhost:3000/_next/static/chunks/node_modules_next_dist_1e8vcs8._.js:776
[  937578ms] [LOG] [Fast Refresh] done in 532ms @ http://localhost:3000/_next/static/chunks/node_modules_next_dist_1e8vcs8._.js:776
[  937640ms] [LOG] [Fast Refresh] done in 532ms @ http://localhost:3000/_next/static/chunks/node_modules_next_dist_1e8vcs8._.js:776
[  937702ms] [LOG] [Fast Refresh] done in 532ms @ http://localhost:3000/_next/static/chunks/node_modules_next_dist_1e8vcs8._.js:776
[  937766ms] [LOG] [Fast Refresh] done in 532ms @ http://localhost:3000/_next/static/chunks/node_modules_next_dist_1e8vcs8._.js:776
[  937827ms] [LOG] [Fast Refresh] done in 532ms @ http://localhost:3000/_next/static/chunks/node_modules_next_dist_1e8vcs8._.js:776
[  937890ms] [LOG] [Fast Refresh] done in 532ms @ http://localhost:3000/_next/static/chunks/node_modules_next_dist_1e8vcs8._.js:776
[  937953ms] [LOG] [Fast Refresh] done in 532ms @ http://localhost:3000/_next/static/chunks/node_modules_next_dist_1e8vcs8._.js:776
[  938014ms] [LOG] [Fast Refresh] done in 532ms @ http://localhost:3000/_next/static/chunks/node_modules_next_dist_1e8vcs8._.js:776
[  938078ms] [LOG] [Fast Refresh] done in 532ms @ http://localhost:3000/_next/static/chunks/node_modules_next_dist_1e8vcs8._.js:776
[  938140ms] [LOG] [Fast Refresh] done in 532ms @ http://localhost:3000/_next/static/chunks/node_modules_next_dist_1e8vcs8._.js:776
[  938202ms] [LOG] [Fast Refresh] done in 532ms @ http://localhost:3000/_next/static/chunks/node_modules_next_dist_1e8vcs8._.js:776
[  938265ms] [LOG] [Fast Refresh] done in 532ms @ http://localhost:3000/_next/static/chunks/node_modules_next_dist_1e8vcs8._.js:776
[  938328ms] [LOG] [Fast Refresh] done in 532ms @ http://localhost:3000/_next/static/chunks/node_modules_next_dist_1e8vcs8._.js:776
[  938392ms] [LOG] [Fast Refresh] done in 532ms @ http://localhost:3000/_next/static/chunks/node_modules_next_dist_1e8vcs8._.js:776
[  938456ms] [LOG] [Fast Refresh] done in 532ms @ http://localhost:3000/_next/static/chunks/node_modules_next_dist_1e8vcs8._.js:776
[  938627ms] [LOG] [Fast Refresh] done in 532ms @ http://localhost:3000/_next/static/chunks/node_modules_next_dist_1e8vcs8._.js:776
[  938690ms] [LOG] [Fast Refresh] done in 532ms @ http://localhost:3000/_next/static/chunks/node_modules_next_dist_1e8vcs8._.js:776
[  938753ms] [LOG] [Fast Refresh] done in 532ms @ http://localhost:3000/_next/static/chunks/node_modules_next_dist_1e8vcs8._.js:776
[  938815ms] [LOG] [Fast Refresh] done in 532ms @ http://localhost:3000/_next/static/chunks/node_modules_next_dist_1e8vcs8._.js:776
[  938877ms] [LOG] [Fast Refresh] done in 532ms @ http://localhost:3000/_next/static/chunks/node_modules_next_dist_1e8vcs8._.js:776
[  938939ms] [LOG] [Fast Refresh] done in 532ms @ http://localhost:3000/_next/static/chunks/node_modules_next_dist_1e8vcs8._.js:776
[  939001ms] [LOG] [Fast Refresh] done in 532ms @ http://localhost:3000/_next/static/chunks/node_modules_next_dist_1e8vcs8._.js:776
[  939062ms] [LOG] [Fast Refresh] done in 532ms @ http://localhost:3000/_next/static/chunks/node_modules_next_dist_1e8vcs8._.js:776
[  939126ms] [LOG] [Fast Refresh] done in 532ms @ http://localhost:3000/_next/static/chunks/node_modules_next_dist_1e8vcs8._.js:776
[  939188ms] [LOG] [Fast Refresh] done in 532ms @ http://localhost:3000/_next/static/chunks/node_modules_next_dist_1e8vcs8._.js:776
[  939249ms] [LOG] [Fast Refresh] done in 532ms @ http://localhost:3000/_next/static/chunks/node_modules_next_dist_1e8vcs8._.js:776
[  939311ms] [LOG] [Fast Refresh] done in 532ms @ http://localhost:3000/_next/static/chunks/node_modules_next_dist_1e8vcs8._.js:776
[  939374ms] [LOG] [Fast Refresh] done in 532ms @ http://localhost:3000/_next/static/chunks/node_modules_next_dist_1e8vcs8._.js:776
[  939436ms] [LOG] [Fast Refresh] done in 532ms @ http://localhost:3000/_next/static/chunks/node_modules_next_dist_1e8vcs8._.js:776
[  939498ms] [LOG] [Fast Refresh] done in 532ms @ http://localhost:3000/_next/static/chunks/node_modules_next_dist_1e8vcs8._.js:776
[  939559ms] [LOG] [Fast Refresh] done in 532ms @ http://localhost:3000/_next/static/chunks/node_modules_next_dist_1e8vcs8._.js:776
[  939621ms] [LOG] [Fast Refresh] done in 532ms @ http://localhost:3000/_next/static/chunks/node_modules_next_dist_1e8vcs8._.js:776
[  939683ms] [LOG] [Fast Refresh] done in 532ms @ http://localhost:3000/_next/static/chunks/node_modules_next_dist_1e8vcs8._.js:776
[  939744ms] [LOG] [Fast Refresh] done in 532ms @ http://localhost:3000/_next/static/chunks/node_modules_next_dist_1e8vcs8._.js:776
[  939805ms] [LOG] [Fast Refresh] done in 532ms @ http://localhost:3000/_next/static/chunks/node_modules_next_dist_1e8vcs8._.js:776
[  939867ms] [LOG] [Fast Refresh] done in 532ms @ http://localhost:3000/_next/static/chunks/node_modules_next_dist_1e8vcs8._.js:776
[  939928ms] [LOG] [Fast Refresh] done in 532ms @ http://localhost:3000/_next/static/chunks/node_modules_next_dist_1e8vcs8._.js:776
[  939991ms] [LOG] [Fast Refresh] done in 532ms @ http://localhost:3000/_next/static/chunks/node_modules_next_dist_1e8vcs8._.js:776
[  940052ms] [LOG] [Fast Refresh] done in 532ms @ http://localhost:3000/_next/static/chunks/node_modules_next_dist_1e8vcs8._.js:776
[  940115ms] [LOG] [Fast Refresh] done in 532ms @ http://localhost:3000/_next/static/chunks/node_modules_next_dist_1e8vcs8._.js:776
[  940178ms] [LOG] [Fast Refresh] done in 532ms @ http://localhost:3000/_next/static/chunks/node_modules_next_dist_1e8vcs8._.js:776
[  940240ms] [LOG] [Fast Refresh] done in 532ms @ http://localhost:3000/_next/static/chunks/node_modules_next_dist_1e8vcs8._.js:776
[  940303ms] [LOG] [Fast Refresh] done in 532ms @ http://localhost:3000/_next/static/chunks/node_modules_next_dist_1e8vcs8._.js:776
[  940364ms] [LOG] [Fast Refresh] done in 532ms @ http://localhost:3000/_next/static/chunks/node_modules_next_dist_1e8vcs8._.js:776
[  940427ms] [LOG] [Fast Refresh] done in 532ms @ http://localhost:3000/_next/static/chunks/node_modules_next_dist_1e8vcs8._.js:776
[  940491ms] [LOG] [Fast Refresh] done in 532ms @ http://localhost:3000/_next/static/chunks/node_modules_next_dist_1e8vcs8._.js:776
[  940554ms] [LOG] [Fast Refresh] done in 532ms @ http://localhost:3000/_next/static/chunks/node_modules_next_dist_1e8vcs8._.js:776
[  940614ms] [LOG] [Fast Refresh] done in 532ms @ http://localhost:3000/_next/static/chunks/node_modules_next_dist_1e8vcs8._.js:776
[  940678ms] [LOG] [Fast Refresh] done in 532ms @ http://localhost:3000/_next/static/chunks/node_modules_next_dist_1e8vcs8._.js:776
[  940739ms] [LOG] [Fast Refresh] done in 532ms @ http://localhost:3000/_next/static/chunks/node_modules_next_dist_1e8vcs8._.js:776
[  940801ms] [LOG] [Fast Refresh] done in 532ms @ http://localhost:3000/_next/static/chunks/node_modules_next_dist_1e8vcs8._.js:776
[  940864ms] [LOG] [Fast Refresh] done in 532ms @ http://localhost:3000/_next/static/chunks/node_modules_next_dist_1e8vcs8._.js:776
[  940926ms] [LOG] [Fast Refresh] done in 532ms @ http://localhost:3000/_next/static/chunks/node_modules_next_dist_1e8vcs8._.js:776
[  940989ms] [LOG] [Fast Refresh] done in 532ms @ http://localhost:3000/_next/static/chunks/node_modules_next_dist_1e8vcs8._.js:776
[  941051ms] [LOG] [Fast Refresh] done in 532ms @ http://localhost:3000/_next/static/chunks/node_modules_next_dist_1e8vcs8._.js:776
[  941113ms] [LOG] [Fast Refresh] done in 532ms @ http://localhost:3000/_next/static/chunks/node_modules_next_dist_1e8vcs8._.js:776
[  941174ms] [LOG] [Fast Refresh] done in 532ms @ http://localhost:3000/_next/static/chunks/node_modules_next_dist_1e8vcs8._.js:776
[  941235ms] [LOG] [Fast Refresh] done in 532ms @ http://localhost:3000/_next/static/chunks/node_modules_next_dist_1e8vcs8._.js:776
[  941298ms] [LOG] [Fast Refresh] done in 532ms @ http://localhost:3000/_next/static/chunks/node_modules_next_dist_1e8vcs8._.js:776
[  941360ms] [LOG] [Fast Refresh] done in 532ms @ http://localhost:3000/_next/static/chunks/node_modules_next_dist_1e8vcs8._.js:776
[  941424ms] [LOG] [Fast Refresh] done in 532ms @ http://localhost:3000/_next/static/chunks/node_modules_next_dist_1e8vcs8._.js:776
[  941485ms] [LOG] [Fast Refresh] done in 532ms @ http://localhost:3000/_next/static/chunks/node_modules_next_dist_1e8vcs8._.js:776
[  941547ms] [LOG] [Fast Refresh] done in 532ms @ http://localhost:3000/_next/static/chunks/node_modules_next_dist_1e8vcs8._.js:776
[  941610ms] [LOG] [Fast Refresh] done in 532ms @ http://localhost:3000/_next/static/chunks/node_modules_next_dist_1e8vcs8._.js:776
[  941671ms] [LOG] [Fast Refresh] done in 532ms @ http://localhost:3000/_next/static/chunks/node_modules_next_dist_1e8vcs8._.js:776
[  941734ms] [LOG] [Fast Refresh] done in 532ms @ http://localhost:3000/_next/static/chunks/node_modules_next_dist_1e8vcs8._.js:776
[  941795ms] [LOG] [Fast Refresh] done in 532ms @ http://localhost:3000/_next/static/chunks/node_modules_next_dist_1e8vcs8._.js:776
[  941859ms] [LOG] [Fast Refresh] done in 532ms @ http://localhost:3000/_next/static/chunks/node_modules_next_dist_1e8vcs8._.js:776
[  941923ms] [LOG] [Fast Refresh] done in 532ms @ http://localhost:3000/_next/static/chunks/node_modules_next_dist_1e8vcs8._.js:776
[  941985ms] [LOG] [Fast Refresh] done in 532ms @ http://localhost:3000/_next/static/chunks/node_modules_next_dist_1e8vcs8._.js:776
[  942047ms] [LOG] [Fast Refresh] done in 532ms @ http://localhost:3000/_next/static/chunks/node_modules_next_dist_1e8vcs8._.js:776
[  942110ms] [LOG] [Fast Refresh] done in 532ms @ http://localhost:3000/_next/static/chunks/node_modules_next_dist_1e8vcs8._.js:776
[  942172ms] [LOG] [Fast Refresh] done in 532ms @ http://localhost:3000/_next/static/chunks/node_modules_next_dist_1e8vcs8._.js:776
[  942234ms] [LOG] [Fast Refresh] done in 532ms @ http://localhost:3000/_next/static/chunks/node_modules_next_dist_1e8vcs8._.js:776
[  942296ms] [LOG] [Fast Refresh] done in 532ms @ http://localhost:3000/_next/static/chunks/node_modules_next_dist_1e8vcs8._.js:776
[  942357ms] [LOG] [Fast Refresh] done in 532ms @ http://localhost:3000/_next/static/chunks/node_modules_next_dist_1e8vcs8._.js:776
[  942420ms] [LOG] [Fast Refresh] done in 532ms @ http://localhost:3000/_next/static/chunks/node_modules_next_dist_1e8vcs8._.js:776
[  942483ms] [LOG] [Fast Refresh] done in 532ms @ http://localhost:3000/_next/static/chunks/node_modules_next_dist_1e8vcs8._.js:776
[  942545ms] [LOG] [Fast Refresh] done in 532ms @ http://localhost:3000/_next/static/chunks/node_modules_next_dist_1e8vcs8._.js:776
[  942608ms] [LOG] [Fast Refresh] done in 532ms @ http://localhost:3000/_next/static/chunks/node_modules_next_dist_1e8vcs8._.js:776
[  942670ms] [LOG] [Fast Refresh] done in 532ms @ http://localhost:3000/_next/static/chunks/node_modules_next_dist_1e8vcs8._.js:776
[  942731ms] [LOG] [Fast Refresh] done in 532ms @ http://localhost:3000/_next/static/chunks/node_modules_next_dist_1e8vcs8._.js:776
[  942794ms] [LOG] [Fast Refresh] done in 532ms @ http://localhost:3000/_next/static/chunks/node_modules_next_dist_1e8vcs8._.js:776
[  942856ms] [LOG] [Fast Refresh] done in 532ms @ http://localhost:3000/_next/static/chunks/node_modules_next_dist_1e8vcs8._.js:776
[  942919ms] [LOG] [Fast Refresh] done in 532ms @ http://localhost:3000/_next/static/chunks/node_modules_next_dist_1e8vcs8._.js:776
[  942982ms] [LOG] [Fast Refresh] done in 532ms @ http://localhost:3000/_next/static/chunks/node_modules_next_dist_1e8vcs8._.js:776
[  943045ms] [LOG] [Fast Refresh] done in 532ms @ http://localhost:3000/_next/static/chunks/node_modules_next_dist_1e8vcs8._.js:776
[  943108ms] [LOG] [Fast Refresh] done in 532ms @ http://localhost:3000/_next/static/chunks/node_modules_next_dist_1e8vcs8._.js:776
[  943170ms] [LOG] [Fast Refresh] done in 532ms @ http://localhost:3000/_next/static/chunks/node_modules_next_dist_1e8vcs8._.js:776
[  943232ms] [LOG] [Fast Refresh] done in 532ms @ http://localhost:3000/_next/static/chunks/node_modules_next_dist_1e8vcs8._.js:776
[  943293ms] [LOG] [Fast Refresh] done in 532ms @ http://localhost:3000/_next/static/chunks/node_modules_next_dist_1e8vcs8._.js:776
[  943355ms] [LOG] [Fast Refresh] done in 532ms @ http://localhost:3000/_next/static/chunks/node_modules_next_dist_1e8vcs8._.js:776
[  943417ms] [LOG] [Fast Refresh] done in 532ms @ http://localhost:3000/_next/static/chunks/node_modules_next_dist_1e8vcs8._.js:776
[  943480ms] [LOG] [Fast Refresh] done in 532ms @ http://localhost:3000/_next/static/chunks/node_modules_next_dist_1e8vcs8._.js:776
[  943542ms] [LOG] [Fast Refresh] done in 532ms @ http://localhost:3000/_next/static/chunks/node_modules_next_dist_1e8vcs8._.js:776
[  943605ms] [LOG] [Fast Refresh] done in 532ms @ http://localhost:3000/_next/static/chunks/node_modules_next_dist_1e8vcs8._.js:776
[  943667ms] [LOG] [Fast Refresh] done in 532ms @ http://localhost:3000/_next/static/chunks/node_modules_next_dist_1e8vcs8._.js:776
[  943729ms] [LOG] [Fast Refresh] done in 532ms @ http://localhost:3000/_next/static/chunks/node_modules_next_dist_1e8vcs8._.js:776
[  943792ms] [LOG] [Fast Refresh] done in 532ms @ http://localhost:3000/_next/static/chunks/node_modules_next_dist_1e8vcs8._.js:776
[  943854ms] [LOG] [Fast Refresh] done in 532ms @ http://localhost:3000/_next/static/chunks/node_modules_next_dist_1e8vcs8._.js:776
[  943917ms] [LOG] [Fast Refresh] done in 532ms @ http://localhost:3000/_next/static/chunks/node_modules_next_dist_1e8vcs8._.js:776
[  943979ms] [LOG] [Fast Refresh] done in 532ms @ http://localhost:3000/_next/static/chunks/node_modules_next_dist_1e8vcs8._.js:776
[  944042ms] [LOG] [Fast Refresh] done in 532ms @ http://localhost:3000/_next/static/chunks/node_modules_next_dist_1e8vcs8._.js:776
[  944105ms] [LOG] [Fast Refresh] done in 532ms @ http://localhost:3000/_next/static/chunks/node_modules_next_dist_1e8vcs8._.js:776
[  944167ms] [LOG] [Fast Refresh] done in 532ms @ http://localhost:3000/_next/static/chunks/node_modules_next_dist_1e8vcs8._.js:776
[  944230ms] [LOG] [Fast Refresh] done in 532ms @ http://localhost:3000/_next/static/chunks/node_modules_next_dist_1e8vcs8._.js:776
[  944294ms] [LOG] [Fast Refresh] done in 532ms @ http://localhost:3000/_next/static/chunks/node_modules_next_dist_1e8vcs8._.js:776
[  944356ms] [LOG] [Fast Refresh] done in 532ms @ http://localhost:3000/_next/static/chunks/node_modules_next_dist_1e8vcs8._.js:776
[  944419ms] [LOG] [Fast Refresh] done in 532ms @ http://localhost:3000/_next/static/chunks/node_modules_next_dist_1e8vcs8._.js:776
[  944481ms] [LOG] [Fast Refresh] done in 532ms @ http://localhost:3000/_next/static/chunks/node_modules_next_dist_1e8vcs8._.js:776
[  944544ms] [LOG] [Fast Refresh] done in 532ms @ http://localhost:3000/_next/static/chunks/node_modules_next_dist_1e8vcs8._.js:776
[  944606ms] [LOG] [Fast Refresh] done in 532ms @ http://localhost:3000/_next/static/chunks/node_modules_next_dist_1e8vcs8._.js:776
[  944668ms] [LOG] [Fast Refresh] done in 532ms @ http://localhost:3000/_next/static/chunks/node_modules_next_dist_1e8vcs8._.js:776
[  944730ms] [LOG] [Fast Refresh] done in 532ms @ http://localhost:3000/_next/static/chunks/node_modules_next_dist_1e8vcs8._.js:776
[  944793ms] [LOG] [Fast Refresh] done in 532ms @ http://localhost:3000/_next/static/chunks/node_modules_next_dist_1e8vcs8._.js:776
[  944856ms] [LOG] [Fast Refresh] done in 532ms @ http://localhost:3000/_next/static/chunks/node_modules_next_dist_1e8vcs8._.js:776
[  944918ms] [LOG] [Fast Refresh] done in 532ms @ http://localhost:3000/_next/static/chunks/node_modules_next_dist_1e8vcs8._.js:776
[  944980ms] [LOG] [Fast Refresh] done in 532ms @ http://localhost:3000/_next/static/chunks/node_modules_next_dist_1e8vcs8._.js:776
[  945042ms] [LOG] [Fast Refresh] done in 532ms @ http://localhost:3000/_next/static/chunks/node_modules_next_dist_1e8vcs8._.js:776
[  945103ms] [LOG] [Fast Refresh] done in 532ms @ http://localhost:3000/_next/static/chunks/node_modules_next_dist_1e8vcs8._.js:776
[  945166ms] [LOG] [Fast Refresh] done in 532ms @ http://localhost:3000/_next/static/chunks/node_modules_next_dist_1e8vcs8._.js:776
[  945228ms] [LOG] [Fast Refresh] done in 532ms @ http://localhost:3000/_next/static/chunks/node_modules_next_dist_1e8vcs8._.js:776
[  945290ms] [LOG] [Fast Refresh] done in 532ms @ http://localhost:3000/_next/static/chunks/node_modules_next_dist_1e8vcs8._.js:776
[  945353ms] [LOG] [Fast Refresh] done in 532ms @ http://localhost:3000/_next/static/chunks/node_modules_next_dist_1e8vcs8._.js:776
[  945416ms] [LOG] [Fast Refresh] done in 532ms @ http://localhost:3000/_next/static/chunks/node_modules_next_dist_1e8vcs8._.js:776
[  945478ms] [LOG] [Fast Refresh] done in 532ms @ http://localhost:3000/_next/static/chunks/node_modules_next_dist_1e8vcs8._.js:776
[  945540ms] [LOG] [Fast Refresh] done in 532ms @ http://localhost:3000/_next/static/chunks/node_modules_next_dist_1e8vcs8._.js:776
[  945601ms] [LOG] [Fast Refresh] done in 532ms @ http://localhost:3000/_next/static/chunks/node_modules_next_dist_1e8vcs8._.js:776
[  945664ms] [LOG] [Fast Refresh] done in 532ms @ http://localhost:3000/_next/static/chunks/node_modules_next_dist_1e8vcs8._.js:776
[  945726ms] [LOG] [Fast Refresh] done in 532ms @ http://localhost:3000/_next/static/chunks/node_modules_next_dist_1e8vcs8._.js:776
[  945789ms] [LOG] [Fast Refresh] done in 532ms @ http://localhost:3000/_next/static/chunks/node_modules_next_dist_1e8vcs8._.js:776
[  945850ms] [LOG] [Fast Refresh] done in 532ms @ http://localhost:3000/_next/static/chunks/node_modules_next_dist_1e8vcs8._.js:776
[  945912ms] [LOG] [Fast Refresh] done in 532ms @ http://localhost:3000/_next/static/chunks/node_modules_next_dist_1e8vcs8._.js:776
[  945977ms] [LOG] [Fast Refresh] done in 532ms @ http://localhost:3000/_next/static/chunks/node_modules_next_dist_1e8vcs8._.js:776
[  946039ms] [LOG] [Fast Refresh] done in 532ms @ http://localhost:3000/_next/static/chunks/node_modules_next_dist_1e8vcs8._.js:776
[  946101ms] [LOG] [Fast Refresh] done in 532ms @ http://localhost:3000/_next/static/chunks/node_modules_next_dist_1e8vcs8._.js:776
[  946163ms] [LOG] [Fast Refresh] done in 532ms @ http://localhost:3000/_next/static/chunks/node_modules_next_dist_1e8vcs8._.js:776
[  946227ms] [LOG] [Fast Refresh] done in 532ms @ http://localhost:3000/_next/static/chunks/node_modules_next_dist_1e8vcs8._.js:776
[  946289ms] [LOG] [Fast Refresh] done in 532ms @ http://localhost:3000/_next/static/chunks/node_modules_next_dist_1e8vcs8._.js:776
[  946352ms] [LOG] [Fast Refresh] done in 532ms @ http://localhost:3000/_next/static/chunks/node_modules_next_dist_1e8vcs8._.js:776
[  946415ms] [LOG] [Fast Refresh] done in 532ms @ http://localhost:3000/_next/static/chunks/node_modules_next_dist_1e8vcs8._.js:776
[  946477ms] [LOG] [Fast Refresh] done in 532ms @ http://localhost:3000/_next/static/chunks/node_modules_next_dist_1e8vcs8._.js:776
[  946539ms] [LOG] [Fast Refresh] done in 532ms @ http://localhost:3000/_next/static/chunks/node_modules_next_dist_1e8vcs8._.js:776
[  946601ms] [LOG] [Fast Refresh] done in 532ms @ http://localhost:3000/_next/static/chunks/node_modules_next_dist_1e8vcs8._.js:776
[  946664ms] [LOG] [Fast Refresh] done in 532ms @ http://localhost:3000/_next/static/chunks/node_modules_next_dist_1e8vcs8._.js:776
[  946726ms] [LOG] [Fast Refresh] done in 532ms @ http://localhost:3000/_next/static/chunks/node_modules_next_dist_1e8vcs8._.js:776
[  946788ms] [LOG] [Fast Refresh] done in 532ms @ http://localhost:3000/_next/static/chunks/node_modules_next_dist_1e8vcs8._.js:776
[  946850ms] [LOG] [Fast Refresh] done in 532ms @ http://localhost:3000/_next/static/chunks/node_modules_next_dist_1e8vcs8._.js:776
[  946914ms] [LOG] [Fast Refresh] done in 532ms @ http://localhost:3000/_next/static/chunks/node_modules_next_dist_1e8vcs8._.js:776
[  946977ms] [LOG] [Fast Refresh] done in 532ms @ http://localhost:3000/_next/static/chunks/node_modules_next_dist_1e8vcs8._.js:776
[  947041ms] [LOG] [Fast Refresh] done in 532ms @ http://localhost:3000/_next/static/chunks/node_modules_next_dist_1e8vcs8._.js:776
[  947104ms] [LOG] [Fast Refresh] done in 532ms @ http://localhost:3000/_next/static/chunks/node_modules_next_dist_1e8vcs8._.js:776
[  947167ms] [LOG] [Fast Refresh] done in 532ms @ http://localhost:3000/_next/static/chunks/node_modules_next_dist_1e8vcs8._.js:776
[  947228ms] [LOG] [Fast Refresh] done in 532ms @ http://localhost:3000/_next/static/chunks/node_modules_next_dist_1e8vcs8._.js:776
[  947290ms] [LOG] [Fast Refresh] done in 532ms @ http://localhost:3000/_next/static/chunks/node_modules_next_dist_1e8vcs8._.js:776
[  947352ms] [LOG] [Fast Refresh] done in 532ms @ http://localhost:3000/_next/static/chunks/node_modules_next_dist_1e8vcs8._.js:776
[  947414ms] [LOG] [Fast Refresh] done in 532ms @ http://localhost:3000/_next/static/chunks/node_modules_next_dist_1e8vcs8._.js:776
[  947476ms] [LOG] [Fast Refresh] done in 532ms @ http://localhost:3000/_next/static/chunks/node_modules_next_dist_1e8vcs8._.js:776
[  947538ms] [LOG] [Fast Refresh] done in 532ms @ http://localhost:3000/_next/static/chunks/node_modules_next_dist_1e8vcs8._.js:776
[  947600ms] [LOG] [Fast Refresh] done in 532ms @ http://localhost:3000/_next/static/chunks/node_modules_next_dist_1e8vcs8._.js:776
[  947662ms] [LOG] [Fast Refresh] done in 532ms @ http://localhost:3000/_next/static/chunks/node_modules_next_dist_1e8vcs8._.js:776
[  947724ms] [LOG] [Fast Refresh] done in 532ms @ http://localhost:3000/_next/static/chunks/node_modules_next_dist_1e8vcs8._.js:776
[  947788ms] [LOG] [Fast Refresh] done in 532ms @ http://localhost:3000/_next/static/chunks/node_modules_next_dist_1e8vcs8._.js:776
[  947850ms] [LOG] [Fast Refresh] done in 532ms @ http://localhost:3000/_next/static/chunks/node_modules_next_dist_1e8vcs8._.js:776
[  947912ms] [LOG] [Fast Refresh] done in 532ms @ http://localhost:3000/_next/static/chunks/node_modules_next_dist_1e8vcs8._.js:776
[  947976ms] [LOG] [Fast Refresh] done in 532ms @ http://localhost:3000/_next/static/chunks/node_modules_next_dist_1e8vcs8._.js:776
[  948038ms] [LOG] [Fast Refresh] done in 532ms @ http://localhost:3000/_next/static/chunks/node_modules_next_dist_1e8vcs8._.js:776
[  948101ms] [LOG] [Fast Refresh] done in 532ms @ http://localhost:3000/_next/static/chunks/node_modules_next_dist_1e8vcs8._.js:776
[  948162ms] [LOG] [Fast Refresh] done in 532ms @ http://localhost:3000/_next/static/chunks/node_modules_next_dist_1e8vcs8._.js:776
[  948226ms] [LOG] [Fast Refresh] done in 532ms @ http://localhost:3000/_next/static/chunks/node_modules_next_dist_1e8vcs8._.js:776
[  948286ms] [LOG] [Fast Refresh] done in 532ms @ http://localhost:3000/_next/static/chunks/node_modules_next_dist_1e8vcs8._.js:776
[  948350ms] [LOG] [Fast Refresh] done in 532ms @ http://localhost:3000/_next/static/chunks/node_modules_next_dist_1e8vcs8._.js:776
[  948413ms] [LOG] [Fast Refresh] done in 532ms @ http://localhost:3000/_next/static/chunks/node_modules_next_dist_1e8vcs8._.js:776
[  948475ms] [LOG] [Fast Refresh] done in 532ms @ http://localhost:3000/_next/static/chunks/node_modules_next_dist_1e8vcs8._.js:776
[  948537ms] [LOG] [Fast Refresh] done in 532ms @ http://localhost:3000/_next/static/chunks/node_modules_next_dist_1e8vcs8._.js:776
[  948599ms] [LOG] [Fast Refresh] done in 532ms @ http://localhost:3000/_next/static/chunks/node_modules_next_dist_1e8vcs8._.js:776
[  948661ms] [LOG] [Fast Refresh] done in 532ms @ http://localhost:3000/_next/static/chunks/node_modules_next_dist_1e8vcs8._.js:776
[  948723ms] [LOG] [Fast Refresh] done in 532ms @ http://localhost:3000/_next/static/chunks/node_modules_next_dist_1e8vcs8._.js:776
[  948785ms] [LOG] [Fast Refresh] done in 532ms @ http://localhost:3000/_next/static/chunks/node_modules_next_dist_1e8vcs8._.js:776
[  948848ms] [LOG] [Fast Refresh] done in 532ms @ http://localhost:3000/_next/static/chunks/node_modules_next_dist_1e8vcs8._.js:776
[  948910ms] [LOG] [Fast Refresh] done in 532ms @ http://localhost:3000/_next/static/chunks/node_modules_next_dist_1e8vcs8._.js:776
[  948973ms] [LOG] [Fast Refresh] done in 532ms @ http://localhost:3000/_next/static/chunks/node_modules_next_dist_1e8vcs8._.js:776
[  949035ms] [LOG] [Fast Refresh] done in 532ms @ http://localhost:3000/_next/static/chunks/node_modules_next_dist_1e8vcs8._.js:776
[  949097ms] [LOG] [Fast Refresh] done in 532ms @ http://localhost:3000/_next/static/chunks/node_modules_next_dist_1e8vcs8._.js:776
[  949160ms] [LOG] [Fast Refresh] done in 532ms @ http://localhost:3000/_next/static/chunks/node_modules_next_dist_1e8vcs8._.js:776
[  949222ms] [LOG] [Fast Refresh] done in 532ms @ http://localhost:3000/_next/static/chunks/node_modules_next_dist_1e8vcs8._.js:776
[  949285ms] [LOG] [Fast Refresh] done in 532ms @ http://localhost:3000/_next/static/chunks/node_modules_next_dist_1e8vcs8._.js:776
[  949347ms] [LOG] [Fast Refresh] done in 532ms @ http://localhost:3000/_next/static/chunks/node_modules_next_dist_1e8vcs8._.js:776
[  949410ms] [LOG] [Fast Refresh] done in 532ms @ http://localhost:3000/_next/static/chunks/node_modules_next_dist_1e8vcs8._.js:776
[  949470ms] [LOG] [Fast Refresh] done in 532ms @ http://localhost:3000/_next/static/chunks/node_modules_next_dist_1e8vcs8._.js:776
[  949533ms] [LOG] [Fast Refresh] done in 532ms @ http://localhost:3000/_next/static/chunks/node_modules_next_dist_1e8vcs8._.js:776
[  949595ms] [LOG] [Fast Refresh] done in 532ms @ http://localhost:3000/_next/static/chunks/node_modules_next_dist_1e8vcs8._.js:776
[  949659ms] [LOG] [Fast Refresh] done in 532ms @ http://localhost:3000/_next/static/chunks/node_modules_next_dist_1e8vcs8._.js:776
[  949721ms] [LOG] [Fast Refresh] done in 532ms @ http://localhost:3000/_next/static/chunks/node_modules_next_dist_1e8vcs8._.js:776
[  949783ms] [LOG] [Fast Refresh] done in 532ms @ http://localhost:3000/_next/static/chunks/node_modules_next_dist_1e8vcs8._.js:776
[  949847ms] [LOG] [Fast Refresh] done in 532ms @ http://localhost:3000/_next/static/chunks/node_modules_next_dist_1e8vcs8._.js:776
[  949910ms] [LOG] [Fast Refresh] done in 532ms @ http://localhost:3000/_next/static/chunks/node_modules_next_dist_1e8vcs8._.js:776
[  949972ms] [LOG] [Fast Refresh] done in 532ms @ http://localhost:3000/_next/static/chunks/node_modules_next_dist_1e8vcs8._.js:776
[  950035ms] [LOG] [Fast Refresh] done in 532ms @ http://localhost:3000/_next/static/chunks/node_modules_next_dist_1e8vcs8._.js:776
[  950097ms] [LOG] [Fast Refresh] done in 532ms @ http://localhost:3000/_next/static/chunks/node_modules_next_dist_1e8vcs8._.js:776
[  950160ms] [LOG] [Fast Refresh] done in 532ms @ http://localhost:3000/_next/static/chunks/node_modules_next_dist_1e8vcs8._.js:776
[  950224ms] [LOG] [Fast Refresh] done in 532ms @ http://localhost:3000/_next/static/chunks/node_modules_next_dist_1e8vcs8._.js:776
[  950286ms] [LOG] [Fast Refresh] done in 532ms @ http://localhost:3000/_next/static/chunks/node_modules_next_dist_1e8vcs8._.js:776
[  950351ms] [LOG] [Fast Refresh] done in 532ms @ http://localhost:3000/_next/static/chunks/node_modules_next_dist_1e8vcs8._.js:776
[  950413ms] [LOG] [Fast Refresh] done in 532ms @ http://localhost:3000/_next/static/chunks/node_modules_next_dist_1e8vcs8._.js:776
[  950475ms] [LOG] [Fast Refresh] done in 532ms @ http://localhost:3000/_next/static/chunks/node_modules_next_dist_1e8vcs8._.js:776
[  950537ms] [LOG] [Fast Refresh] done in 532ms @ http://localhost:3000/_next/static/chunks/node_modules_next_dist_1e8vcs8._.js:776
[  950599ms] [LOG] [Fast Refresh] done in 532ms @ http://localhost:3000/_next/static/chunks/node_modules_next_dist_1e8vcs8._.js:776
[  950661ms] [LOG] [Fast Refresh] done in 532ms @ http://localhost:3000/_next/static/chunks/node_modules_next_dist_1e8vcs8._.js:776
[  950723ms] [LOG] [Fast Refresh] done in 532ms @ http://localhost:3000/_next/static/chunks/node_modules_next_dist_1e8vcs8._.js:776
[  950784ms] [LOG] [Fast Refresh] done in 532ms @ http://localhost:3000/_next/static/chunks/node_modules_next_dist_1e8vcs8._.js:776
[  950847ms] [LOG] [Fast Refresh] done in 532ms @ http://localhost:3000/_next/static/chunks/node_modules_next_dist_1e8vcs8._.js:776
[  950908ms] [LOG] [Fast Refresh] done in 532ms @ http://localhost:3000/_next/static/chunks/node_modules_next_dist_1e8vcs8._.js:776
[  950971ms] [LOG] [Fast Refresh] done in 532ms @ http://localhost:3000/_next/static/chunks/node_modules_next_dist_1e8vcs8._.js:776
[  951034ms] [LOG] [Fast Refresh] done in 532ms @ http://localhost:3000/_next/static/chunks/node_modules_next_dist_1e8vcs8._.js:776
[  951095ms] [LOG] [Fast Refresh] done in 532ms @ http://localhost:3000/_next/static/chunks/node_modules_next_dist_1e8vcs8._.js:776
[  951157ms] [LOG] [Fast Refresh] done in 532ms @ http://localhost:3000/_next/static/chunks/node_modules_next_dist_1e8vcs8._.js:776
[  951219ms] [LOG] [Fast Refresh] done in 532ms @ http://localhost:3000/_next/static/chunks/node_modules_next_dist_1e8vcs8._.js:776
[  951282ms] [LOG] [Fast Refresh] done in 532ms @ http://localhost:3000/_next/static/chunks/node_modules_next_dist_1e8vcs8._.js:776
[  951344ms] [LOG] [Fast Refresh] done in 532ms @ http://localhost:3000/_next/static/chunks/node_modules_next_dist_1e8vcs8._.js:776
[  951408ms] [LOG] [Fast Refresh] done in 532ms @ http://localhost:3000/_next/static/chunks/node_modules_next_dist_1e8vcs8._.js:776
[  951470ms] [LOG] [Fast Refresh] done in 532ms @ http://localhost:3000/_next/static/chunks/node_modules_next_dist_1e8vcs8._.js:776
[  951530ms] [LOG] [Fast Refresh] done in 532ms @ http://localhost:3000/_next/static/chunks/node_modules_next_dist_1e8vcs8._.js:776
[  951594ms] [LOG] [Fast Refresh] done in 532ms @ http://localhost:3000/_next/static/chunks/node_modules_next_dist_1e8vcs8._.js:776
[  951656ms] [LOG] [Fast Refresh] done in 532ms @ http://localhost:3000/_next/static/chunks/node_modules_next_dist_1e8vcs8._.js:776
[  951719ms] [LOG] [Fast Refresh] done in 532ms @ http://localhost:3000/_next/static/chunks/node_modules_next_dist_1e8vcs8._.js:776
[  951781ms] [LOG] [Fast Refresh] done in 532ms @ http://localhost:3000/_next/static/chunks/node_modules_next_dist_1e8vcs8._.js:776
[  951844ms] [LOG] [Fast Refresh] done in 532ms @ http://localhost:3000/_next/static/chunks/node_modules_next_dist_1e8vcs8._.js:776
[  951908ms] [LOG] [Fast Refresh] done in 532ms @ http://localhost:3000/_next/static/chunks/node_modules_next_dist_1e8vcs8._.js:776
[  951970ms] [LOG] [Fast Refresh] done in 532ms @ http://localhost:3000/_next/static/chunks/node_modules_next_dist_1e8vcs8._.js:776
[  952034ms] [LOG] [Fast Refresh] done in 532ms @ http://localhost:3000/_next/static/chunks/node_modules_next_dist_1e8vcs8._.js:776
[  952097ms] [LOG] [Fast Refresh] done in 532ms @ http://localhost:3000/_next/static/chunks/node_modules_next_dist_1e8vcs8._.js:776
[  952163ms] [LOG] [Fast Refresh] done in 532ms @ http://localhost:3000/_next/static/chunks/node_modules_next_dist_1e8vcs8._.js:776
[  952225ms] [LOG] [Fast Refresh] done in 532ms @ http://localhost:3000/_next/static/chunks/node_modules_next_dist_1e8vcs8._.js:776
[  952287ms] [LOG] [Fast Refresh] done in 532ms @ http://localhost:3000/_next/static/chunks/node_modules_next_dist_1e8vcs8._.js:776
[  952348ms] [LOG] [Fast Refresh] done in 532ms @ http://localhost:3000/_next/static/chunks/node_modules_next_dist_1e8vcs8._.js:776
[  952411ms] [LOG] [Fast Refresh] done in 532ms @ http://localhost:3000/_next/static/chunks/node_modules_next_dist_1e8vcs8._.js:776
[  952474ms] [LOG] [Fast Refresh] done in 532ms @ http://localhost:3000/_next/static/chunks/node_modules_next_dist_1e8vcs8._.js:776
[  952536ms] [LOG] [Fast Refresh] done in 532ms @ http://localhost:3000/_next/static/chunks/node_modules_next_dist_1e8vcs8._.js:776
[  952599ms] [LOG] [Fast Refresh] done in 532ms @ http://localhost:3000/_next/static/chunks/node_modules_next_dist_1e8vcs8._.js:776
[  952661ms] [LOG] [Fast Refresh] done in 532ms @ http://localhost:3000/_next/static/chunks/node_modules_next_dist_1e8vcs8._.js:776
[  952724ms] [LOG] [Fast Refresh] done in 532ms @ http://localhost:3000/_next/static/chunks/node_modules_next_dist_1e8vcs8._.js:776
[  952787ms] [LOG] [Fast Refresh] done in 532ms @ http://localhost:3000/_next/static/chunks/node_modules_next_dist_1e8vcs8._.js:776
[  952849ms] [LOG] [Fast Refresh] done in 532ms @ http://localhost:3000/_next/static/chunks/node_modules_next_dist_1e8vcs8._.js:776
[  952911ms] [LOG] [Fast Refresh] done in 532ms @ http://localhost:3000/_next/static/chunks/node_modules_next_dist_1e8vcs8._.js:776
[  952972ms] [LOG] [Fast Refresh] done in 532ms @ http://localhost:3000/_next/static/chunks/node_modules_next_dist_1e8vcs8._.js:776
[  953035ms] [LOG] [Fast Refresh] done in 532ms @ http://localhost:3000/_next/static/chunks/node_modules_next_dist_1e8vcs8._.js:776
[  953096ms] [LOG] [Fast Refresh] done in 532ms @ http://localhost:3000/_next/static/chunks/node_modules_next_dist_1e8vcs8._.js:776
[  953159ms] [LOG] [Fast Refresh] done in 532ms @ http://localhost:3000/_next/static/chunks/node_modules_next_dist_1e8vcs8._.js:776
[  953221ms] [LOG] [Fast Refresh] done in 532ms @ http://localhost:3000/_next/static/chunks/node_modules_next_dist_1e8vcs8._.js:776
[  953283ms] [LOG] [Fast Refresh] done in 532ms @ http://localhost:3000/_next/static/chunks/node_modules_next_dist_1e8vcs8._.js:776
[  953345ms] [LOG] [Fast Refresh] done in 532ms @ http://localhost:3000/_next/static/chunks/node_modules_next_dist_1e8vcs8._.js:776
[  953408ms] [LOG] [Fast Refresh] done in 532ms @ http://localhost:3000/_next/static/chunks/node_modules_next_dist_1e8vcs8._.js:776
[  953470ms] [LOG] [Fast Refresh] done in 532ms @ http://localhost:3000/_next/static/chunks/node_modules_next_dist_1e8vcs8._.js:776
[  953533ms] [LOG] [Fast Refresh] done in 532ms @ http://localhost:3000/_next/static/chunks/node_modules_next_dist_1e8vcs8._.js:776
[  953594ms] [LOG] [Fast Refresh] done in 532ms @ http://localhost:3000/_next/static/chunks/node_modules_next_dist_1e8vcs8._.js:776
[  953656ms] [LOG] [Fast Refresh] done in 532ms @ http://localhost:3000/_next/static/chunks/node_modules_next_dist_1e8vcs8._.js:776
[  953718ms] [LOG] [Fast Refresh] done in 532ms @ http://localhost:3000/_next/static/chunks/node_modules_next_dist_1e8vcs8._.js:776
[  953779ms] [LOG] [Fast Refresh] done in 532ms @ http://localhost:3000/_next/static/chunks/node_modules_next_dist_1e8vcs8._.js:776
[  953842ms] [LOG] [Fast Refresh] done in 532ms @ http://localhost:3000/_next/static/chunks/node_modules_next_dist_1e8vcs8._.js:776
[  953905ms] [LOG] [Fast Refresh] done in 532ms @ http://localhost:3000/_next/static/chunks/node_modules_next_dist_1e8vcs8._.js:776
[  953966ms] [LOG] [Fast Refresh] done in 532ms @ http://localhost:3000/_next/static/chunks/node_modules_next_dist_1e8vcs8._.js:776
[  954028ms] [LOG] [Fast Refresh] done in 532ms @ http://localhost:3000/_next/static/chunks/node_modules_next_dist_1e8vcs8._.js:776
[  954090ms] [LOG] [Fast Refresh] done in 532ms @ http://localhost:3000/_next/static/chunks/node_modules_next_dist_1e8vcs8._.js:776
[  954152ms] [LOG] [Fast Refresh] done in 532ms @ http://localhost:3000/_next/static/chunks/node_modules_next_dist_1e8vcs8._.js:776
[  954215ms] [LOG] [Fast Refresh] done in 532ms @ http://localhost:3000/_next/static/chunks/node_modules_next_dist_1e8vcs8._.js:776
[  954278ms] [LOG] [Fast Refresh] done in 532ms @ http://localhost:3000/_next/static/chunks/node_modules_next_dist_1e8vcs8._.js:776
[  954340ms] [LOG] [Fast Refresh] done in 532ms @ http://localhost:3000/_next/static/chunks/node_modules_next_dist_1e8vcs8._.js:776
[  954402ms] [LOG] [Fast Refresh] done in 532ms @ http://localhost:3000/_next/static/chunks/node_modules_next_dist_1e8vcs8._.js:776
[  954466ms] [LOG] [Fast Refresh] done in 532ms @ http://localhost:3000/_next/static/chunks/node_modules_next_dist_1e8vcs8._.js:776
[  954528ms] [LOG] [Fast Refresh] done in 532ms @ http://localhost:3000/_next/static/chunks/node_modules_next_dist_1e8vcs8._.js:776
[  954590ms] [LOG] [Fast Refresh] done in 532ms @ http://localhost:3000/_next/static/chunks/node_modules_next_dist_1e8vcs8._.js:776
[  954653ms] [LOG] [Fast Refresh] done in 532ms @ http://localhost:3000/_next/static/chunks/node_modules_next_dist_1e8vcs8._.js:776
[  954717ms] [LOG] [Fast Refresh] done in 532ms @ http://localhost:3000/_next/static/chunks/node_modules_next_dist_1e8vcs8._.js:776
[  954778ms] [LOG] [Fast Refresh] done in 532ms @ http://localhost:3000/_next/static/chunks/node_modules_next_dist_1e8vcs8._.js:776
[  954841ms] [LOG] [Fast Refresh] done in 532ms @ http://localhost:3000/_next/static/chunks/node_modules_next_dist_1e8vcs8._.js:776
[  954903ms] [LOG] [Fast Refresh] done in 532ms @ http://localhost:3000/_next/static/chunks/node_modules_next_dist_1e8vcs8._.js:776
[  954966ms] [LOG] [Fast Refresh] done in 532ms @ http://localhost:3000/_next/static/chunks/node_modules_next_dist_1e8vcs8._.js:776
[  955028ms] [LOG] [Fast Refresh] done in 532ms @ http://localhost:3000/_next/static/chunks/node_modules_next_dist_1e8vcs8._.js:776
[  955090ms] [LOG] [Fast Refresh] done in 532ms @ http://localhost:3000/_next/static/chunks/node_modules_next_dist_1e8vcs8._.js:776
[  955152ms] [LOG] [Fast Refresh] done in 532ms @ http://localhost:3000/_next/static/chunks/node_modules_next_dist_1e8vcs8._.js:776
[  955214ms] [LOG] [Fast Refresh] done in 532ms @ http://localhost:3000/_next/static/chunks/node_modules_next_dist_1e8vcs8._.js:776
[  955277ms] [LOG] [Fast Refresh] done in 532ms @ http://localhost:3000/_next/static/chunks/node_modules_next_dist_1e8vcs8._.js:776
[  955340ms] [LOG] [Fast Refresh] done in 532ms @ http://localhost:3000/_next/static/chunks/node_modules_next_dist_1e8vcs8._.js:776
[  955401ms] [LOG] [Fast Refresh] done in 532ms @ http://localhost:3000/_next/static/chunks/node_modules_next_dist_1e8vcs8._.js:776
[  955463ms] [LOG] [Fast Refresh] done in 532ms @ http://localhost:3000/_next/static/chunks/node_modules_next_dist_1e8vcs8._.js:776
[  955526ms] [LOG] [Fast Refresh] done in 532ms @ http://localhost:3000/_next/static/chunks/node_modules_next_dist_1e8vcs8._.js:776
[  955586ms] [LOG] [Fast Refresh] done in 532ms @ http://localhost:3000/_next/static/chunks/node_modules_next_dist_1e8vcs8._.js:776
[  955649ms] [LOG] [Fast Refresh] done in 532ms @ http://localhost:3000/_next/static/chunks/node_modules_next_dist_1e8vcs8._.js:776
[  955711ms] [LOG] [Fast Refresh] done in 532ms @ http://localhost:3000/_next/static/chunks/node_modules_next_dist_1e8vcs8._.js:776
[  955774ms] [LOG] [Fast Refresh] done in 532ms @ http://localhost:3000/_next/static/chunks/node_modules_next_dist_1e8vcs8._.js:776
[  955836ms] [LOG] [Fast Refresh] done in 532ms @ http://localhost:3000/_next/static/chunks/node_modules_next_dist_1e8vcs8._.js:776
[  955899ms] [LOG] [Fast Refresh] done in 532ms @ http://localhost:3000/_next/static/chunks/node_modules_next_dist_1e8vcs8._.js:776
[  955960ms] [LOG] [Fast Refresh] done in 532ms @ http://localhost:3000/_next/static/chunks/node_modules_next_dist_1e8vcs8._.js:776
[  956025ms] [LOG] [Fast Refresh] done in 532ms @ http://localhost:3000/_next/static/chunks/node_modules_next_dist_1e8vcs8._.js:776
[  956087ms] [LOG] [Fast Refresh] done in 532ms @ http://localhost:3000/_next/static/chunks/node_modules_next_dist_1e8vcs8._.js:776
[  956151ms] [LOG] [Fast Refresh] done in 532ms @ http://localhost:3000/_next/static/chunks/node_modules_next_dist_1e8vcs8._.js:776
[  956210ms] [LOG] [Fast Refresh] done in 532ms @ http://localhost:3000/_next/static/chunks/node_modules_next_dist_1e8vcs8._.js:776
[  956271ms] [LOG] [Fast Refresh] done in 532ms @ http://localhost:3000/_next/static/chunks/node_modules_next_dist_1e8vcs8._.js:776
[  956332ms] [LOG] [Fast Refresh] done in 532ms @ http://localhost:3000/_next/static/chunks/node_modules_next_dist_1e8vcs8._.js:776
[  956394ms] [LOG] [Fast Refresh] done in 532ms @ http://localhost:3000/_next/static/chunks/node_modules_next_dist_1e8vcs8._.js:776
[  956456ms] [LOG] [Fast Refresh] done in 532ms @ http://localhost:3000/_next/static/chunks/node_modules_next_dist_1e8vcs8._.js:776
[  956517ms] [LOG] [Fast Refresh] done in 532ms @ http://localhost:3000/_next/static/chunks/node_modules_next_dist_1e8vcs8._.js:776
[  956579ms] [LOG] [Fast Refresh] done in 532ms @ http://localhost:3000/_next/static/chunks/node_modules_next_dist_1e8vcs8._.js:776
[  956641ms] [LOG] [Fast Refresh] done in 532ms @ http://localhost:3000/_next/static/chunks/node_modules_next_dist_1e8vcs8._.js:776
[  956704ms] [LOG] [Fast Refresh] done in 532ms @ http://localhost:3000/_next/static/chunks/node_modules_next_dist_1e8vcs8._.js:776
[  956767ms] [LOG] [Fast Refresh] done in 532ms @ http://localhost:3000/_next/static/chunks/node_modules_next_dist_1e8vcs8._.js:776
[  956829ms] [LOG] [Fast Refresh] done in 532ms @ http://localhost:3000/_next/static/chunks/node_modules_next_dist_1e8vcs8._.js:776
[  956892ms] [LOG] [Fast Refresh] done in 532ms @ http://localhost:3000/_next/static/chunks/node_modules_next_dist_1e8vcs8._.js:776
[  956953ms] [LOG] [Fast Refresh] done in 532ms @ http://localhost:3000/_next/static/chunks/node_modules_next_dist_1e8vcs8._.js:776
[  957017ms] [LOG] [Fast Refresh] done in 532ms @ http://localhost:3000/_next/static/chunks/node_modules_next_dist_1e8vcs8._.js:776
[  957080ms] [LOG] [Fast Refresh] done in 532ms @ http://localhost:3000/_next/static/chunks/node_modules_next_dist_1e8vcs8._.js:776
[  957143ms] [LOG] [Fast Refresh] done in 532ms @ http://localhost:3000/_next/static/chunks/node_modules_next_dist_1e8vcs8._.js:776
[  957206ms] [LOG] [Fast Refresh] done in 532ms @ http://localhost:3000/_next/static/chunks/node_modules_next_dist_1e8vcs8._.js:776
[  957267ms] [LOG] [Fast Refresh] done in 532ms @ http://localhost:3000/_next/static/chunks/node_modules_next_dist_1e8vcs8._.js:776
[  957329ms] [LOG] [Fast Refresh] done in 532ms @ http://localhost:3000/_next/static/chunks/node_modules_next_dist_1e8vcs8._.js:776
[  957392ms] [LOG] [Fast Refresh] done in 532ms @ http://localhost:3000/_next/static/chunks/node_modules_next_dist_1e8vcs8._.js:776
[  957454ms] [LOG] [Fast Refresh] done in 532ms @ http://localhost:3000/_next/static/chunks/node_modules_next_dist_1e8vcs8._.js:776
[  957516ms] [LOG] [Fast Refresh] done in 532ms @ http://localhost:3000/_next/static/chunks/node_modules_next_dist_1e8vcs8._.js:776
[  957578ms] [LOG] [Fast Refresh] done in 532ms @ http://localhost:3000/_next/static/chunks/node_modules_next_dist_1e8vcs8._.js:776
[  957640ms] [LOG] [Fast Refresh] done in 532ms @ http://localhost:3000/_next/static/chunks/node_modules_next_dist_1e8vcs8._.js:776
[  957702ms] [LOG] [Fast Refresh] done in 532ms @ http://localhost:3000/_next/static/chunks/node_modules_next_dist_1e8vcs8._.js:776
[  957764ms] [LOG] [Fast Refresh] done in 532ms @ http://localhost:3000/_next/static/chunks/node_modules_next_dist_1e8vcs8._.js:776
[  957826ms] [LOG] [Fast Refresh] done in 532ms @ http://localhost:3000/_next/static/chunks/node_modules_next_dist_1e8vcs8._.js:776
[  957889ms] [LOG] [Fast Refresh] done in 532ms @ http://localhost:3000/_next/static/chunks/node_modules_next_dist_1e8vcs8._.js:776
[  957952ms] [LOG] [Fast Refresh] done in 532ms @ http://localhost:3000/_next/static/chunks/node_modules_next_dist_1e8vcs8._.js:776
[  958016ms] [LOG] [Fast Refresh] done in 532ms @ http://localhost:3000/_next/static/chunks/node_modules_next_dist_1e8vcs8._.js:776
[  958078ms] [LOG] [Fast Refresh] done in 532ms @ http://localhost:3000/_next/static/chunks/node_modules_next_dist_1e8vcs8._.js:776
[  958140ms] [LOG] [Fast Refresh] done in 532ms @ http://localhost:3000/_next/static/chunks/node_modules_next_dist_1e8vcs8._.js:776
[  958203ms] [LOG] [Fast Refresh] done in 532ms @ http://localhost:3000/_next/static/chunks/node_modules_next_dist_1e8vcs8._.js:776
[  958265ms] [LOG] [Fast Refresh] done in 532ms @ http://localhost:3000/_next/static/chunks/node_modules_next_dist_1e8vcs8._.js:776
[  958326ms] [LOG] [Fast Refresh] done in 532ms @ http://localhost:3000/_next/static/chunks/node_modules_next_dist_1e8vcs8._.js:776
[  958389ms] [LOG] [Fast Refresh] done in 532ms @ http://localhost:3000/_next/static/chunks/node_modules_next_dist_1e8vcs8._.js:776
[  958451ms] [LOG] [Fast Refresh] done in 532ms @ http://localhost:3000/_next/static/chunks/node_modules_next_dist_1e8vcs8._.js:776
[  958513ms] [LOG] [Fast Refresh] done in 532ms @ http://localhost:3000/_next/static/chunks/node_modules_next_dist_1e8vcs8._.js:776
[  958576ms] [LOG] [Fast Refresh] done in 532ms @ http://localhost:3000/_next/static/chunks/node_modules_next_dist_1e8vcs8._.js:776
[  958639ms] [LOG] [Fast Refresh] done in 532ms @ http://localhost:3000/_next/static/chunks/node_modules_next_dist_1e8vcs8._.js:776
[  958701ms] [LOG] [Fast Refresh] done in 532ms @ http://localhost:3000/_next/static/chunks/node_modules_next_dist_1e8vcs8._.js:776
[  958763ms] [LOG] [Fast Refresh] done in 532ms @ http://localhost:3000/_next/static/chunks/node_modules_next_dist_1e8vcs8._.js:776
[  958825ms] [LOG] [Fast Refresh] done in 532ms @ http://localhost:3000/_next/static/chunks/node_modules_next_dist_1e8vcs8._.js:776
[  958888ms] [LOG] [Fast Refresh] done in 532ms @ http://localhost:3000/_next/static/chunks/node_modules_next_dist_1e8vcs8._.js:776
[  958949ms] [LOG] [Fast Refresh] done in 532ms @ http://localhost:3000/_next/static/chunks/node_modules_next_dist_1e8vcs8._.js:776
[  959012ms] [LOG] [Fast Refresh] done in 532ms @ http://localhost:3000/_next/static/chunks/node_modules_next_dist_1e8vcs8._.js:776
[  959075ms] [LOG] [Fast Refresh] done in 532ms @ http://localhost:3000/_next/static/chunks/node_modules_next_dist_1e8vcs8._.js:776
[  959138ms] [LOG] [Fast Refresh] done in 532ms @ http://localhost:3000/_next/static/chunks/node_modules_next_dist_1e8vcs8._.js:776
[  959200ms] [LOG] [Fast Refresh] done in 532ms @ http://localhost:3000/_next/static/chunks/node_modules_next_dist_1e8vcs8._.js:776
[  959263ms] [LOG] [Fast Refresh] done in 532ms @ http://localhost:3000/_next/static/chunks/node_modules_next_dist_1e8vcs8._.js:776
[  959324ms] [LOG] [Fast Refresh] done in 532ms @ http://localhost:3000/_next/static/chunks/node_modules_next_dist_1e8vcs8._.js:776
[  959388ms] [LOG] [Fast Refresh] done in 532ms @ http://localhost:3000/_next/static/chunks/node_modules_next_dist_1e8vcs8._.js:776
[  959450ms] [LOG] [Fast Refresh] done in 532ms @ http://localhost:3000/_next/static/chunks/node_modules_next_dist_1e8vcs8._.js:776
[  959512ms] [LOG] [Fast Refresh] done in 532ms @ http://localhost:3000/_next/static/chunks/node_modules_next_dist_1e8vcs8._.js:776
[  959574ms] [LOG] [Fast Refresh] done in 532ms @ http://localhost:3000/_next/static/chunks/node_modules_next_dist_1e8vcs8._.js:776
[  959636ms] [LOG] [Fast Refresh] done in 532ms @ http://localhost:3000/_next/static/chunks/node_modules_next_dist_1e8vcs8._.js:776
[  959697ms] [LOG] [Fast Refresh] done in 532ms @ http://localhost:3000/_next/static/chunks/node_modules_next_dist_1e8vcs8._.js:776
[  959758ms] [LOG] [Fast Refresh] done in 532ms @ http://localhost:3000/_next/static/chunks/node_modules_next_dist_1e8vcs8._.js:776
[  959821ms] [LOG] [Fast Refresh] done in 532ms @ http://localhost:3000/_next/static/chunks/node_modules_next_dist_1e8vcs8._.js:776
[  959885ms] [LOG] [Fast Refresh] done in 532ms @ http://localhost:3000/_next/static/chunks/node_modules_next_dist_1e8vcs8._.js:776
[  959947ms] [LOG] [Fast Refresh] done in 532ms @ http://localhost:3000/_next/static/chunks/node_modules_next_dist_1e8vcs8._.js:776
[  960010ms] [LOG] [Fast Refresh] done in 532ms @ http://localhost:3000/_next/static/chunks/node_modules_next_dist_1e8vcs8._.js:776
[  960070ms] [LOG] [Fast Refresh] done in 532ms @ http://localhost:3000/_next/static/chunks/node_modules_next_dist_1e8vcs8._.js:776
[  960131ms] [LOG] [Fast Refresh] done in 532ms @ http://localhost:3000/_next/static/chunks/node_modules_next_dist_1e8vcs8._.js:776
[  960193ms] [LOG] [Fast Refresh] done in 532ms @ http://localhost:3000/_next/static/chunks/node_modules_next_dist_1e8vcs8._.js:776
[  960256ms] [LOG] [Fast Refresh] done in 532ms @ http://localhost:3000/_next/static/chunks/node_modules_next_dist_1e8vcs8._.js:776
[  960319ms] [LOG] [Fast Refresh] done in 532ms @ http://localhost:3000/_next/static/chunks/node_modules_next_dist_1e8vcs8._.js:776
[  960382ms] [LOG] [Fast Refresh] done in 532ms @ http://localhost:3000/_next/static/chunks/node_modules_next_dist_1e8vcs8._.js:776
[  960445ms] [LOG] [Fast Refresh] done in 532ms @ http://localhost:3000/_next/static/chunks/node_modules_next_dist_1e8vcs8._.js:776
[  960507ms] [LOG] [Fast Refresh] done in 532ms @ http://localhost:3000/_next/static/chunks/node_modules_next_dist_1e8vcs8._.js:776
[  960569ms] [LOG] [Fast Refresh] done in 532ms @ http://localhost:3000/_next/static/chunks/node_modules_next_dist_1e8vcs8._.js:776
[  960631ms] [LOG] [Fast Refresh] done in 532ms @ http://localhost:3000/_next/static/chunks/node_modules_next_dist_1e8vcs8._.js:776
[  960694ms] [LOG] [Fast Refresh] done in 532ms @ http://localhost:3000/_next/static/chunks/node_modules_next_dist_1e8vcs8._.js:776
[  960755ms] [LOG] [Fast Refresh] done in 532ms @ http://localhost:3000/_next/static/chunks/node_modules_next_dist_1e8vcs8._.js:776
[  960818ms] [LOG] [Fast Refresh] done in 532ms @ http://localhost:3000/_next/static/chunks/node_modules_next_dist_1e8vcs8._.js:776
[  960880ms] [LOG] [Fast Refresh] done in 532ms @ http://localhost:3000/_next/static/chunks/node_modules_next_dist_1e8vcs8._.js:776
[  960942ms] [LOG] [Fast Refresh] done in 532ms @ http://localhost:3000/_next/static/chunks/node_modules_next_dist_1e8vcs8._.js:776
[  961005ms] [LOG] [Fast Refresh] done in 532ms @ http://localhost:3000/_next/static/chunks/node_modules_next_dist_1e8vcs8._.js:776
[  961067ms] [LOG] [Fast Refresh] done in 532ms @ http://localhost:3000/_next/static/chunks/node_modules_next_dist_1e8vcs8._.js:776
[  961130ms] [LOG] [Fast Refresh] done in 532ms @ http://localhost:3000/_next/static/chunks/node_modules_next_dist_1e8vcs8._.js:776
[  961192ms] [LOG] [Fast Refresh] done in 532ms @ http://localhost:3000/_next/static/chunks/node_modules_next_dist_1e8vcs8._.js:776
[  961255ms] [LOG] [Fast Refresh] done in 532ms @ http://localhost:3000/_next/static/chunks/node_modules_next_dist_1e8vcs8._.js:776
[  961316ms] [LOG] [Fast Refresh] done in 532ms @ http://localhost:3000/_next/static/chunks/node_modules_next_dist_1e8vcs8._.js:776
[  961378ms] [LOG] [Fast Refresh] done in 532ms @ http://localhost:3000/_next/static/chunks/node_modules_next_dist_1e8vcs8._.js:776
[  961440ms] [LOG] [Fast Refresh] done in 532ms @ http://localhost:3000/_next/static/chunks/node_modules_next_dist_1e8vcs8._.js:776
[  961505ms] [LOG] [Fast Refresh] done in 532ms @ http://localhost:3000/_next/static/chunks/node_modules_next_dist_1e8vcs8._.js:776
[  961564ms] [LOG] [Fast Refresh] done in 532ms @ http://localhost:3000/_next/static/chunks/node_modules_next_dist_1e8vcs8._.js:776
[  961627ms] [LOG] [Fast Refresh] done in 532ms @ http://localhost:3000/_next/static/chunks/node_modules_next_dist_1e8vcs8._.js:776
[  961690ms] [LOG] [Fast Refresh] done in 532ms @ http://localhost:3000/_next/static/chunks/node_modules_next_dist_1e8vcs8._.js:776
[  961752ms] [LOG] [Fast Refresh] done in 532ms @ http://localhost:3000/_next/static/chunks/node_modules_next_dist_1e8vcs8._.js:776
[  961814ms] [LOG] [Fast Refresh] done in 532ms @ http://localhost:3000/_next/static/chunks/node_modules_next_dist_1e8vcs8._.js:776
[  961876ms] [LOG] [Fast Refresh] done in 532ms @ http://localhost:3000/_next/static/chunks/node_modules_next_dist_1e8vcs8._.js:776
[  961938ms] [LOG] [Fast Refresh] done in 532ms @ http://localhost:3000/_next/static/chunks/node_modules_next_dist_1e8vcs8._.js:776
[  962001ms] [LOG] [Fast Refresh] done in 532ms @ http://localhost:3000/_next/static/chunks/node_modules_next_dist_1e8vcs8._.js:776
[  962062ms] [LOG] [Fast Refresh] done in 532ms @ http://localhost:3000/_next/static/chunks/node_modules_next_dist_1e8vcs8._.js:776
[  962125ms] [LOG] [Fast Refresh] done in 532ms @ http://localhost:3000/_next/static/chunks/node_modules_next_dist_1e8vcs8._.js:776
[  962186ms] [LOG] [Fast Refresh] done in 532ms @ http://localhost:3000/_next/static/chunks/node_modules_next_dist_1e8vcs8._.js:776
[  962248ms] [LOG] [Fast Refresh] done in 532ms @ http://localhost:3000/_next/static/chunks/node_modules_next_dist_1e8vcs8._.js:776
[  962310ms] [LOG] [Fast Refresh] done in 532ms @ http://localhost:3000/_next/static/chunks/node_modules_next_dist_1e8vcs8._.js:776
[  962371ms] [LOG] [Fast Refresh] done in 532ms @ http://localhost:3000/_next/static/chunks/node_modules_next_dist_1e8vcs8._.js:776
[  962433ms] [LOG] [Fast Refresh] done in 532ms @ http://localhost:3000/_next/static/chunks/node_modules_next_dist_1e8vcs8._.js:776
[  962496ms] [LOG] [Fast Refresh] done in 532ms @ http://localhost:3000/_next/static/chunks/node_modules_next_dist_1e8vcs8._.js:776
[  962559ms] [LOG] [Fast Refresh] done in 532ms @ http://localhost:3000/_next/static/chunks/node_modules_next_dist_1e8vcs8._.js:776
[  962622ms] [LOG] [Fast Refresh] done in 532ms @ http://localhost:3000/_next/static/chunks/node_modules_next_dist_1e8vcs8._.js:776
[  962684ms] [LOG] [Fast Refresh] done in 532ms @ http://localhost:3000/_next/static/chunks/node_modules_next_dist_1e8vcs8._.js:776
[  962748ms] [LOG] [Fast Refresh] done in 532ms @ http://localhost:3000/_next/static/chunks/node_modules_next_dist_1e8vcs8._.js:776
[  962810ms] [LOG] [Fast Refresh] done in 532ms @ http://localhost:3000/_next/static/chunks/node_modules_next_dist_1e8vcs8._.js:776
[  962872ms] [LOG] [Fast Refresh] done in 532ms @ http://localhost:3000/_next/static/chunks/node_modules_next_dist_1e8vcs8._.js:776
[  962935ms] [LOG] [Fast Refresh] done in 532ms @ http://localhost:3000/_next/static/chunks/node_modules_next_dist_1e8vcs8._.js:776
[  962997ms] [LOG] [Fast Refresh] done in 532ms @ http://localhost:3000/_next/static/chunks/node_modules_next_dist_1e8vcs8._.js:776
[  963059ms] [LOG] [Fast Refresh] done in 532ms @ http://localhost:3000/_next/static/chunks/node_modules_next_dist_1e8vcs8._.js:776
[  963122ms] [LOG] [Fast Refresh] done in 532ms @ http://localhost:3000/_next/static/chunks/node_modules_next_dist_1e8vcs8._.js:776
[  963184ms] [LOG] [Fast Refresh] done in 532ms @ http://localhost:3000/_next/static/chunks/node_modules_next_dist_1e8vcs8._.js:776
[  963247ms] [LOG] [Fast Refresh] done in 532ms @ http://localhost:3000/_next/static/chunks/node_modules_next_dist_1e8vcs8._.js:776
[  963309ms] [LOG] [Fast Refresh] done in 532ms @ http://localhost:3000/_next/static/chunks/node_modules_next_dist_1e8vcs8._.js:776
[  963370ms] [LOG] [Fast Refresh] done in 532ms @ http://localhost:3000/_next/static/chunks/node_modules_next_dist_1e8vcs8._.js:776
[  963432ms] [LOG] [Fast Refresh] done in 532ms @ http://localhost:3000/_next/static/chunks/node_modules_next_dist_1e8vcs8._.js:776
[  963494ms] [LOG] [Fast Refresh] done in 532ms @ http://localhost:3000/_next/static/chunks/node_modules_next_dist_1e8vcs8._.js:776
[  963556ms] [LOG] [Fast Refresh] done in 532ms @ http://localhost:3000/_next/static/chunks/node_modules_next_dist_1e8vcs8._.js:776
[  963620ms] [LOG] [Fast Refresh] done in 532ms @ http://localhost:3000/_next/static/chunks/node_modules_next_dist_1e8vcs8._.js:776
[  963682ms] [LOG] [Fast Refresh] done in 532ms @ http://localhost:3000/_next/static/chunks/node_modules_next_dist_1e8vcs8._.js:776
[  963746ms] [LOG] [Fast Refresh] done in 532ms @ http://localhost:3000/_next/static/chunks/node_modules_next_dist_1e8vcs8._.js:776
[  963808ms] [LOG] [Fast Refresh] done in 532ms @ http://localhost:3000/_next/static/chunks/node_modules_next_dist_1e8vcs8._.js:776
[  963870ms] [LOG] [Fast Refresh] done in 532ms @ http://localhost:3000/_next/static/chunks/node_modules_next_dist_1e8vcs8._.js:776
[  963931ms] [LOG] [Fast Refresh] done in 532ms @ http://localhost:3000/_next/static/chunks/node_modules_next_dist_1e8vcs8._.js:776
[  963993ms] [LOG] [Fast Refresh] done in 532ms @ http://localhost:3000/_next/static/chunks/node_modules_next_dist_1e8vcs8._.js:776
[  964054ms] [LOG] [Fast Refresh] done in 532ms @ http://localhost:3000/_next/static/chunks/node_modules_next_dist_1e8vcs8._.js:776
[  964118ms] [LOG] [Fast Refresh] done in 532ms @ http://localhost:3000/_next/static/chunks/node_modules_next_dist_1e8vcs8._.js:776
[  964180ms] [LOG] [Fast Refresh] done in 532ms @ http://localhost:3000/_next/static/chunks/node_modules_next_dist_1e8vcs8._.js:776
[  964243ms] [LOG] [Fast Refresh] done in 532ms @ http://localhost:3000/_next/static/chunks/node_modules_next_dist_1e8vcs8._.js:776
[  964307ms] [LOG] [Fast Refresh] done in 532ms @ http://localhost:3000/_next/static/chunks/node_modules_next_dist_1e8vcs8._.js:776
[  964368ms] [LOG] [Fast Refresh] done in 532ms @ http://localhost:3000/_next/static/chunks/node_modules_next_dist_1e8vcs8._.js:776
[  964431ms] [LOG] [Fast Refresh] done in 532ms @ http://localhost:3000/_next/static/chunks/node_modules_next_dist_1e8vcs8._.js:776
[  964492ms] [LOG] [Fast Refresh] done in 532ms @ http://localhost:3000/_next/static/chunks/node_modules_next_dist_1e8vcs8._.js:776
[  964555ms] [LOG] [Fast Refresh] done in 532ms @ http://localhost:3000/_next/static/chunks/node_modules_next_dist_1e8vcs8._.js:776
[  964618ms] [LOG] [Fast Refresh] done in 532ms @ http://localhost:3000/_next/static/chunks/node_modules_next_dist_1e8vcs8._.js:776
[  964680ms] [LOG] [Fast Refresh] done in 532ms @ http://localhost:3000/_next/static/chunks/node_modules_next_dist_1e8vcs8._.js:776
[  964742ms] [LOG] [Fast Refresh] done in 532ms @ http://localhost:3000/_next/static/chunks/node_modules_next_dist_1e8vcs8._.js:776
[  964805ms] [LOG] [Fast Refresh] done in 532ms @ http://localhost:3000/_next/static/chunks/node_modules_next_dist_1e8vcs8._.js:776
[  964867ms] [LOG] [Fast Refresh] done in 532ms @ http://localhost:3000/_next/static/chunks/node_modules_next_dist_1e8vcs8._.js:776
[  964929ms] [LOG] [Fast Refresh] done in 532ms @ http://localhost:3000/_next/static/chunks/node_modules_next_dist_1e8vcs8._.js:776
[  964992ms] [LOG] [Fast Refresh] done in 532ms @ http://localhost:3000/_next/static/chunks/node_modules_next_dist_1e8vcs8._.js:776
[  965054ms] [LOG] [Fast Refresh] done in 532ms @ http://localhost:3000/_next/static/chunks/node_modules_next_dist_1e8vcs8._.js:776
[  965117ms] [LOG] [Fast Refresh] done in 532ms @ http://localhost:3000/_next/static/chunks/node_modules_next_dist_1e8vcs8._.js:776
[  965180ms] [LOG] [Fast Refresh] done in 532ms @ http://localhost:3000/_next/static/chunks/node_modules_next_dist_1e8vcs8._.js:776
[  965241ms] [LOG] [Fast Refresh] done in 532ms @ http://localhost:3000/_next/static/chunks/node_modules_next_dist_1e8vcs8._.js:776
[  965303ms] [LOG] [Fast Refresh] done in 532ms @ http://localhost:3000/_next/static/chunks/node_modules_next_dist_1e8vcs8._.js:776
[  965365ms] [LOG] [Fast Refresh] done in 532ms @ http://localhost:3000/_next/static/chunks/node_modules_next_dist_1e8vcs8._.js:776
[  965427ms] [LOG] [Fast Refresh] done in 532ms @ http://localhost:3000/_next/static/chunks/node_modules_next_dist_1e8vcs8._.js:776
[  965489ms] [LOG] [Fast Refresh] done in 532ms @ http://localhost:3000/_next/static/chunks/node_modules_next_dist_1e8vcs8._.js:776
[  965550ms] [LOG] [Fast Refresh] done in 532ms @ http://localhost:3000/_next/static/chunks/node_modules_next_dist_1e8vcs8._.js:776
[  965613ms] [LOG] [Fast Refresh] done in 532ms @ http://localhost:3000/_next/static/chunks/node_modules_next_dist_1e8vcs8._.js:776
[  965675ms] [LOG] [Fast Refresh] done in 532ms @ http://localhost:3000/_next/static/chunks/node_modules_next_dist_1e8vcs8._.js:776
[  965737ms] [LOG] [Fast Refresh] done in 532ms @ http://localhost:3000/_next/static/chunks/node_modules_next_dist_1e8vcs8._.js:776
[  965800ms] [LOG] [Fast Refresh] done in 532ms @ http://localhost:3000/_next/static/chunks/node_modules_next_dist_1e8vcs8._.js:776
[  965864ms] [LOG] [Fast Refresh] done in 532ms @ http://localhost:3000/_next/static/chunks/node_modules_next_dist_1e8vcs8._.js:776
[  965927ms] [LOG] [Fast Refresh] done in 532ms @ http://localhost:3000/_next/static/chunks/node_modules_next_dist_1e8vcs8._.js:776
[  965988ms] [LOG] [Fast Refresh] done in 532ms @ http://localhost:3000/_next/static/chunks/node_modules_next_dist_1e8vcs8._.js:776
[  966050ms] [LOG] [Fast Refresh] done in 532ms @ http://localhost:3000/_next/static/chunks/node_modules_next_dist_1e8vcs8._.js:776
[  966112ms] [LOG] [Fast Refresh] done in 532ms @ http://localhost:3000/_next/static/chunks/node_modules_next_dist_1e8vcs8._.js:776
[  966175ms] [LOG] [Fast Refresh] done in 532ms @ http://localhost:3000/_next/static/chunks/node_modules_next_dist_1e8vcs8._.js:776
[  966237ms] [LOG] [Fast Refresh] done in 532ms @ http://localhost:3000/_next/static/chunks/node_modules_next_dist_1e8vcs8._.js:776
[  966300ms] [LOG] [Fast Refresh] done in 532ms @ http://localhost:3000/_next/static/chunks/node_modules_next_dist_1e8vcs8._.js:776
[  966362ms] [LOG] [Fast Refresh] done in 532ms @ http://localhost:3000/_next/static/chunks/node_modules_next_dist_1e8vcs8._.js:776
[  966425ms] [LOG] [Fast Refresh] done in 532ms @ http://localhost:3000/_next/static/chunks/node_modules_next_dist_1e8vcs8._.js:776
[  966487ms] [LOG] [Fast Refresh] done in 532ms @ http://localhost:3000/_next/static/chunks/node_modules_next_dist_1e8vcs8._.js:776
[  966549ms] [LOG] [Fast Refresh] done in 532ms @ http://localhost:3000/_next/static/chunks/node_modules_next_dist_1e8vcs8._.js:776
[  966611ms] [LOG] [Fast Refresh] done in 532ms @ http://localhost:3000/_next/static/chunks/node_modules_next_dist_1e8vcs8._.js:776
[  966674ms] [LOG] [Fast Refresh] done in 532ms @ http://localhost:3000/_next/static/chunks/node_modules_next_dist_1e8vcs8._.js:776
[  966736ms] [LOG] [Fast Refresh] done in 532ms @ http://localhost:3000/_next/static/chunks/node_modules_next_dist_1e8vcs8._.js:776
[  966799ms] [LOG] [Fast Refresh] done in 532ms @ http://localhost:3000/_next/static/chunks/node_modules_next_dist_1e8vcs8._.js:776
[  966861ms] [LOG] [Fast Refresh] done in 532ms @ http://localhost:3000/_next/static/chunks/node_modules_next_dist_1e8vcs8._.js:776
[  966924ms] [LOG] [Fast Refresh] done in 532ms @ http://localhost:3000/_next/static/chunks/node_modules_next_dist_1e8vcs8._.js:776
[  966986ms] [LOG] [Fast Refresh] done in 532ms @ http://localhost:3000/_next/static/chunks/node_modules_next_dist_1e8vcs8._.js:776
[  967048ms] [LOG] [Fast Refresh] done in 532ms @ http://localhost:3000/_next/static/chunks/node_modules_next_dist_1e8vcs8._.js:776
[  967113ms] [LOG] [Fast Refresh] done in 532ms @ http://localhost:3000/_next/static/chunks/node_modules_next_dist_1e8vcs8._.js:776
[  967172ms] [LOG] [Fast Refresh] done in 532ms @ http://localhost:3000/_next/static/chunks/node_modules_next_dist_1e8vcs8._.js:776
[  967235ms] [LOG] [Fast Refresh] done in 532ms @ http://localhost:3000/_next/static/chunks/node_modules_next_dist_1e8vcs8._.js:776
[  967298ms] [LOG] [Fast Refresh] done in 532ms @ http://localhost:3000/_next/static/chunks/node_modules_next_dist_1e8vcs8._.js:776
[  967359ms] [LOG] [Fast Refresh] done in 532ms @ http://localhost:3000/_next/static/chunks/node_modules_next_dist_1e8vcs8._.js:776
[  967421ms] [LOG] [Fast Refresh] done in 532ms @ http://localhost:3000/_next/static/chunks/node_modules_next_dist_1e8vcs8._.js:776
[  967484ms] [LOG] [Fast Refresh] done in 532ms @ http://localhost:3000/_next/static/chunks/node_modules_next_dist_1e8vcs8._.js:776
[  967546ms] [LOG] [Fast Refresh] done in 532ms @ http://localhost:3000/_next/static/chunks/node_modules_next_dist_1e8vcs8._.js:776
[  967607ms] [LOG] [Fast Refresh] done in 532ms @ http://localhost:3000/_next/static/chunks/node_modules_next_dist_1e8vcs8._.js:776
[  967670ms] [LOG] [Fast Refresh] done in 532ms @ http://localhost:3000/_next/static/chunks/node_modules_next_dist_1e8vcs8._.js:776
[  967732ms] [LOG] [Fast Refresh] done in 532ms @ http://localhost:3000/_next/static/chunks/node_modules_next_dist_1e8vcs8._.js:776
[  967795ms] [LOG] [Fast Refresh] done in 532ms @ http://localhost:3000/_next/static/chunks/node_modules_next_dist_1e8vcs8._.js:776
[  967856ms] [LOG] [Fast Refresh] done in 532ms @ http://localhost:3000/_next/static/chunks/node_modules_next_dist_1e8vcs8._.js:776
[  967920ms] [LOG] [Fast Refresh] done in 532ms @ http://localhost:3000/_next/static/chunks/node_modules_next_dist_1e8vcs8._.js:776
[  967981ms] [LOG] [Fast Refresh] done in 532ms @ http://localhost:3000/_next/static/chunks/node_modules_next_dist_1e8vcs8._.js:776
[  968045ms] [LOG] [Fast Refresh] done in 532ms @ http://localhost:3000/_next/static/chunks/node_modules_next_dist_1e8vcs8._.js:776
[  968105ms] [LOG] [Fast Refresh] done in 532ms @ http://localhost:3000/_next/static/chunks/node_modules_next_dist_1e8vcs8._.js:776
[  968168ms] [LOG] [Fast Refresh] done in 532ms @ http://localhost:3000/_next/static/chunks/node_modules_next_dist_1e8vcs8._.js:776
[  968230ms] [LOG] [Fast Refresh] done in 532ms @ http://localhost:3000/_next/static/chunks/node_modules_next_dist_1e8vcs8._.js:776
[  968294ms] [LOG] [Fast Refresh] done in 532ms @ http://localhost:3000/_next/static/chunks/node_modules_next_dist_1e8vcs8._.js:776
[  968354ms] [LOG] [Fast Refresh] done in 532ms @ http://localhost:3000/_next/static/chunks/node_modules_next_dist_1e8vcs8._.js:776
[  968416ms] [LOG] [Fast Refresh] done in 532ms @ http://localhost:3000/_next/static/chunks/node_modules_next_dist_1e8vcs8._.js:776
[  968479ms] [LOG] [Fast Refresh] done in 532ms @ http://localhost:3000/_next/static/chunks/node_modules_next_dist_1e8vcs8._.js:776
[  968541ms] [LOG] [Fast Refresh] done in 532ms @ http://localhost:3000/_next/static/chunks/node_modules_next_dist_1e8vcs8._.js:776
[  968604ms] [LOG] [Fast Refresh] done in 532ms @ http://localhost:3000/_next/static/chunks/node_modules_next_dist_1e8vcs8._.js:776
[  968666ms] [LOG] [Fast Refresh] done in 532ms @ http://localhost:3000/_next/static/chunks/node_modules_next_dist_1e8vcs8._.js:776
[  968729ms] [LOG] [Fast Refresh] done in 532ms @ http://localhost:3000/_next/static/chunks/node_modules_next_dist_1e8vcs8._.js:776
[  968791ms] [LOG] [Fast Refresh] done in 532ms @ http://localhost:3000/_next/static/chunks/node_modules_next_dist_1e8vcs8._.js:776
[  968853ms] [LOG] [Fast Refresh] done in 532ms @ http://localhost:3000/_next/static/chunks/node_modules_next_dist_1e8vcs8._.js:776
[  968916ms] [LOG] [Fast Refresh] done in 532ms @ http://localhost:3000/_next/static/chunks/node_modules_next_dist_1e8vcs8._.js:776
[  968978ms] [LOG] [Fast Refresh] done in 532ms @ http://localhost:3000/_next/static/chunks/node_modules_next_dist_1e8vcs8._.js:776
[  969041ms] [LOG] [Fast Refresh] done in 532ms @ http://localhost:3000/_next/static/chunks/node_modules_next_dist_1e8vcs8._.js:776
[  969102ms] [LOG] [Fast Refresh] done in 532ms @ http://localhost:3000/_next/static/chunks/node_modules_next_dist_1e8vcs8._.js:776
[  969164ms] [LOG] [Fast Refresh] done in 532ms @ http://localhost:3000/_next/static/chunks/node_modules_next_dist_1e8vcs8._.js:776
[  969229ms] [LOG] [Fast Refresh] done in 532ms @ http://localhost:3000/_next/static/chunks/node_modules_next_dist_1e8vcs8._.js:776
[  969290ms] [LOG] [Fast Refresh] done in 532ms @ http://localhost:3000/_next/static/chunks/node_modules_next_dist_1e8vcs8._.js:776
[  969351ms] [LOG] [Fast Refresh] done in 532ms @ http://localhost:3000/_next/static/chunks/node_modules_next_dist_1e8vcs8._.js:776
[  969413ms] [LOG] [Fast Refresh] done in 532ms @ http://localhost:3000/_next/static/chunks/node_modules_next_dist_1e8vcs8._.js:776
[  969476ms] [LOG] [Fast Refresh] done in 532ms @ http://localhost:3000/_next/static/chunks/node_modules_next_dist_1e8vcs8._.js:776
[  969538ms] [LOG] [Fast Refresh] done in 532ms @ http://localhost:3000/_next/static/chunks/node_modules_next_dist_1e8vcs8._.js:776
[  969600ms] [LOG] [Fast Refresh] done in 532ms @ http://localhost:3000/_next/static/chunks/node_modules_next_dist_1e8vcs8._.js:776
[  969662ms] [LOG] [Fast Refresh] done in 532ms @ http://localhost:3000/_next/static/chunks/node_modules_next_dist_1e8vcs8._.js:776
[  969725ms] [LOG] [Fast Refresh] done in 532ms @ http://localhost:3000/_next/static/chunks/node_modules_next_dist_1e8vcs8._.js:776
[  969786ms] [LOG] [Fast Refresh] done in 532ms @ http://localhost:3000/_next/static/chunks/node_modules_next_dist_1e8vcs8._.js:776
[  969849ms] [LOG] [Fast Refresh] done in 532ms @ http://localhost:3000/_next/static/chunks/node_modules_next_dist_1e8vcs8._.js:776
[  969912ms] [LOG] [Fast Refresh] done in 532ms @ http://localhost:3000/_next/static/chunks/node_modules_next_dist_1e8vcs8._.js:776
[  969974ms] [LOG] [Fast Refresh] done in 532ms @ http://localhost:3000/_next/static/chunks/node_modules_next_dist_1e8vcs8._.js:776
[  970036ms] [LOG] [Fast Refresh] done in 532ms @ http://localhost:3000/_next/static/chunks/node_modules_next_dist_1e8vcs8._.js:776
[  970098ms] [LOG] [Fast Refresh] done in 532ms @ http://localhost:3000/_next/static/chunks/node_modules_next_dist_1e8vcs8._.js:776
[  970161ms] [LOG] [Fast Refresh] done in 532ms @ http://localhost:3000/_next/static/chunks/node_modules_next_dist_1e8vcs8._.js:776
[  970223ms] [LOG] [Fast Refresh] done in 532ms @ http://localhost:3000/_next/static/chunks/node_modules_next_dist_1e8vcs8._.js:776
[  970287ms] [LOG] [Fast Refresh] done in 532ms @ http://localhost:3000/_next/static/chunks/node_modules_next_dist_1e8vcs8._.js:776
[  970349ms] [LOG] [Fast Refresh] done in 532ms @ http://localhost:3000/_next/static/chunks/node_modules_next_dist_1e8vcs8._.js:776
[  970412ms] [LOG] [Fast Refresh] done in 532ms @ http://localhost:3000/_next/static/chunks/node_modules_next_dist_1e8vcs8._.js:776
[  970473ms] [LOG] [Fast Refresh] done in 532ms @ http://localhost:3000/_next/static/chunks/node_modules_next_dist_1e8vcs8._.js:776
[  970537ms] [LOG] [Fast Refresh] done in 532ms @ http://localhost:3000/_next/static/chunks/node_modules_next_dist_1e8vcs8._.js:776
[  970598ms] [LOG] [Fast Refresh] done in 532ms @ http://localhost:3000/_next/static/chunks/node_modules_next_dist_1e8vcs8._.js:776
[  970662ms] [LOG] [Fast Refresh] done in 532ms @ http://localhost:3000/_next/static/chunks/node_modules_next_dist_1e8vcs8._.js:776
[  970724ms] [LOG] [Fast Refresh] done in 532ms @ http://localhost:3000/_next/static/chunks/node_modules_next_dist_1e8vcs8._.js:776
[  970786ms] [LOG] [Fast Refresh] done in 532ms @ http://localhost:3000/_next/static/chunks/node_modules_next_dist_1e8vcs8._.js:776
[  970849ms] [LOG] [Fast Refresh] done in 532ms @ http://localhost:3000/_next/static/chunks/node_modules_next_dist_1e8vcs8._.js:776
[  970910ms] [LOG] [Fast Refresh] done in 532ms @ http://localhost:3000/_next/static/chunks/node_modules_next_dist_1e8vcs8._.js:776
[  970972ms] [LOG] [Fast Refresh] done in 532ms @ http://localhost:3000/_next/static/chunks/node_modules_next_dist_1e8vcs8._.js:776
[  971034ms] [LOG] [Fast Refresh] done in 532ms @ http://localhost:3000/_next/static/chunks/node_modules_next_dist_1e8vcs8._.js:776
[  971098ms] [LOG] [Fast Refresh] done in 532ms @ http://localhost:3000/_next/static/chunks/node_modules_next_dist_1e8vcs8._.js:776
[  971161ms] [LOG] [Fast Refresh] done in 532ms @ http://localhost:3000/_next/static/chunks/node_modules_next_dist_1e8vcs8._.js:776
[  971222ms] [LOG] [Fast Refresh] done in 532ms @ http://localhost:3000/_next/static/chunks/node_modules_next_dist_1e8vcs8._.js:776
[  971285ms] [LOG] [Fast Refresh] done in 532ms @ http://localhost:3000/_next/static/chunks/node_modules_next_dist_1e8vcs8._.js:776
[  971349ms] [LOG] [Fast Refresh] done in 532ms @ http://localhost:3000/_next/static/chunks/node_modules_next_dist_1e8vcs8._.js:776
[  971410ms] [LOG] [Fast Refresh] done in 532ms @ http://localhost:3000/_next/static/chunks/node_modules_next_dist_1e8vcs8._.js:776
[  971473ms] [LOG] [Fast Refresh] done in 532ms @ http://localhost:3000/_next/static/chunks/node_modules_next_dist_1e8vcs8._.js:776
[  971536ms] [LOG] [Fast Refresh] done in 532ms @ http://localhost:3000/_next/static/chunks/node_modules_next_dist_1e8vcs8._.js:776
[  971598ms] [LOG] [Fast Refresh] done in 532ms @ http://localhost:3000/_next/static/chunks/node_modules_next_dist_1e8vcs8._.js:776
[  971661ms] [LOG] [Fast Refresh] done in 532ms @ http://localhost:3000/_next/static/chunks/node_modules_next_dist_1e8vcs8._.js:776
[  971724ms] [LOG] [Fast Refresh] done in 532ms @ http://localhost:3000/_next/static/chunks/node_modules_next_dist_1e8vcs8._.js:776
[  971786ms] [LOG] [Fast Refresh] done in 532ms @ http://localhost:3000/_next/static/chunks/node_modules_next_dist_1e8vcs8._.js:776
[  971849ms] [LOG] [Fast Refresh] done in 532ms @ http://localhost:3000/_next/static/chunks/node_modules_next_dist_1e8vcs8._.js:776
[  971909ms] [LOG] [Fast Refresh] done in 532ms @ http://localhost:3000/_next/static/chunks/node_modules_next_dist_1e8vcs8._.js:776
[  971972ms] [LOG] [Fast Refresh] done in 532ms @ http://localhost:3000/_next/static/chunks/node_modules_next_dist_1e8vcs8._.js:776
[  972034ms] [LOG] [Fast Refresh] done in 532ms @ http://localhost:3000/_next/static/chunks/node_modules_next_dist_1e8vcs8._.js:776
[  972097ms] [LOG] [Fast Refresh] done in 532ms @ http://localhost:3000/_next/static/chunks/node_modules_next_dist_1e8vcs8._.js:776
[  972160ms] [LOG] [Fast Refresh] done in 532ms @ http://localhost:3000/_next/static/chunks/node_modules_next_dist_1e8vcs8._.js:776
[  972222ms] [LOG] [Fast Refresh] done in 532ms @ http://localhost:3000/_next/static/chunks/node_modules_next_dist_1e8vcs8._.js:776
[  972284ms] [LOG] [Fast Refresh] done in 532ms @ http://localhost:3000/_next/static/chunks/node_modules_next_dist_1e8vcs8._.js:776
[  972347ms] [LOG] [Fast Refresh] done in 532ms @ http://localhost:3000/_next/static/chunks/node_modules_next_dist_1e8vcs8._.js:776
[  972411ms] [LOG] [Fast Refresh] done in 532ms @ http://localhost:3000/_next/static/chunks/node_modules_next_dist_1e8vcs8._.js:776
[  972504ms] [LOG] [Fast Refresh] done in 532ms @ http://localhost:3000/_next/static/chunks/node_modules_next_dist_1e8vcs8._.js:776
[  972566ms] [LOG] [Fast Refresh] done in 532ms @ http://localhost:3000/_next/static/chunks/node_modules_next_dist_1e8vcs8._.js:776
[  972628ms] [LOG] [Fast Refresh] done in 532ms @ http://localhost:3000/_next/static/chunks/node_modules_next_dist_1e8vcs8._.js:776
[  972690ms] [LOG] [Fast Refresh] done in 532ms @ http://localhost:3000/_next/static/chunks/node_modules_next_dist_1e8vcs8._.js:776
[  972752ms] [LOG] [Fast Refresh] done in 532ms @ http://localhost:3000/_next/static/chunks/node_modules_next_dist_1e8vcs8._.js:776
[  972814ms] [LOG] [Fast Refresh] done in 532ms @ http://localhost:3000/_next/static/chunks/node_modules_next_dist_1e8vcs8._.js:776
[  972878ms] [LOG] [Fast Refresh] done in 532ms @ http://localhost:3000/_next/static/chunks/node_modules_next_dist_1e8vcs8._.js:776
[  972940ms] [LOG] [Fast Refresh] done in 532ms @ http://localhost:3000/_next/static/chunks/node_modules_next_dist_1e8vcs8._.js:776
[  973002ms] [LOG] [Fast Refresh] done in 532ms @ http://localhost:3000/_next/static/chunks/node_modules_next_dist_1e8vcs8._.js:776
[  973064ms] [LOG] [Fast Refresh] done in 532ms @ http://localhost:3000/_next/static/chunks/node_modules_next_dist_1e8vcs8._.js:776
[  973126ms] [LOG] [Fast Refresh] done in 532ms @ http://localhost:3000/_next/static/chunks/node_modules_next_dist_1e8vcs8._.js:776
[  973187ms] [LOG] [Fast Refresh] done in 532ms @ http://localhost:3000/_next/static/chunks/node_modules_next_dist_1e8vcs8._.js:776
[  973248ms] [LOG] [Fast Refresh] done in 532ms @ http://localhost:3000/_next/static/chunks/node_modules_next_dist_1e8vcs8._.js:776
[  973310ms] [LOG] [Fast Refresh] done in 532ms @ http://localhost:3000/_next/static/chunks/node_modules_next_dist_1e8vcs8._.js:776
[  973372ms] [LOG] [Fast Refresh] done in 532ms @ http://localhost:3000/_next/static/chunks/node_modules_next_dist_1e8vcs8._.js:776
[  973434ms] [LOG] [Fast Refresh] done in 532ms @ http://localhost:3000/_next/static/chunks/node_modules_next_dist_1e8vcs8._.js:776
[  973496ms] [LOG] [Fast Refresh] done in 532ms @ http://localhost:3000/_next/static/chunks/node_modules_next_dist_1e8vcs8._.js:776
[  973558ms] [LOG] [Fast Refresh] done in 532ms @ http://localhost:3000/_next/static/chunks/node_modules_next_dist_1e8vcs8._.js:776
[  973619ms] [LOG] [Fast Refresh] done in 532ms @ http://localhost:3000/_next/static/chunks/node_modules_next_dist_1e8vcs8._.js:776
[  973682ms] [LOG] [Fast Refresh] done in 532ms @ http://localhost:3000/_next/static/chunks/node_modules_next_dist_1e8vcs8._.js:776
[  973745ms] [LOG] [Fast Refresh] done in 532ms @ http://localhost:3000/_next/static/chunks/node_modules_next_dist_1e8vcs8._.js:776
[  973807ms] [LOG] [Fast Refresh] done in 532ms @ http://localhost:3000/_next/static/chunks/node_modules_next_dist_1e8vcs8._.js:776
[  973868ms] [LOG] [Fast Refresh] done in 532ms @ http://localhost:3000/_next/static/chunks/node_modules_next_dist_1e8vcs8._.js:776
[  973930ms] [LOG] [Fast Refresh] done in 532ms @ http://localhost:3000/_next/static/chunks/node_modules_next_dist_1e8vcs8._.js:776
[  973992ms] [LOG] [Fast Refresh] done in 532ms @ http://localhost:3000/_next/static/chunks/node_modules_next_dist_1e8vcs8._.js:776
[  974055ms] [LOG] [Fast Refresh] done in 532ms @ http://localhost:3000/_next/static/chunks/node_modules_next_dist_1e8vcs8._.js:776
[  974118ms] [LOG] [Fast Refresh] done in 532ms @ http://localhost:3000/_next/static/chunks/node_modules_next_dist_1e8vcs8._.js:776
[  974180ms] [LOG] [Fast Refresh] done in 532ms @ http://localhost:3000/_next/static/chunks/node_modules_next_dist_1e8vcs8._.js:776
[  974243ms] [LOG] [Fast Refresh] done in 532ms @ http://localhost:3000/_next/static/chunks/node_modules_next_dist_1e8vcs8._.js:776
[  974306ms] [LOG] [Fast Refresh] done in 532ms @ http://localhost:3000/_next/static/chunks/node_modules_next_dist_1e8vcs8._.js:776
[  974367ms] [LOG] [Fast Refresh] done in 532ms @ http://localhost:3000/_next/static/chunks/node_modules_next_dist_1e8vcs8._.js:776
[  974429ms] [LOG] [Fast Refresh] done in 532ms @ http://localhost:3000/_next/static/chunks/node_modules_next_dist_1e8vcs8._.js:776
[  974492ms] [LOG] [Fast Refresh] done in 532ms @ http://localhost:3000/_next/static/chunks/node_modules_next_dist_1e8vcs8._.js:776
[  974553ms] [LOG] [Fast Refresh] done in 532ms @ http://localhost:3000/_next/static/chunks/node_modules_next_dist_1e8vcs8._.js:776
[  974615ms] [LOG] [Fast Refresh] done in 532ms @ http://localhost:3000/_next/static/chunks/node_modules_next_dist_1e8vcs8._.js:776
[  974676ms] [LOG] [Fast Refresh] done in 532ms @ http://localhost:3000/_next/static/chunks/node_modules_next_dist_1e8vcs8._.js:776
[  974738ms] [LOG] [Fast Refresh] done in 532ms @ http://localhost:3000/_next/static/chunks/node_modules_next_dist_1e8vcs8._.js:776
[  974801ms] [LOG] [Fast Refresh] done in 532ms @ http://localhost:3000/_next/static/chunks/node_modules_next_dist_1e8vcs8._.js:776
[  974863ms] [LOG] [Fast Refresh] done in 532ms @ http://localhost:3000/_next/static/chunks/node_modules_next_dist_1e8vcs8._.js:776
[  974926ms] [LOG] [Fast Refresh] done in 532ms @ http://localhost:3000/_next/static/chunks/node_modules_next_dist_1e8vcs8._.js:776
[  974988ms] [LOG] [Fast Refresh] done in 532ms @ http://localhost:3000/_next/static/chunks/node_modules_next_dist_1e8vcs8._.js:776
[  975050ms] [LOG] [Fast Refresh] done in 532ms @ http://localhost:3000/_next/static/chunks/node_modules_next_dist_1e8vcs8._.js:776
[  975112ms] [LOG] [Fast Refresh] done in 532ms @ http://localhost:3000/_next/static/chunks/node_modules_next_dist_1e8vcs8._.js:776
[  975175ms] [LOG] [Fast Refresh] done in 532ms @ http://localhost:3000/_next/static/chunks/node_modules_next_dist_1e8vcs8._.js:776
[  975237ms] [LOG] [Fast Refresh] done in 532ms @ http://localhost:3000/_next/static/chunks/node_modules_next_dist_1e8vcs8._.js:776
[  975299ms] [LOG] [Fast Refresh] done in 532ms @ http://localhost:3000/_next/static/chunks/node_modules_next_dist_1e8vcs8._.js:776
[  975361ms] [LOG] [Fast Refresh] done in 532ms @ http://localhost:3000/_next/static/chunks/node_modules_next_dist_1e8vcs8._.js:776
[  975425ms] [LOG] [Fast Refresh] done in 532ms @ http://localhost:3000/_next/static/chunks/node_modules_next_dist_1e8vcs8._.js:776
[  975488ms] [LOG] [Fast Refresh] done in 532ms @ http://localhost:3000/_next/static/chunks/node_modules_next_dist_1e8vcs8._.js:776
[  975551ms] [LOG] [Fast Refresh] done in 532ms @ http://localhost:3000/_next/static/chunks/node_modules_next_dist_1e8vcs8._.js:776
[  975614ms] [LOG] [Fast Refresh] done in 532ms @ http://localhost:3000/_next/static/chunks/node_modules_next_dist_1e8vcs8._.js:776
[  975698ms] [LOG] [Fast Refresh] done in 532ms @ http://localhost:3000/_next/static/chunks/node_modules_next_dist_1e8vcs8._.js:776
[  975759ms] [LOG] [Fast Refresh] done in 532ms @ http://localhost:3000/_next/static/chunks/node_modules_next_dist_1e8vcs8._.js:776
[  975821ms] [LOG] [Fast Refresh] done in 532ms @ http://localhost:3000/_next/static/chunks/node_modules_next_dist_1e8vcs8._.js:776
[  975896ms] [LOG] [Fast Refresh] done in 532ms @ http://localhost:3000/_next/static/chunks/node_modules_next_dist_1e8vcs8._.js:776
[  975990ms] [LOG] [Fast Refresh] done in 532ms @ http://localhost:3000/_next/static/chunks/node_modules_next_dist_1e8vcs8._.js:776
[  976069ms] [LOG] [Fast Refresh] done in 532ms @ http://localhost:3000/_next/static/chunks/node_modules_next_dist_1e8vcs8._.js:776
[  976150ms] [LOG] [Fast Refresh] done in 532ms @ http://localhost:3000/_next/static/chunks/node_modules_next_dist_1e8vcs8._.js:776
[  976225ms] [LOG] [Fast Refresh] done in 532ms @ http://localhost:3000/_next/static/chunks/node_modules_next_dist_1e8vcs8._.js:776
[  976294ms] [LOG] [Fast Refresh] done in 532ms @ http://localhost:3000/_next/static/chunks/node_modules_next_dist_1e8vcs8._.js:776
[  976364ms] [LOG] [Fast Refresh] done in 532ms @ http://localhost:3000/_next/static/chunks/node_modules_next_dist_1e8vcs8._.js:776
[  976427ms] [LOG] [Fast Refresh] done in 532ms @ http://localhost:3000/_next/static/chunks/node_modules_next_dist_1e8vcs8._.js:776
[  976494ms] [LOG] [Fast Refresh] done in 532ms @ http://localhost:3000/_next/static/chunks/node_modules_next_dist_1e8vcs8._.js:776
[  976581ms] [LOG] [Fast Refresh] done in 532ms @ http://localhost:3000/_next/static/chunks/node_modules_next_dist_1e8vcs8._.js:776
[  976677ms] [LOG] [Fast Refresh] done in 532ms @ http://localhost:3000/_next/static/chunks/node_modules_next_dist_1e8vcs8._.js:776
[  976796ms] [LOG] [Fast Refresh] done in 532ms @ http://localhost:3000/_next/static/chunks/node_modules_next_dist_1e8vcs8._.js:776
[  976867ms] [LOG] [Fast Refresh] done in 532ms @ http://localhost:3000/_next/static/chunks/node_modules_next_dist_1e8vcs8._.js:776
[  976938ms] [LOG] [Fast Refresh] done in 532ms @ http://localhost:3000/_next/static/chunks/node_modules_next_dist_1e8vcs8._.js:776
[  977019ms] [LOG] [Fast Refresh] done in 532ms @ http://localhost:3000/_next/static/chunks/node_modules_next_dist_1e8vcs8._.js:776
[  977108ms] [LOG] [Fast Refresh] done in 532ms @ http://localhost:3000/_next/static/chunks/node_modules_next_dist_1e8vcs8._.js:776
[  977196ms] [LOG] [Fast Refresh] done in 532ms @ http://localhost:3000/_next/static/chunks/node_modules_next_dist_1e8vcs8._.js:776
[  977281ms] [LOG] [Fast Refresh] done in 532ms @ http://localhost:3000/_next/static/chunks/node_modules_next_dist_1e8vcs8._.js:776
[  977344ms] [LOG] [Fast Refresh] done in 532ms @ http://localhost:3000/_next/static/chunks/node_modules_next_dist_1e8vcs8._.js:776
[  977443ms] [LOG] [Fast Refresh] done in 532ms @ http://localhost:3000/_next/static/chunks/node_modules_next_dist_1e8vcs8._.js:776
[  977523ms] [LOG] [Fast Refresh] done in 532ms @ http://localhost:3000/_next/static/chunks/node_modules_next_dist_1e8vcs8._.js:776
[  977624ms] [LOG] [Fast Refresh] done in 532ms @ http://localhost:3000/_next/static/chunks/node_modules_next_dist_1e8vcs8._.js:776
[  977714ms] [LOG] [Fast Refresh] done in 532ms @ http://localhost:3000/_next/static/chunks/node_modules_next_dist_1e8vcs8._.js:776
[  977800ms] [LOG] [Fast Refresh] done in 532ms @ http://localhost:3000/_next/static/chunks/node_modules_next_dist_1e8vcs8._.js:776
[  977860ms] [LOG] [Fast Refresh] done in 532ms @ http://localhost:3000/_next/static/chunks/node_modules_next_dist_1e8vcs8._.js:776
[  977921ms] [LOG] [Fast Refresh] done in 532ms @ http://localhost:3000/_next/static/chunks/node_modules_next_dist_1e8vcs8._.js:776
[  977986ms] [LOG] [Fast Refresh] done in 532ms @ http://localhost:3000/_next/static/chunks/node_modules_next_dist_1e8vcs8._.js:776
[  978050ms] [LOG] [Fast Refresh] done in 532ms @ http://localhost:3000/_next/static/chunks/node_modules_next_dist_1e8vcs8._.js:776
[  978112ms] [LOG] [Fast Refresh] done in 532ms @ http://localhost:3000/_next/static/chunks/node_modules_next_dist_1e8vcs8._.js:776
[  978193ms] [LOG] [Fast Refresh] done in 532ms @ http://localhost:3000/_next/static/chunks/node_modules_next_dist_1e8vcs8._.js:776
[  978319ms] [LOG] [Fast Refresh] done in 532ms @ http://localhost:3000/_next/static/chunks/node_modules_next_dist_1e8vcs8._.js:776
[  978406ms] [LOG] [Fast Refresh] done in 532ms @ http://localhost:3000/_next/static/chunks/node_modules_next_dist_1e8vcs8._.js:776
[  978467ms] [LOG] [Fast Refresh] done in 532ms @ http://localhost:3000/_next/static/chunks/node_modules_next_dist_1e8vcs8._.js:776
[  978529ms] [LOG] [Fast Refresh] done in 532ms @ http://localhost:3000/_next/static/chunks/node_modules_next_dist_1e8vcs8._.js:776
[  978591ms] [LOG] [Fast Refresh] done in 532ms @ http://localhost:3000/_next/static/chunks/node_modules_next_dist_1e8vcs8._.js:776
[  978653ms] [LOG] [Fast Refresh] done in 532ms @ http://localhost:3000/_next/static/chunks/node_modules_next_dist_1e8vcs8._.js:776
[  978714ms] [LOG] [Fast Refresh] done in 532ms @ http://localhost:3000/_next/static/chunks/node_modules_next_dist_1e8vcs8._.js:776
[  978777ms] [LOG] [Fast Refresh] done in 532ms @ http://localhost:3000/_next/static/chunks/node_modules_next_dist_1e8vcs8._.js:776
[  978839ms] [LOG] [Fast Refresh] done in 532ms @ http://localhost:3000/_next/static/chunks/node_modules_next_dist_1e8vcs8._.js:776
[  978903ms] [LOG] [Fast Refresh] done in 532ms @ http://localhost:3000/_next/static/chunks/node_modules_next_dist_1e8vcs8._.js:776
[  978965ms] [LOG] [Fast Refresh] done in 532ms @ http://localhost:3000/_next/static/chunks/node_modules_next_dist_1e8vcs8._.js:776
[  979029ms] [LOG] [Fast Refresh] done in 532ms @ http://localhost:3000/_next/static/chunks/node_modules_next_dist_1e8vcs8._.js:776
[  979091ms] [LOG] [Fast Refresh] done in 532ms @ http://localhost:3000/_next/static/chunks/node_modules_next_dist_1e8vcs8._.js:776
[  979153ms] [LOG] [Fast Refresh] done in 532ms @ http://localhost:3000/_next/static/chunks/node_modules_next_dist_1e8vcs8._.js:776
[  979217ms] [LOG] [Fast Refresh] done in 532ms @ http://localhost:3000/_next/static/chunks/node_modules_next_dist_1e8vcs8._.js:776
[  979278ms] [LOG] [Fast Refresh] done in 532ms @ http://localhost:3000/_next/static/chunks/node_modules_next_dist_1e8vcs8._.js:776
[  979340ms] [LOG] [Fast Refresh] done in 532ms @ http://localhost:3000/_next/static/chunks/node_modules_next_dist_1e8vcs8._.js:776
[  979403ms] [LOG] [Fast Refresh] done in 532ms @ http://localhost:3000/_next/static/chunks/node_modules_next_dist_1e8vcs8._.js:776
[  979465ms] [LOG] [Fast Refresh] done in 532ms @ http://localhost:3000/_next/static/chunks/node_modules_next_dist_1e8vcs8._.js:776
[  979527ms] [LOG] [Fast Refresh] done in 532ms @ http://localhost:3000/_next/static/chunks/node_modules_next_dist_1e8vcs8._.js:776
[  979590ms] [LOG] [Fast Refresh] done in 532ms @ http://localhost:3000/_next/static/chunks/node_modules_next_dist_1e8vcs8._.js:776
[  979652ms] [LOG] [Fast Refresh] done in 532ms @ http://localhost:3000/_next/static/chunks/node_modules_next_dist_1e8vcs8._.js:776
[  979712ms] [LOG] [Fast Refresh] done in 532ms @ http://localhost:3000/_next/static/chunks/node_modules_next_dist_1e8vcs8._.js:776
[  979774ms] [LOG] [Fast Refresh] done in 532ms @ http://localhost:3000/_next/static/chunks/node_modules_next_dist_1e8vcs8._.js:776
[  979838ms] [LOG] [Fast Refresh] done in 532ms @ http://localhost:3000/_next/static/chunks/node_modules_next_dist_1e8vcs8._.js:776
[  979901ms] [LOG] [Fast Refresh] done in 532ms @ http://localhost:3000/_next/static/chunks/node_modules_next_dist_1e8vcs8._.js:776
[  979964ms] [LOG] [Fast Refresh] done in 532ms @ http://localhost:3000/_next/static/chunks/node_modules_next_dist_1e8vcs8._.js:776
[  980026ms] [LOG] [Fast Refresh] done in 532ms @ http://localhost:3000/_next/static/chunks/node_modules_next_dist_1e8vcs8._.js:776
[  980088ms] [LOG] [Fast Refresh] done in 532ms @ http://localhost:3000/_next/static/chunks/node_modules_next_dist_1e8vcs8._.js:776
[  980150ms] [LOG] [Fast Refresh] done in 532ms @ http://localhost:3000/_next/static/chunks/node_modules_next_dist_1e8vcs8._.js:776
[  980213ms] [LOG] [Fast Refresh] done in 532ms @ http://localhost:3000/_next/static/chunks/node_modules_next_dist_1e8vcs8._.js:776
[  980276ms] [LOG] [Fast Refresh] done in 532ms @ http://localhost:3000/_next/static/chunks/node_modules_next_dist_1e8vcs8._.js:776
[  980337ms] [LOG] [Fast Refresh] done in 532ms @ http://localhost:3000/_next/static/chunks/node_modules_next_dist_1e8vcs8._.js:776
[  980401ms] [LOG] [Fast Refresh] done in 532ms @ http://localhost:3000/_next/static/chunks/node_modules_next_dist_1e8vcs8._.js:776
[  980464ms] [LOG] [Fast Refresh] done in 532ms @ http://localhost:3000/_next/static/chunks/node_modules_next_dist_1e8vcs8._.js:776
[  980527ms] [LOG] [Fast Refresh] done in 532ms @ http://localhost:3000/_next/static/chunks/node_modules_next_dist_1e8vcs8._.js:776
[  980588ms] [LOG] [Fast Refresh] done in 532ms @ http://localhost:3000/_next/static/chunks/node_modules_next_dist_1e8vcs8._.js:776
[  980650ms] [LOG] [Fast Refresh] done in 532ms @ http://localhost:3000/_next/static/chunks/node_modules_next_dist_1e8vcs8._.js:776
[  980713ms] [LOG] [Fast Refresh] done in 532ms @ http://localhost:3000/_next/static/chunks/node_modules_next_dist_1e8vcs8._.js:776
[  980775ms] [LOG] [Fast Refresh] done in 532ms @ http://localhost:3000/_next/static/chunks/node_modules_next_dist_1e8vcs8._.js:776
[  980837ms] [LOG] [Fast Refresh] done in 532ms @ http://localhost:3000/_next/static/chunks/node_modules_next_dist_1e8vcs8._.js:776
[  980899ms] [LOG] [Fast Refresh] done in 532ms @ http://localhost:3000/_next/static/chunks/node_modules_next_dist_1e8vcs8._.js:776
[  980963ms] [LOG] [Fast Refresh] done in 532ms @ http://localhost:3000/_next/static/chunks/node_modules_next_dist_1e8vcs8._.js:776
[  981025ms] [LOG] [Fast Refresh] done in 532ms @ http://localhost:3000/_next/static/chunks/node_modules_next_dist_1e8vcs8._.js:776
[  981089ms] [LOG] [Fast Refresh] done in 532ms @ http://localhost:3000/_next/static/chunks/node_modules_next_dist_1e8vcs8._.js:776
[  981150ms] [LOG] [Fast Refresh] done in 532ms @ http://localhost:3000/_next/static/chunks/node_modules_next_dist_1e8vcs8._.js:776
[  981212ms] [LOG] [Fast Refresh] done in 532ms @ http://localhost:3000/_next/static/chunks/node_modules_next_dist_1e8vcs8._.js:776
[  981274ms] [LOG] [Fast Refresh] done in 532ms @ http://localhost:3000/_next/static/chunks/node_modules_next_dist_1e8vcs8._.js:776
[  981337ms] [LOG] [Fast Refresh] done in 532ms @ http://localhost:3000/_next/static/chunks/node_modules_next_dist_1e8vcs8._.js:776
[  981399ms] [LOG] [Fast Refresh] done in 532ms @ http://localhost:3000/_next/static/chunks/node_modules_next_dist_1e8vcs8._.js:776
[  981461ms] [LOG] [Fast Refresh] done in 532ms @ http://localhost:3000/_next/static/chunks/node_modules_next_dist_1e8vcs8._.js:776
[  981523ms] [LOG] [Fast Refresh] done in 532ms @ http://localhost:3000/_next/static/chunks/node_modules_next_dist_1e8vcs8._.js:776
[  981586ms] [LOG] [Fast Refresh] done in 532ms @ http://localhost:3000/_next/static/chunks/node_modules_next_dist_1e8vcs8._.js:776
[  981648ms] [LOG] [Fast Refresh] done in 532ms @ http://localhost:3000/_next/static/chunks/node_modules_next_dist_1e8vcs8._.js:776
[  981710ms] [LOG] [Fast Refresh] done in 532ms @ http://localhost:3000/_next/static/chunks/node_modules_next_dist_1e8vcs8._.js:776
[  981772ms] [LOG] [Fast Refresh] done in 532ms @ http://localhost:3000/_next/static/chunks/node_modules_next_dist_1e8vcs8._.js:776
[  981834ms] [LOG] [Fast Refresh] done in 532ms @ http://localhost:3000/_next/static/chunks/node_modules_next_dist_1e8vcs8._.js:776
[  981897ms] [LOG] [Fast Refresh] done in 532ms @ http://localhost:3000/_next/static/chunks/node_modules_next_dist_1e8vcs8._.js:776
[  981958ms] [LOG] [Fast Refresh] done in 532ms @ http://localhost:3000/_next/static/chunks/node_modules_next_dist_1e8vcs8._.js:776
[  982019ms] [LOG] [Fast Refresh] done in 532ms @ http://localhost:3000/_next/static/chunks/node_modules_next_dist_1e8vcs8._.js:776
[  982081ms] [LOG] [Fast Refresh] done in 532ms @ http://localhost:3000/_next/static/chunks/node_modules_next_dist_1e8vcs8._.js:776
[  982144ms] [LOG] [Fast Refresh] done in 532ms @ http://localhost:3000/_next/static/chunks/node_modules_next_dist_1e8vcs8._.js:776
[  982206ms] [LOG] [Fast Refresh] done in 532ms @ http://localhost:3000/_next/static/chunks/node_modules_next_dist_1e8vcs8._.js:776
[  982267ms] [LOG] [Fast Refresh] done in 532ms @ http://localhost:3000/_next/static/chunks/node_modules_next_dist_1e8vcs8._.js:776
[  982329ms] [LOG] [Fast Refresh] done in 532ms @ http://localhost:3000/_next/static/chunks/node_modules_next_dist_1e8vcs8._.js:776
[  982392ms] [LOG] [Fast Refresh] done in 532ms @ http://localhost:3000/_next/static/chunks/node_modules_next_dist_1e8vcs8._.js:776
[  982455ms] [LOG] [Fast Refresh] done in 532ms @ http://localhost:3000/_next/static/chunks/node_modules_next_dist_1e8vcs8._.js:776
[  982517ms] [LOG] [Fast Refresh] done in 532ms @ http://localhost:3000/_next/static/chunks/node_modules_next_dist_1e8vcs8._.js:776
[  982579ms] [LOG] [Fast Refresh] done in 532ms @ http://localhost:3000/_next/static/chunks/node_modules_next_dist_1e8vcs8._.js:776
[  982641ms] [LOG] [Fast Refresh] done in 532ms @ http://localhost:3000/_next/static/chunks/node_modules_next_dist_1e8vcs8._.js:776
[  982701ms] [LOG] [Fast Refresh] done in 532ms @ http://localhost:3000/_next/static/chunks/node_modules_next_dist_1e8vcs8._.js:776
[  982763ms] [LOG] [Fast Refresh] done in 532ms @ http://localhost:3000/_next/static/chunks/node_modules_next_dist_1e8vcs8._.js:776
[  982827ms] [LOG] [Fast Refresh] done in 532ms @ http://localhost:3000/_next/static/chunks/node_modules_next_dist_1e8vcs8._.js:776
[  982890ms] [LOG] [Fast Refresh] done in 532ms @ http://localhost:3000/_next/static/chunks/node_modules_next_dist_1e8vcs8._.js:776
[  982952ms] [LOG] [Fast Refresh] done in 532ms @ http://localhost:3000/_next/static/chunks/node_modules_next_dist_1e8vcs8._.js:776
[  983015ms] [LOG] [Fast Refresh] done in 532ms @ http://localhost:3000/_next/static/chunks/node_modules_next_dist_1e8vcs8._.js:776
[  983076ms] [LOG] [Fast Refresh] done in 532ms @ http://localhost:3000/_next/static/chunks/node_modules_next_dist_1e8vcs8._.js:776
[  983138ms] [LOG] [Fast Refresh] done in 532ms @ http://localhost:3000/_next/static/chunks/node_modules_next_dist_1e8vcs8._.js:776
[  983200ms] [LOG] [Fast Refresh] done in 532ms @ http://localhost:3000/_next/static/chunks/node_modules_next_dist_1e8vcs8._.js:776
[  983264ms] [LOG] [Fast Refresh] done in 532ms @ http://localhost:3000/_next/static/chunks/node_modules_next_dist_1e8vcs8._.js:776
[  983326ms] [LOG] [Fast Refresh] done in 532ms @ http://localhost:3000/_next/static/chunks/node_modules_next_dist_1e8vcs8._.js:776
[  983388ms] [LOG] [Fast Refresh] done in 532ms @ http://localhost:3000/_next/static/chunks/node_modules_next_dist_1e8vcs8._.js:776
[  983451ms] [LOG] [Fast Refresh] done in 532ms @ http://localhost:3000/_next/static/chunks/node_modules_next_dist_1e8vcs8._.js:776
[  983512ms] [LOG] [Fast Refresh] done in 532ms @ http://localhost:3000/_next/static/chunks/node_modules_next_dist_1e8vcs8._.js:776
[  983575ms] [LOG] [Fast Refresh] done in 532ms @ http://localhost:3000/_next/static/chunks/node_modules_next_dist_1e8vcs8._.js:776
[  983638ms] [LOG] [Fast Refresh] done in 532ms @ http://localhost:3000/_next/static/chunks/node_modules_next_dist_1e8vcs8._.js:776
[  983700ms] [LOG] [Fast Refresh] done in 532ms @ http://localhost:3000/_next/static/chunks/node_modules_next_dist_1e8vcs8._.js:776
[  983761ms] [LOG] [Fast Refresh] done in 532ms @ http://localhost:3000/_next/static/chunks/node_modules_next_dist_1e8vcs8._.js:776
[  983823ms] [LOG] [Fast Refresh] done in 532ms @ http://localhost:3000/_next/static/chunks/node_modules_next_dist_1e8vcs8._.js:776
[  983886ms] [LOG] [Fast Refresh] done in 532ms @ http://localhost:3000/_next/static/chunks/node_modules_next_dist_1e8vcs8._.js:776
[  983950ms] [LOG] [Fast Refresh] done in 532ms @ http://localhost:3000/_next/static/chunks/node_modules_next_dist_1e8vcs8._.js:776
[  984012ms] [LOG] [Fast Refresh] done in 532ms @ http://localhost:3000/_next/static/chunks/node_modules_next_dist_1e8vcs8._.js:776
[  984076ms] [LOG] [Fast Refresh] done in 532ms @ http://localhost:3000/_next/static/chunks/node_modules_next_dist_1e8vcs8._.js:776
[  984139ms] [LOG] [Fast Refresh] done in 532ms @ http://localhost:3000/_next/static/chunks/node_modules_next_dist_1e8vcs8._.js:776
[  984200ms] [LOG] [Fast Refresh] done in 532ms @ http://localhost:3000/_next/static/chunks/node_modules_next_dist_1e8vcs8._.js:776
[  984262ms] [LOG] [Fast Refresh] done in 532ms @ http://localhost:3000/_next/static/chunks/node_modules_next_dist_1e8vcs8._.js:776
[  984324ms] [LOG] [Fast Refresh] done in 532ms @ http://localhost:3000/_next/static/chunks/node_modules_next_dist_1e8vcs8._.js:776
[  984387ms] [LOG] [Fast Refresh] done in 532ms @ http://localhost:3000/_next/static/chunks/node_modules_next_dist_1e8vcs8._.js:776
[  984450ms] [LOG] [Fast Refresh] done in 532ms @ http://localhost:3000/_next/static/chunks/node_modules_next_dist_1e8vcs8._.js:776
[  984512ms] [LOG] [Fast Refresh] done in 532ms @ http://localhost:3000/_next/static/chunks/node_modules_next_dist_1e8vcs8._.js:776
[  984575ms] [LOG] [Fast Refresh] done in 532ms @ http://localhost:3000/_next/static/chunks/node_modules_next_dist_1e8vcs8._.js:776
[  984638ms] [LOG] [Fast Refresh] done in 532ms @ http://localhost:3000/_next/static/chunks/node_modules_next_dist_1e8vcs8._.js:776
[  984699ms] [LOG] [Fast Refresh] done in 532ms @ http://localhost:3000/_next/static/chunks/node_modules_next_dist_1e8vcs8._.js:776
[  984761ms] [LOG] [Fast Refresh] done in 532ms @ http://localhost:3000/_next/static/chunks/node_modules_next_dist_1e8vcs8._.js:776
[  984823ms] [LOG] [Fast Refresh] done in 532ms @ http://localhost:3000/_next/static/chunks/node_modules_next_dist_1e8vcs8._.js:776
[  984884ms] [LOG] [Fast Refresh] done in 532ms @ http://localhost:3000/_next/static/chunks/node_modules_next_dist_1e8vcs8._.js:776
[  984947ms] [LOG] [Fast Refresh] done in 532ms @ http://localhost:3000/_next/static/chunks/node_modules_next_dist_1e8vcs8._.js:776
[  985010ms] [LOG] [Fast Refresh] done in 532ms @ http://localhost:3000/_next/static/chunks/node_modules_next_dist_1e8vcs8._.js:776
[  985071ms] [LOG] [Fast Refresh] done in 532ms @ http://localhost:3000/_next/static/chunks/node_modules_next_dist_1e8vcs8._.js:776
[  985135ms] [LOG] [Fast Refresh] done in 532ms @ http://localhost:3000/_next/static/chunks/node_modules_next_dist_1e8vcs8._.js:776
[  985197ms] [LOG] [Fast Refresh] done in 532ms @ http://localhost:3000/_next/static/chunks/node_modules_next_dist_1e8vcs8._.js:776
[  985258ms] [LOG] [Fast Refresh] done in 532ms @ http://localhost:3000/_next/static/chunks/node_modules_next_dist_1e8vcs8._.js:776
[  985322ms] [LOG] [Fast Refresh] done in 532ms @ http://localhost:3000/_next/static/chunks/node_modules_next_dist_1e8vcs8._.js:776
[  985383ms] [LOG] [Fast Refresh] done in 532ms @ http://localhost:3000/_next/static/chunks/node_modules_next_dist_1e8vcs8._.js:776
[  985455ms] [LOG] [Fast Refresh] done in 532ms @ http://localhost:3000/_next/static/chunks/node_modules_next_dist_1e8vcs8._.js:776
[  985524ms] [LOG] [Fast Refresh] done in 532ms @ http://localhost:3000/_next/static/chunks/node_modules_next_dist_1e8vcs8._.js:776
[  985585ms] [LOG] [Fast Refresh] done in 532ms @ http://localhost:3000/_next/static/chunks/node_modules_next_dist_1e8vcs8._.js:776
[  985648ms] [LOG] [Fast Refresh] done in 532ms @ http://localhost:3000/_next/static/chunks/node_modules_next_dist_1e8vcs8._.js:776
[  985712ms] [LOG] [Fast Refresh] done in 532ms @ http://localhost:3000/_next/static/chunks/node_modules_next_dist_1e8vcs8._.js:776
[  985772ms] [LOG] [Fast Refresh] done in 532ms @ http://localhost:3000/_next/static/chunks/node_modules_next_dist_1e8vcs8._.js:776
[  985833ms] [LOG] [Fast Refresh] done in 532ms @ http://localhost:3000/_next/static/chunks/node_modules_next_dist_1e8vcs8._.js:776
[  985895ms] [LOG] [Fast Refresh] done in 532ms @ http://localhost:3000/_next/static/chunks/node_modules_next_dist_1e8vcs8._.js:776
[  985958ms] [LOG] [Fast Refresh] done in 532ms @ http://localhost:3000/_next/static/chunks/node_modules_next_dist_1e8vcs8._.js:776
[  986020ms] [LOG] [Fast Refresh] done in 532ms @ http://localhost:3000/_next/static/chunks/node_modules_next_dist_1e8vcs8._.js:776
[  986082ms] [LOG] [Fast Refresh] done in 532ms @ http://localhost:3000/_next/static/chunks/node_modules_next_dist_1e8vcs8._.js:776
[  986145ms] [LOG] [Fast Refresh] done in 532ms @ http://localhost:3000/_next/static/chunks/node_modules_next_dist_1e8vcs8._.js:776
[  986207ms] [LOG] [Fast Refresh] done in 532ms @ http://localhost:3000/_next/static/chunks/node_modules_next_dist_1e8vcs8._.js:776
[  986271ms] [LOG] [Fast Refresh] done in 532ms @ http://localhost:3000/_next/static/chunks/node_modules_next_dist_1e8vcs8._.js:776
[  986333ms] [LOG] [Fast Refresh] done in 532ms @ http://localhost:3000/_next/static/chunks/node_modules_next_dist_1e8vcs8._.js:776
[  986395ms] [LOG] [Fast Refresh] done in 532ms @ http://localhost:3000/_next/static/chunks/node_modules_next_dist_1e8vcs8._.js:776
[  986458ms] [LOG] [Fast Refresh] done in 532ms @ http://localhost:3000/_next/static/chunks/node_modules_next_dist_1e8vcs8._.js:776
[  986518ms] [LOG] [Fast Refresh] done in 532ms @ http://localhost:3000/_next/static/chunks/node_modules_next_dist_1e8vcs8._.js:776
[  986581ms] [LOG] [Fast Refresh] done in 532ms @ http://localhost:3000/_next/static/chunks/node_modules_next_dist_1e8vcs8._.js:776
[  986642ms] [LOG] [Fast Refresh] done in 532ms @ http://localhost:3000/_next/static/chunks/node_modules_next_dist_1e8vcs8._.js:776
[  986704ms] [LOG] [Fast Refresh] done in 532ms @ http://localhost:3000/_next/static/chunks/node_modules_next_dist_1e8vcs8._.js:776
[  986765ms] [LOG] [Fast Refresh] done in 532ms @ http://localhost:3000/_next/static/chunks/node_modules_next_dist_1e8vcs8._.js:776
[  986827ms] [LOG] [Fast Refresh] done in 532ms @ http://localhost:3000/_next/static/chunks/node_modules_next_dist_1e8vcs8._.js:776
[  986889ms] [LOG] [Fast Refresh] done in 532ms @ http://localhost:3000/_next/static/chunks/node_modules_next_dist_1e8vcs8._.js:776
[  986950ms] [LOG] [Fast Refresh] done in 532ms @ http://localhost:3000/_next/static/chunks/node_modules_next_dist_1e8vcs8._.js:776
[  987011ms] [LOG] [Fast Refresh] done in 532ms @ http://localhost:3000/_next/static/chunks/node_modules_next_dist_1e8vcs8._.js:776
[  987073ms] [LOG] [Fast Refresh] done in 532ms @ http://localhost:3000/_next/static/chunks/node_modules_next_dist_1e8vcs8._.js:776
[  987134ms] [LOG] [Fast Refresh] done in 532ms @ http://localhost:3000/_next/static/chunks/node_modules_next_dist_1e8vcs8._.js:776
[  987196ms] [LOG] [Fast Refresh] done in 532ms @ http://localhost:3000/_next/static/chunks/node_modules_next_dist_1e8vcs8._.js:776
[  987258ms] [LOG] [Fast Refresh] done in 532ms @ http://localhost:3000/_next/static/chunks/node_modules_next_dist_1e8vcs8._.js:776
[  987321ms] [LOG] [Fast Refresh] done in 532ms @ http://localhost:3000/_next/static/chunks/node_modules_next_dist_1e8vcs8._.js:776
[  987384ms] [LOG] [Fast Refresh] done in 532ms @ http://localhost:3000/_next/static/chunks/node_modules_next_dist_1e8vcs8._.js:776
[  987446ms] [LOG] [Fast Refresh] done in 532ms @ http://localhost:3000/_next/static/chunks/node_modules_next_dist_1e8vcs8._.js:776
[  987508ms] [LOG] [Fast Refresh] done in 532ms @ http://localhost:3000/_next/static/chunks/node_modules_next_dist_1e8vcs8._.js:776
[  987570ms] [LOG] [Fast Refresh] done in 532ms @ http://localhost:3000/_next/static/chunks/node_modules_next_dist_1e8vcs8._.js:776
[  987634ms] [LOG] [Fast Refresh] done in 532ms @ http://localhost:3000/_next/static/chunks/node_modules_next_dist_1e8vcs8._.js:776
[  987695ms] [LOG] [Fast Refresh] done in 532ms @ http://localhost:3000/_next/static/chunks/node_modules_next_dist_1e8vcs8._.js:776
[  987757ms] [LOG] [Fast Refresh] done in 532ms @ http://localhost:3000/_next/static/chunks/node_modules_next_dist_1e8vcs8._.js:776
[  987819ms] [LOG] [Fast Refresh] done in 532ms @ http://localhost:3000/_next/static/chunks/node_modules_next_dist_1e8vcs8._.js:776
[  987882ms] [LOG] [Fast Refresh] done in 532ms @ http://localhost:3000/_next/static/chunks/node_modules_next_dist_1e8vcs8._.js:776
[  987944ms] [LOG] [Fast Refresh] done in 532ms @ http://localhost:3000/_next/static/chunks/node_modules_next_dist_1e8vcs8._.js:776
[  988007ms] [LOG] [Fast Refresh] done in 532ms @ http://localhost:3000/_next/static/chunks/node_modules_next_dist_1e8vcs8._.js:776
[  988070ms] [LOG] [Fast Refresh] done in 532ms @ http://localhost:3000/_next/static/chunks/node_modules_next_dist_1e8vcs8._.js:776
[  988132ms] [LOG] [Fast Refresh] done in 532ms @ http://localhost:3000/_next/static/chunks/node_modules_next_dist_1e8vcs8._.js:776
[  988195ms] [LOG] [Fast Refresh] done in 532ms @ http://localhost:3000/_next/static/chunks/node_modules_next_dist_1e8vcs8._.js:776
[  988257ms] [LOG] [Fast Refresh] done in 532ms @ http://localhost:3000/_next/static/chunks/node_modules_next_dist_1e8vcs8._.js:776
[  988320ms] [LOG] [Fast Refresh] done in 532ms @ http://localhost:3000/_next/static/chunks/node_modules_next_dist_1e8vcs8._.js:776
[  988382ms] [LOG] [Fast Refresh] done in 532ms @ http://localhost:3000/_next/static/chunks/node_modules_next_dist_1e8vcs8._.js:776
[  988444ms] [LOG] [Fast Refresh] done in 532ms @ http://localhost:3000/_next/static/chunks/node_modules_next_dist_1e8vcs8._.js:776
[  988506ms] [LOG] [Fast Refresh] done in 532ms @ http://localhost:3000/_next/static/chunks/node_modules_next_dist_1e8vcs8._.js:776
[  988570ms] [LOG] [Fast Refresh] done in 532ms @ http://localhost:3000/_next/static/chunks/node_modules_next_dist_1e8vcs8._.js:776
[  988633ms] [LOG] [Fast Refresh] done in 532ms @ http://localhost:3000/_next/static/chunks/node_modules_next_dist_1e8vcs8._.js:776
[  988694ms] [LOG] [Fast Refresh] done in 532ms @ http://localhost:3000/_next/static/chunks/node_modules_next_dist_1e8vcs8._.js:776
[  988756ms] [LOG] [Fast Refresh] done in 532ms @ http://localhost:3000/_next/static/chunks/node_modules_next_dist_1e8vcs8._.js:776
[  988817ms] [LOG] [Fast Refresh] done in 532ms @ http://localhost:3000/_next/static/chunks/node_modules_next_dist_1e8vcs8._.js:776
[  988880ms] [LOG] [Fast Refresh] done in 532ms @ http://localhost:3000/_next/static/chunks/node_modules_next_dist_1e8vcs8._.js:776
[  988943ms] [LOG] [Fast Refresh] done in 532ms @ http://localhost:3000/_next/static/chunks/node_modules_next_dist_1e8vcs8._.js:776
[  989006ms] [LOG] [Fast Refresh] done in 532ms @ http://localhost:3000/_next/static/chunks/node_modules_next_dist_1e8vcs8._.js:776
[  989067ms] [LOG] [Fast Refresh] done in 532ms @ http://localhost:3000/_next/static/chunks/node_modules_next_dist_1e8vcs8._.js:776
[  989130ms] [LOG] [Fast Refresh] done in 532ms @ http://localhost:3000/_next/static/chunks/node_modules_next_dist_1e8vcs8._.js:776
[  989192ms] [LOG] [Fast Refresh] done in 532ms @ http://localhost:3000/_next/static/chunks/node_modules_next_dist_1e8vcs8._.js:776
[  989255ms] [LOG] [Fast Refresh] done in 532ms @ http://localhost:3000/_next/static/chunks/node_modules_next_dist_1e8vcs8._.js:776
[  989318ms] [LOG] [Fast Refresh] done in 532ms @ http://localhost:3000/_next/static/chunks/node_modules_next_dist_1e8vcs8._.js:776
[  989381ms] [LOG] [Fast Refresh] done in 532ms @ http://localhost:3000/_next/static/chunks/node_modules_next_dist_1e8vcs8._.js:776
[  989443ms] [LOG] [Fast Refresh] done in 532ms @ http://localhost:3000/_next/static/chunks/node_modules_next_dist_1e8vcs8._.js:776
[  989505ms] [LOG] [Fast Refresh] done in 532ms @ http://localhost:3000/_next/static/chunks/node_modules_next_dist_1e8vcs8._.js:776
[  989567ms] [LOG] [Fast Refresh] done in 532ms @ http://localhost:3000/_next/static/chunks/node_modules_next_dist_1e8vcs8._.js:776
[  989630ms] [LOG] [Fast Refresh] done in 532ms @ http://localhost:3000/_next/static/chunks/node_modules_next_dist_1e8vcs8._.js:776
[  989692ms] [LOG] [Fast Refresh] done in 532ms @ http://localhost:3000/_next/static/chunks/node_modules_next_dist_1e8vcs8._.js:776
[  989754ms] [LOG] [Fast Refresh] done in 532ms @ http://localhost:3000/_next/static/chunks/node_modules_next_dist_1e8vcs8._.js:776
[  989818ms] [LOG] [Fast Refresh] done in 532ms @ http://localhost:3000/_next/static/chunks/node_modules_next_dist_1e8vcs8._.js:776
[  989880ms] [LOG] [Fast Refresh] done in 532ms @ http://localhost:3000/_next/static/chunks/node_modules_next_dist_1e8vcs8._.js:776
[  989942ms] [LOG] [Fast Refresh] done in 532ms @ http://localhost:3000/_next/static/chunks/node_modules_next_dist_1e8vcs8._.js:776
[  990005ms] [LOG] [Fast Refresh] done in 532ms @ http://localhost:3000/_next/static/chunks/node_modules_next_dist_1e8vcs8._.js:776
[  990068ms] [LOG] [Fast Refresh] done in 532ms @ http://localhost:3000/_next/static/chunks/node_modules_next_dist_1e8vcs8._.js:776
[  990130ms] [LOG] [Fast Refresh] done in 532ms @ http://localhost:3000/_next/static/chunks/node_modules_next_dist_1e8vcs8._.js:776
[  990191ms] [LOG] [Fast Refresh] done in 532ms @ http://localhost:3000/_next/static/chunks/node_modules_next_dist_1e8vcs8._.js:776
[  990254ms] [LOG] [Fast Refresh] done in 532ms @ http://localhost:3000/_next/static/chunks/node_modules_next_dist_1e8vcs8._.js:776
[  990315ms] [LOG] [Fast Refresh] done in 532ms @ http://localhost:3000/_next/static/chunks/node_modules_next_dist_1e8vcs8._.js:776
[  990379ms] [LOG] [Fast Refresh] done in 532ms @ http://localhost:3000/_next/static/chunks/node_modules_next_dist_1e8vcs8._.js:776
[  990441ms] [LOG] [Fast Refresh] done in 532ms @ http://localhost:3000/_next/static/chunks/node_modules_next_dist_1e8vcs8._.js:776
[  990502ms] [LOG] [Fast Refresh] done in 532ms @ http://localhost:3000/_next/static/chunks/node_modules_next_dist_1e8vcs8._.js:776
[  990566ms] [LOG] [Fast Refresh] done in 532ms @ http://localhost:3000/_next/static/chunks/node_modules_next_dist_1e8vcs8._.js:776
[  990627ms] [LOG] [Fast Refresh] done in 532ms @ http://localhost:3000/_next/static/chunks/node_modules_next_dist_1e8vcs8._.js:776
[  990688ms] [LOG] [Fast Refresh] done in 532ms @ http://localhost:3000/_next/static/chunks/node_modules_next_dist_1e8vcs8._.js:776
[  990751ms] [LOG] [Fast Refresh] done in 532ms @ http://localhost:3000/_next/static/chunks/node_modules_next_dist_1e8vcs8._.js:776
[  990813ms] [LOG] [Fast Refresh] done in 532ms @ http://localhost:3000/_next/static/chunks/node_modules_next_dist_1e8vcs8._.js:776
[  990875ms] [LOG] [Fast Refresh] done in 532ms @ http://localhost:3000/_next/static/chunks/node_modules_next_dist_1e8vcs8._.js:776
[  990937ms] [LOG] [Fast Refresh] done in 532ms @ http://localhost:3000/_next/static/chunks/node_modules_next_dist_1e8vcs8._.js:776
[  991000ms] [LOG] [Fast Refresh] done in 532ms @ http://localhost:3000/_next/static/chunks/node_modules_next_dist_1e8vcs8._.js:776
[  991061ms] [LOG] [Fast Refresh] done in 532ms @ http://localhost:3000/_next/static/chunks/node_modules_next_dist_1e8vcs8._.js:776
[  991124ms] [LOG] [Fast Refresh] done in 532ms @ http://localhost:3000/_next/static/chunks/node_modules_next_dist_1e8vcs8._.js:776
[  991186ms] [LOG] [Fast Refresh] done in 532ms @ http://localhost:3000/_next/static/chunks/node_modules_next_dist_1e8vcs8._.js:776
[  991250ms] [LOG] [Fast Refresh] done in 532ms @ http://localhost:3000/_next/static/chunks/node_modules_next_dist_1e8vcs8._.js:776
[  991313ms] [LOG] [Fast Refresh] done in 532ms @ http://localhost:3000/_next/static/chunks/node_modules_next_dist_1e8vcs8._.js:776
[  991377ms] [LOG] [Fast Refresh] done in 532ms @ http://localhost:3000/_next/static/chunks/node_modules_next_dist_1e8vcs8._.js:776
[  991438ms] [LOG] [Fast Refresh] done in 532ms @ http://localhost:3000/_next/static/chunks/node_modules_next_dist_1e8vcs8._.js:776
[  991501ms] [LOG] [Fast Refresh] done in 532ms @ http://localhost:3000/_next/static/chunks/node_modules_next_dist_1e8vcs8._.js:776
[  991562ms] [LOG] [Fast Refresh] done in 532ms @ http://localhost:3000/_next/static/chunks/node_modules_next_dist_1e8vcs8._.js:776
[  991624ms] [LOG] [Fast Refresh] done in 532ms @ http://localhost:3000/_next/static/chunks/node_modules_next_dist_1e8vcs8._.js:776
[  991687ms] [LOG] [Fast Refresh] done in 532ms @ http://localhost:3000/_next/static/chunks/node_modules_next_dist_1e8vcs8._.js:776
[  991748ms] [LOG] [Fast Refresh] done in 532ms @ http://localhost:3000/_next/static/chunks/node_modules_next_dist_1e8vcs8._.js:776
[  991810ms] [LOG] [Fast Refresh] done in 532ms @ http://localhost:3000/_next/static/chunks/node_modules_next_dist_1e8vcs8._.js:776
[  991872ms] [LOG] [Fast Refresh] done in 532ms @ http://localhost:3000/_next/static/chunks/node_modules_next_dist_1e8vcs8._.js:776
[  991935ms] [LOG] [Fast Refresh] done in 532ms @ http://localhost:3000/_next/static/chunks/node_modules_next_dist_1e8vcs8._.js:776
[  991996ms] [LOG] [Fast Refresh] done in 532ms @ http://localhost:3000/_next/static/chunks/node_modules_next_dist_1e8vcs8._.js:776
[  992057ms] [LOG] [Fast Refresh] done in 532ms @ http://localhost:3000/_next/static/chunks/node_modules_next_dist_1e8vcs8._.js:776
[  992119ms] [LOG] [Fast Refresh] done in 532ms @ http://localhost:3000/_next/static/chunks/node_modules_next_dist_1e8vcs8._.js:776
[  992180ms] [LOG] [Fast Refresh] done in 532ms @ http://localhost:3000/_next/static/chunks/node_modules_next_dist_1e8vcs8._.js:776
[  992243ms] [LOG] [Fast Refresh] done in 532ms @ http://localhost:3000/_next/static/chunks/node_modules_next_dist_1e8vcs8._.js:776
[  992307ms] [LOG] [Fast Refresh] done in 532ms @ http://localhost:3000/_next/static/chunks/node_modules_next_dist_1e8vcs8._.js:776
[  992368ms] [LOG] [Fast Refresh] done in 532ms @ http://localhost:3000/_next/static/chunks/node_modules_next_dist_1e8vcs8._.js:776
[  992429ms] [LOG] [Fast Refresh] done in 532ms @ http://localhost:3000/_next/static/chunks/node_modules_next_dist_1e8vcs8._.js:776
[  992491ms] [LOG] [Fast Refresh] done in 532ms @ http://localhost:3000/_next/static/chunks/node_modules_next_dist_1e8vcs8._.js:776
[  992554ms] [LOG] [Fast Refresh] done in 532ms @ http://localhost:3000/_next/static/chunks/node_modules_next_dist_1e8vcs8._.js:776
[  992618ms] [LOG] [Fast Refresh] done in 532ms @ http://localhost:3000/_next/static/chunks/node_modules_next_dist_1e8vcs8._.js:776
[  992681ms] [LOG] [Fast Refresh] done in 532ms @ http://localhost:3000/_next/static/chunks/node_modules_next_dist_1e8vcs8._.js:776
[  992744ms] [LOG] [Fast Refresh] done in 532ms @ http://localhost:3000/_next/static/chunks/node_modules_next_dist_1e8vcs8._.js:776
[  992807ms] [LOG] [Fast Refresh] done in 532ms @ http://localhost:3000/_next/static/chunks/node_modules_next_dist_1e8vcs8._.js:776
[  992869ms] [LOG] [Fast Refresh] done in 532ms @ http://localhost:3000/_next/static/chunks/node_modules_next_dist_1e8vcs8._.js:776
[  992932ms] [LOG] [Fast Refresh] done in 532ms @ http://localhost:3000/_next/static/chunks/node_modules_next_dist_1e8vcs8._.js:776
[  992995ms] [LOG] [Fast Refresh] done in 532ms @ http://localhost:3000/_next/static/chunks/node_modules_next_dist_1e8vcs8._.js:776
[  993056ms] [LOG] [Fast Refresh] done in 532ms @ http://localhost:3000/_next/static/chunks/node_modules_next_dist_1e8vcs8._.js:776
[  993119ms] [LOG] [Fast Refresh] done in 532ms @ http://localhost:3000/_next/static/chunks/node_modules_next_dist_1e8vcs8._.js:776
[  993182ms] [LOG] [Fast Refresh] done in 532ms @ http://localhost:3000/_next/static/chunks/node_modules_next_dist_1e8vcs8._.js:776
[  993243ms] [LOG] [Fast Refresh] done in 532ms @ http://localhost:3000/_next/static/chunks/node_modules_next_dist_1e8vcs8._.js:776
[  993305ms] [LOG] [Fast Refresh] done in 532ms @ http://localhost:3000/_next/static/chunks/node_modules_next_dist_1e8vcs8._.js:776
[  993367ms] [LOG] [Fast Refresh] done in 532ms @ http://localhost:3000/_next/static/chunks/node_modules_next_dist_1e8vcs8._.js:776
[  993429ms] [LOG] [Fast Refresh] done in 532ms @ http://localhost:3000/_next/static/chunks/node_modules_next_dist_1e8vcs8._.js:776
[  993490ms] [LOG] [Fast Refresh] done in 532ms @ http://localhost:3000/_next/static/chunks/node_modules_next_dist_1e8vcs8._.js:776
[  993553ms] [LOG] [Fast Refresh] done in 532ms @ http://localhost:3000/_next/static/chunks/node_modules_next_dist_1e8vcs8._.js:776
[  993614ms] [LOG] [Fast Refresh] done in 532ms @ http://localhost:3000/_next/static/chunks/node_modules_next_dist_1e8vcs8._.js:776
[  993677ms] [LOG] [Fast Refresh] done in 532ms @ http://localhost:3000/_next/static/chunks/node_modules_next_dist_1e8vcs8._.js:776
[  993740ms] [LOG] [Fast Refresh] done in 532ms @ http://localhost:3000/_next/static/chunks/node_modules_next_dist_1e8vcs8._.js:776
[  993801ms] [LOG] [Fast Refresh] done in 532ms @ http://localhost:3000/_next/static/chunks/node_modules_next_dist_1e8vcs8._.js:776
[  993864ms] [LOG] [Fast Refresh] done in 532ms @ http://localhost:3000/_next/static/chunks/node_modules_next_dist_1e8vcs8._.js:776
[  993925ms] [LOG] [Fast Refresh] done in 532ms @ http://localhost:3000/_next/static/chunks/node_modules_next_dist_1e8vcs8._.js:776
[  993988ms] [LOG] [Fast Refresh] done in 532ms @ http://localhost:3000/_next/static/chunks/node_modules_next_dist_1e8vcs8._.js:776
[  994050ms] [LOG] [Fast Refresh] done in 532ms @ http://localhost:3000/_next/static/chunks/node_modules_next_dist_1e8vcs8._.js:776
[  994113ms] [LOG] [Fast Refresh] done in 532ms @ http://localhost:3000/_next/static/chunks/node_modules_next_dist_1e8vcs8._.js:776
[  994175ms] [LOG] [Fast Refresh] done in 532ms @ http://localhost:3000/_next/static/chunks/node_modules_next_dist_1e8vcs8._.js:776
[  994237ms] [LOG] [Fast Refresh] done in 532ms @ http://localhost:3000/_next/static/chunks/node_modules_next_dist_1e8vcs8._.js:776
[  994298ms] [LOG] [Fast Refresh] done in 532ms @ http://localhost:3000/_next/static/chunks/node_modules_next_dist_1e8vcs8._.js:776
[  994360ms] [LOG] [Fast Refresh] done in 532ms @ http://localhost:3000/_next/static/chunks/node_modules_next_dist_1e8vcs8._.js:776
[  994424ms] [LOG] [Fast Refresh] done in 532ms @ http://localhost:3000/_next/static/chunks/node_modules_next_dist_1e8vcs8._.js:776
[  994484ms] [LOG] [Fast Refresh] done in 532ms @ http://localhost:3000/_next/static/chunks/node_modules_next_dist_1e8vcs8._.js:776
[  994547ms] [LOG] [Fast Refresh] done in 532ms @ http://localhost:3000/_next/static/chunks/node_modules_next_dist_1e8vcs8._.js:776
[  994610ms] [LOG] [Fast Refresh] done in 532ms @ http://localhost:3000/_next/static/chunks/node_modules_next_dist_1e8vcs8._.js:776
[  994671ms] [LOG] [Fast Refresh] done in 532ms @ http://localhost:3000/_next/static/chunks/node_modules_next_dist_1e8vcs8._.js:776
[  994735ms] [LOG] [Fast Refresh] done in 532ms @ http://localhost:3000/_next/static/chunks/node_modules_next_dist_1e8vcs8._.js:776
[  994797ms] [LOG] [Fast Refresh] done in 532ms @ http://localhost:3000/_next/static/chunks/node_modules_next_dist_1e8vcs8._.js:776
[  994861ms] [LOG] [Fast Refresh] done in 532ms @ http://localhost:3000/_next/static/chunks/node_modules_next_dist_1e8vcs8._.js:776
[  994923ms] [LOG] [Fast Refresh] done in 532ms @ http://localhost:3000/_next/static/chunks/node_modules_next_dist_1e8vcs8._.js:776
[  994983ms] [LOG] [Fast Refresh] done in 532ms @ http://localhost:3000/_next/static/chunks/node_modules_next_dist_1e8vcs8._.js:776
[  995046ms] [LOG] [Fast Refresh] done in 532ms @ http://localhost:3000/_next/static/chunks/node_modules_next_dist_1e8vcs8._.js:776
[  995110ms] [LOG] [Fast Refresh] done in 532ms @ http://localhost:3000/_next/static/chunks/node_modules_next_dist_1e8vcs8._.js:776
[  995171ms] [LOG] [Fast Refresh] done in 532ms @ http://localhost:3000/_next/static/chunks/node_modules_next_dist_1e8vcs8._.js:776
[  995234ms] [LOG] [Fast Refresh] done in 532ms @ http://localhost:3000/_next/static/chunks/node_modules_next_dist_1e8vcs8._.js:776
[  995297ms] [LOG] [Fast Refresh] done in 532ms @ http://localhost:3000/_next/static/chunks/node_modules_next_dist_1e8vcs8._.js:776
[  995359ms] [LOG] [Fast Refresh] done in 532ms @ http://localhost:3000/_next/static/chunks/node_modules_next_dist_1e8vcs8._.js:776
[  995422ms] [LOG] [Fast Refresh] done in 532ms @ http://localhost:3000/_next/static/chunks/node_modules_next_dist_1e8vcs8._.js:776
[  995483ms] [LOG] [Fast Refresh] done in 532ms @ http://localhost:3000/_next/static/chunks/node_modules_next_dist_1e8vcs8._.js:776
[  995546ms] [LOG] [Fast Refresh] done in 532ms @ http://localhost:3000/_next/static/chunks/node_modules_next_dist_1e8vcs8._.js:776
[  995609ms] [LOG] [Fast Refresh] done in 532ms @ http://localhost:3000/_next/static/chunks/node_modules_next_dist_1e8vcs8._.js:776
[  995671ms] [LOG] [Fast Refresh] done in 532ms @ http://localhost:3000/_next/static/chunks/node_modules_next_dist_1e8vcs8._.js:776
[  995733ms] [LOG] [Fast Refresh] done in 532ms @ http://localhost:3000/_next/static/chunks/node_modules_next_dist_1e8vcs8._.js:776
[  995795ms] [LOG] [Fast Refresh] done in 532ms @ http://localhost:3000/_next/static/chunks/node_modules_next_dist_1e8vcs8._.js:776
[  995858ms] [LOG] [Fast Refresh] done in 532ms @ http://localhost:3000/_next/static/chunks/node_modules_next_dist_1e8vcs8._.js:776
[  995920ms] [LOG] [Fast Refresh] done in 532ms @ http://localhost:3000/_next/static/chunks/node_modules_next_dist_1e8vcs8._.js:776
[  995983ms] [LOG] [Fast Refresh] done in 532ms @ http://localhost:3000/_next/static/chunks/node_modules_next_dist_1e8vcs8._.js:776
[  996044ms] [LOG] [Fast Refresh] done in 532ms @ http://localhost:3000/_next/static/chunks/node_modules_next_dist_1e8vcs8._.js:776
[  996106ms] [LOG] [Fast Refresh] done in 532ms @ http://localhost:3000/_next/static/chunks/node_modules_next_dist_1e8vcs8._.js:776
[  996167ms] [LOG] [Fast Refresh] done in 532ms @ http://localhost:3000/_next/static/chunks/node_modules_next_dist_1e8vcs8._.js:776
[  996230ms] [LOG] [Fast Refresh] done in 532ms @ http://localhost:3000/_next/static/chunks/node_modules_next_dist_1e8vcs8._.js:776
[  996292ms] [LOG] [Fast Refresh] done in 532ms @ http://localhost:3000/_next/static/chunks/node_modules_next_dist_1e8vcs8._.js:776
[  996354ms] [LOG] [Fast Refresh] done in 532ms @ http://localhost:3000/_next/static/chunks/node_modules_next_dist_1e8vcs8._.js:776
[  996418ms] [LOG] [Fast Refresh] done in 532ms @ http://localhost:3000/_next/static/chunks/node_modules_next_dist_1e8vcs8._.js:776
[  996480ms] [LOG] [Fast Refresh] done in 532ms @ http://localhost:3000/_next/static/chunks/node_modules_next_dist_1e8vcs8._.js:776
[  996544ms] [LOG] [Fast Refresh] done in 532ms @ http://localhost:3000/_next/static/chunks/node_modules_next_dist_1e8vcs8._.js:776
[  996606ms] [LOG] [Fast Refresh] done in 532ms @ http://localhost:3000/_next/static/chunks/node_modules_next_dist_1e8vcs8._.js:776
[  996667ms] [LOG] [Fast Refresh] done in 532ms @ http://localhost:3000/_next/static/chunks/node_modules_next_dist_1e8vcs8._.js:776
[  996729ms] [LOG] [Fast Refresh] done in 532ms @ http://localhost:3000/_next/static/chunks/node_modules_next_dist_1e8vcs8._.js:776
[  996791ms] [LOG] [Fast Refresh] done in 532ms @ http://localhost:3000/_next/static/chunks/node_modules_next_dist_1e8vcs8._.js:776
[  996854ms] [LOG] [Fast Refresh] done in 532ms @ http://localhost:3000/_next/static/chunks/node_modules_next_dist_1e8vcs8._.js:776
[  996918ms] [LOG] [Fast Refresh] done in 532ms @ http://localhost:3000/_next/static/chunks/node_modules_next_dist_1e8vcs8._.js:776
[  996980ms] [LOG] [Fast Refresh] done in 532ms @ http://localhost:3000/_next/static/chunks/node_modules_next_dist_1e8vcs8._.js:776
[  997043ms] [LOG] [Fast Refresh] done in 532ms @ http://localhost:3000/_next/static/chunks/node_modules_next_dist_1e8vcs8._.js:776
[  997106ms] [LOG] [Fast Refresh] done in 532ms @ http://localhost:3000/_next/static/chunks/node_modules_next_dist_1e8vcs8._.js:776
[  997168ms] [LOG] [Fast Refresh] done in 532ms @ http://localhost:3000/_next/static/chunks/node_modules_next_dist_1e8vcs8._.js:776
[  997229ms] [LOG] [Fast Refresh] done in 532ms @ http://localhost:3000/_next/static/chunks/node_modules_next_dist_1e8vcs8._.js:776
[  997290ms] [LOG] [Fast Refresh] done in 532ms @ http://localhost:3000/_next/static/chunks/node_modules_next_dist_1e8vcs8._.js:776
[  997352ms] [LOG] [Fast Refresh] done in 532ms @ http://localhost:3000/_next/static/chunks/node_modules_next_dist_1e8vcs8._.js:776
[  997414ms] [LOG] [Fast Refresh] done in 532ms @ http://localhost:3000/_next/static/chunks/node_modules_next_dist_1e8vcs8._.js:776
[  997477ms] [LOG] [Fast Refresh] done in 532ms @ http://localhost:3000/_next/static/chunks/node_modules_next_dist_1e8vcs8._.js:776
[  997538ms] [LOG] [Fast Refresh] done in 532ms @ http://localhost:3000/_next/static/chunks/node_modules_next_dist_1e8vcs8._.js:776
[  997601ms] [LOG] [Fast Refresh] done in 532ms @ http://localhost:3000/_next/static/chunks/node_modules_next_dist_1e8vcs8._.js:776
[  997662ms] [LOG] [Fast Refresh] done in 532ms @ http://localhost:3000/_next/static/chunks/node_modules_next_dist_1e8vcs8._.js:776
[  997724ms] [LOG] [Fast Refresh] done in 532ms @ http://localhost:3000/_next/static/chunks/node_modules_next_dist_1e8vcs8._.js:776
[  997786ms] [LOG] [Fast Refresh] done in 532ms @ http://localhost:3000/_next/static/chunks/node_modules_next_dist_1e8vcs8._.js:776
[  997849ms] [LOG] [Fast Refresh] done in 532ms @ http://localhost:3000/_next/static/chunks/node_modules_next_dist_1e8vcs8._.js:776
[  997912ms] [LOG] [Fast Refresh] done in 532ms @ http://localhost:3000/_next/static/chunks/node_modules_next_dist_1e8vcs8._.js:776
[  997974ms] [LOG] [Fast Refresh] done in 532ms @ http://localhost:3000/_next/static/chunks/node_modules_next_dist_1e8vcs8._.js:776
[  998036ms] [LOG] [Fast Refresh] done in 532ms @ http://localhost:3000/_next/static/chunks/node_modules_next_dist_1e8vcs8._.js:776
[  998098ms] [LOG] [Fast Refresh] done in 532ms @ http://localhost:3000/_next/static/chunks/node_modules_next_dist_1e8vcs8._.js:776
[  998160ms] [LOG] [Fast Refresh] done in 532ms @ http://localhost:3000/_next/static/chunks/node_modules_next_dist_1e8vcs8._.js:776
[  998222ms] [LOG] [Fast Refresh] done in 532ms @ http://localhost:3000/_next/static/chunks/node_modules_next_dist_1e8vcs8._.js:776
[  998285ms] [LOG] [Fast Refresh] done in 532ms @ http://localhost:3000/_next/static/chunks/node_modules_next_dist_1e8vcs8._.js:776
[  998348ms] [LOG] [Fast Refresh] done in 532ms @ http://localhost:3000/_next/static/chunks/node_modules_next_dist_1e8vcs8._.js:776
[  998410ms] [LOG] [Fast Refresh] done in 532ms @ http://localhost:3000/_next/static/chunks/node_modules_next_dist_1e8vcs8._.js:776
[  998471ms] [LOG] [Fast Refresh] done in 532ms @ http://localhost:3000/_next/static/chunks/node_modules_next_dist_1e8vcs8._.js:776
[  998528ms] [LOG] [Fast Refresh] done in 532ms @ http://localhost:3000/_next/static/chunks/node_modules_next_dist_1e8vcs8._.js:776
[  998580ms] [LOG] [Fast Refresh] done in 532ms @ http://localhost:3000/_next/static/chunks/node_modules_next_dist_1e8vcs8._.js:776
[  998644ms] [LOG] [Fast Refresh] done in 532ms @ http://localhost:3000/_next/static/chunks/node_modules_next_dist_1e8vcs8._.js:776
[  998708ms] [LOG] [Fast Refresh] done in 532ms @ http://localhost:3000/_next/static/chunks/node_modules_next_dist_1e8vcs8._.js:776
[  998768ms] [LOG] [Fast Refresh] done in 532ms @ http://localhost:3000/_next/static/chunks/node_modules_next_dist_1e8vcs8._.js:776
[  998831ms] [LOG] [Fast Refresh] done in 532ms @ http://localhost:3000/_next/static/chunks/node_modules_next_dist_1e8vcs8._.js:776
[  998894ms] [LOG] [Fast Refresh] done in 532ms @ http://localhost:3000/_next/static/chunks/node_modules_next_dist_1e8vcs8._.js:776
[  998956ms] [LOG] [Fast Refresh] done in 532ms @ http://localhost:3000/_next/static/chunks/node_modules_next_dist_1e8vcs8._.js:776
[  999019ms] [LOG] [Fast Refresh] done in 532ms @ http://localhost:3000/_next/static/chunks/node_modules_next_dist_1e8vcs8._.js:776
[  999081ms] [LOG] [Fast Refresh] done in 532ms @ http://localhost:3000/_next/static/chunks/node_modules_next_dist_1e8vcs8._.js:776
[  999144ms] [LOG] [Fast Refresh] done in 532ms @ http://localhost:3000/_next/static/chunks/node_modules_next_dist_1e8vcs8._.js:776
[  999207ms] [LOG] [Fast Refresh] done in 532ms @ http://localhost:3000/_next/static/chunks/node_modules_next_dist_1e8vcs8._.js:776
[  999269ms] [LOG] [Fast Refresh] done in 532ms @ http://localhost:3000/_next/static/chunks/node_modules_next_dist_1e8vcs8._.js:776
[  999331ms] [LOG] [Fast Refresh] done in 532ms @ http://localhost:3000/_next/static/chunks/node_modules_next_dist_1e8vcs8._.js:776
[  999394ms] [LOG] [Fast Refresh] done in 532ms @ http://localhost:3000/_next/static/chunks/node_modules_next_dist_1e8vcs8._.js:776
[  999456ms] [LOG] [Fast Refresh] done in 532ms @ http://localhost:3000/_next/static/chunks/node_modules_next_dist_1e8vcs8._.js:776
[  999518ms] [LOG] [Fast Refresh] done in 532ms @ http://localhost:3000/_next/static/chunks/node_modules_next_dist_1e8vcs8._.js:776
[  999582ms] [LOG] [Fast Refresh] done in 532ms @ http://localhost:3000/_next/static/chunks/node_modules_next_dist_1e8vcs8._.js:776
[  999642ms] [LOG] [Fast Refresh] done in 532ms @ http://localhost:3000/_next/static/chunks/node_modules_next_dist_1e8vcs8._.js:776
[  999705ms] [LOG] [Fast Refresh] done in 532ms @ http://localhost:3000/_next/static/chunks/node_modules_next_dist_1e8vcs8._.js:776
[  999767ms] [LOG] [Fast Refresh] done in 532ms @ http://localhost:3000/_next/static/chunks/node_modules_next_dist_1e8vcs8._.js:776
[  999827ms] [LOG] [Fast Refresh] done in 532ms @ http://localhost:3000/_next/static/chunks/node_modules_next_dist_1e8vcs8._.js:776
[  999889ms] [LOG] [Fast Refresh] done in 532ms @ http://localhost:3000/_next/static/chunks/node_modules_next_dist_1e8vcs8._.js:776
[  999949ms] [LOG] [Fast Refresh] done in 532ms @ http://localhost:3000/_next/static/chunks/node_modules_next_dist_1e8vcs8._.js:776
[ 1000011ms] [LOG] [Fast Refresh] done in 532ms @ http://localhost:3000/_next/static/chunks/node_modules_next_dist_1e8vcs8._.js:776
[ 1000073ms] [LOG] [Fast Refresh] done in 532ms @ http://localhost:3000/_next/static/chunks/node_modules_next_dist_1e8vcs8._.js:776
[ 1000136ms] [LOG] [Fast Refresh] done in 532ms @ http://localhost:3000/_next/static/chunks/node_modules_next_dist_1e8vcs8._.js:776
[ 1000197ms] [LOG] [Fast Refresh] done in 532ms @ http://localhost:3000/_next/static/chunks/node_modules_next_dist_1e8vcs8._.js:776
[ 1000259ms] [LOG] [Fast Refresh] done in 532ms @ http://localhost:3000/_next/static/chunks/node_modules_next_dist_1e8vcs8._.js:776
[ 1000320ms] [LOG] [Fast Refresh] done in 532ms @ http://localhost:3000/_next/static/chunks/node_modules_next_dist_1e8vcs8._.js:776
[ 1000384ms] [LOG] [Fast Refresh] done in 532ms @ http://localhost:3000/_next/static/chunks/node_modules_next_dist_1e8vcs8._.js:776
[ 1000446ms] [LOG] [Fast Refresh] done in 532ms @ http://localhost:3000/_next/static/chunks/node_modules_next_dist_1e8vcs8._.js:776
[ 1000510ms] [LOG] [Fast Refresh] done in 532ms @ http://localhost:3000/_next/static/chunks/node_modules_next_dist_1e8vcs8._.js:776
[ 1000572ms] [LOG] [Fast Refresh] done in 532ms @ http://localhost:3000/_next/static/chunks/node_modules_next_dist_1e8vcs8._.js:776
[ 1000634ms] [LOG] [Fast Refresh] done in 532ms @ http://localhost:3000/_next/static/chunks/node_modules_next_dist_1e8vcs8._.js:776
[ 1000694ms] [LOG] [Fast Refresh] done in 532ms @ http://localhost:3000/_next/static/chunks/node_modules_next_dist_1e8vcs8._.js:776
[ 1000757ms] [LOG] [Fast Refresh] done in 532ms @ http://localhost:3000/_next/static/chunks/node_modules_next_dist_1e8vcs8._.js:776
[ 1000821ms] [LOG] [Fast Refresh] done in 532ms @ http://localhost:3000/_next/static/chunks/node_modules_next_dist_1e8vcs8._.js:776
[ 1000883ms] [LOG] [Fast Refresh] done in 532ms @ http://localhost:3000/_next/static/chunks/node_modules_next_dist_1e8vcs8._.js:776
[ 1000946ms] [LOG] [Fast Refresh] done in 532ms @ http://localhost:3000/_next/static/chunks/node_modules_next_dist_1e8vcs8._.js:776
[ 1001008ms] [LOG] [Fast Refresh] done in 532ms @ http://localhost:3000/_next/static/chunks/node_modules_next_dist_1e8vcs8._.js:776
[ 1001070ms] [LOG] [Fast Refresh] done in 532ms @ http://localhost:3000/_next/static/chunks/node_modules_next_dist_1e8vcs8._.js:776
[ 1001132ms] [LOG] [Fast Refresh] done in 532ms @ http://localhost:3000/_next/static/chunks/node_modules_next_dist_1e8vcs8._.js:776
[ 1001194ms] [LOG] [Fast Refresh] done in 532ms @ http://localhost:3000/_next/static/chunks/node_modules_next_dist_1e8vcs8._.js:776
[ 1001256ms] [LOG] [Fast Refresh] done in 532ms @ http://localhost:3000/_next/static/chunks/node_modules_next_dist_1e8vcs8._.js:776
[ 1001317ms] [LOG] [Fast Refresh] done in 532ms @ http://localhost:3000/_next/static/chunks/node_modules_next_dist_1e8vcs8._.js:776
[ 1001379ms] [LOG] [Fast Refresh] done in 532ms @ http://localhost:3000/_next/static/chunks/node_modules_next_dist_1e8vcs8._.js:776
[ 1001440ms] [LOG] [Fast Refresh] done in 532ms @ http://localhost:3000/_next/static/chunks/node_modules_next_dist_1e8vcs8._.js:776
[ 1001501ms] [LOG] [Fast Refresh] done in 532ms @ http://localhost:3000/_next/static/chunks/node_modules_next_dist_1e8vcs8._.js:776
[ 1001563ms] [LOG] [Fast Refresh] done in 532ms @ http://localhost:3000/_next/static/chunks/node_modules_next_dist_1e8vcs8._.js:776
[ 1001625ms] [LOG] [Fast Refresh] done in 532ms @ http://localhost:3000/_next/static/chunks/node_modules_next_dist_1e8vcs8._.js:776
[ 1001686ms] [LOG] [Fast Refresh] done in 532ms @ http://localhost:3000/_next/static/chunks/node_modules_next_dist_1e8vcs8._.js:776
[ 1001749ms] [LOG] [Fast Refresh] done in 532ms @ http://localhost:3000/_next/static/chunks/node_modules_next_dist_1e8vcs8._.js:776
[ 1001811ms] [LOG] [Fast Refresh] done in 532ms @ http://localhost:3000/_next/static/chunks/node_modules_next_dist_1e8vcs8._.js:776
[ 1001874ms] [LOG] [Fast Refresh] done in 532ms @ http://localhost:3000/_next/static/chunks/node_modules_next_dist_1e8vcs8._.js:776
[ 1001936ms] [LOG] [Fast Refresh] done in 532ms @ http://localhost:3000/_next/static/chunks/node_modules_next_dist_1e8vcs8._.js:776
[ 1001999ms] [LOG] [Fast Refresh] done in 532ms @ http://localhost:3000/_next/static/chunks/node_modules_next_dist_1e8vcs8._.js:776
[ 1002061ms] [LOG] [Fast Refresh] done in 532ms @ http://localhost:3000/_next/static/chunks/node_modules_next_dist_1e8vcs8._.js:776
[ 1002123ms] [LOG] [Fast Refresh] done in 532ms @ http://localhost:3000/_next/static/chunks/node_modules_next_dist_1e8vcs8._.js:776
[ 1002185ms] [LOG] [Fast Refresh] done in 532ms @ http://localhost:3000/_next/static/chunks/node_modules_next_dist_1e8vcs8._.js:776
[ 1002248ms] [LOG] [Fast Refresh] done in 532ms @ http://localhost:3000/_next/static/chunks/node_modules_next_dist_1e8vcs8._.js:776
[ 1002311ms] [LOG] [Fast Refresh] done in 532ms @ http://localhost:3000/_next/static/chunks/node_modules_next_dist_1e8vcs8._.js:776
[ 1002373ms] [LOG] [Fast Refresh] done in 532ms @ http://localhost:3000/_next/static/chunks/node_modules_next_dist_1e8vcs8._.js:776
[ 1002434ms] [LOG] [Fast Refresh] done in 532ms @ http://localhost:3000/_next/static/chunks/node_modules_next_dist_1e8vcs8._.js:776
[ 1002497ms] [LOG] [Fast Refresh] done in 532ms @ http://localhost:3000/_next/static/chunks/node_modules_next_dist_1e8vcs8._.js:776
[ 1002559ms] [LOG] [Fast Refresh] done in 532ms @ http://localhost:3000/_next/static/chunks/node_modules_next_dist_1e8vcs8._.js:776
[ 1002622ms] [LOG] [Fast Refresh] done in 532ms @ http://localhost:3000/_next/static/chunks/node_modules_next_dist_1e8vcs8._.js:776
[ 1002684ms] [LOG] [Fast Refresh] done in 532ms @ http://localhost:3000/_next/static/chunks/node_modules_next_dist_1e8vcs8._.js:776
[ 1002746ms] [LOG] [Fast Refresh] done in 532ms @ http://localhost:3000/_next/static/chunks/node_modules_next_dist_1e8vcs8._.js:776
[ 1002810ms] [LOG] [Fast Refresh] done in 532ms @ http://localhost:3000/_next/static/chunks/node_modules_next_dist_1e8vcs8._.js:776
[ 1002872ms] [LOG] [Fast Refresh] done in 532ms @ http://localhost:3000/_next/static/chunks/node_modules_next_dist_1e8vcs8._.js:776
[ 1002933ms] [LOG] [Fast Refresh] done in 532ms @ http://localhost:3000/_next/static/chunks/node_modules_next_dist_1e8vcs8._.js:776
[ 1002997ms] [LOG] [Fast Refresh] done in 532ms @ http://localhost:3000/_next/static/chunks/node_modules_next_dist_1e8vcs8._.js:776
[ 1003058ms] [LOG] [Fast Refresh] done in 532ms @ http://localhost:3000/_next/static/chunks/node_modules_next_dist_1e8vcs8._.js:776
[ 1003120ms] [LOG] [Fast Refresh] done in 532ms @ http://localhost:3000/_next/static/chunks/node_modules_next_dist_1e8vcs8._.js:776
[ 1003182ms] [LOG] [Fast Refresh] done in 532ms @ http://localhost:3000/_next/static/chunks/node_modules_next_dist_1e8vcs8._.js:776
[ 1003245ms] [LOG] [Fast Refresh] done in 532ms @ http://localhost:3000/_next/static/chunks/node_modules_next_dist_1e8vcs8._.js:776
[ 1003306ms] [LOG] [Fast Refresh] done in 532ms @ http://localhost:3000/_next/static/chunks/node_modules_next_dist_1e8vcs8._.js:776
[ 1003370ms] [LOG] [Fast Refresh] done in 532ms @ http://localhost:3000/_next/static/chunks/node_modules_next_dist_1e8vcs8._.js:776
[ 1003431ms] [LOG] [Fast Refresh] done in 532ms @ http://localhost:3000/_next/static/chunks/node_modules_next_dist_1e8vcs8._.js:776
[ 1003491ms] [LOG] [Fast Refresh] done in 532ms @ http://localhost:3000/_next/static/chunks/node_modules_next_dist_1e8vcs8._.js:776
[ 1003553ms] [LOG] [Fast Refresh] done in 532ms @ http://localhost:3000/_next/static/chunks/node_modules_next_dist_1e8vcs8._.js:776
[ 1003617ms] [LOG] [Fast Refresh] done in 532ms @ http://localhost:3000/_next/static/chunks/node_modules_next_dist_1e8vcs8._.js:776
[ 1003680ms] [LOG] [Fast Refresh] done in 532ms @ http://localhost:3000/_next/static/chunks/node_modules_next_dist_1e8vcs8._.js:776
[ 1003742ms] [LOG] [Fast Refresh] done in 532ms @ http://localhost:3000/_next/static/chunks/node_modules_next_dist_1e8vcs8._.js:776
[ 1003804ms] [LOG] [Fast Refresh] done in 532ms @ http://localhost:3000/_next/static/chunks/node_modules_next_dist_1e8vcs8._.js:776
[ 1003867ms] [LOG] [Fast Refresh] done in 532ms @ http://localhost:3000/_next/static/chunks/node_modules_next_dist_1e8vcs8._.js:776
[ 1003929ms] [LOG] [Fast Refresh] done in 532ms @ http://localhost:3000/_next/static/chunks/node_modules_next_dist_1e8vcs8._.js:776
[ 1003991ms] [LOG] [Fast Refresh] done in 532ms @ http://localhost:3000/_next/static/chunks/node_modules_next_dist_1e8vcs8._.js:776
[ 1004054ms] [LOG] [Fast Refresh] done in 532ms @ http://localhost:3000/_next/static/chunks/node_modules_next_dist_1e8vcs8._.js:776
[ 1004117ms] [LOG] [Fast Refresh] done in 532ms @ http://localhost:3000/_next/static/chunks/node_modules_next_dist_1e8vcs8._.js:776
[ 1004179ms] [LOG] [Fast Refresh] done in 532ms @ http://localhost:3000/_next/static/chunks/node_modules_next_dist_1e8vcs8._.js:776
[ 1004240ms] [LOG] [Fast Refresh] done in 532ms @ http://localhost:3000/_next/static/chunks/node_modules_next_dist_1e8vcs8._.js:776
[ 1004302ms] [LOG] [Fast Refresh] done in 532ms @ http://localhost:3000/_next/static/chunks/node_modules_next_dist_1e8vcs8._.js:776
[ 1004367ms] [LOG] [Fast Refresh] done in 532ms @ http://localhost:3000/_next/static/chunks/node_modules_next_dist_1e8vcs8._.js:776
[ 1004428ms] [LOG] [Fast Refresh] done in 532ms @ http://localhost:3000/_next/static/chunks/node_modules_next_dist_1e8vcs8._.js:776
[ 1004490ms] [LOG] [Fast Refresh] done in 532ms @ http://localhost:3000/_next/static/chunks/node_modules_next_dist_1e8vcs8._.js:776
[ 1004552ms] [LOG] [Fast Refresh] done in 532ms @ http://localhost:3000/_next/static/chunks/node_modules_next_dist_1e8vcs8._.js:776
[ 1004615ms] [LOG] [Fast Refresh] done in 532ms @ http://localhost:3000/_next/static/chunks/node_modules_next_dist_1e8vcs8._.js:776
[ 1004677ms] [LOG] [Fast Refresh] done in 532ms @ http://localhost:3000/_next/static/chunks/node_modules_next_dist_1e8vcs8._.js:776
[ 1004739ms] [LOG] [Fast Refresh] done in 532ms @ http://localhost:3000/_next/static/chunks/node_modules_next_dist_1e8vcs8._.js:776
[ 1004803ms] [LOG] [Fast Refresh] done in 532ms @ http://localhost:3000/_next/static/chunks/node_modules_next_dist_1e8vcs8._.js:776
[ 1004866ms] [LOG] [Fast Refresh] done in 532ms @ http://localhost:3000/_next/static/chunks/node_modules_next_dist_1e8vcs8._.js:776
[ 1004928ms] [LOG] [Fast Refresh] done in 532ms @ http://localhost:3000/_next/static/chunks/node_modules_next_dist_1e8vcs8._.js:776
[ 1004991ms] [LOG] [Fast Refresh] done in 532ms @ http://localhost:3000/_next/static/chunks/node_modules_next_dist_1e8vcs8._.js:776
[ 1005054ms] [LOG] [Fast Refresh] done in 532ms @ http://localhost:3000/_next/static/chunks/node_modules_next_dist_1e8vcs8._.js:776
[ 1005114ms] [LOG] [Fast Refresh] done in 532ms @ http://localhost:3000/_next/static/chunks/node_modules_next_dist_1e8vcs8._.js:776
[ 1005176ms] [LOG] [Fast Refresh] done in 532ms @ http://localhost:3000/_next/static/chunks/node_modules_next_dist_1e8vcs8._.js:776
[ 1005238ms] [LOG] [Fast Refresh] done in 532ms @ http://localhost:3000/_next/static/chunks/node_modules_next_dist_1e8vcs8._.js:776
[ 1005301ms] [LOG] [Fast Refresh] done in 532ms @ http://localhost:3000/_next/static/chunks/node_modules_next_dist_1e8vcs8._.js:776
[ 1005364ms] [LOG] [Fast Refresh] done in 532ms @ http://localhost:3000/_next/static/chunks/node_modules_next_dist_1e8vcs8._.js:776
[ 1005426ms] [LOG] [Fast Refresh] done in 532ms @ http://localhost:3000/_next/static/chunks/node_modules_next_dist_1e8vcs8._.js:776
[ 1005487ms] [LOG] [Fast Refresh] done in 532ms @ http://localhost:3000/_next/static/chunks/node_modules_next_dist_1e8vcs8._.js:776
[ 1005549ms] [LOG] [Fast Refresh] done in 532ms @ http://localhost:3000/_next/static/chunks/node_modules_next_dist_1e8vcs8._.js:776
[ 1005613ms] [LOG] [Fast Refresh] done in 532ms @ http://localhost:3000/_next/static/chunks/node_modules_next_dist_1e8vcs8._.js:776
[ 1005674ms] [LOG] [Fast Refresh] done in 532ms @ http://localhost:3000/_next/static/chunks/node_modules_next_dist_1e8vcs8._.js:776
[ 1005737ms] [LOG] [Fast Refresh] done in 532ms @ http://localhost:3000/_next/static/chunks/node_modules_next_dist_1e8vcs8._.js:776
[ 1005797ms] [LOG] [Fast Refresh] done in 532ms @ http://localhost:3000/_next/static/chunks/node_modules_next_dist_1e8vcs8._.js:776
[ 1005858ms] [LOG] [Fast Refresh] done in 532ms @ http://localhost:3000/_next/static/chunks/node_modules_next_dist_1e8vcs8._.js:776
[ 1005921ms] [LOG] [Fast Refresh] done in 532ms @ http://localhost:3000/_next/static/chunks/node_modules_next_dist_1e8vcs8._.js:776
[ 1005983ms] [LOG] [Fast Refresh] done in 532ms @ http://localhost:3000/_next/static/chunks/node_modules_next_dist_1e8vcs8._.js:776
[ 1006045ms] [LOG] [Fast Refresh] done in 532ms @ http://localhost:3000/_next/static/chunks/node_modules_next_dist_1e8vcs8._.js:776
[ 1006107ms] [LOG] [Fast Refresh] done in 532ms @ http://localhost:3000/_next/static/chunks/node_modules_next_dist_1e8vcs8._.js:776
[ 1006170ms] [LOG] [Fast Refresh] done in 532ms @ http://localhost:3000/_next/static/chunks/node_modules_next_dist_1e8vcs8._.js:776
[ 1006232ms] [LOG] [Fast Refresh] done in 532ms @ http://localhost:3000/_next/static/chunks/node_modules_next_dist_1e8vcs8._.js:776
[ 1006293ms] [LOG] [Fast Refresh] done in 532ms @ http://localhost:3000/_next/static/chunks/node_modules_next_dist_1e8vcs8._.js:776
[ 1006356ms] [LOG] [Fast Refresh] done in 532ms @ http://localhost:3000/_next/static/chunks/node_modules_next_dist_1e8vcs8._.js:776
[ 1006418ms] [LOG] [Fast Refresh] done in 532ms @ http://localhost:3000/_next/static/chunks/node_modules_next_dist_1e8vcs8._.js:776
[ 1006480ms] [LOG] [Fast Refresh] done in 532ms @ http://localhost:3000/_next/static/chunks/node_modules_next_dist_1e8vcs8._.js:776
[ 1006544ms] [LOG] [Fast Refresh] done in 532ms @ http://localhost:3000/_next/static/chunks/node_modules_next_dist_1e8vcs8._.js:776
[ 1006606ms] [LOG] [Fast Refresh] done in 532ms @ http://localhost:3000/_next/static/chunks/node_modules_next_dist_1e8vcs8._.js:776
[ 1006667ms] [LOG] [Fast Refresh] done in 532ms @ http://localhost:3000/_next/static/chunks/node_modules_next_dist_1e8vcs8._.js:776
[ 1006731ms] [LOG] [Fast Refresh] done in 532ms @ http://localhost:3000/_next/static/chunks/node_modules_next_dist_1e8vcs8._.js:776
[ 1006793ms] [LOG] [Fast Refresh] done in 532ms @ http://localhost:3000/_next/static/chunks/node_modules_next_dist_1e8vcs8._.js:776
[ 1006856ms] [LOG] [Fast Refresh] done in 532ms @ http://localhost:3000/_next/static/chunks/node_modules_next_dist_1e8vcs8._.js:776
[ 1006918ms] [LOG] [Fast Refresh] done in 532ms @ http://localhost:3000/_next/static/chunks/node_modules_next_dist_1e8vcs8._.js:776
[ 1006981ms] [LOG] [Fast Refresh] done in 532ms @ http://localhost:3000/_next/static/chunks/node_modules_next_dist_1e8vcs8._.js:776
[ 1007044ms] [LOG] [Fast Refresh] done in 532ms @ http://localhost:3000/_next/static/chunks/node_modules_next_dist_1e8vcs8._.js:776
[ 1007106ms] [LOG] [Fast Refresh] done in 532ms @ http://localhost:3000/_next/static/chunks/node_modules_next_dist_1e8vcs8._.js:776
[ 1007166ms] [LOG] [Fast Refresh] done in 532ms @ http://localhost:3000/_next/static/chunks/node_modules_next_dist_1e8vcs8._.js:776
[ 1007229ms] [LOG] [Fast Refresh] done in 532ms @ http://localhost:3000/_next/static/chunks/node_modules_next_dist_1e8vcs8._.js:776
[ 1007292ms] [LOG] [Fast Refresh] done in 532ms @ http://localhost:3000/_next/static/chunks/node_modules_next_dist_1e8vcs8._.js:776
[ 1007355ms] [LOG] [Fast Refresh] done in 532ms @ http://localhost:3000/_next/static/chunks/node_modules_next_dist_1e8vcs8._.js:776
[ 1007417ms] [LOG] [Fast Refresh] done in 532ms @ http://localhost:3000/_next/static/chunks/node_modules_next_dist_1e8vcs8._.js:776
[ 1007478ms] [LOG] [Fast Refresh] done in 532ms @ http://localhost:3000/_next/static/chunks/node_modules_next_dist_1e8vcs8._.js:776
[ 1007540ms] [LOG] [Fast Refresh] done in 532ms @ http://localhost:3000/_next/static/chunks/node_modules_next_dist_1e8vcs8._.js:776
[ 1007602ms] [LOG] [Fast Refresh] done in 532ms @ http://localhost:3000/_next/static/chunks/node_modules_next_dist_1e8vcs8._.js:776
[ 1007665ms] [LOG] [Fast Refresh] done in 532ms @ http://localhost:3000/_next/static/chunks/node_modules_next_dist_1e8vcs8._.js:776
[ 1007728ms] [LOG] [Fast Refresh] done in 532ms @ http://localhost:3000/_next/static/chunks/node_modules_next_dist_1e8vcs8._.js:776
[ 1007791ms] [LOG] [Fast Refresh] done in 532ms @ http://localhost:3000/_next/static/chunks/node_modules_next_dist_1e8vcs8._.js:776
[ 1007854ms] [LOG] [Fast Refresh] done in 532ms @ http://localhost:3000/_next/static/chunks/node_modules_next_dist_1e8vcs8._.js:776
[ 1007916ms] [LOG] [Fast Refresh] done in 532ms @ http://localhost:3000/_next/static/chunks/node_modules_next_dist_1e8vcs8._.js:776
[ 1007978ms] [LOG] [Fast Refresh] done in 532ms @ http://localhost:3000/_next/static/chunks/node_modules_next_dist_1e8vcs8._.js:776
[ 1008040ms] [LOG] [Fast Refresh] done in 532ms @ http://localhost:3000/_next/static/chunks/node_modules_next_dist_1e8vcs8._.js:776
[ 1008104ms] [LOG] [Fast Refresh] done in 532ms @ http://localhost:3000/_next/static/chunks/node_modules_next_dist_1e8vcs8._.js:776
[ 1008164ms] [LOG] [Fast Refresh] done in 532ms @ http://localhost:3000/_next/static/chunks/node_modules_next_dist_1e8vcs8._.js:776
[ 1008228ms] [LOG] [Fast Refresh] done in 532ms @ http://localhost:3000/_next/static/chunks/node_modules_next_dist_1e8vcs8._.js:776
[ 1008290ms] [LOG] [Fast Refresh] done in 532ms @ http://localhost:3000/_next/static/chunks/node_modules_next_dist_1e8vcs8._.js:776
[ 1008351ms] [LOG] [Fast Refresh] done in 532ms @ http://localhost:3000/_next/static/chunks/node_modules_next_dist_1e8vcs8._.js:776
[ 1008412ms] [LOG] [Fast Refresh] done in 532ms @ http://localhost:3000/_next/static/chunks/node_modules_next_dist_1e8vcs8._.js:776
[ 1008476ms] [LOG] [Fast Refresh] done in 532ms @ http://localhost:3000/_next/static/chunks/node_modules_next_dist_1e8vcs8._.js:776
[ 1008540ms] [LOG] [Fast Refresh] done in 532ms @ http://localhost:3000/_next/static/chunks/node_modules_next_dist_1e8vcs8._.js:776
[ 1008601ms] [LOG] [Fast Refresh] done in 532ms @ http://localhost:3000/_next/static/chunks/node_modules_next_dist_1e8vcs8._.js:776
[ 1008663ms] [LOG] [Fast Refresh] done in 532ms @ http://localhost:3000/_next/static/chunks/node_modules_next_dist_1e8vcs8._.js:776
[ 1008725ms] [LOG] [Fast Refresh] done in 532ms @ http://localhost:3000/_next/static/chunks/node_modules_next_dist_1e8vcs8._.js:776
[ 1008788ms] [LOG] [Fast Refresh] done in 532ms @ http://localhost:3000/_next/static/chunks/node_modules_next_dist_1e8vcs8._.js:776
[ 1008849ms] [LOG] [Fast Refresh] done in 532ms @ http://localhost:3000/_next/static/chunks/node_modules_next_dist_1e8vcs8._.js:776
[ 1008911ms] [LOG] [Fast Refresh] done in 532ms @ http://localhost:3000/_next/static/chunks/node_modules_next_dist_1e8vcs8._.js:776
[ 1008974ms] [LOG] [Fast Refresh] done in 532ms @ http://localhost:3000/_next/static/chunks/node_modules_next_dist_1e8vcs8._.js:776
[ 1009036ms] [LOG] [Fast Refresh] done in 532ms @ http://localhost:3000/_next/static/chunks/node_modules_next_dist_1e8vcs8._.js:776
[ 1009099ms] [LOG] [Fast Refresh] done in 532ms @ http://localhost:3000/_next/static/chunks/node_modules_next_dist_1e8vcs8._.js:776
[ 1009160ms] [LOG] [Fast Refresh] done in 532ms @ http://localhost:3000/_next/static/chunks/node_modules_next_dist_1e8vcs8._.js:776
[ 1009230ms] [LOG] [Fast Refresh] done in 532ms @ http://localhost:3000/_next/static/chunks/node_modules_next_dist_1e8vcs8._.js:776
[ 1009301ms] [LOG] [Fast Refresh] done in 532ms @ http://localhost:3000/_next/static/chunks/node_modules_next_dist_1e8vcs8._.js:776
[ 1009363ms] [LOG] [Fast Refresh] done in 532ms @ http://localhost:3000/_next/static/chunks/node_modules_next_dist_1e8vcs8._.js:776
[ 1009426ms] [LOG] [Fast Refresh] done in 532ms @ http://localhost:3000/_next/static/chunks/node_modules_next_dist_1e8vcs8._.js:776
[ 1009489ms] [LOG] [Fast Refresh] done in 532ms @ http://localhost:3000/_next/static/chunks/node_modules_next_dist_1e8vcs8._.js:776
[ 1009552ms] [LOG] [Fast Refresh] done in 532ms @ http://localhost:3000/_next/static/chunks/node_modules_next_dist_1e8vcs8._.js:776
[ 1009614ms] [LOG] [Fast Refresh] done in 532ms @ http://localhost:3000/_next/static/chunks/node_modules_next_dist_1e8vcs8._.js:776
[ 1009675ms] [LOG] [Fast Refresh] done in 532ms @ http://localhost:3000/_next/static/chunks/node_modules_next_dist_1e8vcs8._.js:776
[ 1009738ms] [LOG] [Fast Refresh] done in 532ms @ http://localhost:3000/_next/static/chunks/node_modules_next_dist_1e8vcs8._.js:776
[ 1009799ms] [LOG] [Fast Refresh] done in 532ms @ http://localhost:3000/_next/static/chunks/node_modules_next_dist_1e8vcs8._.js:776
[ 1009863ms] [LOG] [Fast Refresh] done in 532ms @ http://localhost:3000/_next/static/chunks/node_modules_next_dist_1e8vcs8._.js:776
[ 1009925ms] [LOG] [Fast Refresh] done in 532ms @ http://localhost:3000/_next/static/chunks/node_modules_next_dist_1e8vcs8._.js:776
[ 1009986ms] [LOG] [Fast Refresh] done in 532ms @ http://localhost:3000/_next/static/chunks/node_modules_next_dist_1e8vcs8._.js:776
[ 1010049ms] [LOG] [Fast Refresh] done in 532ms @ http://localhost:3000/_next/static/chunks/node_modules_next_dist_1e8vcs8._.js:776
[ 1010112ms] [LOG] [Fast Refresh] done in 532ms @ http://localhost:3000/_next/static/chunks/node_modules_next_dist_1e8vcs8._.js:776
[ 1010174ms] [LOG] [Fast Refresh] done in 532ms @ http://localhost:3000/_next/static/chunks/node_modules_next_dist_1e8vcs8._.js:776
[ 1010236ms] [LOG] [Fast Refresh] done in 532ms @ http://localhost:3000/_next/static/chunks/node_modules_next_dist_1e8vcs8._.js:776
[ 1010297ms] [LOG] [Fast Refresh] done in 532ms @ http://localhost:3000/_next/static/chunks/node_modules_next_dist_1e8vcs8._.js:776
[ 1010361ms] [LOG] [Fast Refresh] done in 532ms @ http://localhost:3000/_next/static/chunks/node_modules_next_dist_1e8vcs8._.js:776
[ 1010423ms] [LOG] [Fast Refresh] done in 532ms @ http://localhost:3000/_next/static/chunks/node_modules_next_dist_1e8vcs8._.js:776
[ 1010485ms] [LOG] [Fast Refresh] done in 532ms @ http://localhost:3000/_next/static/chunks/node_modules_next_dist_1e8vcs8._.js:776
[ 1010548ms] [LOG] [Fast Refresh] done in 532ms @ http://localhost:3000/_next/static/chunks/node_modules_next_dist_1e8vcs8._.js:776
[ 1010611ms] [LOG] [Fast Refresh] done in 532ms @ http://localhost:3000/_next/static/chunks/node_modules_next_dist_1e8vcs8._.js:776
[ 1010672ms] [LOG] [Fast Refresh] done in 532ms @ http://localhost:3000/_next/static/chunks/node_modules_next_dist_1e8vcs8._.js:776
[ 1010734ms] [LOG] [Fast Refresh] done in 532ms @ http://localhost:3000/_next/static/chunks/node_modules_next_dist_1e8vcs8._.js:776
[ 1010797ms] [LOG] [Fast Refresh] done in 532ms @ http://localhost:3000/_next/static/chunks/node_modules_next_dist_1e8vcs8._.js:776
[ 1010860ms] [LOG] [Fast Refresh] done in 532ms @ http://localhost:3000/_next/static/chunks/node_modules_next_dist_1e8vcs8._.js:776
[ 1010921ms] [LOG] [Fast Refresh] done in 532ms @ http://localhost:3000/_next/static/chunks/node_modules_next_dist_1e8vcs8._.js:776
[ 1010984ms] [LOG] [Fast Refresh] done in 532ms @ http://localhost:3000/_next/static/chunks/node_modules_next_dist_1e8vcs8._.js:776
[ 1011046ms] [LOG] [Fast Refresh] done in 532ms @ http://localhost:3000/_next/static/chunks/node_modules_next_dist_1e8vcs8._.js:776
[ 1011108ms] [LOG] [Fast Refresh] done in 532ms @ http://localhost:3000/_next/static/chunks/node_modules_next_dist_1e8vcs8._.js:776
[ 1011171ms] [LOG] [Fast Refresh] done in 532ms @ http://localhost:3000/_next/static/chunks/node_modules_next_dist_1e8vcs8._.js:776
[ 1011233ms] [LOG] [Fast Refresh] done in 532ms @ http://localhost:3000/_next/static/chunks/node_modules_next_dist_1e8vcs8._.js:776
[ 1011296ms] [LOG] [Fast Refresh] done in 532ms @ http://localhost:3000/_next/static/chunks/node_modules_next_dist_1e8vcs8._.js:776
[ 1011357ms] [LOG] [Fast Refresh] done in 532ms @ http://localhost:3000/_next/static/chunks/node_modules_next_dist_1e8vcs8._.js:776
[ 1011420ms] [LOG] [Fast Refresh] done in 532ms @ http://localhost:3000/_next/static/chunks/node_modules_next_dist_1e8vcs8._.js:776
[ 1011483ms] [LOG] [Fast Refresh] done in 532ms @ http://localhost:3000/_next/static/chunks/node_modules_next_dist_1e8vcs8._.js:776
[ 1011543ms] [LOG] [Fast Refresh] done in 532ms @ http://localhost:3000/_next/static/chunks/node_modules_next_dist_1e8vcs8._.js:776
[ 1011606ms] [LOG] [Fast Refresh] done in 532ms @ http://localhost:3000/_next/static/chunks/node_modules_next_dist_1e8vcs8._.js:776
[ 1011668ms] [LOG] [Fast Refresh] done in 532ms @ http://localhost:3000/_next/static/chunks/node_modules_next_dist_1e8vcs8._.js:776
[ 1011731ms] [LOG] [Fast Refresh] done in 532ms @ http://localhost:3000/_next/static/chunks/node_modules_next_dist_1e8vcs8._.js:776
[ 1011793ms] [LOG] [Fast Refresh] done in 532ms @ http://localhost:3000/_next/static/chunks/node_modules_next_dist_1e8vcs8._.js:776
[ 1011856ms] [LOG] [Fast Refresh] done in 532ms @ http://localhost:3000/_next/static/chunks/node_modules_next_dist_1e8vcs8._.js:776
[ 1011920ms] [LOG] [Fast Refresh] done in 532ms @ http://localhost:3000/_next/static/chunks/node_modules_next_dist_1e8vcs8._.js:776
[ 1011980ms] [LOG] [Fast Refresh] done in 532ms @ http://localhost:3000/_next/static/chunks/node_modules_next_dist_1e8vcs8._.js:776
[ 1012043ms] [LOG] [Fast Refresh] done in 532ms @ http://localhost:3000/_next/static/chunks/node_modules_next_dist_1e8vcs8._.js:776
[ 1012106ms] [LOG] [Fast Refresh] done in 532ms @ http://localhost:3000/_next/static/chunks/node_modules_next_dist_1e8vcs8._.js:776
[ 1012168ms] [LOG] [Fast Refresh] done in 532ms @ http://localhost:3000/_next/static/chunks/node_modules_next_dist_1e8vcs8._.js:776
[ 1012231ms] [LOG] [Fast Refresh] done in 532ms @ http://localhost:3000/_next/static/chunks/node_modules_next_dist_1e8vcs8._.js:776
[ 1012294ms] [LOG] [Fast Refresh] done in 532ms @ http://localhost:3000/_next/static/chunks/node_modules_next_dist_1e8vcs8._.js:776
[ 1012356ms] [LOG] [Fast Refresh] done in 532ms @ http://localhost:3000/_next/static/chunks/node_modules_next_dist_1e8vcs8._.js:776
[ 1012418ms] [LOG] [Fast Refresh] done in 532ms @ http://localhost:3000/_next/static/chunks/node_modules_next_dist_1e8vcs8._.js:776
[ 1012481ms] [LOG] [Fast Refresh] done in 532ms @ http://localhost:3000/_next/static/chunks/node_modules_next_dist_1e8vcs8._.js:776
[ 1012543ms] [LOG] [Fast Refresh] done in 532ms @ http://localhost:3000/_next/static/chunks/node_modules_next_dist_1e8vcs8._.js:776
[ 1012604ms] [LOG] [Fast Refresh] done in 532ms @ http://localhost:3000/_next/static/chunks/node_modules_next_dist_1e8vcs8._.js:776
[ 1012666ms] [LOG] [Fast Refresh] done in 532ms @ http://localhost:3000/_next/static/chunks/node_modules_next_dist_1e8vcs8._.js:776
[ 1012728ms] [LOG] [Fast Refresh] done in 532ms @ http://localhost:3000/_next/static/chunks/node_modules_next_dist_1e8vcs8._.js:776
[ 1012790ms] [LOG] [Fast Refresh] done in 532ms @ http://localhost:3000/_next/static/chunks/node_modules_next_dist_1e8vcs8._.js:776
[ 1012852ms] [LOG] [Fast Refresh] done in 532ms @ http://localhost:3000/_next/static/chunks/node_modules_next_dist_1e8vcs8._.js:776
[ 1012914ms] [LOG] [Fast Refresh] done in 532ms @ http://localhost:3000/_next/static/chunks/node_modules_next_dist_1e8vcs8._.js:776
[ 1012978ms] [LOG] [Fast Refresh] done in 532ms @ http://localhost:3000/_next/static/chunks/node_modules_next_dist_1e8vcs8._.js:776
[ 1013042ms] [LOG] [Fast Refresh] done in 532ms @ http://localhost:3000/_next/static/chunks/node_modules_next_dist_1e8vcs8._.js:776
[ 1013103ms] [LOG] [Fast Refresh] done in 532ms @ http://localhost:3000/_next/static/chunks/node_modules_next_dist_1e8vcs8._.js:776
[ 1013166ms] [LOG] [Fast Refresh] done in 532ms @ http://localhost:3000/_next/static/chunks/node_modules_next_dist_1e8vcs8._.js:776
[ 1013228ms] [LOG] [Fast Refresh] done in 532ms @ http://localhost:3000/_next/static/chunks/node_modules_next_dist_1e8vcs8._.js:776
[ 1013291ms] [LOG] [Fast Refresh] done in 532ms @ http://localhost:3000/_next/static/chunks/node_modules_next_dist_1e8vcs8._.js:776
[ 1013353ms] [LOG] [Fast Refresh] done in 532ms @ http://localhost:3000/_next/static/chunks/node_modules_next_dist_1e8vcs8._.js:776
[ 1013414ms] [LOG] [Fast Refresh] done in 532ms @ http://localhost:3000/_next/static/chunks/node_modules_next_dist_1e8vcs8._.js:776
[ 1013476ms] [LOG] [Fast Refresh] done in 532ms @ http://localhost:3000/_next/static/chunks/node_modules_next_dist_1e8vcs8._.js:776
[ 1013538ms] [LOG] [Fast Refresh] done in 532ms @ http://localhost:3000/_next/static/chunks/node_modules_next_dist_1e8vcs8._.js:776
[ 1013601ms] [LOG] [Fast Refresh] done in 532ms @ http://localhost:3000/_next/static/chunks/node_modules_next_dist_1e8vcs8._.js:776
[ 1013662ms] [LOG] [Fast Refresh] done in 532ms @ http://localhost:3000/_next/static/chunks/node_modules_next_dist_1e8vcs8._.js:776
[ 1013725ms] [LOG] [Fast Refresh] done in 532ms @ http://localhost:3000/_next/static/chunks/node_modules_next_dist_1e8vcs8._.js:776
[ 1013787ms] [LOG] [Fast Refresh] done in 532ms @ http://localhost:3000/_next/static/chunks/node_modules_next_dist_1e8vcs8._.js:776
[ 1013849ms] [LOG] [Fast Refresh] done in 532ms @ http://localhost:3000/_next/static/chunks/node_modules_next_dist_1e8vcs8._.js:776
[ 1013912ms] [LOG] [Fast Refresh] done in 532ms @ http://localhost:3000/_next/static/chunks/node_modules_next_dist_1e8vcs8._.js:776
[ 1013973ms] [LOG] [Fast Refresh] done in 532ms @ http://localhost:3000/_next/static/chunks/node_modules_next_dist_1e8vcs8._.js:776
[ 1014034ms] [LOG] [Fast Refresh] done in 532ms @ http://localhost:3000/_next/static/chunks/node_modules_next_dist_1e8vcs8._.js:776
[ 1014095ms] [LOG] [Fast Refresh] done in 532ms @ http://localhost:3000/_next/static/chunks/node_modules_next_dist_1e8vcs8._.js:776
[ 1014158ms] [LOG] [Fast Refresh] done in 532ms @ http://localhost:3000/_next/static/chunks/node_modules_next_dist_1e8vcs8._.js:776
[ 1014220ms] [LOG] [Fast Refresh] done in 532ms @ http://localhost:3000/_next/static/chunks/node_modules_next_dist_1e8vcs8._.js:776
[ 1014283ms] [LOG] [Fast Refresh] done in 532ms @ http://localhost:3000/_next/static/chunks/node_modules_next_dist_1e8vcs8._.js:776
[ 1014344ms] [LOG] [Fast Refresh] done in 532ms @ http://localhost:3000/_next/static/chunks/node_modules_next_dist_1e8vcs8._.js:776
[ 1014408ms] [LOG] [Fast Refresh] done in 532ms @ http://localhost:3000/_next/static/chunks/node_modules_next_dist_1e8vcs8._.js:776
[ 1014470ms] [LOG] [Fast Refresh] done in 532ms @ http://localhost:3000/_next/static/chunks/node_modules_next_dist_1e8vcs8._.js:776
[ 1014533ms] [LOG] [Fast Refresh] done in 532ms @ http://localhost:3000/_next/static/chunks/node_modules_next_dist_1e8vcs8._.js:776
[ 1014596ms] [LOG] [Fast Refresh] done in 532ms @ http://localhost:3000/_next/static/chunks/node_modules_next_dist_1e8vcs8._.js:776
[ 1014659ms] [LOG] [Fast Refresh] done in 532ms @ http://localhost:3000/_next/static/chunks/node_modules_next_dist_1e8vcs8._.js:776
[ 1014721ms] [LOG] [Fast Refresh] done in 532ms @ http://localhost:3000/_next/static/chunks/node_modules_next_dist_1e8vcs8._.js:776
[ 1014782ms] [LOG] [Fast Refresh] done in 532ms @ http://localhost:3000/_next/static/chunks/node_modules_next_dist_1e8vcs8._.js:776
[ 1014844ms] [LOG] [Fast Refresh] done in 532ms @ http://localhost:3000/_next/static/chunks/node_modules_next_dist_1e8vcs8._.js:776
[ 1014906ms] [LOG] [Fast Refresh] done in 532ms @ http://localhost:3000/_next/static/chunks/node_modules_next_dist_1e8vcs8._.js:776
[ 1014969ms] [LOG] [Fast Refresh] done in 532ms @ http://localhost:3000/_next/static/chunks/node_modules_next_dist_1e8vcs8._.js:776
[ 1015031ms] [LOG] [Fast Refresh] done in 532ms @ http://localhost:3000/_next/static/chunks/node_modules_next_dist_1e8vcs8._.js:776
[ 1015094ms] [LOG] [Fast Refresh] done in 532ms @ http://localhost:3000/_next/static/chunks/node_modules_next_dist_1e8vcs8._.js:776
[ 1015156ms] [LOG] [Fast Refresh] done in 532ms @ http://localhost:3000/_next/static/chunks/node_modules_next_dist_1e8vcs8._.js:776
[ 1015220ms] [LOG] [Fast Refresh] done in 532ms @ http://localhost:3000/_next/static/chunks/node_modules_next_dist_1e8vcs8._.js:776
[ 1015295ms] [LOG] [Fast Refresh] done in 532ms @ http://localhost:3000/_next/static/chunks/node_modules_next_dist_1e8vcs8._.js:776
[ 1015357ms] [LOG] [Fast Refresh] done in 532ms @ http://localhost:3000/_next/static/chunks/node_modules_next_dist_1e8vcs8._.js:776
[ 1015420ms] [LOG] [Fast Refresh] done in 532ms @ http://localhost:3000/_next/static/chunks/node_modules_next_dist_1e8vcs8._.js:776
[ 1015482ms] [LOG] [Fast Refresh] done in 532ms @ http://localhost:3000/_next/static/chunks/node_modules_next_dist_1e8vcs8._.js:776
[ 1015544ms] [LOG] [Fast Refresh] done in 532ms @ http://localhost:3000/_next/static/chunks/node_modules_next_dist_1e8vcs8._.js:776
[ 1015605ms] [LOG] [Fast Refresh] done in 532ms @ http://localhost:3000/_next/static/chunks/node_modules_next_dist_1e8vcs8._.js:776
[ 1015667ms] [LOG] [Fast Refresh] done in 532ms @ http://localhost:3000/_next/static/chunks/node_modules_next_dist_1e8vcs8._.js:776
[ 1015734ms] [LOG] [Fast Refresh] done in 532ms @ http://localhost:3000/_next/static/chunks/node_modules_next_dist_1e8vcs8._.js:776
[ 1015792ms] [LOG] [Fast Refresh] done in 532ms @ http://localhost:3000/_next/static/chunks/node_modules_next_dist_1e8vcs8._.js:776
[ 1015854ms] [LOG] [Fast Refresh] done in 532ms @ http://localhost:3000/_next/static/chunks/node_modules_next_dist_1e8vcs8._.js:776
[ 1015918ms] [LOG] [Fast Refresh] done in 532ms @ http://localhost:3000/_next/static/chunks/node_modules_next_dist_1e8vcs8._.js:776
[ 1015980ms] [LOG] [Fast Refresh] done in 532ms @ http://localhost:3000/_next/static/chunks/node_modules_next_dist_1e8vcs8._.js:776
[ 1016042ms] [LOG] [Fast Refresh] done in 532ms @ http://localhost:3000/_next/static/chunks/node_modules_next_dist_1e8vcs8._.js:776
[ 1016103ms] [LOG] [Fast Refresh] done in 532ms @ http://localhost:3000/_next/static/chunks/node_modules_next_dist_1e8vcs8._.js:776
[ 1016167ms] [LOG] [Fast Refresh] done in 532ms @ http://localhost:3000/_next/static/chunks/node_modules_next_dist_1e8vcs8._.js:776
[ 1016229ms] [LOG] [Fast Refresh] done in 532ms @ http://localhost:3000/_next/static/chunks/node_modules_next_dist_1e8vcs8._.js:776
[ 1016291ms] [LOG] [Fast Refresh] done in 532ms @ http://localhost:3000/_next/static/chunks/node_modules_next_dist_1e8vcs8._.js:776
[ 1016352ms] [LOG] [Fast Refresh] done in 532ms @ http://localhost:3000/_next/static/chunks/node_modules_next_dist_1e8vcs8._.js:776
[ 1016415ms] [LOG] [Fast Refresh] done in 532ms @ http://localhost:3000/_next/static/chunks/node_modules_next_dist_1e8vcs8._.js:776
[ 1016478ms] [LOG] [Fast Refresh] done in 532ms @ http://localhost:3000/_next/static/chunks/node_modules_next_dist_1e8vcs8._.js:776
[ 1016539ms] [LOG] [Fast Refresh] done in 532ms @ http://localhost:3000/_next/static/chunks/node_modules_next_dist_1e8vcs8._.js:776
[ 1016601ms] [LOG] [Fast Refresh] done in 532ms @ http://localhost:3000/_next/static/chunks/node_modules_next_dist_1e8vcs8._.js:776
[ 1016663ms] [LOG] [Fast Refresh] done in 532ms @ http://localhost:3000/_next/static/chunks/node_modules_next_dist_1e8vcs8._.js:776
[ 1016725ms] [LOG] [Fast Refresh] done in 532ms @ http://localhost:3000/_next/static/chunks/node_modules_next_dist_1e8vcs8._.js:776
[ 1016787ms] [LOG] [Fast Refresh] done in 532ms @ http://localhost:3000/_next/static/chunks/node_modules_next_dist_1e8vcs8._.js:776
[ 1016850ms] [LOG] [Fast Refresh] done in 532ms @ http://localhost:3000/_next/static/chunks/node_modules_next_dist_1e8vcs8._.js:776
[ 1016912ms] [LOG] [Fast Refresh] done in 532ms @ http://localhost:3000/_next/static/chunks/node_modules_next_dist_1e8vcs8._.js:776
[ 1016974ms] [LOG] [Fast Refresh] done in 532ms @ http://localhost:3000/_next/static/chunks/node_modules_next_dist_1e8vcs8._.js:776
[ 1017036ms] [LOG] [Fast Refresh] done in 532ms @ http://localhost:3000/_next/static/chunks/node_modules_next_dist_1e8vcs8._.js:776
[ 1017098ms] [LOG] [Fast Refresh] done in 532ms @ http://localhost:3000/_next/static/chunks/node_modules_next_dist_1e8vcs8._.js:776
[ 1017161ms] [LOG] [Fast Refresh] done in 532ms @ http://localhost:3000/_next/static/chunks/node_modules_next_dist_1e8vcs8._.js:776
[ 1017223ms] [LOG] [Fast Refresh] done in 532ms @ http://localhost:3000/_next/static/chunks/node_modules_next_dist_1e8vcs8._.js:776
[ 1017286ms] [LOG] [Fast Refresh] done in 532ms @ http://localhost:3000/_next/static/chunks/node_modules_next_dist_1e8vcs8._.js:776
[ 1017347ms] [LOG] [Fast Refresh] done in 532ms @ http://localhost:3000/_next/static/chunks/node_modules_next_dist_1e8vcs8._.js:776
[ 1017410ms] [LOG] [Fast Refresh] done in 532ms @ http://localhost:3000/_next/static/chunks/node_modules_next_dist_1e8vcs8._.js:776
[ 1017471ms] [LOG] [Fast Refresh] done in 532ms @ http://localhost:3000/_next/static/chunks/node_modules_next_dist_1e8vcs8._.js:776
[ 1017534ms] [LOG] [Fast Refresh] done in 532ms @ http://localhost:3000/_next/static/chunks/node_modules_next_dist_1e8vcs8._.js:776
[ 1017598ms] [LOG] [Fast Refresh] done in 532ms @ http://localhost:3000/_next/static/chunks/node_modules_next_dist_1e8vcs8._.js:776
[ 1017660ms] [LOG] [Fast Refresh] done in 532ms @ http://localhost:3000/_next/static/chunks/node_modules_next_dist_1e8vcs8._.js:776
[ 1017722ms] [LOG] [Fast Refresh] done in 532ms @ http://localhost:3000/_next/static/chunks/node_modules_next_dist_1e8vcs8._.js:776
[ 1017785ms] [LOG] [Fast Refresh] done in 532ms @ http://localhost:3000/_next/static/chunks/node_modules_next_dist_1e8vcs8._.js:776
[ 1017848ms] [LOG] [Fast Refresh] done in 532ms @ http://localhost:3000/_next/static/chunks/node_modules_next_dist_1e8vcs8._.js:776
[ 1017910ms] [LOG] [Fast Refresh] done in 532ms @ http://localhost:3000/_next/static/chunks/node_modules_next_dist_1e8vcs8._.js:776
[ 1017972ms] [LOG] [Fast Refresh] done in 532ms @ http://localhost:3000/_next/static/chunks/node_modules_next_dist_1e8vcs8._.js:776
[ 1018034ms] [LOG] [Fast Refresh] done in 532ms @ http://localhost:3000/_next/static/chunks/node_modules_next_dist_1e8vcs8._.js:776
[ 1018098ms] [LOG] [Fast Refresh] done in 532ms @ http://localhost:3000/_next/static/chunks/node_modules_next_dist_1e8vcs8._.js:776
[ 1018159ms] [LOG] [Fast Refresh] done in 532ms @ http://localhost:3000/_next/static/chunks/node_modules_next_dist_1e8vcs8._.js:776
[ 1018221ms] [LOG] [Fast Refresh] done in 532ms @ http://localhost:3000/_next/static/chunks/node_modules_next_dist_1e8vcs8._.js:776
[ 1018283ms] [LOG] [Fast Refresh] done in 532ms @ http://localhost:3000/_next/static/chunks/node_modules_next_dist_1e8vcs8._.js:776
[ 1018346ms] [LOG] [Fast Refresh] done in 532ms @ http://localhost:3000/_next/static/chunks/node_modules_next_dist_1e8vcs8._.js:776
[ 1018408ms] [LOG] [Fast Refresh] done in 532ms @ http://localhost:3000/_next/static/chunks/node_modules_next_dist_1e8vcs8._.js:776
[ 1018469ms] [LOG] [Fast Refresh] done in 532ms @ http://localhost:3000/_next/static/chunks/node_modules_next_dist_1e8vcs8._.js:776
[ 1018532ms] [LOG] [Fast Refresh] done in 532ms @ http://localhost:3000/_next/static/chunks/node_modules_next_dist_1e8vcs8._.js:776
[ 1018594ms] [LOG] [Fast Refresh] done in 532ms @ http://localhost:3000/_next/static/chunks/node_modules_next_dist_1e8vcs8._.js:776
[ 1018655ms] [LOG] [Fast Refresh] done in 532ms @ http://localhost:3000/_next/static/chunks/node_modules_next_dist_1e8vcs8._.js:776
[ 1018718ms] [LOG] [Fast Refresh] done in 532ms @ http://localhost:3000/_next/static/chunks/node_modules_next_dist_1e8vcs8._.js:776
[ 1018780ms] [LOG] [Fast Refresh] done in 532ms @ http://localhost:3000/_next/static/chunks/node_modules_next_dist_1e8vcs8._.js:776
[ 1018843ms] [LOG] [Fast Refresh] done in 532ms @ http://localhost:3000/_next/static/chunks/node_modules_next_dist_1e8vcs8._.js:776
[ 1018904ms] [LOG] [Fast Refresh] done in 532ms @ http://localhost:3000/_next/static/chunks/node_modules_next_dist_1e8vcs8._.js:776
[ 1018968ms] [LOG] [Fast Refresh] done in 532ms @ http://localhost:3000/_next/static/chunks/node_modules_next_dist_1e8vcs8._.js:776
[ 1019029ms] [LOG] [Fast Refresh] done in 532ms @ http://localhost:3000/_next/static/chunks/node_modules_next_dist_1e8vcs8._.js:776
[ 1019091ms] [LOG] [Fast Refresh] done in 532ms @ http://localhost:3000/_next/static/chunks/node_modules_next_dist_1e8vcs8._.js:776
[ 1019153ms] [LOG] [Fast Refresh] done in 532ms @ http://localhost:3000/_next/static/chunks/node_modules_next_dist_1e8vcs8._.js:776
[ 1019215ms] [LOG] [Fast Refresh] done in 532ms @ http://localhost:3000/_next/static/chunks/node_modules_next_dist_1e8vcs8._.js:776
[ 1019277ms] [LOG] [Fast Refresh] done in 532ms @ http://localhost:3000/_next/static/chunks/node_modules_next_dist_1e8vcs8._.js:776
[ 1019341ms] [LOG] [Fast Refresh] done in 532ms @ http://localhost:3000/_next/static/chunks/node_modules_next_dist_1e8vcs8._.js:776
[ 1019403ms] [LOG] [Fast Refresh] done in 532ms @ http://localhost:3000/_next/static/chunks/node_modules_next_dist_1e8vcs8._.js:776
[ 1019464ms] [LOG] [Fast Refresh] done in 532ms @ http://localhost:3000/_next/static/chunks/node_modules_next_dist_1e8vcs8._.js:776
[ 1019528ms] [LOG] [Fast Refresh] done in 532ms @ http://localhost:3000/_next/static/chunks/node_modules_next_dist_1e8vcs8._.js:776
[ 1019591ms] [LOG] [Fast Refresh] done in 532ms @ http://localhost:3000/_next/static/chunks/node_modules_next_dist_1e8vcs8._.js:776
[ 1019652ms] [LOG] [Fast Refresh] done in 532ms @ http://localhost:3000/_next/static/chunks/node_modules_next_dist_1e8vcs8._.js:776
[ 1019714ms] [LOG] [Fast Refresh] done in 532ms @ http://localhost:3000/_next/static/chunks/node_modules_next_dist_1e8vcs8._.js:776
[ 1019777ms] [LOG] [Fast Refresh] done in 532ms @ http://localhost:3000/_next/static/chunks/node_modules_next_dist_1e8vcs8._.js:776
[ 1019839ms] [LOG] [Fast Refresh] done in 532ms @ http://localhost:3000/_next/static/chunks/node_modules_next_dist_1e8vcs8._.js:776
[ 1019902ms] [LOG] [Fast Refresh] done in 532ms @ http://localhost:3000/_next/static/chunks/node_modules_next_dist_1e8vcs8._.js:776
[ 1019965ms] [LOG] [Fast Refresh] done in 532ms @ http://localhost:3000/_next/static/chunks/node_modules_next_dist_1e8vcs8._.js:776
[ 1020027ms] [LOG] [Fast Refresh] done in 532ms @ http://localhost:3000/_next/static/chunks/node_modules_next_dist_1e8vcs8._.js:776
[ 1020090ms] [LOG] [Fast Refresh] done in 532ms @ http://localhost:3000/_next/static/chunks/node_modules_next_dist_1e8vcs8._.js:776
[ 1020152ms] [LOG] [Fast Refresh] done in 532ms @ http://localhost:3000/_next/static/chunks/node_modules_next_dist_1e8vcs8._.js:776
[ 1020214ms] [LOG] [Fast Refresh] done in 532ms @ http://localhost:3000/_next/static/chunks/node_modules_next_dist_1e8vcs8._.js:776
[ 1020276ms] [LOG] [Fast Refresh] done in 532ms @ http://localhost:3000/_next/static/chunks/node_modules_next_dist_1e8vcs8._.js:776
[ 1020339ms] [LOG] [Fast Refresh] done in 532ms @ http://localhost:3000/_next/static/chunks/node_modules_next_dist_1e8vcs8._.js:776
[ 1020401ms] [LOG] [Fast Refresh] done in 532ms @ http://localhost:3000/_next/static/chunks/node_modules_next_dist_1e8vcs8._.js:776
[ 1020464ms] [LOG] [Fast Refresh] done in 532ms @ http://localhost:3000/_next/static/chunks/node_modules_next_dist_1e8vcs8._.js:776
[ 1020525ms] [LOG] [Fast Refresh] done in 532ms @ http://localhost:3000/_next/static/chunks/node_modules_next_dist_1e8vcs8._.js:776
[ 1020592ms] [LOG] [Fast Refresh] done in 532ms @ http://localhost:3000/_next/static/chunks/node_modules_next_dist_1e8vcs8._.js:776
[ 1020648ms] [LOG] [Fast Refresh] done in 532ms @ http://localhost:3000/_next/static/chunks/node_modules_next_dist_1e8vcs8._.js:776
[ 1020710ms] [LOG] [Fast Refresh] done in 532ms @ http://localhost:3000/_next/static/chunks/node_modules_next_dist_1e8vcs8._.js:776
[ 1020772ms] [LOG] [Fast Refresh] done in 532ms @ http://localhost:3000/_next/static/chunks/node_modules_next_dist_1e8vcs8._.js:776
[ 1020833ms] [LOG] [Fast Refresh] done in 532ms @ http://localhost:3000/_next/static/chunks/node_modules_next_dist_1e8vcs8._.js:776
[ 1020896ms] [LOG] [Fast Refresh] done in 532ms @ http://localhost:3000/_next/static/chunks/node_modules_next_dist_1e8vcs8._.js:776
[ 1020958ms] [LOG] [Fast Refresh] done in 532ms @ http://localhost:3000/_next/static/chunks/node_modules_next_dist_1e8vcs8._.js:776
[ 1021018ms] [LOG] [Fast Refresh] done in 532ms @ http://localhost:3000/_next/static/chunks/node_modules_next_dist_1e8vcs8._.js:776
[ 1021080ms] [LOG] [Fast Refresh] done in 532ms @ http://localhost:3000/_next/static/chunks/node_modules_next_dist_1e8vcs8._.js:776
[ 1021141ms] [LOG] [Fast Refresh] done in 532ms @ http://localhost:3000/_next/static/chunks/node_modules_next_dist_1e8vcs8._.js:776
[ 1021204ms] [LOG] [Fast Refresh] done in 532ms @ http://localhost:3000/_next/static/chunks/node_modules_next_dist_1e8vcs8._.js:776
[ 1021266ms] [LOG] [Fast Refresh] done in 532ms @ http://localhost:3000/_next/static/chunks/node_modules_next_dist_1e8vcs8._.js:776
[ 1021329ms] [LOG] [Fast Refresh] done in 532ms @ http://localhost:3000/_next/static/chunks/node_modules_next_dist_1e8vcs8._.js:776
[ 1021392ms] [LOG] [Fast Refresh] done in 532ms @ http://localhost:3000/_next/static/chunks/node_modules_next_dist_1e8vcs8._.js:776
[ 1021454ms] [LOG] [Fast Refresh] done in 532ms @ http://localhost:3000/_next/static/chunks/node_modules_next_dist_1e8vcs8._.js:776
[ 1021516ms] [LOG] [Fast Refresh] done in 532ms @ http://localhost:3000/_next/static/chunks/node_modules_next_dist_1e8vcs8._.js:776
[ 1021579ms] [LOG] [Fast Refresh] done in 532ms @ http://localhost:3000/_next/static/chunks/node_modules_next_dist_1e8vcs8._.js:776
[ 1021641ms] [LOG] [Fast Refresh] done in 532ms @ http://localhost:3000/_next/static/chunks/node_modules_next_dist_1e8vcs8._.js:776
[ 1021703ms] [LOG] [Fast Refresh] done in 532ms @ http://localhost:3000/_next/static/chunks/node_modules_next_dist_1e8vcs8._.js:776
[ 1021765ms] [LOG] [Fast Refresh] done in 532ms @ http://localhost:3000/_next/static/chunks/node_modules_next_dist_1e8vcs8._.js:776
[ 1021827ms] [LOG] [Fast Refresh] done in 532ms @ http://localhost:3000/_next/static/chunks/node_modules_next_dist_1e8vcs8._.js:776
[ 1021890ms] [LOG] [Fast Refresh] done in 532ms @ http://localhost:3000/_next/static/chunks/node_modules_next_dist_1e8vcs8._.js:776
[ 1021952ms] [LOG] [Fast Refresh] done in 532ms @ http://localhost:3000/_next/static/chunks/node_modules_next_dist_1e8vcs8._.js:776
[ 1022013ms] [LOG] [Fast Refresh] done in 532ms @ http://localhost:3000/_next/static/chunks/node_modules_next_dist_1e8vcs8._.js:776
[ 1022075ms] [LOG] [Fast Refresh] done in 532ms @ http://localhost:3000/_next/static/chunks/node_modules_next_dist_1e8vcs8._.js:776
[ 1022137ms] [LOG] [Fast Refresh] done in 532ms @ http://localhost:3000/_next/static/chunks/node_modules_next_dist_1e8vcs8._.js:776
[ 1022200ms] [LOG] [Fast Refresh] done in 532ms @ http://localhost:3000/_next/static/chunks/node_modules_next_dist_1e8vcs8._.js:776
[ 1022262ms] [LOG] [Fast Refresh] done in 532ms @ http://localhost:3000/_next/static/chunks/node_modules_next_dist_1e8vcs8._.js:776
[ 1022322ms] [LOG] [Fast Refresh] done in 532ms @ http://localhost:3000/_next/static/chunks/node_modules_next_dist_1e8vcs8._.js:776
[ 1022385ms] [LOG] [Fast Refresh] done in 532ms @ http://localhost:3000/_next/static/chunks/node_modules_next_dist_1e8vcs8._.js:776
[ 1022447ms] [LOG] [Fast Refresh] done in 532ms @ http://localhost:3000/_next/static/chunks/node_modules_next_dist_1e8vcs8._.js:776
[ 1022510ms] [LOG] [Fast Refresh] done in 532ms @ http://localhost:3000/_next/static/chunks/node_modules_next_dist_1e8vcs8._.js:776
[ 1022572ms] [LOG] [Fast Refresh] done in 532ms @ http://localhost:3000/_next/static/chunks/node_modules_next_dist_1e8vcs8._.js:776
[ 1022636ms] [LOG] [Fast Refresh] done in 532ms @ http://localhost:3000/_next/static/chunks/node_modules_next_dist_1e8vcs8._.js:776
[ 1022699ms] [LOG] [Fast Refresh] done in 532ms @ http://localhost:3000/_next/static/chunks/node_modules_next_dist_1e8vcs8._.js:776
[ 1022762ms] [LOG] [Fast Refresh] done in 532ms @ http://localhost:3000/_next/static/chunks/node_modules_next_dist_1e8vcs8._.js:776
[ 1022825ms] [LOG] [Fast Refresh] done in 532ms @ http://localhost:3000/_next/static/chunks/node_modules_next_dist_1e8vcs8._.js:776
[ 1022887ms] [LOG] [Fast Refresh] done in 532ms @ http://localhost:3000/_next/static/chunks/node_modules_next_dist_1e8vcs8._.js:776
[ 1022951ms] [LOG] [Fast Refresh] done in 532ms @ http://localhost:3000/_next/static/chunks/node_modules_next_dist_1e8vcs8._.js:776
[ 1023014ms] [LOG] [Fast Refresh] done in 532ms @ http://localhost:3000/_next/static/chunks/node_modules_next_dist_1e8vcs8._.js:776
[ 1023075ms] [LOG] [Fast Refresh] done in 532ms @ http://localhost:3000/_next/static/chunks/node_modules_next_dist_1e8vcs8._.js:776
[ 1023138ms] [LOG] [Fast Refresh] done in 532ms @ http://localhost:3000/_next/static/chunks/node_modules_next_dist_1e8vcs8._.js:776
[ 1023199ms] [LOG] [Fast Refresh] done in 532ms @ http://localhost:3000/_next/static/chunks/node_modules_next_dist_1e8vcs8._.js:776
[ 1023261ms] [LOG] [Fast Refresh] done in 532ms @ http://localhost:3000/_next/static/chunks/node_modules_next_dist_1e8vcs8._.js:776
[ 1023323ms] [LOG] [Fast Refresh] done in 532ms @ http://localhost:3000/_next/static/chunks/node_modules_next_dist_1e8vcs8._.js:776
[ 1023384ms] [LOG] [Fast Refresh] done in 532ms @ http://localhost:3000/_next/static/chunks/node_modules_next_dist_1e8vcs8._.js:776
[ 1023447ms] [LOG] [Fast Refresh] done in 532ms @ http://localhost:3000/_next/static/chunks/node_modules_next_dist_1e8vcs8._.js:776
[ 1023512ms] [LOG] [Fast Refresh] done in 532ms @ http://localhost:3000/_next/static/chunks/node_modules_next_dist_1e8vcs8._.js:776
[ 1023572ms] [LOG] [Fast Refresh] done in 532ms @ http://localhost:3000/_next/static/chunks/node_modules_next_dist_1e8vcs8._.js:776
[ 1023633ms] [LOG] [Fast Refresh] done in 532ms @ http://localhost:3000/_next/static/chunks/node_modules_next_dist_1e8vcs8._.js:776
[ 1023695ms] [LOG] [Fast Refresh] done in 532ms @ http://localhost:3000/_next/static/chunks/node_modules_next_dist_1e8vcs8._.js:776
[ 1023758ms] [LOG] [Fast Refresh] done in 532ms @ http://localhost:3000/_next/static/chunks/node_modules_next_dist_1e8vcs8._.js:776
[ 1023821ms] [LOG] [Fast Refresh] done in 532ms @ http://localhost:3000/_next/static/chunks/node_modules_next_dist_1e8vcs8._.js:776
[ 1023884ms] [LOG] [Fast Refresh] done in 532ms @ http://localhost:3000/_next/static/chunks/node_modules_next_dist_1e8vcs8._.js:776
[ 1023946ms] [LOG] [Fast Refresh] done in 532ms @ http://localhost:3000/_next/static/chunks/node_modules_next_dist_1e8vcs8._.js:776
[ 1024008ms] [LOG] [Fast Refresh] done in 532ms @ http://localhost:3000/_next/static/chunks/node_modules_next_dist_1e8vcs8._.js:776
[ 1024071ms] [LOG] [Fast Refresh] done in 532ms @ http://localhost:3000/_next/static/chunks/node_modules_next_dist_1e8vcs8._.js:776
[ 1024133ms] [LOG] [Fast Refresh] done in 532ms @ http://localhost:3000/_next/static/chunks/node_modules_next_dist_1e8vcs8._.js:776
[ 1024195ms] [LOG] [Fast Refresh] done in 532ms @ http://localhost:3000/_next/static/chunks/node_modules_next_dist_1e8vcs8._.js:776
[ 1024256ms] [LOG] [Fast Refresh] done in 532ms @ http://localhost:3000/_next/static/chunks/node_modules_next_dist_1e8vcs8._.js:776
[ 1024316ms] [LOG] [Fast Refresh] done in 532ms @ http://localhost:3000/_next/static/chunks/node_modules_next_dist_1e8vcs8._.js:776
[ 1024380ms] [LOG] [Fast Refresh] done in 532ms @ http://localhost:3000/_next/static/chunks/node_modules_next_dist_1e8vcs8._.js:776
[ 1024444ms] [LOG] [Fast Refresh] done in 532ms @ http://localhost:3000/_next/static/chunks/node_modules_next_dist_1e8vcs8._.js:776
[ 1024504ms] [LOG] [Fast Refresh] done in 532ms @ http://localhost:3000/_next/static/chunks/node_modules_next_dist_1e8vcs8._.js:776
[ 1024566ms] [LOG] [Fast Refresh] done in 532ms @ http://localhost:3000/_next/static/chunks/node_modules_next_dist_1e8vcs8._.js:776
[ 1024628ms] [LOG] [Fast Refresh] done in 532ms @ http://localhost:3000/_next/static/chunks/node_modules_next_dist_1e8vcs8._.js:776
[ 1024690ms] [LOG] [Fast Refresh] done in 532ms @ http://localhost:3000/_next/static/chunks/node_modules_next_dist_1e8vcs8._.js:776
[ 1024753ms] [LOG] [Fast Refresh] done in 532ms @ http://localhost:3000/_next/static/chunks/node_modules_next_dist_1e8vcs8._.js:776
[ 1024816ms] [LOG] [Fast Refresh] done in 532ms @ http://localhost:3000/_next/static/chunks/node_modules_next_dist_1e8vcs8._.js:776
[ 1024879ms] [LOG] [Fast Refresh] done in 532ms @ http://localhost:3000/_next/static/chunks/node_modules_next_dist_1e8vcs8._.js:776
[ 1024940ms] [LOG] [Fast Refresh] done in 532ms @ http://localhost:3000/_next/static/chunks/node_modules_next_dist_1e8vcs8._.js:776
[ 1025004ms] [LOG] [Fast Refresh] done in 532ms @ http://localhost:3000/_next/static/chunks/node_modules_next_dist_1e8vcs8._.js:776
[ 1025067ms] [LOG] [Fast Refresh] done in 532ms @ http://localhost:3000/_next/static/chunks/node_modules_next_dist_1e8vcs8._.js:776
[ 1025128ms] [LOG] [Fast Refresh] done in 532ms @ http://localhost:3000/_next/static/chunks/node_modules_next_dist_1e8vcs8._.js:776
[ 1025192ms] [LOG] [Fast Refresh] done in 532ms @ http://localhost:3000/_next/static/chunks/node_modules_next_dist_1e8vcs8._.js:776
[ 1025254ms] [LOG] [Fast Refresh] done in 532ms @ http://localhost:3000/_next/static/chunks/node_modules_next_dist_1e8vcs8._.js:776
[ 1025316ms] [LOG] [Fast Refresh] done in 532ms @ http://localhost:3000/_next/static/chunks/node_modules_next_dist_1e8vcs8._.js:776
[ 1025379ms] [LOG] [Fast Refresh] done in 532ms @ http://localhost:3000/_next/static/chunks/node_modules_next_dist_1e8vcs8._.js:776
[ 1025441ms] [LOG] [Fast Refresh] done in 532ms @ http://localhost:3000/_next/static/chunks/node_modules_next_dist_1e8vcs8._.js:776
[ 1025504ms] [LOG] [Fast Refresh] done in 532ms @ http://localhost:3000/_next/static/chunks/node_modules_next_dist_1e8vcs8._.js:776
[ 1025566ms] [LOG] [Fast Refresh] done in 532ms @ http://localhost:3000/_next/static/chunks/node_modules_next_dist_1e8vcs8._.js:776
[ 1025627ms] [LOG] [Fast Refresh] done in 532ms @ http://localhost:3000/_next/static/chunks/node_modules_next_dist_1e8vcs8._.js:776
[ 1025690ms] [LOG] [Fast Refresh] done in 532ms @ http://localhost:3000/_next/static/chunks/node_modules_next_dist_1e8vcs8._.js:776
[ 1025752ms] [LOG] [Fast Refresh] done in 532ms @ http://localhost:3000/_next/static/chunks/node_modules_next_dist_1e8vcs8._.js:776
[ 1025814ms] [LOG] [Fast Refresh] done in 532ms @ http://localhost:3000/_next/static/chunks/node_modules_next_dist_1e8vcs8._.js:776
[ 1025876ms] [LOG] [Fast Refresh] done in 532ms @ http://localhost:3000/_next/static/chunks/node_modules_next_dist_1e8vcs8._.js:776
[ 1025940ms] [LOG] [Fast Refresh] done in 532ms @ http://localhost:3000/_next/static/chunks/node_modules_next_dist_1e8vcs8._.js:776
[ 1026004ms] [LOG] [Fast Refresh] done in 532ms @ http://localhost:3000/_next/static/chunks/node_modules_next_dist_1e8vcs8._.js:776
[ 1026065ms] [LOG] [Fast Refresh] done in 532ms @ http://localhost:3000/_next/static/chunks/node_modules_next_dist_1e8vcs8._.js:776
[ 1026128ms] [LOG] [Fast Refresh] done in 532ms @ http://localhost:3000/_next/static/chunks/node_modules_next_dist_1e8vcs8._.js:776
[ 1026190ms] [LOG] [Fast Refresh] done in 532ms @ http://localhost:3000/_next/static/chunks/node_modules_next_dist_1e8vcs8._.js:776
[ 1026252ms] [LOG] [Fast Refresh] done in 532ms @ http://localhost:3000/_next/static/chunks/node_modules_next_dist_1e8vcs8._.js:776
[ 1026315ms] [LOG] [Fast Refresh] done in 532ms @ http://localhost:3000/_next/static/chunks/node_modules_next_dist_1e8vcs8._.js:776
[ 1026378ms] [LOG] [Fast Refresh] done in 532ms @ http://localhost:3000/_next/static/chunks/node_modules_next_dist_1e8vcs8._.js:776
[ 1026441ms] [LOG] [Fast Refresh] done in 532ms @ http://localhost:3000/_next/static/chunks/node_modules_next_dist_1e8vcs8._.js:776
[ 1026504ms] [LOG] [Fast Refresh] done in 532ms @ http://localhost:3000/_next/static/chunks/node_modules_next_dist_1e8vcs8._.js:776
[ 1026567ms] [LOG] [Fast Refresh] done in 532ms @ http://localhost:3000/_next/static/chunks/node_modules_next_dist_1e8vcs8._.js:776
[ 1026629ms] [LOG] [Fast Refresh] done in 532ms @ http://localhost:3000/_next/static/chunks/node_modules_next_dist_1e8vcs8._.js:776
[ 1026691ms] [LOG] [Fast Refresh] done in 532ms @ http://localhost:3000/_next/static/chunks/node_modules_next_dist_1e8vcs8._.js:776
[ 1026752ms] [LOG] [Fast Refresh] done in 532ms @ http://localhost:3000/_next/static/chunks/node_modules_next_dist_1e8vcs8._.js:776
[ 1026816ms] [LOG] [Fast Refresh] done in 532ms @ http://localhost:3000/_next/static/chunks/node_modules_next_dist_1e8vcs8._.js:776
[ 1026878ms] [LOG] [Fast Refresh] done in 532ms @ http://localhost:3000/_next/static/chunks/node_modules_next_dist_1e8vcs8._.js:776
[ 1026941ms] [LOG] [Fast Refresh] done in 532ms @ http://localhost:3000/_next/static/chunks/node_modules_next_dist_1e8vcs8._.js:776
[ 1027002ms] [LOG] [Fast Refresh] done in 532ms @ http://localhost:3000/_next/static/chunks/node_modules_next_dist_1e8vcs8._.js:776
[ 1027066ms] [LOG] [Fast Refresh] done in 532ms @ http://localhost:3000/_next/static/chunks/node_modules_next_dist_1e8vcs8._.js:776
[ 1027129ms] [LOG] [Fast Refresh] done in 532ms @ http://localhost:3000/_next/static/chunks/node_modules_next_dist_1e8vcs8._.js:776
[ 1027192ms] [LOG] [Fast Refresh] done in 532ms @ http://localhost:3000/_next/static/chunks/node_modules_next_dist_1e8vcs8._.js:776
[ 1027255ms] [LOG] [Fast Refresh] done in 532ms @ http://localhost:3000/_next/static/chunks/node_modules_next_dist_1e8vcs8._.js:776
[ 1027317ms] [LOG] [Fast Refresh] done in 532ms @ http://localhost:3000/_next/static/chunks/node_modules_next_dist_1e8vcs8._.js:776
[ 1027380ms] [LOG] [Fast Refresh] done in 532ms @ http://localhost:3000/_next/static/chunks/node_modules_next_dist_1e8vcs8._.js:776
[ 1027440ms] [LOG] [Fast Refresh] done in 532ms @ http://localhost:3000/_next/static/chunks/node_modules_next_dist_1e8vcs8._.js:776
[ 1027503ms] [LOG] [Fast Refresh] done in 532ms @ http://localhost:3000/_next/static/chunks/node_modules_next_dist_1e8vcs8._.js:776
[ 1027566ms] [LOG] [Fast Refresh] done in 532ms @ http://localhost:3000/_next/static/chunks/node_modules_next_dist_1e8vcs8._.js:776
[ 1027628ms] [LOG] [Fast Refresh] done in 532ms @ http://localhost:3000/_next/static/chunks/node_modules_next_dist_1e8vcs8._.js:776
[ 1027690ms] [LOG] [Fast Refresh] done in 532ms @ http://localhost:3000/_next/static/chunks/node_modules_next_dist_1e8vcs8._.js:776
[ 1027753ms] [LOG] [Fast Refresh] done in 532ms @ http://localhost:3000/_next/static/chunks/node_modules_next_dist_1e8vcs8._.js:776
[ 1027814ms] [LOG] [Fast Refresh] done in 532ms @ http://localhost:3000/_next/static/chunks/node_modules_next_dist_1e8vcs8._.js:776
[ 1027878ms] [LOG] [Fast Refresh] done in 532ms @ http://localhost:3000/_next/static/chunks/node_modules_next_dist_1e8vcs8._.js:776
[ 1027941ms] [LOG] [Fast Refresh] done in 532ms @ http://localhost:3000/_next/static/chunks/node_modules_next_dist_1e8vcs8._.js:776
[ 1028002ms] [LOG] [Fast Refresh] done in 532ms @ http://localhost:3000/_next/static/chunks/node_modules_next_dist_1e8vcs8._.js:776
[ 1028065ms] [LOG] [Fast Refresh] done in 532ms @ http://localhost:3000/_next/static/chunks/node_modules_next_dist_1e8vcs8._.js:776
[ 1028128ms] [LOG] [Fast Refresh] done in 532ms @ http://localhost:3000/_next/static/chunks/node_modules_next_dist_1e8vcs8._.js:776
[ 1028192ms] [LOG] [Fast Refresh] done in 532ms @ http://localhost:3000/_next/static/chunks/node_modules_next_dist_1e8vcs8._.js:776
[ 1028254ms] [LOG] [Fast Refresh] done in 532ms @ http://localhost:3000/_next/static/chunks/node_modules_next_dist_1e8vcs8._.js:776
[ 1028317ms] [LOG] [Fast Refresh] done in 532ms @ http://localhost:3000/_next/static/chunks/node_modules_next_dist_1e8vcs8._.js:776
[ 1028378ms] [LOG] [Fast Refresh] done in 532ms @ http://localhost:3000/_next/static/chunks/node_modules_next_dist_1e8vcs8._.js:776
[ 1028441ms] [LOG] [Fast Refresh] done in 532ms @ http://localhost:3000/_next/static/chunks/node_modules_next_dist_1e8vcs8._.js:776
[ 1028504ms] [LOG] [Fast Refresh] done in 532ms @ http://localhost:3000/_next/static/chunks/node_modules_next_dist_1e8vcs8._.js:776
[ 1028566ms] [LOG] [Fast Refresh] done in 532ms @ http://localhost:3000/_next/static/chunks/node_modules_next_dist_1e8vcs8._.js:776
[ 1028629ms] [LOG] [Fast Refresh] done in 532ms @ http://localhost:3000/_next/static/chunks/node_modules_next_dist_1e8vcs8._.js:776
[ 1028690ms] [LOG] [Fast Refresh] done in 532ms @ http://localhost:3000/_next/static/chunks/node_modules_next_dist_1e8vcs8._.js:776
[ 1028753ms] [LOG] [Fast Refresh] done in 532ms @ http://localhost:3000/_next/static/chunks/node_modules_next_dist_1e8vcs8._.js:776
[ 1028815ms] [LOG] [Fast Refresh] done in 532ms @ http://localhost:3000/_next/static/chunks/node_modules_next_dist_1e8vcs8._.js:776
[ 1028877ms] [LOG] [Fast Refresh] done in 532ms @ http://localhost:3000/_next/static/chunks/node_modules_next_dist_1e8vcs8._.js:776
[ 1028939ms] [LOG] [Fast Refresh] done in 532ms @ http://localhost:3000/_next/static/chunks/node_modules_next_dist_1e8vcs8._.js:776
[ 1029002ms] [LOG] [Fast Refresh] done in 532ms @ http://localhost:3000/_next/static/chunks/node_modules_next_dist_1e8vcs8._.js:776
[ 1029064ms] [LOG] [Fast Refresh] done in 532ms @ http://localhost:3000/_next/static/chunks/node_modules_next_dist_1e8vcs8._.js:776
[ 1029125ms] [LOG] [Fast Refresh] done in 532ms @ http://localhost:3000/_next/static/chunks/node_modules_next_dist_1e8vcs8._.js:776
[ 1029187ms] [LOG] [Fast Refresh] done in 532ms @ http://localhost:3000/_next/static/chunks/node_modules_next_dist_1e8vcs8._.js:776
[ 1029250ms] [LOG] [Fast Refresh] done in 532ms @ http://localhost:3000/_next/static/chunks/node_modules_next_dist_1e8vcs8._.js:776
[ 1029314ms] [LOG] [Fast Refresh] done in 532ms @ http://localhost:3000/_next/static/chunks/node_modules_next_dist_1e8vcs8._.js:776
[ 1029376ms] [LOG] [Fast Refresh] done in 532ms @ http://localhost:3000/_next/static/chunks/node_modules_next_dist_1e8vcs8._.js:776
[ 1029438ms] [LOG] [Fast Refresh] done in 532ms @ http://localhost:3000/_next/static/chunks/node_modules_next_dist_1e8vcs8._.js:776
[ 1029500ms] [LOG] [Fast Refresh] done in 532ms @ http://localhost:3000/_next/static/chunks/node_modules_next_dist_1e8vcs8._.js:776
[ 1029562ms] [LOG] [Fast Refresh] done in 532ms @ http://localhost:3000/_next/static/chunks/node_modules_next_dist_1e8vcs8._.js:776
[ 1029624ms] [LOG] [Fast Refresh] done in 532ms @ http://localhost:3000/_next/static/chunks/node_modules_next_dist_1e8vcs8._.js:776
[ 1029687ms] [LOG] [Fast Refresh] done in 532ms @ http://localhost:3000/_next/static/chunks/node_modules_next_dist_1e8vcs8._.js:776
[ 1029748ms] [LOG] [Fast Refresh] done in 532ms @ http://localhost:3000/_next/static/chunks/node_modules_next_dist_1e8vcs8._.js:776
[ 1029810ms] [LOG] [Fast Refresh] done in 532ms @ http://localhost:3000/_next/static/chunks/node_modules_next_dist_1e8vcs8._.js:776
[ 1029871ms] [LOG] [Fast Refresh] done in 532ms @ http://localhost:3000/_next/static/chunks/node_modules_next_dist_1e8vcs8._.js:776
[ 1029933ms] [LOG] [Fast Refresh] done in 532ms @ http://localhost:3000/_next/static/chunks/node_modules_next_dist_1e8vcs8._.js:776
[ 1029996ms] [LOG] [Fast Refresh] done in 532ms @ http://localhost:3000/_next/static/chunks/node_modules_next_dist_1e8vcs8._.js:776
[ 1030058ms] [LOG] [Fast Refresh] done in 532ms @ http://localhost:3000/_next/static/chunks/node_modules_next_dist_1e8vcs8._.js:776
[ 1030121ms] [LOG] [Fast Refresh] done in 532ms @ http://localhost:3000/_next/static/chunks/node_modules_next_dist_1e8vcs8._.js:776
[ 1030182ms] [LOG] [Fast Refresh] done in 532ms @ http://localhost:3000/_next/static/chunks/node_modules_next_dist_1e8vcs8._.js:776
[ 1030244ms] [LOG] [Fast Refresh] done in 532ms @ http://localhost:3000/_next/static/chunks/node_modules_next_dist_1e8vcs8._.js:776
[ 1030306ms] [LOG] [Fast Refresh] done in 532ms @ http://localhost:3000/_next/static/chunks/node_modules_next_dist_1e8vcs8._.js:776
[ 1030368ms] [LOG] [Fast Refresh] done in 532ms @ http://localhost:3000/_next/static/chunks/node_modules_next_dist_1e8vcs8._.js:776
[ 1030431ms] [LOG] [Fast Refresh] done in 532ms @ http://localhost:3000/_next/static/chunks/node_modules_next_dist_1e8vcs8._.js:776
[ 1030494ms] [LOG] [Fast Refresh] done in 532ms @ http://localhost:3000/_next/static/chunks/node_modules_next_dist_1e8vcs8._.js:776
[ 1030555ms] [LOG] [Fast Refresh] done in 532ms @ http://localhost:3000/_next/static/chunks/node_modules_next_dist_1e8vcs8._.js:776
[ 1030616ms] [LOG] [Fast Refresh] done in 532ms @ http://localhost:3000/_next/static/chunks/node_modules_next_dist_1e8vcs8._.js:776
[ 1030678ms] [LOG] [Fast Refresh] done in 532ms @ http://localhost:3000/_next/static/chunks/node_modules_next_dist_1e8vcs8._.js:776
[ 1030740ms] [LOG] [Fast Refresh] done in 532ms @ http://localhost:3000/_next/static/chunks/node_modules_next_dist_1e8vcs8._.js:776
[ 1030803ms] [LOG] [Fast Refresh] done in 532ms @ http://localhost:3000/_next/static/chunks/node_modules_next_dist_1e8vcs8._.js:776
[ 1030865ms] [LOG] [Fast Refresh] done in 532ms @ http://localhost:3000/_next/static/chunks/node_modules_next_dist_1e8vcs8._.js:776
[ 1030929ms] [LOG] [Fast Refresh] done in 532ms @ http://localhost:3000/_next/static/chunks/node_modules_next_dist_1e8vcs8._.js:776
[ 1030992ms] [LOG] [Fast Refresh] done in 532ms @ http://localhost:3000/_next/static/chunks/node_modules_next_dist_1e8vcs8._.js:776
[ 1031055ms] [LOG] [Fast Refresh] done in 532ms @ http://localhost:3000/_next/static/chunks/node_modules_next_dist_1e8vcs8._.js:776
[ 1031117ms] [LOG] [Fast Refresh] done in 532ms @ http://localhost:3000/_next/static/chunks/node_modules_next_dist_1e8vcs8._.js:776
[ 1031179ms] [LOG] [Fast Refresh] done in 532ms @ http://localhost:3000/_next/static/chunks/node_modules_next_dist_1e8vcs8._.js:776
[ 1031240ms] [LOG] [Fast Refresh] done in 532ms @ http://localhost:3000/_next/static/chunks/node_modules_next_dist_1e8vcs8._.js:776
[ 1031303ms] [LOG] [Fast Refresh] done in 532ms @ http://localhost:3000/_next/static/chunks/node_modules_next_dist_1e8vcs8._.js:776
[ 1031366ms] [LOG] [Fast Refresh] done in 532ms @ http://localhost:3000/_next/static/chunks/node_modules_next_dist_1e8vcs8._.js:776
[ 1031427ms] [LOG] [Fast Refresh] done in 532ms @ http://localhost:3000/_next/static/chunks/node_modules_next_dist_1e8vcs8._.js:776
[ 1031491ms] [LOG] [Fast Refresh] done in 532ms @ http://localhost:3000/_next/static/chunks/node_modules_next_dist_1e8vcs8._.js:776
[ 1031553ms] [LOG] [Fast Refresh] done in 532ms @ http://localhost:3000/_next/static/chunks/node_modules_next_dist_1e8vcs8._.js:776
[ 1031615ms] [LOG] [Fast Refresh] done in 532ms @ http://localhost:3000/_next/static/chunks/node_modules_next_dist_1e8vcs8._.js:776
[ 1031677ms] [LOG] [Fast Refresh] done in 532ms @ http://localhost:3000/_next/static/chunks/node_modules_next_dist_1e8vcs8._.js:776
[ 1031738ms] [LOG] [Fast Refresh] done in 532ms @ http://localhost:3000/_next/static/chunks/node_modules_next_dist_1e8vcs8._.js:776
[ 1031800ms] [LOG] [Fast Refresh] done in 532ms @ http://localhost:3000/_next/static/chunks/node_modules_next_dist_1e8vcs8._.js:776
[ 1031862ms] [LOG] [Fast Refresh] done in 532ms @ http://localhost:3000/_next/static/chunks/node_modules_next_dist_1e8vcs8._.js:776
[ 1031924ms] [LOG] [Fast Refresh] done in 532ms @ http://localhost:3000/_next/static/chunks/node_modules_next_dist_1e8vcs8._.js:776
[ 1031987ms] [LOG] [Fast Refresh] done in 532ms @ http://localhost:3000/_next/static/chunks/node_modules_next_dist_1e8vcs8._.js:776
[ 1032048ms] [LOG] [Fast Refresh] done in 532ms @ http://localhost:3000/_next/static/chunks/node_modules_next_dist_1e8vcs8._.js:776
[ 1032111ms] [LOG] [Fast Refresh] done in 532ms @ http://localhost:3000/_next/static/chunks/node_modules_next_dist_1e8vcs8._.js:776
[ 1032174ms] [LOG] [Fast Refresh] done in 532ms @ http://localhost:3000/_next/static/chunks/node_modules_next_dist_1e8vcs8._.js:776
[ 1032235ms] [LOG] [Fast Refresh] done in 532ms @ http://localhost:3000/_next/static/chunks/node_modules_next_dist_1e8vcs8._.js:776
[ 1032298ms] [LOG] [Fast Refresh] done in 532ms @ http://localhost:3000/_next/static/chunks/node_modules_next_dist_1e8vcs8._.js:776
[ 1032361ms] [LOG] [Fast Refresh] done in 532ms @ http://localhost:3000/_next/static/chunks/node_modules_next_dist_1e8vcs8._.js:776
[ 1032422ms] [LOG] [Fast Refresh] done in 532ms @ http://localhost:3000/_next/static/chunks/node_modules_next_dist_1e8vcs8._.js:776
[ 1032485ms] [LOG] [Fast Refresh] done in 532ms @ http://localhost:3000/_next/static/chunks/node_modules_next_dist_1e8vcs8._.js:776
[ 1032548ms] [LOG] [Fast Refresh] done in 532ms @ http://localhost:3000/_next/static/chunks/node_modules_next_dist_1e8vcs8._.js:776
[ 1032610ms] [LOG] [Fast Refresh] done in 532ms @ http://localhost:3000/_next/static/chunks/node_modules_next_dist_1e8vcs8._.js:776
[ 1032671ms] [LOG] [Fast Refresh] done in 532ms @ http://localhost:3000/_next/static/chunks/node_modules_next_dist_1e8vcs8._.js:776
[ 1032734ms] [LOG] [Fast Refresh] done in 532ms @ http://localhost:3000/_next/static/chunks/node_modules_next_dist_1e8vcs8._.js:776
[ 1032796ms] [LOG] [Fast Refresh] done in 532ms @ http://localhost:3000/_next/static/chunks/node_modules_next_dist_1e8vcs8._.js:776
[ 1032858ms] [LOG] [Fast Refresh] done in 532ms @ http://localhost:3000/_next/static/chunks/node_modules_next_dist_1e8vcs8._.js:776
[ 1032919ms] [LOG] [Fast Refresh] done in 532ms @ http://localhost:3000/_next/static/chunks/node_modules_next_dist_1e8vcs8._.js:776
[ 1032981ms] [LOG] [Fast Refresh] done in 532ms @ http://localhost:3000/_next/static/chunks/node_modules_next_dist_1e8vcs8._.js:776
[ 1033044ms] [LOG] [Fast Refresh] done in 532ms @ http://localhost:3000/_next/static/chunks/node_modules_next_dist_1e8vcs8._.js:776
[ 1033106ms] [LOG] [Fast Refresh] done in 532ms @ http://localhost:3000/_next/static/chunks/node_modules_next_dist_1e8vcs8._.js:776
[ 1033167ms] [LOG] [Fast Refresh] done in 532ms @ http://localhost:3000/_next/static/chunks/node_modules_next_dist_1e8vcs8._.js:776
[ 1033230ms] [LOG] [Fast Refresh] done in 532ms @ http://localhost:3000/_next/static/chunks/node_modules_next_dist_1e8vcs8._.js:776
[ 1033291ms] [LOG] [Fast Refresh] done in 532ms @ http://localhost:3000/_next/static/chunks/node_modules_next_dist_1e8vcs8._.js:776
[ 1033354ms] [LOG] [Fast Refresh] done in 532ms @ http://localhost:3000/_next/static/chunks/node_modules_next_dist_1e8vcs8._.js:776
[ 1033417ms] [LOG] [Fast Refresh] done in 532ms @ http://localhost:3000/_next/static/chunks/node_modules_next_dist_1e8vcs8._.js:776
[ 1033479ms] [LOG] [Fast Refresh] done in 532ms @ http://localhost:3000/_next/static/chunks/node_modules_next_dist_1e8vcs8._.js:776
[ 1033541ms] [LOG] [Fast Refresh] done in 532ms @ http://localhost:3000/_next/static/chunks/node_modules_next_dist_1e8vcs8._.js:776
[ 1033603ms] [LOG] [Fast Refresh] done in 532ms @ http://localhost:3000/_next/static/chunks/node_modules_next_dist_1e8vcs8._.js:776
[ 1033666ms] [LOG] [Fast Refresh] done in 532ms @ http://localhost:3000/_next/static/chunks/node_modules_next_dist_1e8vcs8._.js:776
[ 1033731ms] [LOG] [Fast Refresh] done in 532ms @ http://localhost:3000/_next/static/chunks/node_modules_next_dist_1e8vcs8._.js:776
[ 1033792ms] [LOG] [Fast Refresh] done in 532ms @ http://localhost:3000/_next/static/chunks/node_modules_next_dist_1e8vcs8._.js:776
[ 1033853ms] [LOG] [Fast Refresh] done in 532ms @ http://localhost:3000/_next/static/chunks/node_modules_next_dist_1e8vcs8._.js:776
[ 1033913ms] [LOG] [Fast Refresh] done in 532ms @ http://localhost:3000/_next/static/chunks/node_modules_next_dist_1e8vcs8._.js:776
[ 1033976ms] [LOG] [Fast Refresh] done in 532ms @ http://localhost:3000/_next/static/chunks/node_modules_next_dist_1e8vcs8._.js:776
[ 1034038ms] [LOG] [Fast Refresh] done in 532ms @ http://localhost:3000/_next/static/chunks/node_modules_next_dist_1e8vcs8._.js:776
[ 1034102ms] [LOG] [Fast Refresh] done in 532ms @ http://localhost:3000/_next/static/chunks/node_modules_next_dist_1e8vcs8._.js:776
[ 1034164ms] [LOG] [Fast Refresh] done in 532ms @ http://localhost:3000/_next/static/chunks/node_modules_next_dist_1e8vcs8._.js:776
[ 1034227ms] [LOG] [Fast Refresh] done in 532ms @ http://localhost:3000/_next/static/chunks/node_modules_next_dist_1e8vcs8._.js:776
[ 1034289ms] [LOG] [Fast Refresh] done in 532ms @ http://localhost:3000/_next/static/chunks/node_modules_next_dist_1e8vcs8._.js:776
[ 1034352ms] [LOG] [Fast Refresh] done in 532ms @ http://localhost:3000/_next/static/chunks/node_modules_next_dist_1e8vcs8._.js:776
[ 1034413ms] [LOG] [Fast Refresh] done in 532ms @ http://localhost:3000/_next/static/chunks/node_modules_next_dist_1e8vcs8._.js:776
[ 1034476ms] [LOG] [Fast Refresh] done in 532ms @ http://localhost:3000/_next/static/chunks/node_modules_next_dist_1e8vcs8._.js:776
[ 1034537ms] [LOG] [Fast Refresh] done in 532ms @ http://localhost:3000/_next/static/chunks/node_modules_next_dist_1e8vcs8._.js:776
[ 1034600ms] [LOG] [Fast Refresh] done in 532ms @ http://localhost:3000/_next/static/chunks/node_modules_next_dist_1e8vcs8._.js:776
[ 1034661ms] [LOG] [Fast Refresh] done in 532ms @ http://localhost:3000/_next/static/chunks/node_modules_next_dist_1e8vcs8._.js:776
[ 1034724ms] [LOG] [Fast Refresh] done in 532ms @ http://localhost:3000/_next/static/chunks/node_modules_next_dist_1e8vcs8._.js:776
[ 1034786ms] [LOG] [Fast Refresh] done in 532ms @ http://localhost:3000/_next/static/chunks/node_modules_next_dist_1e8vcs8._.js:776
[ 1034847ms] [LOG] [Fast Refresh] done in 532ms @ http://localhost:3000/_next/static/chunks/node_modules_next_dist_1e8vcs8._.js:776
[ 1034909ms] [LOG] [Fast Refresh] done in 532ms @ http://localhost:3000/_next/static/chunks/node_modules_next_dist_1e8vcs8._.js:776
[ 1034972ms] [LOG] [Fast Refresh] done in 532ms @ http://localhost:3000/_next/static/chunks/node_modules_next_dist_1e8vcs8._.js:776
[ 1035035ms] [LOG] [Fast Refresh] done in 532ms @ http://localhost:3000/_next/static/chunks/node_modules_next_dist_1e8vcs8._.js:776
[ 1035098ms] [LOG] [Fast Refresh] done in 532ms @ http://localhost:3000/_next/static/chunks/node_modules_next_dist_1e8vcs8._.js:776
[ 1035160ms] [LOG] [Fast Refresh] done in 532ms @ http://localhost:3000/_next/static/chunks/node_modules_next_dist_1e8vcs8._.js:776
[ 1035222ms] [LOG] [Fast Refresh] done in 532ms @ http://localhost:3000/_next/static/chunks/node_modules_next_dist_1e8vcs8._.js:776
[ 1035283ms] [LOG] [Fast Refresh] done in 532ms @ http://localhost:3000/_next/static/chunks/node_modules_next_dist_1e8vcs8._.js:776
[ 1035345ms] [LOG] [Fast Refresh] done in 532ms @ http://localhost:3000/_next/static/chunks/node_modules_next_dist_1e8vcs8._.js:776
[ 1035407ms] [LOG] [Fast Refresh] done in 532ms @ http://localhost:3000/_next/static/chunks/node_modules_next_dist_1e8vcs8._.js:776
[ 1035470ms] [LOG] [Fast Refresh] done in 532ms @ http://localhost:3000/_next/static/chunks/node_modules_next_dist_1e8vcs8._.js:776
[ 1035532ms] [LOG] [Fast Refresh] done in 532ms @ http://localhost:3000/_next/static/chunks/node_modules_next_dist_1e8vcs8._.js:776
[ 1035593ms] [LOG] [Fast Refresh] done in 532ms @ http://localhost:3000/_next/static/chunks/node_modules_next_dist_1e8vcs8._.js:776
[ 1035656ms] [LOG] [Fast Refresh] done in 532ms @ http://localhost:3000/_next/static/chunks/node_modules_next_dist_1e8vcs8._.js:776
[ 1035718ms] [LOG] [Fast Refresh] done in 532ms @ http://localhost:3000/_next/static/chunks/node_modules_next_dist_1e8vcs8._.js:776
[ 1035781ms] [LOG] [Fast Refresh] done in 532ms @ http://localhost:3000/_next/static/chunks/node_modules_next_dist_1e8vcs8._.js:776
[ 1035843ms] [LOG] [Fast Refresh] done in 532ms @ http://localhost:3000/_next/static/chunks/node_modules_next_dist_1e8vcs8._.js:776
[ 1035906ms] [LOG] [Fast Refresh] done in 532ms @ http://localhost:3000/_next/static/chunks/node_modules_next_dist_1e8vcs8._.js:776
[ 1035968ms] [LOG] [Fast Refresh] done in 532ms @ http://localhost:3000/_next/static/chunks/node_modules_next_dist_1e8vcs8._.js:776
[ 1036030ms] [LOG] [Fast Refresh] done in 532ms @ http://localhost:3000/_next/static/chunks/node_modules_next_dist_1e8vcs8._.js:776
[ 1036091ms] [LOG] [Fast Refresh] done in 532ms @ http://localhost:3000/_next/static/chunks/node_modules_next_dist_1e8vcs8._.js:776
[ 1036153ms] [LOG] [Fast Refresh] done in 532ms @ http://localhost:3000/_next/static/chunks/node_modules_next_dist_1e8vcs8._.js:776
[ 1036216ms] [LOG] [Fast Refresh] done in 532ms @ http://localhost:3000/_next/static/chunks/node_modules_next_dist_1e8vcs8._.js:776
[ 1036278ms] [LOG] [Fast Refresh] done in 532ms @ http://localhost:3000/_next/static/chunks/node_modules_next_dist_1e8vcs8._.js:776
[ 1036342ms] [LOG] [Fast Refresh] done in 532ms @ http://localhost:3000/_next/static/chunks/node_modules_next_dist_1e8vcs8._.js:776
[ 1036403ms] [LOG] [Fast Refresh] done in 532ms @ http://localhost:3000/_next/static/chunks/node_modules_next_dist_1e8vcs8._.js:776
[ 1036466ms] [LOG] [Fast Refresh] done in 532ms @ http://localhost:3000/_next/static/chunks/node_modules_next_dist_1e8vcs8._.js:776
[ 1036527ms] [LOG] [Fast Refresh] done in 532ms @ http://localhost:3000/_next/static/chunks/node_modules_next_dist_1e8vcs8._.js:776
[ 1036589ms] [LOG] [Fast Refresh] done in 532ms @ http://localhost:3000/_next/static/chunks/node_modules_next_dist_1e8vcs8._.js:776
[ 1036650ms] [LOG] [Fast Refresh] done in 532ms @ http://localhost:3000/_next/static/chunks/node_modules_next_dist_1e8vcs8._.js:776
[ 1036711ms] [LOG] [Fast Refresh] done in 532ms @ http://localhost:3000/_next/static/chunks/node_modules_next_dist_1e8vcs8._.js:776
[ 1036772ms] [LOG] [Fast Refresh] done in 532ms @ http://localhost:3000/_next/static/chunks/node_modules_next_dist_1e8vcs8._.js:776
[ 1036834ms] [LOG] [Fast Refresh] done in 532ms @ http://localhost:3000/_next/static/chunks/node_modules_next_dist_1e8vcs8._.js:776
[ 1036895ms] [LOG] [Fast Refresh] done in 532ms @ http://localhost:3000/_next/static/chunks/node_modules_next_dist_1e8vcs8._.js:776
[ 1036957ms] [LOG] [Fast Refresh] done in 532ms @ http://localhost:3000/_next/static/chunks/node_modules_next_dist_1e8vcs8._.js:776
[ 1037020ms] [LOG] [Fast Refresh] done in 532ms @ http://localhost:3000/_next/static/chunks/node_modules_next_dist_1e8vcs8._.js:776
[ 1037081ms] [LOG] [Fast Refresh] done in 532ms @ http://localhost:3000/_next/static/chunks/node_modules_next_dist_1e8vcs8._.js:776
[ 1037144ms] [LOG] [Fast Refresh] done in 532ms @ http://localhost:3000/_next/static/chunks/node_modules_next_dist_1e8vcs8._.js:776
[ 1037208ms] [LOG] [Fast Refresh] done in 532ms @ http://localhost:3000/_next/static/chunks/node_modules_next_dist_1e8vcs8._.js:776
[ 1037270ms] [LOG] [Fast Refresh] done in 532ms @ http://localhost:3000/_next/static/chunks/node_modules_next_dist_1e8vcs8._.js:776
[ 1037333ms] [LOG] [Fast Refresh] done in 532ms @ http://localhost:3000/_next/static/chunks/node_modules_next_dist_1e8vcs8._.js:776
[ 1037395ms] [LOG] [Fast Refresh] done in 532ms @ http://localhost:3000/_next/static/chunks/node_modules_next_dist_1e8vcs8._.js:776
[ 1037458ms] [LOG] [Fast Refresh] done in 532ms @ http://localhost:3000/_next/static/chunks/node_modules_next_dist_1e8vcs8._.js:776
[ 1037520ms] [LOG] [Fast Refresh] done in 532ms @ http://localhost:3000/_next/static/chunks/node_modules_next_dist_1e8vcs8._.js:776
[ 1037582ms] [LOG] [Fast Refresh] done in 532ms @ http://localhost:3000/_next/static/chunks/node_modules_next_dist_1e8vcs8._.js:776
[ 1037644ms] [LOG] [Fast Refresh] done in 532ms @ http://localhost:3000/_next/static/chunks/node_modules_next_dist_1e8vcs8._.js:776
[ 1037706ms] [LOG] [Fast Refresh] done in 532ms @ http://localhost:3000/_next/static/chunks/node_modules_next_dist_1e8vcs8._.js:776
[ 1037768ms] [LOG] [Fast Refresh] done in 532ms @ http://localhost:3000/_next/static/chunks/node_modules_next_dist_1e8vcs8._.js:776
[ 1037831ms] [LOG] [Fast Refresh] done in 532ms @ http://localhost:3000/_next/static/chunks/node_modules_next_dist_1e8vcs8._.js:776
[ 1037892ms] [LOG] [Fast Refresh] done in 532ms @ http://localhost:3000/_next/static/chunks/node_modules_next_dist_1e8vcs8._.js:776
[ 1037955ms] [LOG] [Fast Refresh] done in 532ms @ http://localhost:3000/_next/static/chunks/node_modules_next_dist_1e8vcs8._.js:776
[ 1038017ms] [LOG] [Fast Refresh] done in 532ms @ http://localhost:3000/_next/static/chunks/node_modules_next_dist_1e8vcs8._.js:776
[ 1038080ms] [LOG] [Fast Refresh] done in 532ms @ http://localhost:3000/_next/static/chunks/node_modules_next_dist_1e8vcs8._.js:776
[ 1038140ms] [LOG] [Fast Refresh] done in 532ms @ http://localhost:3000/_next/static/chunks/node_modules_next_dist_1e8vcs8._.js:776
[ 1038203ms] [LOG] [Fast Refresh] done in 532ms @ http://localhost:3000/_next/static/chunks/node_modules_next_dist_1e8vcs8._.js:776
[ 1038265ms] [LOG] [Fast Refresh] done in 532ms @ http://localhost:3000/_next/static/chunks/node_modules_next_dist_1e8vcs8._.js:776
[ 1038328ms] [LOG] [Fast Refresh] done in 532ms @ http://localhost:3000/_next/static/chunks/node_modules_next_dist_1e8vcs8._.js:776
[ 1038392ms] [LOG] [Fast Refresh] done in 532ms @ http://localhost:3000/_next/static/chunks/node_modules_next_dist_1e8vcs8._.js:776
[ 1038455ms] [LOG] [Fast Refresh] done in 532ms @ http://localhost:3000/_next/static/chunks/node_modules_next_dist_1e8vcs8._.js:776
[ 1038516ms] [LOG] [Fast Refresh] done in 532ms @ http://localhost:3000/_next/static/chunks/node_modules_next_dist_1e8vcs8._.js:776
[ 1038578ms] [LOG] [Fast Refresh] done in 532ms @ http://localhost:3000/_next/static/chunks/node_modules_next_dist_1e8vcs8._.js:776
[ 1038640ms] [LOG] [Fast Refresh] done in 532ms @ http://localhost:3000/_next/static/chunks/node_modules_next_dist_1e8vcs8._.js:776
[ 1038702ms] [LOG] [Fast Refresh] done in 532ms @ http://localhost:3000/_next/static/chunks/node_modules_next_dist_1e8vcs8._.js:776
[ 1038764ms] [LOG] [Fast Refresh] done in 532ms @ http://localhost:3000/_next/static/chunks/node_modules_next_dist_1e8vcs8._.js:776
[ 1038827ms] [LOG] [Fast Refresh] done in 532ms @ http://localhost:3000/_next/static/chunks/node_modules_next_dist_1e8vcs8._.js:776
[ 1038889ms] [LOG] [Fast Refresh] done in 532ms @ http://localhost:3000/_next/static/chunks/node_modules_next_dist_1e8vcs8._.js:776
[ 1038952ms] [LOG] [Fast Refresh] done in 532ms @ http://localhost:3000/_next/static/chunks/node_modules_next_dist_1e8vcs8._.js:776
[ 1039014ms] [LOG] [Fast Refresh] done in 532ms @ http://localhost:3000/_next/static/chunks/node_modules_next_dist_1e8vcs8._.js:776
[ 1039076ms] [LOG] [Fast Refresh] done in 532ms @ http://localhost:3000/_next/static/chunks/node_modules_next_dist_1e8vcs8._.js:776
[ 1039138ms] [LOG] [Fast Refresh] done in 532ms @ http://localhost:3000/_next/static/chunks/node_modules_next_dist_1e8vcs8._.js:776
[ 1039201ms] [LOG] [Fast Refresh] done in 532ms @ http://localhost:3000/_next/static/chunks/node_modules_next_dist_1e8vcs8._.js:776
[ 1039264ms] [LOG] [Fast Refresh] done in 532ms @ http://localhost:3000/_next/static/chunks/node_modules_next_dist_1e8vcs8._.js:776
[ 1039327ms] [LOG] [Fast Refresh] done in 532ms @ http://localhost:3000/_next/static/chunks/node_modules_next_dist_1e8vcs8._.js:776
[ 1039390ms] [LOG] [Fast Refresh] done in 532ms @ http://localhost:3000/_next/static/chunks/node_modules_next_dist_1e8vcs8._.js:776
[ 1039453ms] [LOG] [Fast Refresh] done in 532ms @ http://localhost:3000/_next/static/chunks/node_modules_next_dist_1e8vcs8._.js:776
[ 1039516ms] [LOG] [Fast Refresh] done in 532ms @ http://localhost:3000/_next/static/chunks/node_modules_next_dist_1e8vcs8._.js:776
[ 1039578ms] [LOG] [Fast Refresh] done in 532ms @ http://localhost:3000/_next/static/chunks/node_modules_next_dist_1e8vcs8._.js:776
[ 1039642ms] [LOG] [Fast Refresh] done in 532ms @ http://localhost:3000/_next/static/chunks/node_modules_next_dist_1e8vcs8._.js:776
[ 1039706ms] [LOG] [Fast Refresh] done in 532ms @ http://localhost:3000/_next/static/chunks/node_modules_next_dist_1e8vcs8._.js:776
[ 1039769ms] [LOG] [Fast Refresh] done in 532ms @ http://localhost:3000/_next/static/chunks/node_modules_next_dist_1e8vcs8._.js:776
[ 1039830ms] [LOG] [Fast Refresh] done in 532ms @ http://localhost:3000/_next/static/chunks/node_modules_next_dist_1e8vcs8._.js:776
[ 1039894ms] [LOG] [Fast Refresh] done in 532ms @ http://localhost:3000/_next/static/chunks/node_modules_next_dist_1e8vcs8._.js:776
[ 1039956ms] [LOG] [Fast Refresh] done in 532ms @ http://localhost:3000/_next/static/chunks/node_modules_next_dist_1e8vcs8._.js:776
[ 1040019ms] [LOG] [Fast Refresh] done in 532ms @ http://localhost:3000/_next/static/chunks/node_modules_next_dist_1e8vcs8._.js:776
[ 1040080ms] [LOG] [Fast Refresh] done in 532ms @ http://localhost:3000/_next/static/chunks/node_modules_next_dist_1e8vcs8._.js:776
[ 1040142ms] [LOG] [Fast Refresh] done in 532ms @ http://localhost:3000/_next/static/chunks/node_modules_next_dist_1e8vcs8._.js:776
[ 1040205ms] [LOG] [Fast Refresh] done in 532ms @ http://localhost:3000/_next/static/chunks/node_modules_next_dist_1e8vcs8._.js:776
[ 1040267ms] [LOG] [Fast Refresh] done in 532ms @ http://localhost:3000/_next/static/chunks/node_modules_next_dist_1e8vcs8._.js:776
[ 1040329ms] [LOG] [Fast Refresh] done in 532ms @ http://localhost:3000/_next/static/chunks/node_modules_next_dist_1e8vcs8._.js:776
[ 1040391ms] [LOG] [Fast Refresh] done in 532ms @ http://localhost:3000/_next/static/chunks/node_modules_next_dist_1e8vcs8._.js:776
[ 1040454ms] [LOG] [Fast Refresh] done in 532ms @ http://localhost:3000/_next/static/chunks/node_modules_next_dist_1e8vcs8._.js:776
[ 1040515ms] [LOG] [Fast Refresh] done in 532ms @ http://localhost:3000/_next/static/chunks/node_modules_next_dist_1e8vcs8._.js:776
[ 1040577ms] [LOG] [Fast Refresh] done in 532ms @ http://localhost:3000/_next/static/chunks/node_modules_next_dist_1e8vcs8._.js:776
[ 1040639ms] [LOG] [Fast Refresh] done in 532ms @ http://localhost:3000/_next/static/chunks/node_modules_next_dist_1e8vcs8._.js:776
[ 1040702ms] [LOG] [Fast Refresh] done in 532ms @ http://localhost:3000/_next/static/chunks/node_modules_next_dist_1e8vcs8._.js:776
[ 1040764ms] [LOG] [Fast Refresh] done in 532ms @ http://localhost:3000/_next/static/chunks/node_modules_next_dist_1e8vcs8._.js:776
[ 1040826ms] [LOG] [Fast Refresh] done in 532ms @ http://localhost:3000/_next/static/chunks/node_modules_next_dist_1e8vcs8._.js:776
[ 1040890ms] [LOG] [Fast Refresh] done in 532ms @ http://localhost:3000/_next/static/chunks/node_modules_next_dist_1e8vcs8._.js:776
[ 1040950ms] [LOG] [Fast Refresh] done in 532ms @ http://localhost:3000/_next/static/chunks/node_modules_next_dist_1e8vcs8._.js:776
[ 1041012ms] [LOG] [Fast Refresh] done in 532ms @ http://localhost:3000/_next/static/chunks/node_modules_next_dist_1e8vcs8._.js:776
[ 1041075ms] [LOG] [Fast Refresh] done in 532ms @ http://localhost:3000/_next/static/chunks/node_modules_next_dist_1e8vcs8._.js:776
[ 1041138ms] [LOG] [Fast Refresh] done in 532ms @ http://localhost:3000/_next/static/chunks/node_modules_next_dist_1e8vcs8._.js:776
[ 1041201ms] [LOG] [Fast Refresh] done in 532ms @ http://localhost:3000/_next/static/chunks/node_modules_next_dist_1e8vcs8._.js:776
[ 1041263ms] [LOG] [Fast Refresh] done in 532ms @ http://localhost:3000/_next/static/chunks/node_modules_next_dist_1e8vcs8._.js:776
[ 1041326ms] [LOG] [Fast Refresh] done in 532ms @ http://localhost:3000/_next/static/chunks/node_modules_next_dist_1e8vcs8._.js:776
[ 1041387ms] [LOG] [Fast Refresh] done in 532ms @ http://localhost:3000/_next/static/chunks/node_modules_next_dist_1e8vcs8._.js:776
[ 1041449ms] [LOG] [Fast Refresh] done in 532ms @ http://localhost:3000/_next/static/chunks/node_modules_next_dist_1e8vcs8._.js:776
[ 1041512ms] [LOG] [Fast Refresh] done in 532ms @ http://localhost:3000/_next/static/chunks/node_modules_next_dist_1e8vcs8._.js:776
[ 1041573ms] [LOG] [Fast Refresh] done in 532ms @ http://localhost:3000/_next/static/chunks/node_modules_next_dist_1e8vcs8._.js:776
[ 1041635ms] [LOG] [Fast Refresh] done in 532ms @ http://localhost:3000/_next/static/chunks/node_modules_next_dist_1e8vcs8._.js:776
[ 1041697ms] [LOG] [Fast Refresh] done in 532ms @ http://localhost:3000/_next/static/chunks/node_modules_next_dist_1e8vcs8._.js:776
[ 1041758ms] [LOG] [Fast Refresh] done in 532ms @ http://localhost:3000/_next/static/chunks/node_modules_next_dist_1e8vcs8._.js:776
[ 1041822ms] [LOG] [Fast Refresh] done in 532ms @ http://localhost:3000/_next/static/chunks/node_modules_next_dist_1e8vcs8._.js:776
[ 1041884ms] [LOG] [Fast Refresh] done in 532ms @ http://localhost:3000/_next/static/chunks/node_modules_next_dist_1e8vcs8._.js:776
[ 1041946ms] [LOG] [Fast Refresh] done in 532ms @ http://localhost:3000/_next/static/chunks/node_modules_next_dist_1e8vcs8._.js:776
[ 1042008ms] [LOG] [Fast Refresh] done in 532ms @ http://localhost:3000/_next/static/chunks/node_modules_next_dist_1e8vcs8._.js:776
[ 1042071ms] [LOG] [Fast Refresh] done in 532ms @ http://localhost:3000/_next/static/chunks/node_modules_next_dist_1e8vcs8._.js:776
[ 1042134ms] [LOG] [Fast Refresh] done in 532ms @ http://localhost:3000/_next/static/chunks/node_modules_next_dist_1e8vcs8._.js:776
[ 1042195ms] [LOG] [Fast Refresh] done in 532ms @ http://localhost:3000/_next/static/chunks/node_modules_next_dist_1e8vcs8._.js:776
[ 1042258ms] [LOG] [Fast Refresh] done in 532ms @ http://localhost:3000/_next/static/chunks/node_modules_next_dist_1e8vcs8._.js:776
[ 1042320ms] [LOG] [Fast Refresh] done in 532ms @ http://localhost:3000/_next/static/chunks/node_modules_next_dist_1e8vcs8._.js:776
[ 1042386ms] [LOG] [Fast Refresh] done in 532ms @ http://localhost:3000/_next/static/chunks/node_modules_next_dist_1e8vcs8._.js:776
[ 1042444ms] [LOG] [Fast Refresh] done in 532ms @ http://localhost:3000/_next/static/chunks/node_modules_next_dist_1e8vcs8._.js:776
[ 1042507ms] [LOG] [Fast Refresh] done in 532ms @ http://localhost:3000/_next/static/chunks/node_modules_next_dist_1e8vcs8._.js:776
[ 1042571ms] [LOG] [Fast Refresh] done in 532ms @ http://localhost:3000/_next/static/chunks/node_modules_next_dist_1e8vcs8._.js:776
[ 1042633ms] [LOG] [Fast Refresh] done in 532ms @ http://localhost:3000/_next/static/chunks/node_modules_next_dist_1e8vcs8._.js:776
[ 1042694ms] [LOG] [Fast Refresh] done in 532ms @ http://localhost:3000/_next/static/chunks/node_modules_next_dist_1e8vcs8._.js:776
[ 1042757ms] [LOG] [Fast Refresh] done in 532ms @ http://localhost:3000/_next/static/chunks/node_modules_next_dist_1e8vcs8._.js:776
[ 1042820ms] [LOG] [Fast Refresh] done in 532ms @ http://localhost:3000/_next/static/chunks/node_modules_next_dist_1e8vcs8._.js:776
[ 1042881ms] [LOG] [Fast Refresh] done in 532ms @ http://localhost:3000/_next/static/chunks/node_modules_next_dist_1e8vcs8._.js:776
[ 1042942ms] [LOG] [Fast Refresh] done in 532ms @ http://localhost:3000/_next/static/chunks/node_modules_next_dist_1e8vcs8._.js:776
[ 1043006ms] [LOG] [Fast Refresh] done in 532ms @ http://localhost:3000/_next/static/chunks/node_modules_next_dist_1e8vcs8._.js:776
[ 1043069ms] [LOG] [Fast Refresh] done in 532ms @ http://localhost:3000/_next/static/chunks/node_modules_next_dist_1e8vcs8._.js:776
[ 1043133ms] [LOG] [Fast Refresh] done in 532ms @ http://localhost:3000/_next/static/chunks/node_modules_next_dist_1e8vcs8._.js:776
[ 1043197ms] [LOG] [Fast Refresh] done in 532ms @ http://localhost:3000/_next/static/chunks/node_modules_next_dist_1e8vcs8._.js:776
[ 1043258ms] [LOG] [Fast Refresh] done in 532ms @ http://localhost:3000/_next/static/chunks/node_modules_next_dist_1e8vcs8._.js:776
[ 1043320ms] [LOG] [Fast Refresh] done in 532ms @ http://localhost:3000/_next/static/chunks/node_modules_next_dist_1e8vcs8._.js:776
[ 1043383ms] [LOG] [Fast Refresh] done in 532ms @ http://localhost:3000/_next/static/chunks/node_modules_next_dist_1e8vcs8._.js:776
[ 1043444ms] [LOG] [Fast Refresh] done in 532ms @ http://localhost:3000/_next/static/chunks/node_modules_next_dist_1e8vcs8._.js:776
[ 1043507ms] [LOG] [Fast Refresh] done in 532ms @ http://localhost:3000/_next/static/chunks/node_modules_next_dist_1e8vcs8._.js:776
[ 1043569ms] [LOG] [Fast Refresh] done in 532ms @ http://localhost:3000/_next/static/chunks/node_modules_next_dist_1e8vcs8._.js:776
[ 1043631ms] [LOG] [Fast Refresh] done in 532ms @ http://localhost:3000/_next/static/chunks/node_modules_next_dist_1e8vcs8._.js:776
[ 1043694ms] [LOG] [Fast Refresh] done in 532ms @ http://localhost:3000/_next/static/chunks/node_modules_next_dist_1e8vcs8._.js:776
[ 1043758ms] [LOG] [Fast Refresh] done in 532ms @ http://localhost:3000/_next/static/chunks/node_modules_next_dist_1e8vcs8._.js:776
[ 1043819ms] [LOG] [Fast Refresh] done in 532ms @ http://localhost:3000/_next/static/chunks/node_modules_next_dist_1e8vcs8._.js:776
[ 1043881ms] [LOG] [Fast Refresh] done in 532ms @ http://localhost:3000/_next/static/chunks/node_modules_next_dist_1e8vcs8._.js:776
[ 1043945ms] [LOG] [Fast Refresh] done in 532ms @ http://localhost:3000/_next/static/chunks/node_modules_next_dist_1e8vcs8._.js:776
[ 1044007ms] [LOG] [Fast Refresh] done in 532ms @ http://localhost:3000/_next/static/chunks/node_modules_next_dist_1e8vcs8._.js:776
[ 1044069ms] [LOG] [Fast Refresh] done in 532ms @ http://localhost:3000/_next/static/chunks/node_modules_next_dist_1e8vcs8._.js:776
[ 1044131ms] [LOG] [Fast Refresh] done in 532ms @ http://localhost:3000/_next/static/chunks/node_modules_next_dist_1e8vcs8._.js:776
[ 1044193ms] [LOG] [Fast Refresh] done in 532ms @ http://localhost:3000/_next/static/chunks/node_modules_next_dist_1e8vcs8._.js:776
[ 1044254ms] [LOG] [Fast Refresh] done in 532ms @ http://localhost:3000/_next/static/chunks/node_modules_next_dist_1e8vcs8._.js:776
[ 1044314ms] [LOG] [Fast Refresh] done in 532ms @ http://localhost:3000/_next/static/chunks/node_modules_next_dist_1e8vcs8._.js:776
[ 1044377ms] [LOG] [Fast Refresh] done in 532ms @ http://localhost:3000/_next/static/chunks/node_modules_next_dist_1e8vcs8._.js:776
[ 1044440ms] [LOG] [Fast Refresh] done in 532ms @ http://localhost:3000/_next/static/chunks/node_modules_next_dist_1e8vcs8._.js:776
[ 1044502ms] [LOG] [Fast Refresh] done in 532ms @ http://localhost:3000/_next/static/chunks/node_modules_next_dist_1e8vcs8._.js:776
[ 1044565ms] [LOG] [Fast Refresh] done in 532ms @ http://localhost:3000/_next/static/chunks/node_modules_next_dist_1e8vcs8._.js:776
[ 1044629ms] [LOG] [Fast Refresh] done in 532ms @ http://localhost:3000/_next/static/chunks/node_modules_next_dist_1e8vcs8._.js:776
[ 1044690ms] [LOG] [Fast Refresh] done in 532ms @ http://localhost:3000/_next/static/chunks/node_modules_next_dist_1e8vcs8._.js:776
[ 1044752ms] [LOG] [Fast Refresh] done in 532ms @ http://localhost:3000/_next/static/chunks/node_modules_next_dist_1e8vcs8._.js:776
[ 1044816ms] [LOG] [Fast Refresh] done in 532ms @ http://localhost:3000/_next/static/chunks/node_modules_next_dist_1e8vcs8._.js:776
[ 1044879ms] [LOG] [Fast Refresh] done in 532ms @ http://localhost:3000/_next/static/chunks/node_modules_next_dist_1e8vcs8._.js:776
[ 1044940ms] [LOG] [Fast Refresh] done in 532ms @ http://localhost:3000/_next/static/chunks/node_modules_next_dist_1e8vcs8._.js:776
[ 1045004ms] [LOG] [Fast Refresh] done in 532ms @ http://localhost:3000/_next/static/chunks/node_modules_next_dist_1e8vcs8._.js:776
[ 1045067ms] [LOG] [Fast Refresh] done in 532ms @ http://localhost:3000/_next/static/chunks/node_modules_next_dist_1e8vcs8._.js:776
[ 1045128ms] [LOG] [Fast Refresh] done in 532ms @ http://localhost:3000/_next/static/chunks/node_modules_next_dist_1e8vcs8._.js:776
[ 1045190ms] [LOG] [Fast Refresh] done in 532ms @ http://localhost:3000/_next/static/chunks/node_modules_next_dist_1e8vcs8._.js:776
[ 1045252ms] [LOG] [Fast Refresh] done in 532ms @ http://localhost:3000/_next/static/chunks/node_modules_next_dist_1e8vcs8._.js:776
[ 1045314ms] [LOG] [Fast Refresh] done in 532ms @ http://localhost:3000/_next/static/chunks/node_modules_next_dist_1e8vcs8._.js:776
[ 1045378ms] [LOG] [Fast Refresh] done in 532ms @ http://localhost:3000/_next/static/chunks/node_modules_next_dist_1e8vcs8._.js:776
[ 1045439ms] [LOG] [Fast Refresh] done in 532ms @ http://localhost:3000/_next/static/chunks/node_modules_next_dist_1e8vcs8._.js:776
[ 1045501ms] [LOG] [Fast Refresh] done in 532ms @ http://localhost:3000/_next/static/chunks/node_modules_next_dist_1e8vcs8._.js:776
[ 1045564ms] [LOG] [Fast Refresh] done in 532ms @ http://localhost:3000/_next/static/chunks/node_modules_next_dist_1e8vcs8._.js:776
[ 1045626ms] [LOG] [Fast Refresh] done in 532ms @ http://localhost:3000/_next/static/chunks/node_modules_next_dist_1e8vcs8._.js:776
[ 1045689ms] [LOG] [Fast Refresh] done in 532ms @ http://localhost:3000/_next/static/chunks/node_modules_next_dist_1e8vcs8._.js:776
[ 1045752ms] [LOG] [Fast Refresh] done in 532ms @ http://localhost:3000/_next/static/chunks/node_modules_next_dist_1e8vcs8._.js:776
[ 1045814ms] [LOG] [Fast Refresh] done in 532ms @ http://localhost:3000/_next/static/chunks/node_modules_next_dist_1e8vcs8._.js:776
[ 1045877ms] [LOG] [Fast Refresh] done in 532ms @ http://localhost:3000/_next/static/chunks/node_modules_next_dist_1e8vcs8._.js:776
[ 1045938ms] [LOG] [Fast Refresh] done in 532ms @ http://localhost:3000/_next/static/chunks/node_modules_next_dist_1e8vcs8._.js:776
[ 1046002ms] [LOG] [Fast Refresh] done in 532ms @ http://localhost:3000/_next/static/chunks/node_modules_next_dist_1e8vcs8._.js:776
[ 1046064ms] [LOG] [Fast Refresh] done in 532ms @ http://localhost:3000/_next/static/chunks/node_modules_next_dist_1e8vcs8._.js:776
[ 1046125ms] [LOG] [Fast Refresh] done in 532ms @ http://localhost:3000/_next/static/chunks/node_modules_next_dist_1e8vcs8._.js:776
[ 1046192ms] [LOG] [Fast Refresh] done in 532ms @ http://localhost:3000/_next/static/chunks/node_modules_next_dist_1e8vcs8._.js:776
[ 1046264ms] [LOG] [Fast Refresh] done in 532ms @ http://localhost:3000/_next/static/chunks/node_modules_next_dist_1e8vcs8._.js:776
[ 1046326ms] [LOG] [Fast Refresh] done in 532ms @ http://localhost:3000/_next/static/chunks/node_modules_next_dist_1e8vcs8._.js:776
[ 1046388ms] [LOG] [Fast Refresh] done in 532ms @ http://localhost:3000/_next/static/chunks/node_modules_next_dist_1e8vcs8._.js:776
[ 1046451ms] [LOG] [Fast Refresh] done in 532ms @ http://localhost:3000/_next/static/chunks/node_modules_next_dist_1e8vcs8._.js:776
[ 1046512ms] [LOG] [Fast Refresh] done in 532ms @ http://localhost:3000/_next/static/chunks/node_modules_next_dist_1e8vcs8._.js:776
[ 1046575ms] [LOG] [Fast Refresh] done in 532ms @ http://localhost:3000/_next/static/chunks/node_modules_next_dist_1e8vcs8._.js:776
[ 1046638ms] [LOG] [Fast Refresh] done in 532ms @ http://localhost:3000/_next/static/chunks/node_modules_next_dist_1e8vcs8._.js:776
[ 1046704ms] [LOG] [Fast Refresh] done in 532ms @ http://localhost:3000/_next/static/chunks/node_modules_next_dist_1e8vcs8._.js:776
[ 1046766ms] [LOG] [Fast Refresh] done in 532ms @ http://localhost:3000/_next/static/chunks/node_modules_next_dist_1e8vcs8._.js:776
[ 1046826ms] [LOG] [Fast Refresh] done in 532ms @ http://localhost:3000/_next/static/chunks/node_modules_next_dist_1e8vcs8._.js:776
[ 1046887ms] [LOG] [Fast Refresh] done in 532ms @ http://localhost:3000/_next/static/chunks/node_modules_next_dist_1e8vcs8._.js:776
[ 1046949ms] [LOG] [Fast Refresh] done in 532ms @ http://localhost:3000/_next/static/chunks/node_modules_next_dist_1e8vcs8._.js:776
[ 1047011ms] [LOG] [Fast Refresh] done in 532ms @ http://localhost:3000/_next/static/chunks/node_modules_next_dist_1e8vcs8._.js:776
[ 1047073ms] [LOG] [Fast Refresh] done in 532ms @ http://localhost:3000/_next/static/chunks/node_modules_next_dist_1e8vcs8._.js:776
[ 1047137ms] [LOG] [Fast Refresh] done in 532ms @ http://localhost:3000/_next/static/chunks/node_modules_next_dist_1e8vcs8._.js:776
[ 1047199ms] [LOG] [Fast Refresh] done in 532ms @ http://localhost:3000/_next/static/chunks/node_modules_next_dist_1e8vcs8._.js:776
[ 1047261ms] [LOG] [Fast Refresh] done in 532ms @ http://localhost:3000/_next/static/chunks/node_modules_next_dist_1e8vcs8._.js:776
[ 1047323ms] [LOG] [Fast Refresh] done in 532ms @ http://localhost:3000/_next/static/chunks/node_modules_next_dist_1e8vcs8._.js:776
[ 1047386ms] [LOG] [Fast Refresh] done in 532ms @ http://localhost:3000/_next/static/chunks/node_modules_next_dist_1e8vcs8._.js:776
[ 1047448ms] [LOG] [Fast Refresh] done in 532ms @ http://localhost:3000/_next/static/chunks/node_modules_next_dist_1e8vcs8._.js:776
[ 1047512ms] [LOG] [Fast Refresh] done in 532ms @ http://localhost:3000/_next/static/chunks/node_modules_next_dist_1e8vcs8._.js:776
[ 1047574ms] [LOG] [Fast Refresh] done in 532ms @ http://localhost:3000/_next/static/chunks/node_modules_next_dist_1e8vcs8._.js:776
[ 1047636ms] [LOG] [Fast Refresh] done in 532ms @ http://localhost:3000/_next/static/chunks/node_modules_next_dist_1e8vcs8._.js:776
[ 1047699ms] [LOG] [Fast Refresh] done in 532ms @ http://localhost:3000/_next/static/chunks/node_modules_next_dist_1e8vcs8._.js:776
[ 1047762ms] [LOG] [Fast Refresh] done in 532ms @ http://localhost:3000/_next/static/chunks/node_modules_next_dist_1e8vcs8._.js:776
[ 1047824ms] [LOG] [Fast Refresh] done in 532ms @ http://localhost:3000/_next/static/chunks/node_modules_next_dist_1e8vcs8._.js:776
[ 1047887ms] [LOG] [Fast Refresh] done in 532ms @ http://localhost:3000/_next/static/chunks/node_modules_next_dist_1e8vcs8._.js:776
[ 1047949ms] [LOG] [Fast Refresh] done in 532ms @ http://localhost:3000/_next/static/chunks/node_modules_next_dist_1e8vcs8._.js:776
[ 1048012ms] [LOG] [Fast Refresh] done in 532ms @ http://localhost:3000/_next/static/chunks/node_modules_next_dist_1e8vcs8._.js:776
[ 1048073ms] [LOG] [Fast Refresh] done in 532ms @ http://localhost:3000/_next/static/chunks/node_modules_next_dist_1e8vcs8._.js:776
[ 1048136ms] [LOG] [Fast Refresh] done in 532ms @ http://localhost:3000/_next/static/chunks/node_modules_next_dist_1e8vcs8._.js:776
[ 1048198ms] [LOG] [Fast Refresh] done in 532ms @ http://localhost:3000/_next/static/chunks/node_modules_next_dist_1e8vcs8._.js:776
[ 1048260ms] [LOG] [Fast Refresh] done in 532ms @ http://localhost:3000/_next/static/chunks/node_modules_next_dist_1e8vcs8._.js:776
[ 1048323ms] [LOG] [Fast Refresh] done in 532ms @ http://localhost:3000/_next/static/chunks/node_modules_next_dist_1e8vcs8._.js:776
[ 1048384ms] [LOG] [Fast Refresh] done in 532ms @ http://localhost:3000/_next/static/chunks/node_modules_next_dist_1e8vcs8._.js:776
[ 1048447ms] [LOG] [Fast Refresh] done in 532ms @ http://localhost:3000/_next/static/chunks/node_modules_next_dist_1e8vcs8._.js:776
[ 1048510ms] [LOG] [Fast Refresh] done in 532ms @ http://localhost:3000/_next/static/chunks/node_modules_next_dist_1e8vcs8._.js:776
[ 1048572ms] [LOG] [Fast Refresh] done in 532ms @ http://localhost:3000/_next/static/chunks/node_modules_next_dist_1e8vcs8._.js:776
[ 1048634ms] [LOG] [Fast Refresh] done in 532ms @ http://localhost:3000/_next/static/chunks/node_modules_next_dist_1e8vcs8._.js:776
[ 1048698ms] [LOG] [Fast Refresh] done in 532ms @ http://localhost:3000/_next/static/chunks/node_modules_next_dist_1e8vcs8._.js:776
[ 1048762ms] [LOG] [Fast Refresh] done in 532ms @ http://localhost:3000/_next/static/chunks/node_modules_next_dist_1e8vcs8._.js:776
[ 1048823ms] [LOG] [Fast Refresh] done in 532ms @ http://localhost:3000/_next/static/chunks/node_modules_next_dist_1e8vcs8._.js:776
[ 1048886ms] [LOG] [Fast Refresh] done in 532ms @ http://localhost:3000/_next/static/chunks/node_modules_next_dist_1e8vcs8._.js:776
[ 1048947ms] [LOG] [Fast Refresh] done in 532ms @ http://localhost:3000/_next/static/chunks/node_modules_next_dist_1e8vcs8._.js:776
[ 1049011ms] [LOG] [Fast Refresh] done in 532ms @ http://localhost:3000/_next/static/chunks/node_modules_next_dist_1e8vcs8._.js:776
[ 1049074ms] [LOG] [Fast Refresh] done in 532ms @ http://localhost:3000/_next/static/chunks/node_modules_next_dist_1e8vcs8._.js:776
[ 1049135ms] [LOG] [Fast Refresh] done in 532ms @ http://localhost:3000/_next/static/chunks/node_modules_next_dist_1e8vcs8._.js:776
[ 1049199ms] [LOG] [Fast Refresh] done in 532ms @ http://localhost:3000/_next/static/chunks/node_modules_next_dist_1e8vcs8._.js:776
[ 1049262ms] [LOG] [Fast Refresh] done in 532ms @ http://localhost:3000/_next/static/chunks/node_modules_next_dist_1e8vcs8._.js:776
[ 1049324ms] [LOG] [Fast Refresh] done in 532ms @ http://localhost:3000/_next/static/chunks/node_modules_next_dist_1e8vcs8._.js:776
[ 1049386ms] [LOG] [Fast Refresh] done in 532ms @ http://localhost:3000/_next/static/chunks/node_modules_next_dist_1e8vcs8._.js:776
[ 1049448ms] [LOG] [Fast Refresh] done in 532ms @ http://localhost:3000/_next/static/chunks/node_modules_next_dist_1e8vcs8._.js:776
[ 1049511ms] [LOG] [Fast Refresh] done in 532ms @ http://localhost:3000/_next/static/chunks/node_modules_next_dist_1e8vcs8._.js:776
[ 1049573ms] [LOG] [Fast Refresh] done in 532ms @ http://localhost:3000/_next/static/chunks/node_modules_next_dist_1e8vcs8._.js:776
[ 1049636ms] [LOG] [Fast Refresh] done in 532ms @ http://localhost:3000/_next/static/chunks/node_modules_next_dist_1e8vcs8._.js:776
[ 1049700ms] [LOG] [Fast Refresh] done in 532ms @ http://localhost:3000/_next/static/chunks/node_modules_next_dist_1e8vcs8._.js:776
[ 1049761ms] [LOG] [Fast Refresh] done in 532ms @ http://localhost:3000/_next/static/chunks/node_modules_next_dist_1e8vcs8._.js:776
[ 1049823ms] [LOG] [Fast Refresh] done in 532ms @ http://localhost:3000/_next/static/chunks/node_modules_next_dist_1e8vcs8._.js:776
[ 1049884ms] [LOG] [Fast Refresh] done in 532ms @ http://localhost:3000/_next/static/chunks/node_modules_next_dist_1e8vcs8._.js:776
[ 1049945ms] [LOG] [Fast Refresh] done in 532ms @ http://localhost:3000/_next/static/chunks/node_modules_next_dist_1e8vcs8._.js:776
[ 1050008ms] [LOG] [Fast Refresh] done in 532ms @ http://localhost:3000/_next/static/chunks/node_modules_next_dist_1e8vcs8._.js:776
[ 1050071ms] [LOG] [Fast Refresh] done in 532ms @ http://localhost:3000/_next/static/chunks/node_modules_next_dist_1e8vcs8._.js:776
[ 1050133ms] [LOG] [Fast Refresh] done in 532ms @ http://localhost:3000/_next/static/chunks/node_modules_next_dist_1e8vcs8._.js:776
[ 1050196ms] [LOG] [Fast Refresh] done in 532ms @ http://localhost:3000/_next/static/chunks/node_modules_next_dist_1e8vcs8._.js:776
[ 1050260ms] [LOG] [Fast Refresh] done in 532ms @ http://localhost:3000/_next/static/chunks/node_modules_next_dist_1e8vcs8._.js:776
[ 1050321ms] [LOG] [Fast Refresh] done in 532ms @ http://localhost:3000/_next/static/chunks/node_modules_next_dist_1e8vcs8._.js:776
[ 1050384ms] [LOG] [Fast Refresh] done in 532ms @ http://localhost:3000/_next/static/chunks/node_modules_next_dist_1e8vcs8._.js:776
[ 1050440ms] [LOG] [Fast Refresh] done in 532ms @ http://localhost:3000/_next/static/chunks/node_modules_next_dist_1e8vcs8._.js:776
[ 1050666ms] [LOG] [Fast Refresh] rebuilding @ http://localhost:3000/_next/static/chunks/node_modules_next_dist_1e8vcs8._.js:776
[ 1050794ms] [LOG] [Fast Refresh] done in 238ms @ http://localhost:3000/_next/static/chunks/node_modules_next_dist_1e8vcs8._.js:776
